building_name,net_leased_area ,building_age_group,a1,a2,a3,a1_a3,a4,a5,b1,b2,b3,b4,b5,b6,b7,c1,c2,c3,c4,d,sum,sum with d
DEHHALKA10000t7C,1350.308837890625,"(2002, 2009)",6.204057911233656e-13,2.274667899890622e-14,2.356790480835375e-11,2.713118782265643e-05,5.121297301283639e-09,3.1993131441757394e-08,,,,,,2.233169017911706e-09,,1.056150537780035e-09,8.472345500155266e-09,1.4706994240936183e-08,3.409064007526971e-09,-1.5039008999593103e-07,2.7198179974703783e-05,2.7047789884707853e-05
DEHHALKA10000t7F,1348.009033203125,"(2002, 2009)",6.193491349669809e-13,2.2707937551380433e-14,2.3527764674162316e-11,3.450682464368923e-05,5.154399280478868e-09,3.205086902108556e-08,,,,,,2.229365552906236e-09,,1.061637094249178e-09,8.525034842199003e-09,1.47678065670035e-08,3.4210038480126647e-09,-1.5097205618431953e-07,3.457403475989517e-05,3.442306270371085e-05
DEHHALKA10000t79,1348.662109375,"(2002, 2009)",6.196491939073555e-13,2.2718938970927303e-14,2.3539163279147677e-11,3.4437499246129046e-05,5.1173049522650265e-09,3.1960161117141836e-08,,,,,,2.2304456239422615e-09,,1.0552550198241638e-09,8.465636345071026e-09,1.4694108554848413e-08,3.40595973359216e-09,-1.5025837522969925e-07,3.4504428117475736e-05,3.435416974224604e-05
DEHHALKA3Aw000Dnbt_1,603.001953125,"(1979, 1983)",,,,1.588640457033525e-05,2.3602415777694646e-09,9.918691455574522e-09,,,,,,9.972851516172197e-10,,4.681218324557636e-10,3.873295706307269e-09,6.299335249421224e-09,1.47984791980394e-09,-6.296185658644683e-08,1.59118013892282e-05,1.584883953264175e-05
DEHHALKA3gi00005bt_1,759.09765625,"(1979, 1983)",,,,1.660138567095348e-05,5.284565546649697e-09,1.8693667956616357e-08,,,,,,1.2554524865616356e-09,,9.922609017263364e-10,8.587941357174168e-09,1.2653763729941608e-08,2.8386826788179224e-09,-1.2522725943877027e-07,1.665169200561097e-05,1.65264647461722e-05
DEHHALKA900014M0bt_1,852.228515625,"(1979, 1983)",,,,2.2086087904144716e-05,3.4567750181809606e-09,1.4342922653108139e-08,,,,,,1.4094568568618956e-09,,6.826819695299414e-10,5.66835923081565e-09,9.150025278381981e-09,2.1425274890942763e-09,-9.13892076615006e-08,2.2122940652640682e-05,2.203155144497918e-05
DEHHALKA900014M0bt_2,4.0,"(1979, 1983)",,,,9.85049552983436e-07,1.622463907181449e-11,6.731960918998093e-11,,,,,,6.619170437589528e-12,,3.2042202625866464e-12,2.660567074603709e-11,4.299348419851973e-11,1.0068516828943864e-11,-4.296630168230046e-10,9.852225882941715e-07,9.847929252773484e-07
DEHHALKAJ000109w,1832.744140625,"(1949, 1957)",2.6069404068596242e-11,3.471398615453103e-13,5.087781903871609e-10,3.8649414223829596e-05,1.5951228477348615e-09,6.225010427613382e-09,,,,,,3.0310306203479803e-09,,5.951834834245863e-10,3.395005934493014e-09,1.0838885637376677e-08,7.811843602490725e-10,-1.1053607203319017e-07,3.8675875647140834e-05,3.8565339575107644e-05
DEHHALKAJ00010D9bt_1,1199.3701171875,"(1979, 1983)",,,,2.2966891140529556e-05,6.6056004795598374e-09,2.485626662541541e-08,,,,,,1.983544108053873e-09,,1.2639836618845925e-09,1.0770498427095303e-08,1.643141679448902e-08,3.749418100567326e-09,-1.6320010833456669e-07,2.3032551868726623e-05,2.2869351760392055e-05
DEHHALKAJ00010A0,590.72265625,"(1958, 1968)",2.035577417188037e-12,7.463280766989452e-14,7.732728398852539e-11,1.5078370538430012e-05,2.21465923405753e-10,3.143994041887806e-09,,,,,,9.769495235991195e-10,,1.5233087182875096e-10,5.931929036223485e-10,3.281430984296104e-09,9.413433068275519e-12,-3.41053596117432e-08,1.508674931611172e-05,1.5052643956499977e-05
DEHHALKAJ00010D6,620.953125,"(1969, 1978)",3.5662481792679687e-13,1.307536192035831e-14,1.3547423124430429e-11,0.000260210436621638,2.0864498855744882e-05,2.3944006253647624e-08,,,,,,1.026945300668022e-09,,3.165028167336247e-10,2.0865256992866696e-05,7.961971061018734e-07,3.3067779458004313e-10,3.121120511601076e-06,0.000302762007708517,0.0003058831282201181
DEHHALKAJ00010Ax,810.3994140625,"(1949, 1957)",1.1527320870301281e-11,1.5349766187118776e-13,2.249705991349822e-10,1.7439985699246086e-05,7.863317683184921e-10,3.0151932455056502e-09,,,,,,1.340255567966382e-09,,2.8161739219972343e-10,1.6527924359607304e-09,5.042611761809349e-09,4.032301256524989e-10,-5.135216033710201e-08,1.74525077315435e-05,1.7401155571206398e-05
DEHHALKAJ000108c,718.572265625,"(1969, 1978)",4.1268928857675295e-13,1.5130920613337315e-14,1.5677193874984507e-11,0.0003010106474515821,2.4144575098656798e-05,2.767807918545233e-08,,,,,,1.1883898750686612e-09,,3.653172363838457e-10,2.4145450125303862e-05,9.213458240272092e-07,3.8252858392044387e-10,3.6119981001868396e-06,0.0003502516328144508,0.00035386363091463764
DEHHALKAJ000107hbt_0,947.62060546875,"(1979, 1983)",,,,1.7560434035673875e-05,5.362533943363502e-09,1.9397778351712572e-08,,,,,,1.567208666871482e-09,,1.0137088864919643e-09,8.724925738534447e-09,1.3017143785676964e-08,2.9383958028129083e-09,-1.2899238563189607e-07,1.761245573084934e-05,1.7483463345217444e-05
DEHHALKAJ00010AW,669.5283203125,"(1949, 1957)",9.523535735677152e-12,1.2681528384790572e-13,1.8586413655393497e-10,1.461318808819794e-05,8.818395125889307e-10,3.222526725859089e-09,,,,,,1.1072800211013821e-09,,2.8021626746049697e-10,1.7946054665725155e-09,4.739990963341719e-09,4.5444585717019773e-10,-4.807348076514035e-08,1.4625668993012036e-05,1.4577595512246896e-05
DEHHALKAJ00010Em,1410.43359375,"(1958, 1968)",4.86022796231775e-12,1.7819634649149602e-13,1.8462978844120252e-10,3.3914480876917625e-05,4.983722566860789e-10,6.60790700199472e-09,,,,,,2.332604598225406e-09,,3.4297636598511977e-10,1.3354978210219972e-09,7.388848728077835e-09,1.8944316439041237e-11,-7.671984468379839e-08,3.393300602800605e-05,3.3856286183322255e-05
DEHHALKAJ00010CR,1537.02734375,"(1949, 1957)",2.1863055513594777e-11,2.91128176308765e-13,4.266858494836224e-10,3.3015970305983356e-05,1.477213915693609e-09,5.6727749014475826e-09,,,,,,2.5419680115442474e-09,,5.308989510941894e-10,3.1082234594363173e-09,9.520263787401707e-09,7.546686163067411e-10,-9.696309154518338e-08,3.303957631762628e-05,3.29426132260811e-05
DEHHALKAJ00010DZbt_1,109.232421875,"(1979, 1983)",,,,2.7527081839599184e-06,6.730036556614358e-10,1.8058682336613742e-09,,,,,,1.806760675172145e-10,,1.1722993900195637e-10,1.0799049075829612e-09,1.3744478523072335e-09,2.8392191272475643e-10,-1.337585311487365e-08,2.7582232365283755e-06,2.744847383413502e-06
DEHHALKAJ00010CC,654.6484375,"(1949, 1957)",9.311880617576413e-12,1.239968869179446e-13,1.81733412748737e-10,1.4151847594965897e-05,6.499370939172794e-10,2.4834622073449907e-09,,,,,,1.0826713441807258e-09,,2.3084666238053447e-10,1.3627096964855582e-09,4.1189142368636046e-09,3.3624566188107443e-10,-4.19329515478288e-08,1.4162112381868952e-05,1.4120179430321123e-05
DEHHALKAJ000109u,1563.70703125,"(1949, 1957)",2.2242553959910465e-11,2.961815729174503e-13,4.3409225326113815e-10,3.3229285913230696e-05,1.4196038664676315e-09,5.501324026622079e-09,,,,,,2.586091427373889e-09,,5.211622247333856e-10,3.006373514510272e-09,9.428687319522413e-09,7.083562556161856e-10,-9.610194361933466e-08,3.325245751186554e-05,3.3156355568246205e-05
DEHHALKAJ000106X,691.1787109375,"(1958, 1968)",2.3817399931078285e-12,8.732457990758512e-14,9.047726865053174e-11,1.741838560854137e-05,2.5586189582090743e-10,3.5821230031035657e-09,,,,,,1.1430858508963533e-09,,1.760088920343497e-10,6.853880900423909e-10,3.791558386482951e-09,1.0634980351827152e-11,-3.939920703039292e-08,1.7428030269640103e-05,1.738863106260971e-05
DEHHALKAJ0001087bt_0,1165.005859375,"(1979, 1983)",,,,2.7884633552562673e-05,4.794267103463405e-09,1.9791591748330826e-08,,,,,,1.926717014863416e-09,,9.452210564314257e-10,7.859132210270321e-09,1.2648590440656165e-08,2.9578545931138623e-09,-1.262956786773397e-07,2.7935556926729803e-05,2.7809261248052465e-05
DEHHALKAJ0001087bt_1,1333.10546875,"(1979, 1983)",,,,3.140694272879324e-05,5.482058548874628e-09,2.263666426720677e-08,,,,,,2.204718974517554e-09,,1.0809149736983445e-09,8.98675042745297e-09,1.4465517242468818e-08,3.3829610939111368e-09,-1.4443954006827418e-07,3.1465182314321366e-05,3.132074277425309e-05
DEHHALKAJ00010Eh,1836.6298828125,"(1958, 1968)",6.328862239547523e-12,2.3204264023812146e-13,2.404201007485131e-10,4.447560816851152e-05,6.536795715745763e-10,8.456630981331466e-09,,,,,,3.0374569412341357e-09,,4.499393771189714e-10,1.7519561568076545e-09,9.69307856241914e-09,2.3927157263861072e-11,-1.0057077849243075e-07,4.4499674837259264e-05,4.439910405876683e-05
DEHHALKAJ00010Apbt_0,4522.6318359375,"(1979, 1983)",,,,8.468193070169572e-05,2.3284150583799274e-08,8.936995175169443e-08,,,,,,7.479623319268149e-09,,4.483307696943619e-09,3.800713069355994e-08,5.864281788066838e-08,1.3453184073700728e-08,-5.831183584119335e-07,8.491665086769535e-05,8.433353250928342e-05
DEHHALKAJ00010ED,2555.748046875,"(1949, 1957)",6.390030033162785e-11,6.452707666572023e-13,1.0844200667080947e-09,5.408530842362729e-05,4.6685470095563744e-09,1.636442592724305e-08,,,,,,4.226749617452573e-09,,1.3212483452292741e-09,9.27285412628671e-09,2.085490311840502e-08,1.8750612405774706e-09,-2.1111450250004345e-07,5.414389221301204e-05,5.3932777710511995e-05
DEHHALKAJ00010Dw,1936.94921875,"(1949, 1957)",2.7551642765981392e-11,3.668773336729226e-13,5.37705998640587e-10,4.096906079787668e-05,2.1869059998667435e-09,8.14892571396711e-09,,,,,,3.203367163482933e-09,,7.295192710403815e-10,4.511918188930662e-09,1.263671956302361e-08,1.069614832174776e-09,-1.2842927017769517e-07,4.1001547768609174e-05,4.087311849843148e-05
DEHHALKAJ00010CLbt_0,1726.1591796875,"(1979, 1983)",,,,3.319185812139195e-05,9.772647938618654e-09,3.6486693679660745e-08,,,,,,2.854758802167954e-09,,1.865438991228227e-09,1.5927516789296498e-08,2.4191078103501275e-08,5.5083321610693256e-09,-2.401615873113909e-07,3.328846458785749e-05,3.3048303000546094e-05
DEHHALKAJ00010CLbt_1,911.1748046875,"(1979, 1983)",,,,1.8703375208154826e-05,5.1586149652563444e-09,1.925995955557022e-08,,,,,,1.506936364503039e-09,,9.846954026548954e-10,8.407540859020343e-09,1.2769627681629185e-08,2.9076589569845923e-09,-1.2677327754532518e-07,1.8754370241940446e-05,1.8627596964395122e-05
DEHHALKAJ00010AK,860.0478515625,"(1969, 1978)",4.939413236253693e-13,1.8109961082821328e-14,1.876378696439368e-11,0.00036087602908351564,2.8898270574301727e-05,3.325698348516267e-08,,,,,,1.422365157543447e-09,,4.4280660187512683e-10,2.8899331453799505e-05,1.1028640271214244e-06,4.584506675377945e-10,4.321913254846758e-06,0.00041981207574465045,0.0004241339889994972
DEHHALKAJ00010D1,682.2548828125,"(1949, 1957)",9.704561495281328e-12,1.2922582061966217e-13,1.8939708875117454e-10,1.4735382204231065e-05,6.742795011426304e-10,2.5782509647882516e-09,,,,,,1.1283274650058452e-09,,2.3988361398350647e-10,1.4144382770931822e-09,4.283151780387176e-09,3.4823752580880807e-10,-4.360757918430376e-08,1.4746048773359276e-05,1.4702441194174972e-05
DEHHALKAJ00010C2,689.3984375,"(1958, 1968)",2.375605330136207e-12,8.709965742720453e-14,9.024422576954136e-11,1.8326228414150472e-05,2.690827041572136e-10,3.983155326662805e-09,,,,,,1.1401415994595744e-09,,1.8501986820219318e-10,7.20518579062852e-10,3.9853787553621e-09,1.2219545138723914e-11,-4.144824990821101e-08,1.8336523930528515e-05,1.8295075680620303e-05
DEHHALKAJ00010EY,856.015625,"(1958, 1968)",2.9497532498104576e-12,1.0815032880000452e-13,1.12054891805227e-10,2.1495610056682183e-05,3.157622483925019e-10,4.403327427755656e-09,,,,,,1.4156965784749859e-09,,2.1722144366618726e-10,8.458686546410082e-10,4.67937689251996e-09,1.304128963513521e-11,-4.862196996548056e-08,2.150750035121727e-05,2.1458878381251788e-05
DEHHALKAJ00010Dybt_0,1084.08984375,"(1979, 1983)",,,,2.0172282027298666e-05,5.337104775497662e-09,2.0767057529315466e-08,,,,,,1.7928910213050439e-09,,1.0321296329997757e-09,8.718618301738609e-09,1.3558239325901867e-08,3.121770804042357e-09,-1.3492301462673902e-07,2.0226609838689468e-05,2.009168682406273e-05
DEHHALKAJ00010Dybt_1,522.205078125,"(1979, 1983)",,,,1.0165120959755326e-05,2.790700800273072e-09,1.0593320969287526e-08,,,,,,8.636549950856308e-10,,5.354665624055575e-10,4.55247797095923e-09,6.979900099411644e-09,1.5964848493828672e-09,-6.93608391284971e-08,1.0193032966002131e-05,1.0123672126873634e-05
DEHHALKAJ00010Kr,830.3896484375,"(1958, 1968)",2.8614484275184568e-12,1.0491270356266662e-13,1.0870037823415261e-10,2.1080857905951047e-05,3.096420694325049e-10,4.3700122281059215e-09,,,,,,1.3733158077135668e-09,,2.1299103934679223e-10,8.294052397877186e-10,4.588175120658191e-09,1.303791670432062e-11,-4.7682752925228075e-08,2.1092554485372792e-05,2.1044871732447563e-05
DEHHALKAJ00010mObt_0,1644.840087890625,"(1979, 1983)",,,,4.032856516029464e-05,6.797618547801137e-09,2.8672300221570144e-08,,,,,,2.720271661417418e-09,,1.349899423786455e-09,1.1157830684486817e-08,1.8185821942090698e-08,4.27626633561984e-09,-1.8180319424015845e-07,4.0401725169111414e-05,4.0219921974871254e-05
DEHHALKAJ00010mObt_1,1554.635009765625,"(1979, 1983)",,,,3.8404283738783845e-05,6.434104714932581e-09,2.7124765921913185e-08,,,,,,2.57108865890056e-09,,1.2774850428447222e-09,1.0560805946767255e-08,1.720744622604541e-08,4.045667380159913e-09,-1.7201744453012546e-07,3.84735051026754e-05,3.8301487658145274e-05
DEHHALKAJ00010bibt_0,445.697021484375,"(1979, 1983)",,,,1.0750038873641436e-05,1.6493808327837778e-09,6.781444239977909e-09,,,,,,7.371378955337897e-10,,3.247491513602621e-10,2.703133494579191e-09,4.3402406686471475e-09,1.0139008225161622e-09,-4.3327631790129156e-08,1.0767588860746835e-05,1.0724261228956705e-05
DEHHALKAJ00010is,531.865234375,"(1949, 1957)",1.8327600078081015e-12,6.719667059225434e-14,6.96226792505713e-11,9.941849718112179e-06,1.1566352021236594e-09,3.9338049012802e-09,,,,,,8.796098569060412e-10,,3.014745673621818e-10,2.2472226082357154e-09,4.513670627162168e-09,5.637690105446802e-10,-4.5305149508108296e-08,9.955445904885795e-06,9.910140755377687e-06
DEHHALKAJ00010Kj,732.373046875,"(1958, 1968)",2.5236919887918142e-12,9.252913557949645e-14,9.5869724958166e-11,1.8367123918383268e-05,2.698088484402379e-10,3.757120344474891e-09,,,,,,1.2112139009644215e-09,,1.8561093590337048e-10,7.227750931558803e-10,3.998431717394583e-09,1.1117564565307505e-11,-4.1545605010467266e-08,1.8377279996788166e-05,1.83357343917777e-05
DEHHALKAJ00010JX,538.5830078125,"(1860, 1918)",2.0377576562862274e-11,2.1454691330705718e-13,3.5275780923415607e-10,9.970130415721936e-06,3.0784867711405974e-09,4.870525502496955e-08,,,,,,8.90719913717534e-10,,6.720964365820233e-10,5.771282789693667e-09,8.877117212785893e-09,1.4153230989341449e-09,-9.166334421866134e-08,1.003954069696976e-05,9.947877352751098e-06
DEHHALKAJ00010Hc,839.201171875,"(1949, 1957)",1.1937004167416534e-11,1.5895299957909236e-13,2.3296609937693946e-10,1.730778018514992e-05,6.402601813443991e-10,2.5581511127230195e-09,,,,,,1.3878884937923236e-09,,2.5201124021345684e-10,1.3858641278114528e-09,4.684985639405955e-09,2.9337422275080166e-10,-4.785910028289807e-08,1.7318982720167963e-05,1.7271123619885065e-05
DEHHALKAJ00010I1,1226.453125,"(1958, 1968)",4.22624772907497e-12,1.5495197149765e-13,1.605462192656326e-10,4.313914570721215e-05,6.350133366431366e-10,6.378587818910975e-09,,,,,,2.0283339063620667e-09,,4.378028795001222e-10,1.7043648111274908e-09,9.427221578180693e-09,1.606365793078403e-11,-9.678387172260697e-08,4.315977309520082e-05,4.306298922347821e-05
DEHHALKAJ00010lF,656.58984375,"(1958, 1968)",2.262549851697045e-12,8.295456930275788e-14,8.59494870807027e-11,2.1933458920982608e-05,3.228202292716379e-10,3.323194242178185e-09,,,,,,1.0858820465135266e-09,,2.225336052229065e-10,8.663369094023155e-10,4.792082919007124e-09,8.465272768503945e-12,-4.92497588018096e-08,2.1944080236206973e-05,2.1894830477405165e-05
DEHHALKAJ00010h2,599.4443359375,"(1949, 1957)",8.526643879956362e-12,1.1354068424984913e-13,1.6640850062797596e-10,1.3059946391912633e-05,6.186108324214781e-10,2.350169806029437e-09,,,,,,9.91373649340591e-10,,2.1672551651678952e-10,1.291740457843366e-09,3.844018276807377e-09,3.246480382213045e-10,-3.911448360724192e-08,1.3069583678489816e-05,1.3030469194882574e-05
DEHHALKAJ00010Kz,1310.1083984375,"(1969, 1978)",7.524193860158782e-13,2.758685120470454e-14,2.858282227422996e-11,0.0005459131720373672,4.4020598327851e-05,5.006719359263925e-08,,,,,,2.1666847330337506e-09,,6.377022870795415e-10,4.40221244266557e-05,1.6791974647409409e-06,6.953493205225427e-10,6.59162669103871e-06,0.000635688659186548,0.0006422802858775868
DEHHALKAJ00010PF,677.8642578125,"(1949, 1957)",9.642108163852508e-12,1.2839419283222993e-13,1.8817823108705627e-10,1.46179448864329e-05,6.647086590117609e-10,2.544696974501111e-09,,,,,,1.121066155640147e-09,,2.3714890067305553e-10,1.395545055621603e-09,4.239448531141014e-09,3.4226300085772714e-10,-4.316706424130419e-08,1.4628489763710344e-05,1.458532269946904e-05
DEHHALKAJ00010pq,1350.03662109375,"(2002, 2009)",6.202807198267234e-13,2.2742093360478275e-14,2.3563153614126205e-11,3.442861661857358e-05,5.1041543586267065e-09,3.194345248412561e-08,,,,,,2.2327188201880143e-09,,1.0531313459872363e-09,8.444794121617723e-09,1.4671577571751097e-08,3.4016833085263023e-09,-1.5004651280826512e-07,3.44954681305844e-05,3.434542161777614e-05
DEHHALKAJ00010KY,562.689453125,"(1949, 1957)",8.003833373954029e-12,1.0657894603019001e-13,1.562051763609788e-10,1.2417337650085239e-05,6.172789972675484e-10,2.3247284823280733e-09,,,,,,9.305876562404347e-10,,2.117685342238604e-10,1.2810298870197204e-09,3.7212273453595643e-09,3.308603619141619e-10,-3.783465307004865e-08,1.2426755131349592e-05,1.2388920478279543e-05
DEHHALKAJ00010Po,760.1845703125,"(1949, 1957)",1.0813052564680752e-11,1.4398647396421133e-13,2.1103072789633418e-10,1.6543993656458127e-05,7.803344510615355e-10,2.966889937850469e-09,,,,,,1.2572092142268427e-09,,2.738940613622837e-10,1.630341034712101e-09,4.8619654402226645e-09,4.087360313823475e-10,-4.9475969218649875e-08,1.6556173026628942e-05,1.650669705741029e-05
DEHHALKAJ00010Nibt_0,4.0,"(1979, 1983)",,,,6.102413040989264e-07,1.6594574077626233e-11,6.831225443030759e-11,,,,,,6.617744484360727e-12,,3.2686589291543294e-12,2.719893238311837e-11,4.3728861180102366e-11,1.0219288185626403e-11,-4.367076876948837e-10,6.104172444125966e-07,6.099805367249017e-07
DEHHALKAJ00010Nibt_1,936.0869140625,"(1979, 1983)",,,,1.8041167233309017e-05,5.106122675899077e-09,1.9267235181692864e-08,,,,,,1.5481272055551184e-09,,9.779064084257435e-10,8.326865486591784e-09,1.2723494318157074e-08,2.905504913389976e-09,-1.2639260412852143e-07,1.8092022489498727e-05,1.7965629885370206e-05
DEHHALKAJ00010FV,674.16015625,"(1949, 1957)",9.589420110892205e-12,1.2769259937188062e-13,1.8714995548207393e-10,1.4557613515159524e-05,6.655994816440443e-10,2.545456440211294e-09,,,,,,1.1149402364693865e-09,,2.3688269274135653e-10,1.3963839944662164e-09,4.230236081162114e-09,3.436205846174601e-10,-4.3069410972134074e-08,1.4568146634670835e-05,1.45250772236987e-05
DEHHALKAJ00010Gn,1125.1611328125,"(1949, 1957)",1.600456908489457e-11,2.1311664361807634e-13,3.123498978155745e-10,2.4218536234090962e-05,1.184683425026558e-09,4.477013297179287e-09,,,,,,1.8608150830558384e-09,,4.095189392510909e-10,2.4659749306571687e-09,7.217141668824454e-09,6.0410765310887e-10,-7.34194845643355e-08,2.4236755489088064e-05,2.416333600452373e-05
DEHHALKAJ00010kcbt_1,1111.580078125,"(1979, 1983)",,,,2.1685097362092333e-05,6.065052610967045e-09,2.288381486399977e-08,,,,,,1.8383563390921936e-09,,1.1615285198059482e-09,9.890607841351379e-09,1.51122350136944e-08,3.4509183835542104e-09,-1.5012125723797354e-07,2.1745499875664796e-05,2.1595378618426822e-05
DEHHALKAJ00010Knbt_1,617.4208984375,"(1979, 1983)",,,,1.2077787969061854e-05,3.4771078023980623e-09,1.3001309878577196e-08,,,,,,1.021126856232981e-09,,6.640306391720918e-10,5.667474375612946e-09,8.615177902857365e-09,1.9624798163584284e-09,-8.553628761266486e-08,1.2112196676333064e-05,1.20266603887204e-05
DEHHALKAJ00010K2,1443.42578125,"(1958, 1968)",4.9739160883919455e-12,1.8236463013229566e-13,1.8894856007662712e-10,3.62511276465508e-05,5.325145348788724e-10,7.4270734964539854e-09,,,,,,2.3871677688466136e-09,,3.6633080613417534e-10,1.4265064598844346e-09,7.891484148732103e-09,2.199873814058562e-11,-8.199817267482009e-08,3.6271180722503876e-05,3.6189182549829056e-05
DEHHALKAJ00010JBbt_0,1263.5400390625,"(1979, 1983)",,,,2.3569387799660864e-05,6.131597640049403e-09,2.3965932426813952e-08,,,,,,2.089669488932053e-09,,1.187482592629055e-09,1.0019069083314509e-08,1.562088255199123e-08,3.600995121044655e-09,-1.5548913868197494e-07,2.3632003428565635e-05,2.347651428988366e-05
DEHHALKAJ00010SBbt_1,742.314453125,"(1979, 1983)",,,,1.693909177259083e-05,4.503131010351825e-09,1.6497054216045292e-08,,,,,,1.2276925628459918e-09,,8.54557197581203e-10,7.331656315247248e-09,1.1016902488526316e-08,2.4955943206606897e-09,-1.0925260742283281e-07,1.6983018360702088e-05,1.6873765753279256e-05
DEHHALKAJ00010k2,2309.94921875,"(1949, 1957)",3.2857286637400546e-11,4.37527221721259e-13,6.4125251165778e-10,4.895002673441001e-05,2.0653399300322085e-09,8.023805051079687e-09,,,,,,3.82024236595144e-09,,7.626498540115232e-10,4.381700720686746e-09,1.3830399517864474e-08,1.0237541209577747e-09,-1.4099443649025795e-07,4.89839346259706e-05,4.8842940189480344e-05
DEHHALKAJ00010Jw,2018.2841796875,"(1949, 1957)",2.8708571283488534e-11,3.822829794762743e-13,5.602849573308491e-10,4.2663455876091266e-05,1.7800528302509094e-09,6.931223034565887e-09,,,,,,3.3378806198467937e-09,,6.607749932084036e-10,3.78258148298838e-09,1.20085029774679e-08,8.770004446545684e-10,-1.2244284576929473e-07,4.269283389247425e-05,4.257039104670495e-05
DEHHALKAJ00010FJ,306.08154296875,"(1919, 1948)",1.1719217885889376e-12,4.296756915919227e-14,4.451883195076053e-11,3.7856688161273272e-06,2.8741150592154675e-09,9.107282506457173e-09,,,,,,5.062041357984829e-10,,5.989550467085346e-10,5.33895018070502e-09,7.352787139674254e-09,1.3677067917283635e-09,-7.272379319222787e-08,3.8128148169876143e-06,3.7400910237953865e-06
DEHHALKAJ00010SZ,720.0390625,"(1949, 1957)",1.0242012973553673e-11,1.3638251784464904e-13,1.9988615055775815e-10,1.5419421887113084e-05,6.810714877806091e-10,2.6219867852385403e-09,,,,,,1.1908157226628338e-09,,2.462139167629718e-10,1.4355974829285199e-09,4.426110776967168e-09,3.4572121424044363e-10,-4.50889772435403e-08,1.5430369404499668e-05,1.538528042725613e-05
DEHHALKAJ00010ki,458.909912109375,"(1958, 1968)",1.4056555512210532e-12,5.1537229445845006e-14,5.3397883608607936e-11,1.2421915331168574e-05,1.8221002574728876e-10,3.036464786338534e-09,,,,,,7.589548622061216e-10,,1.251551725731634e-10,4.874537423584426e-10,2.6954165628656e-09,9.900647459600586e-12,-2.808755686593811e-08,1.2429210886968123e-05,1.2401123330102186e-05
DEHHALKAJ00010Rb,1708.4765625,"(1958, 1968)",5.8872573645596415e-12,2.1585155292168467e-13,2.236444648574068e-10,3.9964057430158786e-05,5.874114949779335e-10,7.523238935995809e-09,,,,,,2.8255142978707104e-09,,4.0435536148725435e-10,1.5744476344361445e-09,8.71151539890153e-09,2.1057569997108224e-11,-9.041038115220862e-08,3.998570497085245e-05,3.989529458970024e-05
DEHHALKAJ00010h6,653.5068359375,"(1860, 1918)",2.4269216098324688e-11,2.5765578175402373e-13,4.2181570229307243e-10,1.1928325696002935e-05,3.386695372921229e-09,5.256744791522726e-08,,,,,,1.080783338586404e-09,,7.466961433282464e-10,6.361693039838941e-09,9.947694138302823e-09,1.5503880411803665e-09,-1.0272018821912319e-07,1.200396709399232e-05,1.1901246905773198e-05
DEHHALKAJ00010Io,1474.216796875,"(1958, 1968)",5.080019173139737e-12,1.862548143376714e-13,1.9297919202266481e-10,3.729869326381278e-05,5.481557752067949e-10,7.1691318390086815e-09,,,,,,2.438090594814296e-09,,3.7727535390062563e-10,1.469035569660913e-09,8.127152946884412e-09,2.0529512662456488e-11,-8.429375724915459e-08,3.731884263540492e-05,3.7234548878155765e-05
DEHHALKAJ00010gfbt_1,345.5048828125,"(1979, 1983)",,,,7.562745510628402e-06,2.7512385897285253e-09,8.75197520495151e-09,,,,,,5.714556122932835e-10,,5.010064259344282e-10,4.44751134143515e-09,6.183412651790405e-09,1.3455153049850774e-09,-6.080725724427372e-08,7.5872976257595196e-06,7.5264903685152455e-06
DEHHALKAJ00010Ezbt_0,1507.0732421875,"(1979, 1983)",,,,2.89202941417001e-05,8.435176951156665e-09,3.159517251934455e-08,,,,,,2.4924299406754004e-09,,1.6117589179436627e-09,1.3750146735806868e-08,2.092240261682893e-08,4.768242917820085e-09,-2.077501313351526e-07,2.9003869472299676e-05,2.8796119340964523e-05
DEHHALKAJ00010Ezbt_1,395.2939453125,"(1979, 1983)",,,,7.566269922138701e-06,5.793901321159877e-10,3.905102582441578e-09,,,,,,6.537485857693638e-10,,1.382850878185387e-10,9.860966074681523e-10,2.1529452090811637e-09,5.618103264125025e-10,-2.2039241852379248e-08,7.575247300669807e-06,7.5532080588174285e-06
DEHHALKAJ00010iY,725.8193359375,"(1949, 1957)",1.032423300663356e-11,1.3747735878633306e-13,2.014907810101416e-10,1.6015277901085382e-05,7.957761314949826e-10,2.9972052072140985e-09,,,,,,1.2003752796602767e-09,,2.7305811089687114e-10,1.6515558486980607e-09,4.798636651013769e-09,4.264529701397866e-10,-4.878931345240179e-08,1.6027420961284498e-05,1.5978631647832097e-05
DEHHALKAJ00010NBbt_0,1350.72265625,"(1979, 1983)",,,,2.5884183925056085e-05,7.416214223735864e-09,2.7931329289587812e-08,,,,,,2.2338540713738993e-09,,1.4194890253616621e-09,1.2092807463971575e-08,1.845804950933129e-08,4.212881283862001e-09,-1.8333846145304119e-07,2.595794854992331e-05,2.5774610088470267e-05
DEHHALKAJ00010NBbt_1,1340.203125,"(1979, 1983)",,,,2.5820911767025805e-05,7.850645769895696e-09,2.9034488477131658e-08,,,,,,2.21645672380418e-09,,1.4941680256791101e-09,1.278839585784964e-08,1.931937521745226e-08,4.38768604977897e-09,-1.916912733156833e-07,2.5898002983147395e-05,2.570631170983171e-05
DEHHALKAJ00010MC,1302.25,"(1958, 1968)",4.4874369782276684e-12,1.6452826510007442e-13,1.7046824683060764e-10,3.182204181564489e-05,4.675597390983207e-10,6.320201711966689e-09,,,,,,2.1536883076425174e-09,,3.2172456780086583e-10,1.2527696310988253e-09,6.930850718269008e-09,1.835225803448701e-11,-7.198393789454978e-08,3.183950696257881e-05,3.1767523024684254e-05
DEHHALKAJ00010JFbt_1,587.47119140625,"(1979, 1983)",,,,1.3013907102609964e-05,2.900486883329945e-09,1.01116108744972e-08,,,,,,9.716155467653353e-10,,5.422503215440245e-10,4.7100157291139e-09,6.884067336605836e-09,1.538033821684396e-09,-6.807036359619393e-08,1.3041565183123505e-05,1.2973494819527311e-05
DEHHALKAJ00010Nv,1889.986328125,"(1969, 1978)",1.0854539626509062e-12,3.9797295914669003e-14,4.123410198877408e-11,0.0007917907770086294,6.350498146336056e-05,7.268733424634912e-08,,,,,,3.12569894725574e-09,,9.624178235868066e-10,6.350728682313726e-05,2.423354241505412e-06,1.005726436315754e-09,9.499961591803213e-06,0.0009213041807140861,0.0009308041423058893
DEHHALKAJ00010pAbt_0,627.797607421875,"(1979, 1983)",,,,1.4485355641722416e-05,2.479604221841178e-09,9.971645741064445e-09,,,,,,1.0382904692969926e-09,,4.846641050327391e-10,4.058409133386936e-09,6.432746507729698e-09,1.4940874246764067e-09,-6.413614654194879e-08,1.4511315089325444e-05,1.4447178942783496e-05
DEHHALKAJ00010LObt_1,310.868408203125,"(1979, 1983)",,,,5.422297089023117e-06,1.4314962460555854e-09,5.4841783239486095e-09,,,,,,5.141367447135166e-10,,2.754684958241796e-10,2.3364112269505206e-09,3.601116923428449e-09,8.257153489642499e-10,-3.5804148108412927e-08,5.436765612333003e-06,5.40096146422459e-06
DEHHALKAJ00010LObt_2,3.0,"(1979, 1983)",,,,6.399433920777734e-07,1.2871753117800294e-11,5.039479102640433e-11,,,,,,4.96402472307883e-12,,2.4941625300633775e-12,2.1035078956238357e-11,3.285848749959831e-11,7.579077068940862e-12,-3.272707710748394e-10,6.400755894526957e-07,6.397483186816209e-07
DEHHALKAJ00010Lg,759.1484375,"(1949, 1957)",1.0798314356352019e-11,1.4379022016473054e-13,2.1074309266910341e-10,1.5647869081424107e-05,5.771265842269056e-10,2.307452023589662e-09,,,,,,1.2554956085265106e-09,,2.2750295062923753e-10,1.2498125659890832e-09,4.231728030560658e-09,2.63919996608543e-10,-4.323084560225261e-08,1.5657982119184236e-05,1.5614751273581983e-05
DEHHALKAJ00010JN,1330.7109375,"(1949, 1957)",1.892836013452363e-11,2.520498090055543e-13,3.694114675923996e-10,2.792737722303277e-05,2.2305691187342465e-09,7.869163171092148e-09,,,,,,2.2007576680492413e-09,,6.445859592244167e-10,4.439551828200065e-09,1.0327863338321242e-08,1.0673827079693e-09,-1.0438207646265727e-07,2.7956157096824357e-05,2.78517750203617e-05
DEHHALKAJ00010MGbt_0,556.2841796875,"(1979, 1983)",,,,1.4750079469742425e-05,2.1690831467820163e-09,9.127971752216746e-09,,,,,,9.200225402261253e-10,,4.304085287342649e-10,3.5598960509670242e-09,5.794352509626938e-09,1.3616973488487018e-09,-5.791905072455777e-08,1.4773442901619824e-05,1.4715523850895266e-05
DEHHALKAJ00010MGbt_1,28.51171875,"(1979, 1983)",,,,3.414063378895692e-06,1.1117391233587776e-10,4.678439057953252e-10,,,,,,4.716745262932729e-11,,2.2060104110396298e-11,1.8246084679160315e-10,2.971251649605519e-10,6.982965717509032e-11,-2.9707492981912365e-09,3.41526103993949e-06,3.412290290641299e-06
DEHHALKAJ00010os,654.0126953125,"(1949, 1957)",9.30283766411552e-12,1.2387647106171279e-13,1.8155692779781594e-10,1.408575836484126e-05,6.37193102470903e-10,2.4417781547342405e-09,,,,,,1.0816199386891555e-09,,2.2786501905624938e-10,1.3387175915744844e-09,4.077546484585368e-09,3.2727488952980026e-10,-4.152205218021903e-08,1.40958903600219e-05,1.4054368307841681e-05
DEHHALKAJ00010P7,576.5947265625,"(1949, 1957)",8.20162540825451e-12,1.0921274230804762e-13,1.6006534412774483e-10,1.2657518766223993e-05,6.171040480770116e-10,2.3321526983196935e-09,,,,,,9.535844886494691e-10,,2.1348935109761737e-10,1.2838115786250967e-09,3.7655880363579725e-09,3.2802565561138355e-10,-3.82980992224091e-08,1.2667012522080731e-05,1.2628714422858322e-05
DEHHALKAJ00010u5,53.537841796875,"(1949, 1957)",,,,5.198906214265932e-07,2.3729470646966806e-10,7.558352097317276e-10,,,,,,8.854202576809224e-11,,5.066039073685656e-11,4.4065241482316034e-10,6.41912913953716e-10,1.4123931002545268e-10,-6.335109422777983e-09,5.222467583981019e-07,5.159116489753239e-07
DEHHALKAJ00010u1,759.708984375,"(1949, 1957)",1.0806287713166997e-11,1.4389639328527905e-13,2.1089870305593703e-10,1.632736052229088e-05,7.321126339406365e-10,2.810271390307262e-09,,,,,,1.2564226719943782e-09,,2.628562310076221e-10,1.5399891627142411e-09,4.711666538375567e-09,3.7441553117450515e-10,-4.798623900565086e-08,1.6339048256450394e-05,1.6291062017444742e-05
DEHHALKAJ00010rf,1804.3740234375,"(1949, 1957)",2.5665860534045835e-11,3.417662808396398e-13,5.009025155650302e-10,3.810476585525242e-05,1.5828405807188993e-09,6.168884282880268e-09,,,,,,2.9841115267867875e-09,,5.887953080120347e-10,3.3656767565181726e-09,1.0709387444462243e-08,7.7794796007793e-10,-1.092042658585583e-07,3.813094349911188e-05,3.8021739233253326e-05
DEHHALKAJ00010uw,1118.2529296875,"(1949, 1957)",1.590630510212601e-11,2.1180816164114225e-13,3.104321489018796e-10,2.4262591957962563e-05,1.1307498573028013e-09,4.308793914663844e-09,,,,,,1.8493901515456122e-09,,3.9900305626261927e-10,2.366192971554247e-09,7.099198992787698e-09,5.890274381912714e-10,-7.225660763404966e-08,2.4280334314344872e-05,2.4208077706710823e-05
DEHHALKAJ00010tJ,721.7001953125,"(1958, 1968)",2.4869142972850398e-12,9.118071112086811e-14,9.447261818562411e-11,1.8305524590595717e-05,2.688790468611444e-10,3.791104173958288e-09,,,,,,1.193562916808486e-09,,1.8495310283064532e-10,7.202224371954975e-10,3.98419704220204e-09,1.130420420549621e-11,-4.140530596857434e-08,1.831567881351978e-05,1.8274273507551204e-05
DEHHALKAJ00010uN,808.54296875,"(1949, 1957)",1.1500914334926241e-11,1.5314603277334328e-13,2.2445524139043393e-10,1.740226669490065e-05,7.850469700541299e-10,3.009960751144264e-09,,,,,,1.3371853407438049e-09,,2.8108985259905997e-10,1.6499728928300521e-09,5.032653689001784e-09,4.026750212639231e-10,-5.125030898342769e-08,1.741476527941829e-05,1.7363514970434862e-05
DEHHALKAJ00010z0,542.968505859375,"(1949, 1957)",1.7269254677678862e-11,1.5229498751124726e-13,2.7559057248923455e-10,1.1443887994410698e-05,1.3400915303013639e-09,4.563601203427348e-09,,,,,,8.97972779466506e-10,,3.496031493393715e-10,2.610608066291472e-09,5.228098385496023e-09,5.67400728128353e-10,-5.272227531875636e-08,1.1459445370253147e-05,1.140672309493439e-05
DEHHALKAJ00010yl,647.953125,"(1949, 1957)",9.216644843493672e-12,1.2272872853034778e-13,1.7987476325025058e-10,1.3999735146250931e-05,6.415830096977889e-10,2.4525286842084943e-09,,,,,,1.0715984953451028e-09,,2.2809712932470717e-10,1.345578288266132e-09,4.071522776596959e-09,3.315886049180397e-10,-4.145192304839183e-08,1.4009877643239288e-05,1.3968425720190897e-05
DEHHALKAJ00010xG,1587.3701171875,"(1949, 1957)",2.2579143522599913e-11,3.0066359536346244e-13,4.406612345910425e-10,3.430506393042651e-05,1.5736615582937628e-09,6.014410620266865e-09,,,,,,2.6252259464713104e-09,,5.592293398155784e-10,3.299978255321763e-09,9.98036042356896e-09,8.136870587226638e-10,-1.016078286425957e-07,3.432993048362898e-05,3.4228322654986386e-05
DEHHALKAJ00010wi,1759.9853515625,"(1949, 1957)",2.503446513218517e-11,3.333586274922321e-13,4.88580016395806e-10,3.76830279042248e-05,1.6632253344866756e-09,6.4039980656968606e-09,,,,,,2.910700618321383e-09,,6.014743982406328e-10,3.506189226031713e-09,1.0814040701736209e-08,8.439644595475149e-10,-1.1016439825101723e-07,3.770977149702887e-05,3.759960709877785e-05
DEHHALKAJ000114D,1038.564453125,"(1949, 1957)",1.4772796583904674e-11,1.967143762580776e-13,2.883102618356618e-10,2.2277735553871836e-05,9.909638157656452e-10,3.809780895602598e-09,,,,,,1.7175996758155292e-09,,3.570910917705548e-10,2.086770341655033e-09,6.410646506114049e-09,5.047997134284716e-10,-6.529807432985296e-08,2.229361320591199e-05,2.2228315131582136e-05
DEHHALKAJ0001108,1780.3466796875,"(1969, 1978)",1.0224858929410043e-12,3.748862231850801e-14,3.884207810034191e-11,0.0007412437387461426,5.982093941314825e-05,6.791341781341069e-08,,,,,,2.9443746017739137e-09,,8.608501578485676e-10,5.9822999261711175e-05,2.2817896466777507e-06,9.44339517464394e-10,8.958832129702458e-06,0.0008632421300497703,0.0008722009621794728
DEHHALKAJ00010zs,2251.7880859375,"(1949, 1957)",3.202998835895166e-11,4.265109280966811e-13,6.251067140817365e-10,4.760173753184467e-05,1.9865418673102153e-09,7.734899710350904e-09,,,,,,3.724054267132167e-09,,7.373474244957848e-10,4.221228409487028e-09,1.3399505801774215e-08,9.78854824214111e-10,-1.366255016870905e-07,4.763451996414944e-05,4.749789446246235e-05
DEHHALKAJ00010rm,644.9228515625,"(1949, 1957)",9.173541487749986e-12,1.2215476477936861e-13,1.7903354542735045e-10,1.3832072178644156e-05,6.149357401276276e-10,2.3643911430539616e-09,,,,,,1.066586960779906e-09,,2.2164724051035975e-10,1.2950312612181945e-09,3.9795317336459084e-09,3.1316249512758075e-10,-4.0535401007291204e-08,1.384192746521862e-05,1.380139206421133e-05
DEHHALKAJ000116jbt_0,1266.5126953125,"(1979, 1983)",,,,2.420991708819999e-05,6.75548652912949e-09,2.565768667252228e-08,,,,,,2.094585851508321e-09,,1.2964382355062937e-09,1.10205866378324e-08,1.6902214317671746e-08,3.866556147087779e-09,-1.6796640846201238e-07,2.4277510642591245e-05,2.4109544234129235e-05
DEHHALKAJ000116jbt_1,1430.556640625,"(1979, 1983)",,,,2.734908475879109e-05,7.881434373341768e-09,2.96543475699029e-08,,,,,,2.365885172157789e-09,,1.5080709210148577e-09,1.2850692116106361e-08,1.9603907740475794e-08,4.473222755314345e-09,-1.9470885720836776e-07,2.7427422319439402e-05,2.7232713462231036e-05
DEHHALKAJ000116jbt_2,4.0,"(1979, 1983)",,,,3.5989328397137095e-07,1.648120689842586e-11,6.800805669536877e-11,,,,,,6.616764386416496e-12,,3.2489115958513296e-12,2.70167985192567e-11,4.348397188460473e-11,1.0167946249009854e-11,-4.342501889433505e-10,3.6006830762759987e-07,3.596340574386565e-07
DEHHALKAJ00010yDbt_0,1147.109375,"(1979, 1983)",,,,2.190745349927317e-05,5.975891122806256e-09,2.285582621248988e-08,,,,,,1.897114166708749e-09,,1.149355643054065e-09,9.752608633436064e-09,1.50173044307759e-08,3.44183174745114e-09,-1.4929515526509735e-07,2.196754343122989e-05,2.1818248275964793e-05
DEHHALKAJ00010yDbt_1,4.0,"(1979, 1983)",,,,4.2593729104346574e-07,1.5908404308781863e-11,6.647105761357265e-11,,,,,,6.617028469132952e-12,,3.1491355960045936e-12,2.609773812146625e-11,4.231781799235165e-11,9.927258514126703e-12,-4.229217410549367e-10,4.2610777948408117e-07,4.256848577430262e-07
DEHHALKAJ00010yDbt_2,2102.55078125,"(1979, 1983)",,,,3.961837164313569e-05,1.0952029285356187e-08,4.188935669713434e-08,,,,,,3.4772429306463774e-09,,2.1064494682855133e-09,1.787366201488493e-08,2.7522813313009062e-08,6.308038689988951e-09,-2.736195959196789e-07,3.9728501235535e-05,3.945488163961532e-05
DEHHALKAJ00010w4bt_0,783.0673828125,"(1979, 1983)",,,,1.4875341959537254e-05,4.121457391938434e-09,1.5715228685972027e-08,,,,,,1.2950642848828795e-09,,7.919255966087098e-10,6.725035083521932e-09,1.0337339978142117e-08,2.367282525285385e-09,-1.0275101747138894e-07,1.4916695293083605e-05,1.4813944275612216e-05
DEHHALKAJ00010yw,1389.83984375,"(1949, 1957)",1.9769424260714065e-11,2.632494084880827e-13,3.858259235192307e-10,2.961597742316985e-05,1.2806012910041105e-09,4.950726140225976e-09,,,,,,2.298546248218007e-09,,4.675039908062788e-10,2.707359540751318e-09,8.438446871707241e-09,6.430411614603608e-10,-8.599227796224854e-08,2.963676364841402e-05,2.9550771370451773e-05
DEHHALKAJ00010rK,757.517578125,"(1979, 1983)",,,,1.477251160122109e-05,4.0414475981493215e-09,1.5348618956088682e-08,,,,,,1.252798440550553e-09,,7.755738923382151e-10,6.59300575291324e-09,1.0111291901961522e-08,2.313022542344609e-09,-1.00481044072902e-07,1.4812947360305437e-05,1.4712466316232536e-05
DEHHALKAJ00010vN,653.1806640625,"(1958, 1968)",2.2508021235380044e-12,8.252384830494732e-14,8.550321571617312e-11,1.6518349197522325e-05,2.4263416745335086e-10,3.4099764375718242e-09,,,,,,1.080243881813583e-09,,1.6690440454234484e-10,6.499372188395181e-10,3.5954131315285845e-09,1.0147690990182345e-11,-3.736311773179011e-08,1.6527504454455065e-05,1.6490141336723276e-05
DEHHALKAJ00010qW,689.431640625,"(1984, 1994)",,,,1.4185382380101116e-05,3.853147514665182e-09,1.317874603174557e-08,,,,,,1.1401965032586749e-09,,7.364617016062295e-10,6.2820406619358045e-09,9.56123610422244e-09,2.1735643646125904e-09,-9.45627200676829e-08,1.4222307772983164e-05,1.4127745052915481e-05
DEHHALKAJ00010wLbt_0,194.54248046875,"(1979, 1983)",,,,3.619987019638107e-06,1.2430358488287658e-09,4.1066029887285565e-09,,,,,,3.217633399426888e-10,,2.2878161950015475e-10,2.013084615864225e-09,2.856581605732845e-09,6.284904576257354e-10,-2.8155451956591856e-08,3.63138536011433e-06,3.603229908157738e-06
DEHHALKAJ00010yS,538.2734375,"(1958, 1968)",1.854842102388343e-12,6.800629281729956e-14,7.046153135427886e-11,1.3144874021438139e-05,1.9313805857341548e-10,2.6087458782543205e-09,,,,,,8.902079025614276e-10,,1.32897708031457e-10,5.17492624062226e-10,2.8629925468757982e-09,7.571388506054324e-12,-2.9734769912265665e-08,1.3152087067545003e-05,1.3122352297632736e-05
DEHHALKAJ000113H,695.6376953125,"(1949, 1957)",9.89492191652255e-12,1.3176065763010956e-13,1.9311221896226814e-10,1.5060838308320625e-05,6.959318702558742e-10,2.6561436547587054e-09,,,,,,1.1504602401226198e-09,,2.4650722961513605e-10,1.4579522546665905e-09,4.393162222503206e-09,3.610815584844317e-10,-4.472047145725966e-08,1.5071799547351033e-05,1.5027079075893774e-05
DEHHALKAJ00010zB,872.6298828125,"(1958, 1968)",3.0070044956339325e-12,1.1024939964954645e-13,1.1422974563643344e-10,2.227523148962066e-05,3.2732007618518824e-10,4.365954740723488e-09,,,,,,1.4431735900421839e-09,,2.2524934136882668e-10,8.770924859945867e-10,4.8521946907925536e-09,1.265391136534587e-11,-5.034581790580374e-08,2.2287335128457132e-05,2.223698931055133e-05
DEHHALKAJ00010z2,1937.244140625,"(1958, 1968)",5.933839972693761e-12,2.1755946675698276e-13,2.2541403969042358e-10,5.889665841292263e-05,8.657864073406335e-10,1.0912441307917242e-08,,,,,,3.203854912611536e-09,,5.960480050534643e-10,2.3208270347802424e-09,1.2835122006694321e-08,3.171958515544743e-11,-1.3248945292028194e-07,5.892742421218219e-05,5.8794934759261904e-05
DEHHALKAJ000113y,2227.1494140625,"(1949, 1957)",5.568448604157862e-11,5.623067624484569e-13,9.449935877363404e-10,4.707726923452153e-05,3.760038977155298e-09,1.3295148464962633e-08,,,,,,3.6833063673182113e-09,,1.089688613674326e-09,7.512406709606624e-09,1.7450399354249066e-08,1.4850324491573422e-09,-1.768677391668203e-07,4.7125545255457654e-05,4.694867751629083e-05
DEHHALKAJ00010ub,1699.013671875,"(1949, 1957)",2.4167188942737134e-11,3.218099885001654e-13,4.716539980997152e-10,3.6560730885601785e-05,1.6479903674354349e-09,6.319562350267793e-09,,,,,,2.8098643820421937e-09,,5.902861343363162e-10,3.4640447300464323e-09,1.0570162399677099e-08,8.44974265868551e-10,-1.0764324879247728e-07,3.658697777023146e-05,3.647933452143898e-05
DEHHALKAJ000112abt_0,142.30029296875,"(1979, 1983)",,,,3.1858345049855485e-06,1.1845834894328594e-09,3.742669130667126e-09,,,,,,2.3536563335246827e-10,,2.1530803665346207e-10,1.914322266991226e-09,2.651783605892973e-09,5.758712185624897e-10,-2.6066675444986423e-08,3.196354408367101e-06,3.1702877329221143e-06
DEHHALKAJ000114z,1425.2294921875,"(1949, 1957)",2.0272815336703605e-11,2.6995255781832226e-13,3.9565025245383517e-10,3.044631283339693e-05,1.3308467085530498e-09,5.133970929640878e-09,,,,,,2.357074386148687e-09,,4.834232035076754e-10,2.8093050073141222e-09,8.707726739860904e-09,6.720017501450697e-10,-8.872091946470078e-08,3.0467807182122098e-05,3.0379086262657396e-05
DEHHALKAJ000113Pbt_0,2650.8984375,"(1979, 1983)",,,,5.860870550736815e-05,1.063858447937738e-08,4.430877956887985e-08,,,,,,4.384111780980414e-09,,2.1036784187171664e-09,1.7448962310780326e-08,2.8228507096607382e-08,6.6162568440743795e-09,-2.8199931374212385e-07,5.8722434387867566e-05,5.8440435074125445e-05
DEHHALKAJ000113Pbt_1,4.0,"(1979, 1983)",,,,4.934513385080072e-07,1.6052798294921287e-11,6.685850946544209e-11,,,,,,6.617249936384776e-12,,3.174287462632625e-12,2.6329493489915043e-11,4.2616287080605907e-11,9.989115893663037e-12,-4.2584627765038634e-10,4.936229762496306e-07,4.931971299719802e-07
DEHHALKAJ000110n,1468.6025390625,"(1949, 1957)",2.08897642384117e-11,2.781678417487083e-13,4.076908094587615e-10,3.1266761403188744e-05,1.3467952371624787e-09,5.210606128975155e-09,,,,,,2.4288056365483933e-09,,4.925456226935359e-10,2.848850002547584e-09,8.896980026905625e-09,6.749307879167448e-10,-9.067056783380083e-08,3.12886609166315e-05,3.11979903487977e-05
DEHHALKAJ00010ye,1470.9853515625,"(1949, 1957)",2.0923657950308122e-11,2.786191699963361e-13,4.0835228915192176e-10,3.1141526481320785e-05,1.3082622382259871e-09,5.0870434956640575e-09,,,,,,2.432746376859106e-09,,4.84075356790678e-10,2.777269547214647e-09,8.785800737649213e-09,6.469676052858152e-10,-8.95733015819154e-08,3.1163048646678475e-05,3.107347534509656e-05
DEHHALKAJ00010robt_0,231.98291015625,"(1979, 1983)",,,,4.878734642190625e-06,2.073026921600591e-09,6.482129436407497e-09,,,,,,3.8369942370834677e-10,,3.7571621112163183e-10,3.348451654878957e-09,4.6127357760990735e-09,9.986470271216758e-10,-4.531391268221979e-08,4.897009048641562e-06,4.851695135959342e-06
DEHHALKAJ00010robt_2,2.0,"(1979, 1983)",,,,4.225831224173071e-07,8.932937848129432e-12,3.189775088540713e-11,,,,,,3.309346290035293e-12,,1.6820422643635526e-12,1.4524419004003344e-11,2.1533831501303812e-11,4.844280552831085e-12,-2.1333968599712306e-10,4.2266984702565317e-07,4.2245650733965605e-07
DEHHALKAJ000113V,768.6767578125,"(1949, 1957)",1.093384753134112e-11,1.4559497824346195e-13,2.133881981470398e-10,1.6716011456249033e-05,7.860901192218915e-10,2.9904315262259326e-09,,,,,,1.2712537712880623e-09,,2.762795843945071e-10,1.6430113595369285e-09,4.907142990388147e-09,4.111885714463445e-10,-4.993816667723835e-08,1.6728296854171537e-05,1.66783586874943e-05
DEHHALKAJ000111f,714.564453125,"(1949, 1957)",1.0164140781385085e-11,1.3534557269866478e-13,1.9836637385289893e-10,1.5413124053592536e-05,7.015643822141579e-10,2.6852827504702887e-09,,,,,,1.1817617086153652e-09,,2.5018591015076263e-10,1.47272517967385e-09,4.471653274247026e-09,3.614127234170887e-10,-4.5530689026477114e-08,1.5424248639521325e-05,1.537871795049485e-05
DEHHALKAJ000116Vbt_0,599.603515625,"(1979, 1983)",,,,1.29009086304747e-05,3.0816101022581937e-09,1.1834129773895146e-08,,,,,,9.916635262646253e-10,,5.934552003771744e-10,5.030316876868423e-09,7.763903528410775e-09,1.7813621826235823e-09,-7.720363555342195e-08,1.29319850716654e-05,1.2854781436111978e-05
DEHHALKAJ000116Vbt_1,4.0,"(1979, 1983)",,,,2.49561542573324e-07,1.8755710514803884e-11,7.411122388266753e-11,,,,,,6.616263341652961e-12,,3.645105461909409e-12,3.066637057164221e-11,4.812269940491689e-11,1.112581433554908e-11,-4.793577978224188e-10,2.497545857608371e-07,2.492752279630147e-07
DEHHALKAJ000116Vbt_2,703.4443359375,"(1979, 1983)",,,,1.3523671619901902e-05,3.6222164047632604e-09,1.3902176656726305e-08,,,,,,1.1633865619043801e-09,,6.974375769333809e-10,5.912590754275496e-09,9.122533173378663e-09,2.092761462241435e-09,-9.07102822723831e-08,1.3560184722492125e-05,1.3469474440219742e-05
DEHHALKAJ00010z8bt_0,1239.7236328125,"(1979, 1983)",,,,2.3709905028403998e-05,6.64921102272603e-09,2.521322959625779e-08,,,,,,2.0502815472565485e-09,,1.2753941992012421e-09,1.0846234180124933e-08,1.6619472313551172e-08,3.800216509116583e-09,-1.6514122477010714e-07,2.3776359067772237e-05,2.361121784300213e-05
DEHHALKAJ00017t6,344.34716796875,"(1949, 1957)",8.214038489826249e-12,7.243838327556196e-14,1.3108333927032482e-10,7.141742839311113e-06,4.946181485224742e-10,1.7696392808654359e-09,,,,,,5.694886291343699e-10,,1.4916687325573758e-10,9.902368828930462e-10,2.4590368459859833e-09,2.9669831552791417e-10,-2.491226450386513e-08,7.148471724287297e-06,7.123559459783432e-06
DEHHALKAJ00018HV,703.094970703125,"(1949, 1957)",1.2257860336570003e-11,1.3808414200046251e-13,2.1933779442892726e-10,1.4710054403855637e-05,1.9112595853988313e-09,6.443247231314923e-09,,,,,,1.1627933258464795e-09,,4.855978135962106e-10,3.6911013309991264e-09,7.1396901432994915e-09,9.520786224248416e-10,-7.16729006578782e-08,1.4731840171908516e-05,1.4660167271250638e-05
DEHHALKAJ00018M0,241.99755859375,"(1949, 1957)",5.772596511998725e-12,5.090766973508315e-14,9.212170456593866e-11,4.926981807722725e-06,5.667657206969054e-10,1.926425689877081e-09,,,,,,4.00220682520815e-10,,1.4781757946666784e-10,1.09900134737004e-09,2.2189925588564656e-09,3.071506426575678e-10,-2.2321067079122248e-08,4.9336481819441705e-06,4.911327114865048e-06
DEHHALKAP0006abHbt_0,593.348388671875,"(1979, 1983)",,,,1.19573348265299e-05,2.9806266995082705e-09,1.1761172486813618e-08,,,,,,9.813083034953674e-10,,5.790125054082895e-10,4.873029354513552e-09,7.639309448185879e-09,1.7654841104645627e-09,-7.60824242483164e-08,1.198791476943829e-05,1.1911832345189972e-05
DEHHALKAP0006abHbt_1,868.353271484375,"(1979, 1983)",,,,2.542751365287988e-05,4.0335984653517295e-09,1.633080567733804e-08,,,,,,1.4361363493325555e-09,,7.901539597409811e-10,6.604494101978886e-09,1.0509612007185246e-08,2.4453003238028975e-09,-1.048240070606099e-07,2.5469663753764604e-05,2.5364839746703993e-05
DEHHALKAbr0000Mkbt_1,1208.04443359375,"(1979, 1983)",,,,2.9911645890104843e-05,4.805644191512056e-09,2.055689895286958e-08,,,,,,1.9978917065434488e-09,,9.588826263728439e-10,7.895021132571837e-09,1.2974981218540447e-08,3.061877516770517e-09,-1.2981203209225585e-07,2.9963897087450027e-05,2.9834085055357772e-05
DEHHALKAbr0000Mkbt_2,675.5908203125,"(1979, 1983)",,,,1.8848915261441946e-05,2.694941693709174e-09,1.1516211440222256e-08,,,,,,1.117334408213407e-09,,5.375407175261026e-10,4.427141518125352e-09,7.271431502864753e-09,1.715493143750203e-09,-7.27456400319993e-08,1.8878195355866356e-05,1.8805449715834356e-05
DEHHALKA10000t7Ibt_0,584.130859375,"(1979, 1983)",,,,1.6887380892641398e-05,2.3401443178035633e-09,9.984106976981452e-09,,,,,,9.66079365875919e-10,,4.66518135241358e-10,3.843912203347086e-09,6.307570567284484e-09,1.4874959312264462e-09,-6.309744734243139e-08,1.6912776720139158e-05,1.6849679272796727e-05
DEHHALKA10000t7Ibt_1,2172.493896484375,"(1979, 1983)",,,,3.4467769938833806e-05,8.674406092912006e-09,3.705488219943906e-08,,,,,,3.5929160062789804e-09,,1.7300119820460356e-09,1.4249624422840647e-08,2.339824722377143e-08,5.519634005287301e-09,-2.3407125309501526e-07,3.456198966076638e-05,3.432791840767136e-05
DEHHALKA1000143I,389.1025390625,"(2002, 2009)",4.469375112590614e-13,1.638660413335562e-14,1.6978211472790017e-11,8.5209768658224e-06,3.1243640094105896e-09,1.2611108268887243e-08,,,,,,6.435059532477113e-10,,5.83975621524048e-10,5.07767583798393e-09,7.4051006175522215e-09,1.578886897456666e-09,-7.382435698227012e-08,8.552001483028463e-06,8.478177126046192e-06
DEHHALKA2Rp000FHbt_0,1538.765869140625,"(1979, 1983)",,,,3.983052910617527e-05,5.767233308048708e-09,2.5234703489959494e-08,,,,,,2.544844079666664e-09,,1.1597233945770315e-09,9.488329482169756e-09,1.5804232890414952e-08,3.750803312966572e-09,-1.5831639659548945e-07,3.9894278976133076e-05,3.973596257953759e-05
DEHHALKA4Eq0000Ubt_0,3080.425537109375,"(1979, 1983)",,,,6.768298666667174e-05,9.66838675181576e-09,4.6876041792883294e-08,,,,,,5.094472323302941e-09,,2.0168704794633934e-09,1.6016261125257564e-08,2.8380350836764793e-08,6.905171411833027e-09,-2.85869200156801e-07,6.779794422139306e-05,6.751207502123627e-05
DEHHALKA4Eq0000Ubt_1,732.0810546875,"(1979, 1983)",,,,2.0608274358129843e-05,2.2845192613367064e-09,1.1104866485440147e-08,,,,,,1.2107493184774095e-09,,4.770166380895894e-10,3.785134269891584e-09,6.717983042949616e-09,1.6355375582428655e-09,-6.76792951298685e-08,2.063549016470427e-05,2.0567810869574402e-05
DEHHALKA70001vybbt_0,880.7734375,"(1979, 1983)",,,,1.590993475159618e-05,4.38660456814373e-09,1.7007659646575437e-08,,,,,,1.4566433262435538e-09,,8.473461467291051e-10,7.164431978256258e-09,1.1118446833005467e-08,2.557570292739186e-09,-1.1062092581990726e-07,1.5954473454387874e-05,1.5843852528567968e-05
DEHHALKA70001vybbt_1,4.0,"(1979, 1983)",,,,6.125910406026029e-07,1.8396515557547967e-11,7.314739737512455e-11,,,,,,6.617772785386423e-12,,3.582537595338853e-12,3.0090331853998105e-11,4.74086240930852e-11,1.0979407589558166e-11,-4.72516915954057e-10,6.127812631894529e-07,6.123087462734988e-07
DEHHALKA70001xCY,750.6943359375,"(1979, 1983)",,,,1.3534502771354071e-05,3.887914662911119e-09,1.4896073435877445e-08,,,,,,1.241514012033355e-09,,7.481852141977956e-10,6.345672028167314e-09,9.780974266906178e-09,2.2427654595471204e-09,-9.724755083536302e-08,1.3573645870433713e-05,1.347639831959835e-05
DEHHALKA70001xUI,657.490234375,"(1979, 1983)",,,,1.3957399540940363e-05,3.6313655091704107e-09,1.3653482237359296e-08,,,,,,1.0873711351384545e-09,,6.946878530377631e-10,5.920715168252656e-09,9.028543273027398e-09,2.059738757503631e-09,-8.966949755985935e-08,1.3993475444873851e-05,1.3903805947313992e-05
DEHHALKA7000Cli9,958.3779296875,"(2010, 2015)",2.876188761564197e-06,3.5129246593982687e-09,8.852536243655633e-07,3.358534670003947e-05,4.1016847664557025e-09,3.540806888619524e-08,,,,,,1.5849854791520769e-09,,8.277044396833191e-10,8.27321236031503e-09,6.933917835264681e-08,2.6310441477320326e-09,-1.272932358362019e-06,3.370751257847165e-05,3.243458022010963e-05
DEHHALKAJ00010AMbt_0,304.939453125,"(1979, 1983)",,,,5.920502267545114e-06,1.5596589459722192e-09,5.99820433178277e-09,,,,,,5.043336916819298e-10,,3.0049733872603296e-10,2.546143993441158e-09,3.933024064371231e-09,9.027505927436648e-10,-3.9112778230957876e-08,5.9362468805038345e-06,5.897134102272877e-06
DEHHALKAJ00010AMbt_1,916.00390625,"(1979, 1983)",,,,1.716413722045679e-05,4.705262901016579e-09,1.807219558160455e-08,,,,,,1.5149103043476183e-09,,9.061828165026531e-10,7.680779242398671e-09,1.1855624833123524e-08,2.7202828919530763e-09,-1.1789174025863674e-07,1.7211592459027735e-05,1.7093700718769098e-05
DEHHALKAJ000107G,943.96875,"(1969, 1978)",5.421386414591859e-13,1.9877076949662235e-14,2.0594701206294253e-11,0.00039280420796165085,3.1718013197764696e-05,3.578378289105057e-08,,,,,,1.5611553200946386e-09,,4.417570206738282e-10,3.171906950770349e-05,1.2095262370429012e-06,4.996866544736493e-10,4.7533702986954265e-06,0.00045748910328604817,0.0004622424735847436
DEHHALKAJ000109Xbt_2,310.957763671875,"(1979, 1983)",,,,6.552587518592969e-06,2.06014266912386e-09,7.171495233877186e-09,,,,,,5.143012933817605e-10,,3.849793930342012e-10,3.345150348811531e-09,4.88509378607563e-09,1.0909676361984132e-09,-4.8299346982905124e-08,6.5720396489534726e-06,6.523740301970567e-06
DEHHALKAJ00010Cq,1121.9658203125,"(1949, 1957)",1.595911817287609e-11,2.1251141983683117e-13,3.11462864390976e-10,2.4402734540185676e-05,1.1482920177166886e-09,4.367803089797306e-09,,,,,,1.855530610702922e-09,,4.034666136847964e-10,2.3998527156425997e-09,7.165305162515564e-09,6.008227185864399e-10,-7.291788366379075e-08,2.4420675613114323e-05,2.434775772945053e-05
DEHHALKAJ00010EB,596.498291015625,"(1969, 1978)",4.567732750671913e-13,1.6747224497081564e-14,1.7351851352468964e-11,0.00022175639756777426,1.7815805586072572e-05,2.0531584404554802e-08,,,,,,9.865013954772098e-10,,2.594234197029419e-10,1.7816425465555135e-05,6.796258261248788e-07,3.0126131913669924e-10,2.667343443930101e-06,0.0002580903332160657,0.0002607576766599958
DEHHALKAJ00010DH,1074.5458984375,"(1949, 1957)",1.52846055244062e-11,2.0352961776785098e-13,2.9829887630061686e-10,2.286289999869788e-05,9.82104170362024e-10,3.801734807065911e-09,,,,,,1.7771065369110638e-09,,3.5963007085463523e-10,2.0782349597022617e-09,6.4994995032734825e-09,4.9146503398687e-10,-6.624037007455722e-08,2.2878889773780036e-05,2.2812649403705477e-05
DEHHALKAJ00010Bibt_0,534.6513671875,"(1979, 1983)",,,,1.2350548831396525e-05,3.1658569109808796e-09,1.1673981911072421e-08,,,,,,8.842524542548045e-10,,6.019910625068368e-10,5.1562316935308895e-09,7.776625031365199e-09,1.7647529606435055e-09,-7.714879345777004e-08,1.238157252342088e-05,1.2304423729963109e-05
DEHHALKAJ00010Bibt_1,982.666015625,"(1979, 1983)",,,,2.0726183270878746e-05,5.809033252633984e-09,2.1430312989050006e-08,,,,,,1.625169204263124e-09,,1.1047482799632992e-09,9.461404825754726e-09,1.4273238351741255e-08,3.239430803161876e-09,-1.4160227637785615e-07,2.0783126608585314e-05,2.0641524332207458e-05
DEHHALKAJ000107r,2700.552490234375,"(1949, 1957)",2.7268106297976854e-11,4.872590244474732e-13,6.303976073335277e-10,5.74096616184792e-05,3.800534291416505e-09,1.3739570732612183e-08,,,,,,4.46623023134008e-09,,1.1706821764447597e-09,7.696672743822294e-09,1.9433610309101766e-08,1.6469739478886082e-09,-1.9688950057577115e-07,5.746161589291182e-05,5.726472639233605e-05
DEHHALKAJ00010Adbt_1,839.4833984375,"(1979, 1983)",,,,1.8700147442280594e-05,5.404647736852854e-09,1.9493859585057228e-08,,,,,,1.3883889736795227e-09,,1.0207756573570074e-09,8.79209653734489e-09,1.3096223322577146e-08,2.953891526326028e-09,-1.297544430302069e-07,1.875229732561979e-05,1.8622542882589583e-05
DEHHALKAJ00010Adbt_4,551.091796875,"(1979, 1983)",,,,1.957729161129599e-05,3.3672778206144027e-09,1.2312209081748377e-08,,,,,,9.114718688758006e-10,,6.386302847699668e-10,5.481784091196728e-09,8.228638985307947e-09,1.8630140099530662e-09,-8.159475991110896e-08,1.9610094637438453e-05,1.9528499877527345e-05
DEHHALKAJ00010Dfbt_0,271.61328125,"(1979, 1983)",,,,5.8103264770053375e-06,1.6677130223422318e-09,6.0899872292312074e-09,,,,,,4.4922537147553497e-10,,3.1616933008075213e-10,2.7147726779560326e-09,4.071941233121939e-09,9.215764853124455e-10,-4.0372999054407755e-08,5.826557862354857e-06,5.786184863300449e-06
DEHHALKAJ00010Dfbt_1,2431.568359375,"(1979, 1983)",,,,4.7279223590840144e-05,1.4895076432990742e-08,5.4426066925586526e-08,,,,,,4.021379254627185e-09,,2.8243829556072334e-09,2.4247630425848872e-08,3.6381953575710853e-08,8.235491059991396e-09,-3.6073610635117784e-07,4.7424255571470506e-05,4.706351946511933e-05
DEHHALKAJ00010Dfbt_2,287.0009765625,"(1979, 1983)",,,,6.015001707497603e-06,1.7638207196253318e-09,6.439368261034612e-09,,,,,,4.746740590207954e-10,,3.343646324710154e-10,2.871182868213447e-09,4.305944124409774e-09,9.744709854453886e-10,-4.269247446082578e-08,6.032165533147823e-06,5.989473058686997e-06
DEHHALKAJ00010Bo,1804.3603515625,"(1949, 1957)",2.5665666061928398e-11,3.417636912513338e-13,5.008987201897416e-10,3.8329426194792625e-05,1.6348815416422803e-09,6.337604114932241e-09,,,,,,2.9840889937463846e-09,,6.006406114871739e-10,3.4630666357877987e-09,1.0869888496131885e-08,8.150893135065954e-10,-1.1079421761012177e-07,3.835613145449986e-05,3.8245337236889744e-05
DEHHALKAJ00010AY,659.5224609375,"(1949, 1957)",9.381209927443234e-12,1.2492007514905546e-13,1.8308646403913163e-10,1.3871730637451506e-05,1.2788600245284447e-09,4.442910222038943e-09,,,,,,1.0907321288826153e-09,,3.541557058480579e-10,2.5198545094968523e-09,5.525322385451271e-09,6.127742506040867e-10,-5.572805779146204e-08,1.3887555246678353e-05,1.3831827188886891e-05
DEHHALKAJ000107X,722.7646484375,"(1958, 1968)",2.4905823075094318e-12,9.131519576355315e-14,9.461195814189371e-11,1.8002105941478675e-05,2.6446182052326104e-10,3.6544098389355733e-09,,,,,,1.1953233282795774e-09,,1.819434788763382e-10,7.084884962913168e-10,3.919465645687255e-09,1.0761818142093867e-11,-4.0720531237725525e-08,1.801204079590541e-05,1.7971320264667686e-05
DEHHALKAJ00010ET,2587.2734375,"(1949, 1957)",3.680201463098511e-11,4.900551708037787e-13,7.182389884051791e-10,5.421811981247059e-05,3.878709464362053e-09,1.386527147922793e-08,,,,,,4.278886963905137e-09,,1.1615805701914843e-09,7.787246131494627e-09,1.900551765285327e-08,1.8539234589575418e-09,-1.9239099466040554e-07,5.426995094819158e-05,5.407755995353118e-05
DEHHALKAJ000109lbt_0,287.72607421875,"(1979, 1983)",,,,8.141469200986827e-06,1.1546258116508928e-09,4.618937468746128e-09,,,,,,4.758752535541706e-10,,2.252963828833441e-10,1.8892120330401006e-09,2.9854346195338027e-09,6.924528190879021e-10,-2.975709954056074e-08,8.153511035375326e-06,8.123753935834765e-06
DEHHALKAJ00010C0,580.3701171875,"(1949, 1957)",8.255327494398598e-12,1.099278386217071e-13,1.61113409903875e-10,1.2978163563577301e-05,6.7616362243361e-10,2.5258059396374303e-09,,,,,,9.598283172065788e-10,,2.2741218941511008e-10,1.3951837634586848e-09,3.959976311613068e-09,3.6943738508390905e-10,-4.023028714105671e-08,1.298827737110615e-05,1.2948047083965094e-05
DEHHALKAJ000108Kbt_0,1100.91796875,"(1979, 1983)",,,,2.7714841475482548e-05,4.7696364759878855e-09,1.934443235889862e-08,,,,,,1.820734771286924e-09,,9.34873336010524e-10,7.810465793405456e-09,1.244111813310534e-08,2.8960183317389714e-09,-1.2410056352348405e-07,2.776485875468299e-05,2.7640758191159503e-05
DEHHALKAJ000108Kbt_2,2633.3828125,"(1979, 1983)",,,,5.92524998442124e-05,1.0476372137958703e-08,4.37693674682466e-08,,,,,,4.355144088145513e-09,,2.073767280694061e-09,1.7186177685886857e-08,2.7854342783905523e-08,6.533782214444866e-09,-2.783103035767147e-07,5.9364748797871686e-05,5.908643849429497e-05
DEHHALKAJ00010Bs,570.626953125,"(1969, 1978)",3.2772157038798375e-13,1.2015647612081365e-14,1.2449449835990283e-11,0.0002394762084550656,1.9173505744146632e-05,2.2091995111490406e-08,,,,,,9.437148263826596e-10,,2.94053346110457e-10,1.9174210242702692e-05,7.317368752996264e-07,3.0428155791110423e-10,2.867452047220802e-06,0.0002785792953620564,0.00028144674740927724
DEHHALKAJ00010B5bt_0,746.830078125,"(1979, 1983)",,,,1.5157492870367551e-05,4.630563907709601e-09,1.686584445410248e-08,,,,,,1.2351493815499162e-09,,8.771814253556692e-10,7.53677796902329e-09,1.1288104259042896e-08,2.5529471519630025e-09,-1.119036065578097e-07,1.5202479438916296e-05,1.5090575832358487e-05
DEHHALKAJ00010B5bt_3,1702.4951171875,"(1979, 1983)",,,,3.483324622182802e-05,9.339512922709974e-09,3.5183757007961075e-08,,,,,,2.815622778566271e-09,,1.78775493527171e-09,1.522913297971934e-08,2.3248653931293396e-08,5.3066568154904655e-09,-2.3092612471144342e-07,3.492615731319904e-05,3.4695231188487597e-05
DEHHALKAJ00010DP,1558.0380859375,"(1949, 1957)",2.2161917485501155e-11,2.951078186234013e-13,4.325185280075336e-10,3.297705979251378e-05,1.3839684195441918e-09,5.382528473555313e-09,,,,,,2.5767160772243397e-09,,5.123320922523885e-10,2.9384154259544312e-09,9.300447626699982e-09,6.840300157261506e-10,-9.482177746051753e-08,3.299983823064473e-05,3.290501645318422e-05
DEHHALKAJ00010Cgbt_2,284.637451171875,"(1979, 1983)",,,,8.96475806260887e-06,1.3514674092381407e-09,5.130797336045805e-09,,,,,,4.707739716266223e-10,,2.5932456639075004e-10,2.20467331073808e-09,3.3807043287249137e-09,7.732913761282832e-10,-3.35962508582607e-08,8.978329094907763e-06,8.944732844049503e-06
DEHHALKAJ00010Cgbt_3,3.0,"(1979, 1983)",,,,3.056773670221314e-07,1.464624780696825e-11,5.515628609855191e-11,,,,,,4.962693721457009e-12,,2.8032602629219115e-12,2.388213506714516e-11,3.646420030744038e-11,8.322883436168888e-12,-3.6225932372388876e-10,3.0582360472883206e-07,3.0546134540510816e-07
DEHHALKAJ00010Cgbt_4,21.325927734375,"(1979, 1983)",,,,1.7846969074239903e-06,1.0125616353756693e-10,3.8441537737831e-10,,,,,,3.527686278962535e-11,,1.9429407268187763e-11,1.6518201640639233e-10,2.5335246402149877e-10,5.7953065790079465e-11,-2.5180463254035137e-09,1.7857137727811822e-06,1.7831957264557786e-06
DEHHALKAJ00010E0,608.939453125,"(1949, 1957)",8.661704765517395e-12,1.153391533284087e-13,1.6904438876592568e-10,1.3107346389539155e-05,5.915088819725641e-10,2.26775650585764e-09,,,,,,1.007076865802762e-09,,2.1175804754519476e-10,1.2431430835092777e-09,3.79106928973484e-09,3.0345650454475463e-10,-3.8606338486833434e-08,1.3116762158718122e-05,1.3078155820231288e-05
DEHHALKAJ00010C8,2470.76171875,"(1949, 1957)",6.177542268654464e-11,6.238135681780122e-13,1.0483598299694706e-09,5.231246422121623e-05,4.659321075921583e-09,1.6277485378352786e-08,,,,,,4.086197453334384e-09,,1.3065311545237064e-09,9.233655358603493e-09,2.050395094601522e-08,1.883263286597536e-09,-2.07458981824473e-07,5.2370414625869576e-05,5.2162955644045105e-05
DEHHALKAJ00010At,606.01171875,"(1949, 1957)",8.620059950654494e-12,1.14784611489725e-13,1.6823163625769024e-10,1.2999875634340866e-05,7.52678413556444e-10,2.768470916764623e-09,,,,,,1.0022349287096735e-09,,2.430724569379534e-10,1.5389916878643348e-09,4.144532428488895e-09,3.77173617346742e-10,-4.2067218112804366e-08,1.3010702788790534e-05,1.296863557067773e-05
DEHHALKAJ00010Cv,1684.3408203125,"(1860, 1918)",6.080834738482771e-11,6.538808979179602e-13,1.063461323080015e-09,3.072177513318264e-05,1.0948470340975891e-08,1.2167566416530296e-07,,,,,,2.785598219177983e-09,,2.3723399541764933e-09,2.049433583444205e-08,3.082433552801517e-08,5.07895506048794e-09,-3.141530348406831e-07,3.091595483228523e-05,3.060180179744455e-05
DEHHALKAJ00010CW,1060.134765625,"(1979, 1983)",,,,2.0355199338331775e-05,5.911180673419139e-09,2.216503581196726e-08,,,,,,1.7532730663808413e-09,,1.1298632907546326e-09,9.636363446509834e-09,1.4671788825033107e-08,3.3446982343054507e-09,-1.4569342133413242e-07,2.041381154168014e-05,2.0268118120346007e-05
DEHHALKAJ00010DT,1031.4501953125,"(1958, 1968)",3.5542850817012577e-12,1.3031500185978003e-13,1.350197784511497e-10,3.174621323063221e-05,4.671405997959585e-10,5.0067093002106016e-09,,,,,,1.7058339532647372e-09,,3.219430469390435e-10,1.2533795605580456e-09,6.93342598686359e-09,1.2984444847035469e-11,-7.138526879296271e-08,3.1761914647524694e-05,3.169052937873173e-05
DEHHALKAJ0001078,478.849609375,"(1958, 1968)",1.6500729077513913e-12,6.04985951041022e-14,6.268278241941067e-11,1.2925713108199453e-05,1.8976490426744547e-10,2.851274711475414e-09,,,,,,7.919315387098113e-10,,1.3046499032823595e-10,5.080748591105661e-10,2.8101944116614417e-09,8.820034289445223e-12,-2.9233090421276988e-08,1.2933003633649294e-05,1.2903770543228017e-05
DEHHALKAJ000107v,685.254638671875,"(1969, 1978)",1.049478297844572e-12,3.8478277119502385e-14,3.9867462515538846e-11,0.00025573977070701974,2.0466735170365713e-05,2.3169068941720026e-08,,,,,,1.1332885154799846e-09,,3.066027406217651e-10,2.0467465277571268e-05,7.809372174632271e-07,4.092333268373038e-10,3.062384177024222e-06,0.0002974799265659447,0.0003005423107429689
DEHHALKAJ000109H,1071.4990234375,"(1949, 1957)",1.5241266023948476e-11,2.029525095167859e-13,2.9745304980772335e-10,2.2784086195536972e-05,1.0524875299368893e-09,4.0193493006800524e-09,,,,,,1.7720675551492232e-09,,3.7307305654776845e-10,2.2070293246274773e-09,6.647925978031375e-09,5.239299067855441e-10,-6.769097693968669e-08,2.280068205818873e-05,2.2732991081249046e-05
DEHHALKAJ000108E,598.4482421875,"(1969, 1978)",3.436998491773897e-13,1.2601478343802207e-14,1.3056430877911563e-11,0.0002508223797322573,2.0108317994749515e-05,2.3106519270979967e-08,,,,,,9.897262554168232e-10,,3.052803711976534e-10,2.0109049251472207e-05,7.673462902593586e-07,3.1881486542638676e-10,3.0079414807944336e-06,0.0002918318136095014,0.0002948397550902958
DEHHALKAJ000108obt_0,823.3544921875,"(1979, 1983)",,,,1.5925115865672997e-05,4.580606399848113e-09,1.718680963760782e-08,,,,,,1.3616946272505685e-09,,8.757121520768326e-10,7.467535133430491e-09,1.1373795371399235e-08,2.5933123943390786e-09,-1.1294799628180144e-07,1.5970555331388948e-05,1.5857607335107147e-05
DEHHALKAJ000108obt_1,1615.3154296875,"(1979, 1983)",,,,4.464097998969537e-05,9.214500457527834e-09,3.4329939030876324e-08,,,,,,2.671452570325958e-09,,1.7577392425468952e-09,1.5016108017672143e-08,2.2780102102670686e-08,5.184082204824771e-09,-2.2612990283068136e-07,4.473193391332182e-05,4.450580401049114e-05
DEHHALKAJ000108obt_2,460.986328125,"(1979, 1983)",,,,9.988762851122178e-06,2.649344090050323e-09,9.85001088957482e-09,,,,,,7.624161164064904e-10,,5.05057603852469e-10,4.316922129780855e-09,6.541105594345133e-09,1.4877147458491612e-09,-6.492257124162033e-08,1.0014875422292038e-05,9.949952851050418e-06
DEHHALKAJ00010Dn,1353.4423828125,"(1958, 1968)",4.663841348844984e-12,1.7099598936997613e-13,1.771694760485982e-10,3.327309787450714e-05,4.88855198578614e-10,6.6548250330563305e-09,,,,,,2.2383513410985604e-09,,3.363596986450492e-10,1.3097665889011882e-09,7.246069148036219e-09,1.941227750164381e-11,-7.526537884917648e-08,3.329139151379296e-05,3.321612613494379e-05
DEHHALKAJ000107Tbt_0,558.22998046875,"(1979, 1983)",,,,1.6902013978300063e-05,2.3923943251189713e-09,9.960034839925191e-09,,,,,,9.232484369194356e-10,,4.730082688124223e-10,3.923810787014396e-09,6.346515180827405e-09,1.48735889849215e-09,-6.340051103838903e-08,1.692752034903717e-05,1.686411983799878e-05
DEHHALKAJ000107Tbt_1,1430.43212890625,"(1979, 1983)",,,,2.6231217556026874e-05,6.3584263479371505e-09,2.6133950945086843e-08,,,,,,2.365678883546133e-09,,1.2517809194875053e-09,1.0420459005190587e-08,1.6727360907766563e-08,3.9072277153231714e-09,-1.6697796231353554e-07,2.629838244075121e-05,2.6131404478437673e-05
DEHHALKAJ00010BU,1223.6181640625,"(1949, 1957)",1.7405046147762366e-11,2.317653788335832e-13,3.3968202185836895e-10,2.6072105666902464e-05,1.12701196805316e-09,4.357228880757687e-09,,,,,,2.0236453607426466e-09,,4.11493160216208e-10,2.3827564235997076e-09,7.427894131971538e-09,5.658263770520895e-10,-7.569458517889387e-08,2.6090401523204855e-05,2.601470693802596e-05
DEHHALKAJ00010Dl,750.333984375,"(1949, 1957)",1.0672935404066315e-11,1.421206755896942e-13,2.0829616000088022e-10,1.6565233321441928e-05,8.247447768240499e-10,3.1052163241878056e-09,,,,,,1.2409181179999565e-09,,2.827567435981772e-10,1.711250980813658e-09,4.967162561643698e-09,4.4234884675010707e-10,-5.050108786819544e-08,1.6577807719793743e-05,1.652730663192555e-05
DEHHALKAJ000108Y,2588.2119140625,"(1949, 1957)",3.681536375276072e-11,4.902329275439305e-13,7.184995138089196e-10,5.5499228367314484e-05,2.633994104758293e-09,1.0007900638487679e-08,,,,,,4.280439035656965e-09,,9.224871535134086e-10,5.503175021111038e-09,1.63531051372809e-08,1.3347787347891435e-09,-1.6643086416533112e-07,5.554026424714007e-05,5.5373833382974744e-05
DEHHALKAJ00010Cs,598.256103515625,"(1949, 1957)",1.0430084224697904e-11,1.174943417215483e-13,1.866322185714619e-10,1.2486506638366824e-05,1.4548219377096017e-09,4.9456316342924756e-09,,,,,,9.894085797506434e-10,,3.7888290418572646e-10,2.8246903628615594e-09,5.672892436202653e-09,7.272721058239388e-10,-5.703502855382155e-08,1.2503500238327651e-05,1.244646520977383e-05
DEHHALKAJ000109s,1131.0458984375,"(1949, 1957)",1.6088275440586314e-11,2.1423127641324243e-13,3.139835357790925e-10,2.3965568234442476e-05,1.0107260629627981e-09,3.927003838333265e-09,,,,,,1.8705474147123265e-09,,3.732996545750051e-10,2.144432813540537e-09,6.770237027789292e-09,5.008801583463574e-10,-6.901987939623529e-08,2.3982165361412736e-05,2.3913145482016502e-05
DEHHALKAJ00010By,599.380859375,"(1949, 1957)",8.525740973696825e-12,1.1352866116128525e-13,1.6639087924270736e-10,1.2766983004156763e-05,5.510739479826447e-10,2.131164608451818e-09,,,,,,9.912686601294042e-10,,2.0134282460564533e-10,1.1653332207705794e-09,3.6354635344481207e-09,2.764631556822382e-10,-3.7048363322692966e-08,1.2775935114108836e-05,1.2738886750786143e-05
DEHHALKAJ00010Hy,580.6455078125,"(1949, 1957)",8.25924471847843e-12,1.099800003290149e-13,1.611898596061173e-10,1.2601776557925094e-05,5.879639356698643e-10,2.2400023603114425e-09,,,,,,9.60283752664443e-10,,2.0736855270406157e-10,1.2301825435031636e-09,3.6887714959576965e-09,3.064405914137366e-10,-3.754411970740578e-08,1.2610997571157315e-05,1.257345345144991e-05
DEHHALKAJ00010pb,902.23828125,"(1969, 1978)",5.181720645618256e-13,1.8998361697182507e-14,1.9684261602117897e-11,0.00037573356944667525,3.0315861330534576e-05,3.4472956117840944e-08,,,,,,1.492140562299177e-09,,4.3682237031285466e-10,3.03169065718143e-05,1.1563700350433436e-06,4.787962248868236e-10,4.539990946453973e-06,0.00043755958809934284,0.0004420995790457968
DEHHALKAJ00010Nn,809.625,"(1949, 1957)",1.1516305413934944e-11,1.533509801907087e-13,2.247556182347051e-10,1.737030928072992e-05,7.733137043975769e-10,2.972540897062333e-09,,,,,,1.338974820714792e-09,,2.7855579853730663e-10,1.6282564076081062e-09,4.999950727837194e-09,3.9409078761252083e-10,-5.092821001187667e-08,1.7382694963873687e-05,1.733176675386181e-05
DEHHALKAJ00010fSbt_0,1030.7373046875,"(1979, 1983)",,,,1.952119887394885e-05,5.181455435266144e-09,2.003216876483463e-08,,,,,,1.7046560665223917e-09,,9.999745362150876e-10,8.461250343489172e-09,1.3109520960647695e-08,3.013279526372557e-09,-1.304096299622363e-07,1.9573701179582198e-05,1.944329154961996e-05
DEHHALKAJ00010fSbt_1,207.1416015625,"(1979, 1983)",,,,4.864619338038606e-06,1.0412885731453678e-09,4.025754672744847e-09,,,,,,3.4259534652627746e-10,,2.0095937734213583e-10,1.7004117510414085e-09,2.6345989619560037e-09,6.055754398732682e-10,-2.620848104620831e-08,4.875170522161236e-06,4.848962041115027e-06
DEHHALKAJ00010hJbt_1,846.0361328125,"(1979, 1983)",,,,1.6249559640895434e-05,4.468777216441092e-09,1.7021604374114357e-08,,,,,,1.3992024220160417e-09,,8.583764993088542e-10,7.2913303598909e-09,1.1201076533010421e-08,2.5643525956046358e-09,-1.1132965774600642e-07,1.6294364360895822e-05,1.6183034703149816e-05
DEHHALKAJ00010Mlbt_0,379.3408203125,"(1979, 1983)",,,,7.87350232690349e-06,2.0025529476262447e-09,7.629012470806228e-09,,,,,,6.273860389143862e-10,,3.846767921609867e-10,3.267429406325446e-09,5.019994778674066e-09,1.1493205794851583e-09,-4.9895344118667676e-08,7.893582699917483e-06,7.843687355798816e-06
DEHHALKAJ00010Mlbt_1,2192.3134765625,"(1979, 1983)",,,,4.147250852705863e-05,1.2030472727803202e-08,4.531687113411804e-08,,,,,,3.6256943905177762e-09,,2.3027866341925957e-09,1.9616942422620486e-08,2.994526784056924e-08,6.835022480727031e-09,-2.97440211888999e-07,4.159218158468917e-05,4.1294741372800174e-05
DEHHALKAJ00010iu,602.981689453125,"(1969, 1978)",4.617379886002679e-13,1.6929251722929885e-14,1.75404503269183e-11,0.0002238510337712569,1.800944314856428e-05,2.0732418309920843e-08,,,,,,9.972237537445506e-10,,2.593563937095947e-10,1.8010062705707324e-05,6.869506492810304e-07,3.043896852743453e-10,2.6969597845735074e-06,0.00026057978366295217,0.00026327674344752566
DEHHALKAJ00010HQ,661.7978515625,"(1969, 1978)",3.8008269677010147e-13,1.3935426168110924e-14,1.4438538364640953e-11,0.00027623220149578035,2.223689704740652e-05,2.5394688215209254e-08,,,,,,1.094495159757388e-09,,3.2642212275800424e-10,2.22376784126832e-05,8.483344832689393e-07,3.51736340707068e-10,3.3287936919452476e-06,0.0003215822787809775,0.0003249110724729228
DEHHALKAJ00010LW,648.451171875,"(1949, 1957)",9.223729184914646e-12,1.228230635329257e-13,1.8001302335005045e-10,1.3999913409325573e-05,6.396273624951505e-10,2.4464742968961824e-09,,,,,,1.072422175737048e-09,,2.277149908202919e-10,1.342029718373758e-09,4.067097852089855e-09,3.300959109645198e-10,-4.1408947739182125e-08,1.4010038871632951e-05,1.3968629923893769e-05
DEHHALKAJ00010ZK,694.1630859375,"(1969, 1978)",3.986706470540178e-13,1.4616938404787964e-14,1.5144655311229288e-11,0.00028944945447756,2.33243864581848e-05,2.6546414029027877e-08,,,,,,1.1480214664365246e-09,,3.379901888820685e-10,2.3325195308465453e-05,8.897277472436289e-07,3.68522816721009e-10,3.4925622605857683e-06,0.0003370171649399549,0.0003405097272005407
DEHHALKAJ00010kz,1332.9111328125,"(1949, 1957)",1.89596562545657e-11,2.524665477522369e-13,3.7002225191563317e-10,2.8759803682694126e-05,1.3107368387405337e-09,5.015714648015564e-09,,,,,,2.204396372399929e-09,,4.671561544664519e-10,2.751028435863909e-09,8.347590417951697e-09,6.756414445048114e-10,-8.499398894402429e-08,2.878057594700607e-05,2.8695581958062044e-05
DEHHALKAJ00010Qw,715.884765625,"(1958, 1968)",2.4668748469306756e-12,9.044598080234568e-14,9.371136181903183e-11,1.7687779864540142e-05,2.598615900621742e-10,3.558059104417325e-09,,,,,,1.183945235042446e-09,,1.787913355699959e-10,6.962077761509527e-10,3.851605941655661e-09,1.0417481699133032e-11,-4.001020323950565e-08,1.7697518753004742e-05,1.7657508549765237e-05
DEHHALKAJ00010MKbt_0,334.86328125,"(1979, 1983)",,,,7.403505993857399e-06,2.2885845067370368e-09,7.910821509222208e-09,,,,,,5.538409165174334e-10,,4.267798878445819e-10,3.7147409612665815e-09,5.4037377730159175e-09,1.2043970189218723e-09,-5.3405022971047724e-08,7.425008896430925e-06,7.371603873459877e-06
DEHHALKAJ00010OW,1385.126953125,"(1969, 1978)",7.955039238488445e-13,2.916651110782727e-14,3.0219512809501504e-11,0.0005768401948490282,4.654127263364879e-05,5.2798679611736454e-08,,,,,,2.290751946217884e-09,,6.715792408327551e-10,4.654287971066901e-05,1.7752937884580615e-06,7.34592308227927e-10,6.96967652958632e-06,0.000671756136584911,0.0006787258131144974
DEHHALKAJ00010f9bt_1,396.541015625,"(1979, 1983)",,,,1.090568179004407e-05,1.4131172145501104e-09,6.1496545056065e-09,,,,,,6.558338246800327e-10,,2.836291730557946e-10,2.3240769658450317e-09,3.858686428543352e-09,9.145371229183113e-10,-3.864258014760623e-08,1.0921281325279267e-05,1.0882638745131662e-05
DEHHALKAJ00010NS,425.843994140625,"(1958, 1968)",1.3043736004012249e-12,4.7823808235655927e-14,4.9550396351269564e-11,1.1855099519911915e-05,1.738630347244696e-10,2.9590184510879513e-09,,,,,,7.042697551071104e-10,,1.193979525473384e-10,4.650423494396879e-10,2.5713419114706923e-09,9.742618961533612e-12,-2.6804648275946067e-08,1.1862102195985253e-05,1.1835297547709307e-05
DEHHALKAJ00010LF,579.9189453125,"(1984, 1994)",,,,1.2717365553918411e-05,3.2864233120370476e-09,1.1206999599087013e-08,,,,,,9.59082109970569e-10,,6.273742723540992e-10,5.356905695470648e-09,8.135091814664528e-09,1.8474360657437315e-09,-8.044337662399639e-08,1.274878486678774e-05,1.2668341490163742e-05
DEHHALKAJ00010KN,390.866455078125,"(1949, 1957)",6.8144228251362376e-12,7.676410916757155e-14,1.2193485908077807e-10,8.144558029304404e-06,8.741518399731628e-10,2.9921309510599877e-09,,,,,,6.46423194932559e-10,,2.3226356180674187e-10,1.7047644289636818e-09,3.527247851422014e-09,4.382688983452029e-10,-3.5504201272904155e-08,8.154973280030909e-06,8.119469078758004e-06
DEHHALKAJ00010n9,364.85595703125,"(1969, 1978)",2.7939132924787036e-13,1.0243658219198203e-14,1.0613486118610217e-11,0.00013834584442071313,1.0897313666141959e-05,1.293287367469079e-08,,,,,,6.034064487929008e-10,,1.8896587251192245e-10,1.0897766836296455e-05,4.163534633505832e-07,1.8626956115776037e-10,1.6249007055194042e-06,0.0001605711899020593,0.0001621960906075787
DEHHALKAJ00010Zr,287.15478515625,"(1949, 1957)",5.006298434908479e-12,5.639568448338453e-14,8.95809241430041e-11,6.01439369121989e-06,8.180465240477954e-10,2.7488162126111547e-09,,,,,,4.749026627969388e-10,,2.0582116181942263e-10,1.5765496443264585e-09,3.0038321126218375e-09,4.069430667489775e-10,-3.01354744382084e-08,6.0236286026048624e-06,5.993493128166654e-06
DEHHALKAJ00010Ir,1416.34765625,"(1949, 1957)",2.0146477914696242e-11,2.682702502723489e-13,3.931846140074037e-10,2.9942707326766324e-05,1.2499243047563583e-09,4.866499116115304e-09,,,,,,2.342385413654235e-09,,4.638767672634456e-10,2.6558755020812616e-09,8.429403311853854e-09,6.159828987438954e-10,-8.594843113887481e-08,2.9963331274080796e-05,2.987738284294192e-05
DEHHALKAJ00010IZbt_1,169.8310546875,"(1979, 1983)",,,,3.2888897132201433e-06,1.3324951688719815e-09,4.248692370693327e-09,,,,,,2.8089619182533296e-10,,2.4280737928308517e-10,2.1542803282548356e-09,2.998842589130059e-09,6.529969510750707e-10,-2.949445423999153e-08,3.3008007241992767e-06,3.2713062699592852e-06
DEHHALKAJ00010k6,488.178955078125,"(1949, 1957)",8.510983152981528e-12,9.587577064764461e-14,1.5229250635426058e-10,1.0192718493160013e-05,1.2081289466516173e-09,4.101376253311708e-09,,,,,,8.073606462950012e-10,,3.1336972147338855e-10,2.3436461910726093e-09,4.678337251140787e-09,6.035982377916264e-10,-4.702443068357434e-08,1.0206774310407749e-05,1.0159749879724175e-05
DEHHALKAJ00010Ji,624.638671875,"(1949, 1957)",8.885014319798914e-12,1.1831274058614015e-13,1.7340256399020623e-10,1.3704311527177687e-05,6.667005999980604e-10,2.5205662242487564e-09,,,,,,1.0330405712674852e-09,,2.3086309954045983e-10,1.3873721099327893e-09,4.073727145642778e-09,3.5405712053632014e-10,-4.1433529062809383e-08,1.3714577854048853e-05,1.3673144324986044e-05
DEHHALKAJ00010JR,660.173828125,"(1958, 1968)",2.2748999411681642e-12,8.340737539326624e-14,8.641864087841783e-11,1.6961372016015553e-05,2.4910970252530397e-10,3.5611048440584865e-09,,,,,,1.0918093257445016e-09,,1.7133552566097358e-10,6.672037977701142e-10,3.6907857182804774e-09,1.0706691905344013e-11,-3.8363963088352706e-08,1.69708140716215e-05,1.6932450108533148e-05
DEHHALKAJ00010fI,2724.6953125,"(1949, 1957)",2.7511881986934144e-11,4.916150990163242e-13,6.360333346321323e-10,5.792970481926332e-05,3.873231905210055e-09,1.3983649473082635e-08,,,,,,4.506158136136735e-09,,1.1888961585366736e-09,7.836854516031203e-09,1.9698179998052218e-08,1.6804072579551363e-09,-1.9954193108828772e-07,5.798247219670832e-05,5.778293026562003e-05
DEHHALKAJ00010m0,777.3193359375,"(1984, 1994)",,,,1.587036457791367e-05,4.034752632034764e-09,1.4028035465884689e-08,,,,,,1.2855469939100923e-09,,7.764177999426493e-10,6.586099870318523e-09,1.0147890643570598e-08,2.320056253448053e-09,-1.0046536001476872e-07,1.590954337757278e-05,1.580907801755801e-05
DEHHALKAJ00010n5,589.107421875,"(1949, 1957)",8.379609068307326e-12,1.1158277051987353e-13,1.6353892581154093e-10,1.2164138567238136e-05,4.5276733522383285e-10,1.8065297891836572e-09,,,,,,9.742782210834474e-10,,1.7766270292848646e-10,9.79058593248343e-10,3.2990167020939703e-09,2.0830937287514083e-10,-3.369768441592711e-08,1.2172036189954772e-05,1.2138338505538844e-05
DEHHALKAJ00010L9,630.291015625,"(1969, 1978)",3.6198774052093146e-13,1.3271989160932381e-14,1.3751149219514543e-11,0.00026358192287251076,2.117824908831278e-05,2.419754507536943e-08,,,,,,1.0423885033802015e-09,,3.1435768504319254e-10,2.117900176114335e-05,8.080217953938429e-07,3.351226297346441e-10,3.169572571930204e-06,0.00030677308493125423,0.00030994265750318445
DEHHALKAJ00010XQbt_0,2723.8212890625,"(1979, 1983)",,,,6.719500594344776e-05,1.3900516685728163e-08,5.349511126405779e-08,,,,,,4.504713472405971e-09,,2.678764015345425e-09,2.2693474657442968e-08,3.506879653591515e-08,8.050846552130622e-09,-3.4876651661442556e-07,6.733539816663077e-05,6.698663165001635e-05
DEHHALKAJ00010XQbt_1,1487.9638671875,"(1979, 1983)",,,,3.060239748449152e-05,8.756151086394495e-09,3.2342816438880276e-08,,,,,,2.4608266511986263e-09,,1.6658629897472874e-09,1.4262457223580266e-08,2.1531071679163917e-08,4.888318980029176e-09,-2.1362120405155225e-07,3.0688304989540515e-05,3.047468378548896e-05
DEHHALKAJ00010XQbt_2,396.0400390625,"(1979, 1983)",,,,8.283716291581943e-06,2.3296129978521944e-09,8.605905451185255e-09,,,,,,6.550077492179662e-10,,4.432254500403863e-10,3.7946133165375674e-09,5.72883901646136e-09,1.3006899687546867e-09,-5.683926340251745e-08,8.306574185531991e-06,8.249734922129473e-06
DEHHALKAJ00010XQbt_3,433.8203125,"(1979, 1983)",,,,8.900839897585601e-06,2.4963238855426455e-09,9.277882564613183e-09,,,,,,7.174893574347742e-10,,4.758355199124718e-10,4.0675087652569594e-09,6.161953163133152e-09,1.4013466259373297e-09,-6.115798722503936e-08,8.92543823746743e-06,8.86428025024239e-06
DEHHALKAJ00010F7,855.0908203125,"(1949, 1957)",1.2163022440476661e-11,1.6196265610251542e-13,2.373771387570258e-10,1.8100588861365566e-05,7.600063494471139e-10,2.9555251261092237e-09,,,,,,1.4141671427782461e-09,,2.812831471877574e-10,1.6135179116135957e-09,5.105707876781764e-09,3.7573371776330784e-10,-5.205432989218102e-08,1.8113094802637245e-05,1.8061040472745064e-05
DEHHALKAJ00010FPbt_1,393.203125,"(1979, 1983)",,,,7.992079871222121e-06,2.134150972651005e-09,8.064554559664508e-09,,,,,,6.503125690603143e-10,,4.089099509520384e-10,3.4805696658229477e-09,5.322723019215634e-09,1.215959793315193e-09,-5.2879370229679276e-08,8.013357051752804e-06,7.960477681523124e-06
DEHHALKAJ00010FT,738.9658203125,"(1958, 1968)",2.546410096154083e-12,9.33620767013008e-14,9.673273784328178e-11,2.3697454764751783e-05,3.4874460157775633e-10,3.6621930448899696e-09,,,,,,1.2221171832191472e-09,,2.4037641451657177e-10,9.358130431827203e-10,5.1765469810265705e-09,9.412920588459366e-12,-5.324777220405067e-08,2.3709049968940782e-05,2.365580219673673e-05
DEHHALKAJ00010Sj,884.236328125,"(1958, 1968)",3.0469992676677893e-12,1.1171577577643801e-13,1.1574906249906137e-10,2.388550499711713e-05,3.5098005707846934e-10,4.685233666574832e-09,,,,,,1.4623685764729832e-09,,2.415298169027407e-10,9.404883020479183e-10,5.202496564202074e-09,1.3684326273647822e-11,-5.393741406065347e-08,2.3898401778426678e-05,2.3844464364366025e-05
DEHHALKAJ00010H5bt_0,784.65625,"(1979, 1983)",,,,1.4935988091174919e-05,4.0270543665968515e-09,1.5471364837297402e-08,,,,,,1.2976918841272801e-09,,7.756317866664295e-10,6.573782631820812e-09,1.0148464904946425e-08,2.328738152489088e-09,-1.0091741941636245e-07,1.4976610819738865e-05,1.4875693400322502e-05
DEHHALKAJ00010H5bt_2,213.65234375,"(1979, 1983)",,,,4.376915766430624e-06,1.1463624799403624e-09,4.346412127775894e-09,,,,,,3.5336019701105034e-10,,2.198774819448501e-10,1.8699419639137524e-09,2.865104713165936e-09,6.551166214196143e-10,-2.8469325975051293e-08,4.388371942015796e-06,4.3599026160407445e-06
DEHHALKAJ00010Hwbt_0,881.7412109375,"(1979, 1983)",,,,1.7960120327542287e-05,5.847691322241946e-09,2.0933942763196854e-08,,,,,,1.458267087932559e-09,,1.1019430858748808e-09,9.509033376947198e-09,1.4104527942781503e-08,3.1746846163767627e-09,-1.3968236410776074e-07,1.801625041773764e-05,1.787656805362988e-05
DEHHALKAJ00010Hwbt_1,396.0859375,"(1979, 1983)",,,,1.4816758703537086e-05,2.6196264390459496e-09,9.384370364353477e-09,,,,,,6.551164930077602e-10,,4.937469848304013e-10,4.259981630204162e-09,6.321520126228404e-09,1.423150804376989e-09,-6.260883362481173e-08,1.4841916216379133e-05,1.4779307382754321e-05
DEHHALKAJ00010Llbt_0,1279.119140625,"(1979, 1983)",,,,2.461828195872674e-05,6.71931327262637e-09,2.563558132916318e-08,,,,,,2.115434654117969e-09,,1.291328757480956e-09,1.0964342017936245e-08,1.6859284432340625e-08,3.861422842145324e-09,-1.675834119478251e-07,2.4685728666032547e-05,2.4518145254084722e-05
DEHHALKAJ00010cJ,1133.9541015625,"(1969, 1978)",6.512507284782102e-13,2.3877583801521947e-14,2.4739638789241206e-11,0.0004735217435255893,3.810170050888563e-05,4.339384081295114e-08,,,,,,1.8753570285450814e-09,,5.624163361351382e-10,3.810304699703156e-05,1.4536412232227954e-06,6.022848426599469e-10,5.703070584101473e-06,0.0005512265661537497,0.0005569296367378512
DEHHALKAJ00010kC,1404.9287109375,"(1969, 1978)",8.068764381179583e-13,2.9583475190353983e-14,3.065153059134845e-11,0.0005847585239598412,4.72066205519084e-05,5.3601692456606206e-08,,,,,,2.323500507742787e-09,,6.773200932779746e-10,4.720824113292227e-05,1.800590336182475e-06,7.45204166923913e-10,7.0701295015111925e-06,0.0006810313236980789,0.00068810145319959
DEHHALKAJ00010mrbt_1,210.458984375,"(1979, 1983)",,,,5.34471979532804e-06,1.3030861444692768e-09,4.747960369748708e-09,,,,,,3.480882989331548e-10,,2.4687522123864474e-10,2.120966182198097e-09,3.1773612600591166e-09,7.186753072929762e-10,-3.149947126086129e-08,5.35738280811198e-06,5.325883336851119e-06
DEHHALKAJ00010mrbt_2,786.5283203125,"(1979, 1983)",,,,1.528763517684518e-05,4.873654133758623e-09,1.7754174252861365e-08,,,,,,1.3007984169744925e-09,,9.232772265074106e-10,7.932505006223965e-09,1.1881865600868279e-08,2.6873545077970715e-09,-1.1779074693239857e-07,1.5334988805990174e-05,1.5217198059057777e-05
DEHHALKAJ00010mrbt_4,268.2744140625,"(1979, 1983)",,,,5.857103247664799e-06,1.4217521076600912e-09,5.41014822813749e-09,,,,,,4.4370077657594266e-10,,2.73010029426554e-10,2.319627171848899e-09,3.5614935178936146e-09,8.151469271123989e-10,-3.53965662989787e-08,5.871348126423453e-06,5.835951560124474e-06
DEHHALKAJ00010lN,589.67431640625,"(1949, 1957)",1.0280468095713655e-11,1.1580892401952205e-13,1.839550407572805e-10,1.2298553483222619e-05,1.3836497523393886e-09,4.717172979957709e-09,,,,,,9.752158340775855e-10,,3.6338219444735096e-10,2.6914478828750543e-09,5.473512286926445e-09,6.92533818997281e-10,-5.50577436727571e-08,1.231485039797224e-05,1.2259792654299483e-05
DEHHALKAJ00010O9bt_0,974.098388671875,"(1979, 1983)",,,,1.8980129405894032e-05,6.328783159600255e-09,2.2130455787636644e-08,,,,,,1.6110093981579852e-09,,1.1842435330717462e-09,1.0278729653197306e-08,1.5048057859639655e-08,3.3648869452129613e-09,-1.4882072496811439e-07,1.9040075572230545e-05,1.889125484726243e-05
DEHHALKAJ00010O9bt_1,463.212890625,"(1979, 1983)",,,,9.367425476923993e-06,2.9192397539392593e-09,1.0281429588292485e-08,,,,,,7.661069601027734e-10,,5.474163879202669e-10,4.742970779751345e-09,6.971452299156502e-09,1.5620251937808787e-09,-6.897486654731481e-08,9.395216117886937e-06,9.326241251339622e-06
DEHHALKAJ00010O9bt_2,464.256591796875,"(1979, 1983)",,,,9.422385527671811e-06,3.1640439307120165e-09,1.0943828065932234e-08,,,,,,7.6783653985637e-10,,5.901463067024819e-10,5.135916258640486e-09,7.473630387550456e-09,1.6660328015480408e-09,-7.386423048851522e-08,9.452126961962755e-06,9.37826273147424e-06
DEHHALKAJ00010UZ,1314.66015625,"(1949, 1957)",1.870004986865084e-11,2.490096323342384e-13,3.649556970035544e-10,2.806352937540482e-05,1.3984274139714705e-09,5.269234615503047e-09,,,,,,2.1742125183399686e-09,,4.797647872120153e-10,2.905898337498626e-09,8.423867616293882e-09,6.99587079236698e-10,-8.56822614455951e-08,2.808488036777287e-05,2.7999198106327276e-05
DEHHALKAJ00010gr,2024.767578125,"(1949, 1957)",2.8800792739750974e-11,3.8351099924512723e-13,5.620847785123618e-10,4.351956858188061e-05,1.952161424267339e-09,7.492961169971222e-09,,,,,,3.348603000736523e-09,,7.007761247122598e-10,4.106126654979408e-09,1.2560389156664057e-08,9.985611269042805e-10,-1.2792119649334605e-07,4.355072816053884e-05,4.342280696404549e-05
DEHHALKAJ00010ZQ,2617.6005859375,"(1949, 1957)",3.72333954600603e-11,4.957994325784024e-13,7.266579440900528e-10,5.602199014099118e-05,2.468269481477441e-09,9.506995954255282e-09,,,,,,4.329042636170295e-09,,8.933299556776498e-10,5.204558323262147e-09,1.6066840558198408e-08,1.251347147985861e-09,-1.6368022498426524e-07,5.6061710525048205e-05,5.589803030006394e-05
DEHHALKAJ00010G5bt_0,313.968017578125,"(1979, 1983)",,,,6.092617880478138e-06,2.1479013662036803e-09,7.422888081701561e-09,,,,,,5.192770433573803e-10,,4.005189106289608e-10,3.4863494167371914e-09,5.070837963758366e-09,1.130127008911129e-09,-5.0114077879083797e-08,6.112795780269437e-06,6.062681702390353e-06
DEHHALKAJ00010le,1411.2080078125,"(1969, 1978)",8.104827539807784e-13,2.971569785892659e-14,3.0788526909209865e-11,0.000586649958314612,4.741760010323077e-05,5.36470282699738e-08,,,,,,2.333885340265204e-09,,6.739302395896692e-10,4.74192122902609e-05,1.8084999940094788e-06,7.476605176041196e-10,7.103161120998251e-06,0.0006833526732064807,0.0006904558343274789
DEHHALKAJ00010da,1340.302734375,"(1969, 1978)",7.697605493382006e-13,2.8222651000909277e-14,2.924157641916885e-11,0.000558167505927251,4.5035145455866934e-05,5.117018836774672e-08,,,,,,2.216620715134814e-09,,6.492328281484329e-10,4.503669899277335e-05,1.7178301530791149e-06,7.111169048429465e-10,6.7442391190183915e-06,0.0006500119276877863,0.0006567561668068047
DEHHALKAJ00010al,1089.498046875,"(1949, 1957)",1.5497288566556258e-11,2.0636170252171555e-13,3.0244966137519755e-10,2.320921318208568e-05,1.0022906601104672e-09,3.875776715355705e-09,,,,,,1.8018347134847312e-09,,3.661186861690923e-10,2.119356482988102e-09,6.6100551574428466e-09,5.029571198525123e-10,-6.736137142431994e-08,2.322549157162108e-05,2.3158130200196762e-05
DEHHALKAJ00010HUbt_0,828.4677734375,"(1979, 1983)",,,,1.6145551489547638e-05,4.744991724015934e-09,1.765830786483299e-08,,,,,,1.3701530404383304e-09,,9.048295799911899e-10,7.732037763350497e-09,1.1722028228102356e-08,2.666760234258091e-09,-1.1635083829754318e-07,1.6192350597982632e-05,1.607599975968509e-05
DEHHALKAJ00010HUbt_1,357.841796875,"(1979, 1983)",,,,7.0608128846290075e-06,2.1254180337245995e-09,7.830862201236369e-09,,,,,,5.918315014337392e-10,,4.0404655577530824e-10,3.461510670527936e-09,5.218121978253862e-09,1.1838779395623499e-09,-5.176403153537097e-08,7.0816285535095215e-06,7.02986452197415e-06
DEHHALKAJ00010HUbt_2,579.6181640625,"(1979, 1983)",,,,1.1186956137712632e-05,3.1592528960041555e-09,1.1923635022463086e-08,,,,,,9.586060779393043e-10,,6.05090797275928e-10,5.1520496110586195e-09,7.87335184779319e-09,1.7980464309001626e-09,-7.821328162501247e-08,1.1218426170396067e-05,1.1140212888771055e-05
DEHHALKAJ00010HUbt_3,338.2734375,"(1979, 1983)",,,,6.186517062604136e-06,1.8659872179278196e-09,7.0183785186437124e-09,,,,,,5.594624926096612e-10,,3.5700699743999565e-10,3.0424349539653344e-09,4.640319872956708e-09,1.0587259464843485e-09,-4.608729771703251e-08,6.205059378604164e-06,6.158972080887132e-06
DEHHALKAJ00010HUbt_4,846.8369140625,"(1979, 1983)",,,,1.5997665631183347e-05,4.628381061853129e-09,1.745463024972297e-08,,,,,,1.400526469699043e-09,,8.862534451465725e-10,7.547544900646519e-09,1.1528944359699351e-08,2.632315182561291e-09,-1.1452233259447435e-07,1.604374422685268e-05,1.5929221894258206e-05
DEHHALKAJ00010Ok,1045.513671875,"(1958, 1968)",3.6027465635741706e-12,1.3209180308850237e-13,1.3686072772659813e-10,2.6170276401324363e-05,3.84441429446176e-10,5.341987870051814e-09,,,,,,1.7290924106600335e-09,,2.644751148373372e-10,1.0298726222324595e-09,5.697339720938879e-09,1.5786372977642217e-11,-5.919621790396962e-08,2.6184739396865504e-05,2.6125543178961535e-05
DEHHALKAJ00010Nr,1493.20703125,"(1969, 1978)",8.575763036002825e-13,3.144234495255585e-14,3.2577511329407286e-11,0.000622626876501733,5.017285260543381e-05,5.705268787731485e-08,,,,,,2.4694970415370416e-09,,7.313977062910721e-10,5.0174603187174665e-05,1.9139777172079087e-06,7.925742539832097e-10,7.511884341283211e-06,0.0007249493561684284,0.0007324612405097117
DEHHALKAJ00010FD,632.396484375,"(1949, 1957)",8.995363355579729e-12,1.1978214697923662e-13,1.7555616836826572e-10,1.3892858759200215e-05,6.792256040745132e-10,2.5656333673370983e-09,,,,,,1.0458706020273254e-09,,2.3469666581664265e-10,1.4125468227800692e-09,4.1374166339113765e-09,3.614836673494142e-10,-4.207784453940002e-08,1.3903295632563513e-05,1.3861217788024113e-05
DEHHALKAJ00010LB,764.4580078125,"(1969, 1978)",4.390423155512981e-13,1.6097133137166412e-14,1.667828967395096e-11,0.00031857457501598607,2.5686347628527975e-05,2.9195108511090018e-08,,,,,,1.26427666806837e-09,,3.7256294845510353e-10,2.5687239249898115e-05,9.798340979498624e-07,4.056754561587795e-10,3.846170314282202e-06,0.00037095923361594573,0.00037480540393022794
DEHHALKAJ00010Fv,605.6279296875,"(1949, 1957)",8.614600840500685e-12,1.1471191804656197e-13,1.6812509465137383e-10,1.3307980408004194e-05,6.512127708480022e-10,2.4594258608429816e-09,,,,,,1.0016002058141266e-09,,2.2493023927741074e-10,1.354136506735026e-09,3.964561473956761e-09,3.4670914023632253e-10,-4.0319293861935284e-08,1.3317982984201902e-05,1.3277663690339967e-05
DEHHALKAJ00010NO,2445.3046875,"(1949, 1957)",3.4782616163503776e-11,4.631648858336386e-13,6.788278114081022e-10,5.243501148430405e-05,2.3290595846779173e-09,8.956628917241038e-09,,,,,,4.0440960733194975e-09,,8.398234772863249e-10,4.9055076816197776e-09,1.508103425243594e-08,1.1855778880450042e-09,-1.5361719677300996e-07,5.247235321217868e-05,5.231873601540567e-05
DEHHALKAJ00010kp,598.71484375,"(1969, 1978)",3.4385296336565566e-13,1.2607092152281263e-14,1.3062247362324655e-11,0.00024940742671421674,2.0117254426027773e-05,2.2896054302630154e-08,,,,,,9.901671596046303e-10,,2.905364747532959e-10,2.0117949659429102e-05,7.673680550131275e-07,3.178145223667967e-10,3.0125365961819166e-06,0.00029043449342714604,0.00029344703002332796
DEHHALKAJ00010c0bt_0,1328.0634765625,"(1979, 1983)",,,,3.275803769716922e-05,5.775120890116678e-09,2.339305756435761e-08,,,,,,2.1963830341700874e-09,,1.1314867066555388e-09,9.456280427354346e-09,1.5051669859455716e-08,3.5025509763828826e-09,-1.5013005838362798e-07,3.2818544246627715e-05,3.2668414188244086e-05
DEHHALKAJ00010c0bt_2,2534.205078125,"(1979, 1983)",,,,5.7697641825937544e-05,1.0161198244079975e-08,4.233394935780942e-08,,,,,,4.191121912547446e-09,,2.009493521523739e-09,1.666629741932465e-08,2.6967442441149113e-08,6.321203757656077e-09,-2.694066982898478e-07,5.780629253259164e-05,5.753688583430179e-05
DEHHALKAJ00010pZbt_1,1065.1142578125,"(1979, 1983)",,,,2.1380128343713995e-05,6.403193832429568e-09,2.3514861090342127e-08,,,,,,1.7615170535504648e-09,,1.2160372896084991e-09,1.042655970875311e-08,1.5688765873348372e-08,3.5562484057672342e-09,-1.5560382214801867e-07,2.1442695526967796e-05,2.1287091704819778e-05
DEHHALKAJ00010pZbt_2,352.798828125,"(1979, 1983)",,,,8.368234222331031e-06,2.115147233356644e-09,7.773316988621163e-09,,,,,,5.835000611909819e-10,,4.0178085240083904e-10,3.444311812171633e-09,5.18485283103609e-09,1.1755158729371741e-09,-5.1426823304645876e-08,8.388912647982746e-06,8.3374858246781e-06
DEHHALKAJ00010pZbt_3,1482.970703125,"(1979, 1983)",,,,3.0004149608933538e-05,8.915239647083335e-09,3.274000871667058e-08,,,,,,2.452568842473551e-09,,1.6931025579364577e-09,1.451701795845981e-08,2.1843659918440324e-08,4.951408453762103e-09,-2.1664916576752177e-07,3.0091262615028364e-05,2.9874613449260843e-05
DEHHALKAJ00010pZbt_5,372.3369140625,"(1979, 1983)",,,,7.4982371946013626e-06,2.2280635291845443e-09,8.192478792142737e-09,,,,,,6.158056832795077e-10,,4.2329630878459734e-10,3.6282843034614286e-09,5.463300330475105e-09,1.2388169571921383e-09,-5.418988380297799e-08,7.520027240505883e-06,7.465837356702905e-06
DEHHALKAJ00010pZbt_8,828.7158203125,"(1979, 1983)",,,,1.7265310079723245e-05,4.985488321964849e-09,1.830510639406775e-08,,,,,,1.370570440050193e-09,,9.467449238964206e-10,8.117975275840781e-09,1.2213800175956361e-08,2.768420224228813e-09,-1.2113738678592945e-07,1.731401818547925e-05,1.719288079869332e-05
DEHHALKAJ00010pZbt_9,4.0,"(1979, 1983)",,,,6.125144537352894e-07,1.7546858382909375e-11,7.086751540379365e-11,,,,,,6.617770553673969e-12,,3.434536528899528e-12,2.872697091023088e-11,4.5673585746022256e-11,1.0621008181392058e-11,-4.5563287821231615e-10,6.126979419809963e-07,6.12242309102784e-07
DEHHALKAJ00010b5,674.4716796875,"(1949, 1957)",9.593851296996699e-12,1.2775160499114016e-13,1.872364358190076e-10,1.4185328948048786e-05,1.3031322711372859e-09,4.528851300915655e-09,,,,,,1.1154554605746376e-09,,3.6123971309054316e-10,2.5682796765775886e-09,5.639501880090289e-09,6.243854598997899e-10,-5.688257550785362e-08,1.4201469793811073e-05,1.414458721830322e-05
DEHHALKAJ00010oz,697.059814453125,"(1969, 1978)",5.337790554661326e-13,1.9570579457426668e-14,2.0277138201982528e-11,0.0002636855889906349,2.081938445836201e-05,2.4552826187147297e-08,,,,,,1.152812141332934e-09,,3.553784831342434e-10,2.082023648846246e-05,7.953247862463736e-07,3.55159358422898e-10,3.1056385619351015e-06,0.0003061469508998758,0.0003092525894618109
DEHHALKAJ00010l3bt_0,1781.9599609375,"(1979, 1983)",,,,4.108006273667375e-05,6.984963752137031e-09,2.933830372476322e-08,,,,,,2.947043279578865e-09,,1.3851287022318703e-09,1.1462364177851062e-08,1.8635779855024383e-08,4.377347619971083e-09,-1.8625751941353827e-07,4.115519366778531e-05,4.096893614837177e-05
DEHHALKAJ00010Jq,1178.029296875,"(1969, 1978)",6.76563925031345e-13,2.4805671779855926e-14,2.5701233628127553e-11,0.0004919147622094617,3.9582659650578926e-05,4.507918441008843e-08,,,,,,1.9482495083288766e-09,,5.841556848296625e-10,3.9584058179095025e-05,1.5101396033259103e-06,6.25687370584665e-10,5.924767217006585e-06,0.0005726398569194354,0.0005785646241364419
DEHHALKAJ00010bo,673.759765625,"(1949, 1957)",9.583724856024365e-12,1.2761676142863169e-13,1.8703880520576424e-10,1.4169334435277387e-05,1.29594177440496e-09,4.505862380439516e-09,,,,,,1.1142780814721695e-09,,3.596948243116126e-10,2.554850076553048e-09,5.619908078634716e-09,6.209166766572213e-10,-5.6688539772966905e-08,1.4185405887169861e-05,1.4128717347396895e-05
DEHHALKAJ00010jv,604.2275390625,"(1949, 1957)",8.594681339328771e-12,1.14446670215784e-13,1.6773633978252472e-10,1.2972836471625086e-05,5.792756541999677e-10,2.2253858573781225e-09,,,,,,9.992842007720323e-10,,2.083765661059665e-10,1.2191954578589066e-09,3.7381151916446276e-09,2.9564459831641386e-10,-3.8073627229248935e-08,1.298210174915136e-05,1.294402812192211e-05
DEHHALKAJ00010j8,617.4033203125,"(1969, 1978)",3.54586099705747e-13,1.3000613957642692e-14,1.3469976527941123e-11,0.0002573638240111503,2.0745203270259066e-05,2.3634416144237974e-08,,,,,,1.0210745535179361e-09,,3.012826574664172e-10,2.0745924302695345e-05,7.913570065858807e-07,3.278590039296315e-10,3.1062042971269332e-06,0.00029967159322304973,0.00030277779752017664
DEHHALKAJ00010K6,476.650390625,"(1949, 1957)",6.779992557182515e-12,9.028229687895994e-14,1.3232033747319505e-10,1.0046488149436924e-05,1.0443732976312275e-09,3.5870997562745455e-09,,,,,,7.88294465111807e-10,,2.7999077807720124e-10,2.042556606652739e-09,4.275036563135134e-09,5.009023346307163e-10,-4.304361436751401e-08,1.0059006403238437e-05,1.0015962788870923e-05
DEHHALKAJ00010Lc,1457.19140625,"(1969, 1978)",8.368918667385711e-13,3.0683966722857905e-14,3.1791753288547415e-11,0.0006074411073627989,4.896269562000748e-05,5.568024662056536e-08,,,,,,2.409933647250282e-09,,7.099129851428998e-10,4.8964394565413126e-05,1.8677305799541608e-06,7.734162245232456e-10,7.331529572772663e-06,0.0007072955016376512,0.0007146270312104238
DEHHALKAJ00010IB,581.041015625,"(1949, 1957)",8.264870519018615e-12,1.1005491341929738e-13,1.6129965439125252e-10,1.300988874843947e-05,6.808148558950409e-10,2.541271781248464e-09,,,,,,9.609378640128874e-10,,2.2855598178722167e-10,1.4040384002574053e-09,3.976491607065449e-09,3.726259627543003e-10,-4.0395050696270435e-08,1.3020053484892492e-05,1.2979658434196221e-05
DEHHALKAJ00010HS,1681.4013671875,"(1969, 1978)",9.65659777354546e-13,3.5405138526940886e-14,3.6683374068348356e-11,0.0007011128890255433,5.649632098543827e-05,6.421173460859153e-08,,,,,,2.7807367731219876e-09,,8.239475886060347e-10,5.649829311567848e-05,2.1552112596331736e-06,8.923510701298039e-10,8.458564274975582e-06,0.0008163314231563338,0.0008247899874313094
DEHHALKAJ00010Fcbt_4,199.026123046875,"(1979, 1983)",,,,6.7974720210311934e-06,8.812515150531192e-10,3.4165825460877676e-09,,,,,,3.29181155618638e-10,,1.70225485991186e-10,1.439304756549635e-09,2.2337666443155292e-09,5.138309030255013e-10,-2.2225405482790333e-08,6.806456164037835e-06,6.784230758555045e-06
DEHHALKAJ00010OG,782.2734375,"(1958, 1968)",2.6956442699349357e-12,9.883362757208408e-14,1.0240182870629902e-10,1.967222449873708e-05,2.891242155799737e-10,3.7555142305247344e-09,,,,,,1.2937402097150156e-09,,1.990035224085437e-10,7.748753975101682e-10,4.286911133773761e-09,1.0704051232088742e-11,-4.44592653600482e-08,1.9682834371497823e-05,1.9638375106137775e-05
DEHHALKAJ00010Wy,601.388671875,"(1949, 1957)",8.554300593229221e-12,1.139089607010897e-13,1.6694825721366535e-10,1.3427553928967496e-05,6.958790640802069e-10,2.601807008745469e-09,,,,,,9.945892439961144e-10,,2.3456168149527553e-10,1.4367801336780011e-09,4.088667339744785e-09,3.7941109138390566e-10,-4.154141150020898e-08,1.343798562453062e-05,1.3396444213030412e-05
DEHHALKAJ00010IL,732.69921875,"(1979, 1983)",,,,1.531180572357412e-05,3.79253040835361e-09,1.4533129822981754e-08,,,,,,1.211753321830123e-09,,7.298694845536528e-10,6.190052432612051e-09,9.542160340130821e-09,2.1881109851834177e-09,-9.487468250214473e-08,1.5349993330369766e-05,1.5255118647867622e-05
DEHHALKAJ00010I3,2117.5283203125,"(1969, 1978)",1.2161355201912889e-12,4.4588630043039654e-14,4.619841817083679e-11,0.000887072166953457,7.11505664667546e-05,8.130071226942345e-08,,,,,,3.5020126562421026e-09,,1.0787548812750857e-09,7.115315057731212e-05,2.7151203112120582e-06,1.1262877999708452e-09,1.0643633344272487e-05,0.0010321780120763427,0.0010428216454206152
DEHHALKAJ00010MPbt_1,1095.7197265625,"(1979, 1983)",,,,2.0688390865699256e-05,5.784014394279778e-09,2.2035400024456846e-08,,,,,,1.8121249724850383e-09,,1.111075652670344e-09,9.437389779256008e-09,1.449939505467965e-08,3.319626824518412e-09,-1.4411370611268308e-07,2.07463898924016e-05,2.0602276186288917e-05
DEHHALKAJ00010MPbt_2,388.6474609375,"(1979, 1983)",,,,7.539705416706629e-06,1.3565806512894963e-09,5.9510148900269295e-09,,,,,,6.427658332872684e-10,,2.730350494442998e-10,2.23222907328952e-09,3.7236986402800226e-09,8.843055135254587e-10,-3.7306294556317275e-08,7.5547690463577704e-06,7.517462751801453e-06
DEHHALKAJ00010Yebt_0,788.1611328125,"(1979, 1983)",,,,1.6154078953548365e-05,4.994755812071582e-09,1.8088834682661185e-08,,,,,,1.3035043424309163e-09,,9.445261526206873e-10,8.127058642151125e-09,1.2133210697191824e-08,2.7397599113040137e-09,-1.2024138220902368e-07,1.6202410603788798e-05,1.6082169221579775e-05
DEHHALKAJ00010NW,530.296875,"(1949, 1957)",7.543073364280106e-12,1.0044347145075773e-13,1.4721284790928777e-10,1.1488677697484448e-05,6.674582966187177e-10,2.4531762213901594e-09,,,,,,8.770161316172204e-10,,2.1520835352885262e-10,1.3637246291345082e-09,3.66727440763377e-09,3.4050634363357254e-10,-3.721667767508412e-08,1.1498262061868004e-05,1.1461045384192919e-05
DEHHALKAJ000110T,498.8759765625,"(1949, 1957)",7.096134765809851e-12,9.449204261164909e-14,1.3849026220132396e-10,1.0515737914256309e-05,1.097596525516025e-09,3.76853218055253e-09,,,,,,8.250516076096018e-10,,2.939519352478217e-10,2.146140076610196e-09,4.484992045526551e-09,5.264453962601204e-10,-4.515496207562819e-08,1.0528880624023631e-05,1.0483725661948003e-05
DEHHALKAJ00010y9,1255.5927734375,"(1979, 1983)",,,,2.637635217582795e-05,7.250505269040351e-09,2.6921038522044046e-08,,,,,,2.076525611333319e-09,,1.3816330246616387e-09,1.1813338147804733e-08,1.788639666955662e-08,4.066627502684332e-09,-1.7751431192629654e-07,2.6447748240575072e-05,2.6270233928648775e-05
DEHHALKAJ000115n,1289.1806640625,"(1949, 1957)",1.833762329607314e-11,2.441835645847067e-13,3.5788247295673285e-10,2.7060624890637707e-05,2.1884769478835576e-09,7.70975331261605e-09,,,,,,2.132074033557077e-09,,6.29976186931775e-10,4.35172809780167e-09,1.0070102574918405e-08,1.0473688348159376e-09,-1.0175859244778186e-07,2.708875437062623e-05,2.698699577817845e-05
DEHHALKAJ00010zU,658.533203125,"(1969, 1978)",3.7820774903613453e-13,1.3866682718493782e-14,1.4367313062835243e-11,0.00027457665398332074,2.21271980277706e-05,2.5256559690467077e-08,,,,,,1.0890960144385764e-09,,3.217532113378843e-10,2.2127968054005182e-05,8.440838558633358e-07,3.498917413348335e-10,3.3130326607833778e-06,0.0003197029212216174,0.00032301595388240076
DEHHALKAJ00010xp,676.0947265625,"(1949, 1957)",9.616937915509752e-12,1.2805902611718828e-13,1.8768700108541428e-10,1.4220065301363654e-05,1.3096876593291753e-09,4.5504571481421006e-09,,,,,,1.1181396886307695e-09,,3.627932536104322e-10,2.580763154818116e-09,5.661094511356678e-09,6.275402494102368e-10,-5.709825381208829e-08,1.4236275777028953e-05,1.4179177523216865e-05
DEHHALKAJ000116v,672.5458984375,"(1949, 1957)",9.566458510168932e-12,1.273868429811721e-13,1.8670183009978135e-10,1.478672674849907e-05,7.250883160953626e-10,2.7374039717182917e-09,,,,,,1.112270548662964e-09,,2.502208303573676e-10,1.5073544448992775e-09,4.40854533186663e-09,3.863889855868689e-10,-4.483301455020381e-08,1.4797854020928257e-05,1.4753021006378053e-05
DEHHALKAJ00010vT,720.9482421875,"(1958, 1968)",2.4843231340990007e-12,9.108570820814564e-14,9.43741853724795e-11,1.8460749095479287e-05,2.7129278521607736e-10,3.5733754576032896e-09,,,,,,1.192319321874724e-09,,1.8671101309181834e-10,7.270206288363301e-10,4.0220048078849555e-09,1.0288984670645562e-11,-4.171632924876423e-08,1.8470732108478466e-05,1.84290157792297e-05
DEHHALKAJ00010t9,436.673828125,"(1979, 1983)",,,,7.885699200878882e-06,1.8953708385149133e-09,7.682314535637555e-09,,,,,,7.221803280523183e-10,,3.7142571857625403e-10,3.1036250405944147e-09,4.94172633335102e-09,1.1501317603991901e-09,-4.929124844912318e-08,7.905565975434006e-06,7.856274726984884e-06
DEHHALKAJ0001119,1958.2861328125,"(1979, 1983)",,,,5.019169754818586e-05,9.963954562718324e-09,3.8380258407953844e-08,,,,,,3.238654593976339e-09,,1.9207022458799574e-09,1.626762228647374e-08,2.5151901661678687e-08,5.7755991073620285e-09,-2.501544815680304e-07,5.0292396241051905e-05,5.004224175948387e-05
DEHHALKAJ000113R,597.1162109375,"(1949, 1957)",8.49352805652969e-12,1.1309971435544555e-13,1.657622024359702e-10,1.3350729791741937e-05,6.952322915968727e-10,2.597254629926841e-09,,,,,,9.87523356492681e-10,,2.338734787515328e-10,1.4346144337286744e-09,4.072876199525034e-09,3.797821421968594e-10,-4.137760684211293e-08,1.3361130948274156e-05,1.3319753341432043e-05
DEHHALKAJ0001115,673.69140625,"(1949, 1957)",9.582752495437173e-12,1.2760381348710136e-13,1.870198283293211e-10,1.4169565903293717e-05,1.3053098587749421e-09,4.535151344036204e-09,,,,,,1.1141650282584393e-09,,3.615592089308564e-10,2.572101279870485e-09,5.641622547901902e-09,6.254437351118325e-10,-5.690168649170822e-08,1.4185721256296603e-05,1.4128819569804894e-05
DEHHALKAJ00010zH,749.181640625,"(1949, 1957)",1.0656544182739355e-11,1.419024102896119e-13,2.079762640836962e-10,1.638968465946922e-05,7.887432900378434e-10,2.987829709269062e-09,,,,,,1.2390123409095357e-09,,2.744151612346201e-10,1.6436177352268019e-09,4.8523778405947975e-09,4.168811911438977e-10,-4.936200481357251e-08,1.6401887536737637e-05,1.6352525531924065e-05
DEHHALKAJ0001158,2768.60595703125,"(1949, 1957)",2.795525797278172e-11,4.995378695955029e-13,6.462835206029929e-10,5.8846575511396154e-05,3.8405311361797655e-09,1.3911153555836148e-08,,,,,,4.57877847900613e-09,,1.189022307654494e-09,7.787816560906969e-09,1.979249136513722e-08,1.6615272585783662e-09,-2.0056583853426721e-07,5.889933683205945e-05,5.869877099352518e-05
DEHHALKAJ0001104,2688.719482421875,"(1949, 1957)",2.7148625667245605e-11,4.851240021274673e-13,6.276353948457002e-10,5.7152695671051714e-05,3.753067201481234e-09,1.358287887694085e-08,,,,,,4.4466605553288904e-09,,1.1593866105359891e-09,7.606148709790208e-09,1.9276172058856202e-08,1.6248683782681365e-09,-1.9531673722283587e-07,5.720414485344291e-05,5.7008828116220075e-05
DEHHALKAJ000115cbt_0,424.447265625,"(1979, 1983)",,,,8.670347702231697e-06,2.3595744616738715e-09,8.855210979589466e-09,,,,,,7.019861855627509e-10,,4.511293500733194e-10,3.846742948767179e-09,5.859706919694861e-09,1.3361365110290363e-09,-5.819094187635979e-08,8.693758189588086e-06,8.635567247711726e-06
DEHHALKAJ000110O,607.013671875,"(1949, 1957)",8.63431197868963e-12,1.1497439131844062e-13,1.6850978304669942e-10,1.3309265947380352e-05,6.45954170736443e-10,2.4431727722007398e-09,,,,,,1.003891975600942e-09,,2.2390858656855986e-10,1.3446050510495957e-09,3.952813399604136e-09,3.4268632192921983e-10,-4.020530485897378e-08,1.3319222979658042e-05,1.3279017674799068e-05
DEHHALKAJ00010wG,871.703125,"(1949, 1957)",1.2399319954029965e-11,1.6510919086497313e-13,2.419887908309395e-10,1.867838167672717e-05,8.271006361845435e-10,3.1826060327420553e-09,,,,,,1.4416409037686449e-09,,2.9866044516875823e-10,1.7427970217522946e-09,5.36633371130352e-09,4.203777133626519e-10,-5.466483974806545e-08,1.869166119319145e-05,1.8636996353443383e-05
DEHHALKAJ000111u,758.015625,"(1949, 1957)",1.0782200952335686e-11,1.4357565427651404e-13,2.1042861871661738e-10,1.6494088659841406e-05,7.774827832294743e-10,2.9563977288625794e-09,,,,,,1.2536221688622247e-09,,2.729702588131214e-10,1.6245192746425853e-09,4.846164541171606e-09,4.0712364073893887e-10,-4.931569769116027e-08,1.6506226940237724e-05,1.6456911242546565e-05
DEHHALKAJ00010tmbt_2,363.2197265625,"(1979, 1983)",,,,1.0975492985616765e-05,1.4827046524342386e-09,6.138249046820258e-09,,,,,,6.007319809452173e-10,,2.926011546089251e-10,2.4309828964727847e-09,3.919074768961946e-09,9.171436533805741e-10,-3.913868772216311e-08,1.099127447377039e-05,1.0952135786048226e-05
DEHHALKAJ0001127bt_0,396.10888671875,"(1979, 1983)",,,,7.708501839874853e-06,3.2548792254123946e-09,1.030398734153462e-08,,,,,,6.551459083630857e-10,,5.919237559862149e-10,5.260467197843399e-09,7.294607733859709e-09,1.5850410316368146e-09,-7.171327258758269e-08,7.73744789206949e-06,7.665734619481906e-06
DEHHALKAJ0001127bt_1,2.0,"(1979, 1983)",,,,4.224973906596125e-07,1.0594065358097017e-11,3.6355048222615895e-11,,,,,,3.3093847415526067e-12,,1.9713926639190866e-12,1.7189866030984558e-11,2.4925916350987015e-11,5.5449682180587475e-12,-2.463487357743542e-10,4.2259728130119874e-07,4.223509325654244e-07
DEHHALKAJ00010se,723.5107421875,"(1958, 1968)",1.6621021865423343e-12,6.093963892922589e-14,6.313974929740315e-11,1.916310990843631e-05,2.806470694826347e-10,5.517456640957015e-09,,,,,,1.1965572833357133e-09,,1.924431373465331e-10,7.496874376456906e-10,4.143428918294413e-09,1.9278418822654847e-11,-4.331302613709294e-08,1.9175209407342197e-05,1.9131896381205102e-05
DEHHALKAJ00010r1,2258.4638671875,"(1949, 1957)",3.212494631572377e-11,4.2777538707241213e-13,6.269599416155249e-10,4.7314116468740164e-05,3.308544576779644e-09,1.1861339737612996e-08,,,,,,3.7350948163219275e-09,,9.985045546639702e-10,6.6552288119434185e-09,1.6408986638739446e-08,1.580996816284376e-09,-1.6616093097498753e-07,4.735866516469252e-05,4.7192504233717536e-05
DEHHALKAJ000112q,619.58203125,"(1949, 1957)",8.813087418077733e-12,1.1735496285408408e-13,1.7199881732988496e-10,1.3655522480484615e-05,6.756852492338953e-10,2.5467902584232676e-09,,,,,,1.0246777982349818e-09,,2.3226818279451102e-10,1.4030559609589752e-09,4.08511659377165e-09,3.6145439270466263e-10,-4.153763093410238e-08,1.3665851528920737e-05,1.3624313897986634e-05
DEHHALKAJ00010yH,1040.1845703125,"(1949, 1957)",1.4795841529821138e-11,1.970212424723459e-13,2.8876001380736387e-10,2.2668106371447987e-05,1.166284222629694e-09,4.3685621830047235e-09,,,,,,1.7202790797520648e-09,,3.9458071725255666e-10,2.4125514078232314e-09,6.886252490962076e-09,6.076193931509073e-10,-6.999501939993765e-08,2.2685662500942568e-05,2.261566748154263e-05
DEHHALKAJ000110K,675.41796875,"(1958, 1968)",2.327429885757857e-12,8.533334353300349e-14,8.841414245398551e-11,2.222472747752504e-05,3.270940376492099e-10,3.3918474055028327e-09,,,,,,1.1170204199685876e-09,,2.254701650757769e-10,8.777735562960642e-10,4.855399193645651e-09,8.66890780835258e-12,-4.991646379302239e-08,2.223553075121099e-05,2.2185614287417966e-05
DEHHALKAJ000110I,1477.1123046875,"(1969, 1978)",8.483328056632471e-13,3.1103439540309325e-14,3.2226370378447105e-11,0.0006159021812233851,4.963204645555216e-05,5.6375325526862277e-08,,,,,,2.4428792475576073e-09,,7.155511268003294e-10,4.963375869522441e-05,1.8931763953950316e-06,7.837161833692528e-10,7.4326655569231685e-06,0.0007171214802416413,0.0007245541457985645
DEHHALKAJ00010tRbt_1,596.6630859375,"(1979, 1983)",,,,1.1620087538409725e-05,3.0912407552979574e-09,1.184248780512511e-08,,,,,,9.867934850523094e-10,,5.948548380010982e-10,5.0453495762723916e-09,7.776291736408017e-09,1.7830461792121778e-09,-7.731573673133851e-08,1.1651207602785095e-05,1.1573891866053756e-05
DEHHALKAJ0001149,1531.3896484375,"(1969, 1978)",8.795052839922578e-13,3.2246353369122004e-14,3.341054694870176e-11,0.0006370916970288088,5.145579537851222e-05,5.8365744223579103e-08,,,,,,2.5326442529259444e-09,,7.354586302270768e-10,5.145755492931479e-05,1.9626048603842255e-06,8.119921417758185e-10,7.707152597292728e-06,0.0007420300980362686,0.0007497372506335613
DEHHALKAJ00010vxbt_0,529.48828125,"(1979, 1983)",,,,1.58792435845046e-05,2.5304375758823575e-09,9.938263715114356e-09,,,,,,8.757204321107611e-10,,4.908199102743044e-10,4.135903610364402e-09,6.46660007822791e-09,1.4926285686724703e-09,-6.438753254529955e-08,1.590517395839525e-05,1.584078642584995e-05
DEHHALKAJ00010xi,1624.2900390625,"(1860, 1918)",5.963541702446346e-11,6.363908134518053e-13,1.0390895700719466e-09,2.9684136551560717e-05,9.54698239040913e-09,1.260246352833148e-07,,,,,,2.686284884485547e-09,,2.083338123378829e-09,1.7896233100717827e-08,2.7365718921953046e-08,4.40576408160562e-09,-2.806774762174874e-07,2.9874145508346578e-05,2.959346803212909e-05
DEHHALKAJ000116f,1221.1708984375,"(1949, 1957)",1.7370235638740876e-11,2.313018425267983e-13,3.390026496817052e-10,2.6408593510900957e-05,1.2146870721388606e-09,4.640083464599869e-09,,,,,,2.0195980385339724e-09,,4.311423803323545e-10,2.546290291287984e-09,7.69046759411629e-09,6.288720600109984e-10,-7.829149986725278e-08,2.6427764651801976e-05,2.6349473151934724e-05
DEHHALKAJ00010tt,399.333984375,"(1949, 1957)",6.962046966741331e-12,7.842708723816347e-14,1.2457639298107259e-10,8.330344176152615e-06,9.46285353580631e-10,3.223525316236899e-09,,,,,,6.604269787368658e-10,,2.479398719852016e-10,1.8397515929152089e-09,3.728451500700499e-09,4.734670399135182e-10,-3.749914765261863e-08,8.341464023806684e-06,8.303964876154066e-06
DEHHALKAJ00010zLbt_0,1165.072265625,"(1979, 1983)",,,,2.2191889930244383e-05,6.431649075879263e-09,2.4185567625109713e-08,,,,,,1.9268216431285018e-09,,1.2304415172879793e-09,1.0486481533117569e-08,1.599204734375653e-08,3.6485004689505847e-09,-1.5883002505774328e-07,2.2255791439451616e-05,2.2096961414393873e-05
DEHHALKAJ00010zLbt_1,448.126953125,"(1979, 1983)",,,,9.365353278513257e-06,2.458726757238927e-09,9.262065952932791e-09,,,,,,7.411498584177873e-10,,4.706387145495727e-10,4.009222029897879e-09,6.120288165634998e-09,1.3969782720604807e-09,-6.079198830413876e-08,9.389812348263989e-06,9.329020359959849e-06
DEHHALKAJ00010xgbt_0,1618.5771484375,"(1979, 1983)",,,,3.05685449307337e-05,8.418492119750382e-09,3.221340704318356e-08,,,,,,2.676837295409245e-09,,1.619391506406612e-09,1.3739284836310878e-08,2.1161865392248833e-08,4.850734044251936e-09,-2.103872757105448e-07,3.065322494297127e-05,3.0442837667260728e-05
DEHHALKAJ00010xgbt_1,829.486328125,"(1979, 1983)",,,,1.6965957638202086e-05,4.3142979767767526e-09,1.6508685267453057e-08,,,,,,1.371838386945969e-09,,8.299036692460149e-10,7.041092145407153e-09,1.0845075946984916e-08,2.4859162056876514e-09,-1.0782007813178328e-07,1.700935444780059e-05,1.6901534369668807e-05
DEHHALKAJ00010xgbt_2,916.66015625,"(1979, 1983)",,,,1.8101628579539363e-05,4.992223841175687e-09,1.8846098894838286e-08,,,,,,1.5160022839910277e-09,,9.562303267117219e-10,8.141331569550787e-09,1.2443270156090768e-08,2.84186735533347e-09,-1.2361231980054884e-07,1.815136560396705e-05,1.80277532841665e-05
DEHHALKAJ000110C,1499.03515625,"(1949, 1957)",2.1322645280964263e-11,2.839320803474074e-13,4.161390437530047e-10,3.194196618617554e-05,1.3810186051196061e-09,5.339055246226934e-09,,,,,,2.47913573340075e-09,,5.041897992361577e-10,2.919702382648263e-09,9.100825878260187e-09,6.934233709865627e-10,-9.274244499472192e-08,3.1964383537191414e-05,3.187164109219669e-05
DEHHALKAJ00010uC,1841.9482421875,"(1969, 1978)",1.0578648050135841e-12,3.878576165498702e-14,4.01860481984287e-11,0.0007682058978185447,6.189081611057297e-05,7.03530805093288e-08,,,,,,3.046252555164769e-09,,9.041412825656898e-10,6.189298026537412e-05,2.361032077656084e-06,9.776252102456975e-10,9.265892573567427e-06,0.0008944260073717052,0.0009036918999452726
DEHHALKAJ000112P,678.5439453125,"(1949, 1957)",9.651776206262308e-12,1.2852293236515984e-13,1.883669154585479e-10,1.4276264121535776e-05,1.341098214425515e-09,4.650441475457175e-09,,,,,,1.1221902606165061e-09,,3.694434333511004e-10,2.6392654197288924e-09,5.744157280056897e-09,6.426982454950203e-10,-5.791956357687842e-08,1.4292773415864909e-05,1.423485385228803e-05
DEHHALKAJ00010zl,1774.623046875,"(1949, 1957)",2.5242675315634135e-11,3.361311517150573e-13,4.926435078387483e-10,3.804815790153607e-05,1.780551551138748e-09,6.782226708695489e-09,,,,,,2.934908748597891e-09,,6.27408847176622e-10,3.726345533811689e-09,1.115273917642628e-08,9.028505159970082e-10,-1.1352754865764282e-07,3.807606493261791e-05,3.796253738396027e-05
DEHHALKAJ00010uLbt_0,1569.4658203125,"(1979, 1983)",,,,3.0344595336439234e-05,9.017100219743305e-09,3.352763283440159e-08,,,,,,2.5956161198563235e-09,,1.7190207391751377e-09,1.4692804805017759e-08,2.2263798573875117e-08,5.063810495144035e-09,-2.2097540509543234e-07,3.0433475120226445e-05,3.021249971513101e-05
DEHHALKAJ00010uLbt_1,512.3603515625,"(1979, 1983)",,,,1.091314749056593e-05,2.9419982732959176e-09,1.0940759944535617e-08,,,,,,8.473825274528481e-10,,5.608904572403111e-10,4.793846139486486e-09,7.264754217599431e-09,1.6524124294262716e-09,-7.21059918180633e-08,1.0942149534554968e-05,1.0870043542736905e-05
DEHHALKAJ000116sbt_1,1953.9296875,"(1979, 1983)",,,,3.734985344481296e-05,1.1474881265221183e-08,4.240861894386126e-08,,,,,,3.2314504002985983e-09,,2.1834775396377336e-09,1.8691423904778357e-08,2.822590461917295e-08,6.409253347329934e-09,-2.800524473311025e-07,3.746247845483326e-05,3.718242600750216e-05
DEHHALKAJ000115l,1479.5048828125,"(1949, 1957)",2.1044841861203367e-11,2.8023285345219884e-13,4.1071735015320464e-10,3.14411125091294e-05,1.3434274140420723e-09,5.2059525789298844e-09,,,,,,2.4468361576071163e-09,,4.931593654568452e-10,2.844984906208728e-09,8.921794253501897e-09,6.70402718077562e-10,-9.093519856173956e-08,3.1463039066523223e-05,3.1372103867961484e-05
DEHHALKAJ000112T,1371.8896484375,"(1969, 1978)",7.879014959296336e-13,2.888777420697164e-14,2.993071264019956e-11,0.0005711976542136064,4.6096478330532776e-05,5.227317098931441e-08,,,,,,2.268859816501798e-09,,6.573748762798104e-10,4.609805099249298e-05,1.7581602946902543e-06,7.274032542891273e-10,6.904763723160719e-06,0.0006652062706402588,0.0006721110343634195
DEHHALKAJ00010sN,676.6240234375,"(1984, 1994)",,,,1.4221175301433473e-05,3.6761962028812465e-09,1.265118161462639e-08,,,,,,1.1190149852126038e-09,,7.044258946592862e-10,5.996260446594587e-09,9.168462836317312e-09,2.088742953436218e-09,-9.071242432786655e-08,1.4256579586367202e-05,1.4165867162039335e-05
DEHHALKAJ000112c,1052.1044921875,"(1969, 1978)",6.042429901070749e-13,2.215408290824908e-14,2.2953914157011562e-11,0.0004379078623377512,3.535147153782787e-05,4.015876901062152e-08,,,,,,1.7399924322334821e-09,,5.071136790134516e-10,3.5352684863456354e-05,1.3484000128584932e-06,5.581268364106823e-10,5.294603571583811e-06,0.0005100033827538522,0.0005152979863254361
DEHHALKAJ00010zdbt_1,653.140625,"(1979, 1983)",,,,2.1143593011022246e-05,3.9966615984893836e-09,1.4607817009641626e-08,,,,,,1.0802391596389007e-09,,7.579073628987868e-10,6.506255549446056e-09,9.764210159295577e-09,2.210435809546669e-09,-9.681860742239085e-08,2.1182516537671205e-05,2.1085697930248814e-05
DEHHALKAJ00010zdbt_2,406.7548828125,"(1979, 1983)",,,,8.45314498643607e-06,2.3919124682327265e-09,8.836784105906351e-09,,,,,,6.727286331547793e-10,,4.550900665880232e-10,3.8961080424975665e-09,5.882342750728483e-09,1.33557218109383e-09,-5.836253381304678e-08,8.476615524684273e-06,8.418252990871226e-06
DEHHALKAJ00010zdbt_3,298.87109375,"(1979, 1983)",,,,6.410267070563657e-06,1.7633891966477426e-09,6.508790355280972e-09,,,,,,4.943048391615634e-10,,3.3541138205302576e-10,2.872184405268097e-09,4.334193860618675e-09,9.838228420276687e-10,-4.300011421007911e-08,6.427559167444714e-06,6.384559053234635e-06
DEHHALKAJ000115G,1403.6142578125,"(1969, 1978)",8.061215234754458e-13,2.955579685257813e-14,3.0622852979553516e-11,0.000585687546270836,4.716247554378332e-05,5.369091461484812e-08,,,,,,2.321326637715198e-09,,6.915856864779806e-10,4.716413103706885e-05,1.7992261959791575e-06,7.453360432715729e-10,7.060278441766675e-06,0.0006818708282106497,0.0006889311066524163
DEHHALKAJ00010uybt_0,259.579833984375,"(1979, 1983)",,,,8.231087074395105e-06,1.2177275243670756e-09,4.639495207390007e-09,,,,,,4.2933050703499907e-10,,2.339233320628081e-10,1.9868955504249012e-09,3.052940390565068e-09,6.989883171488293e-10,-3.034528861590608e-08,8.243346375224098e-06,8.213001086608192e-06
DEHHALKAJ00010wabt_1,613.4130859375,"(1979, 1983)",,,,1.2932060701335882e-05,3.1317209140572623e-09,1.2050703963403084e-08,,,,,,1.014499547811705e-09,,6.034891859997917e-10,5.1126951195467705e-09,7.90010102774473e-09,1.8135852565586182e-09,-7.856696828102272e-08,1.2963687496351004e-05,1.2885120528069981e-05
DEHHALKAJ00010xY,761.6005859375,"(1969, 1978)",4.3740124553347364e-13,1.603696462577552e-14,1.6615948892292716e-11,0.0003175483071956933,2.5590338405054813e-05,2.911896589452024e-08,,,,,,1.2595510052758003e-09,,3.7271020181850106e-10,2.5591230451269246e-05,9.76204757988841e-07,4.0431639882850245e-10,3.831454221381427e-06,0.00036973723635350667,0.0003735686905748881
DEHHALKAJ00010xEbt_1,415.5927734375,"(1979, 1983)",,,,9.758520406583692e-06,2.595766004016066e-09,9.436333855842534e-09,,,,,,6.873525054948818e-10,,4.914344642318093e-10,4.224473803772758e-09,6.3203633907893006e-09,1.4286733757189008e-09,-6.264967673845998e-08,9.783704803983557e-06,9.721055127245097e-06
DEHHALKAJ00010xEbt_2,1365.3935546875,"(1979, 1983)",,,,2.9554740372394105e-05,8.943652351399072e-09,3.2117131909012235e-08,,,,,,2.258120354057069e-09,,1.686938819095722e-09,1.4545832895157749e-08,2.1613311830028092e-08,4.869006148490481e-09,-2.1408435685436208e-07,2.9640774366701347e-05,2.9426690009846985e-05
DEHHALKAJ00010qz,1463.5859375,"(1984, 1994)",,,,4.057351075911146e-05,7.131430488610029e-09,2.5163913182771388e-08,,,,,,2.420509085700065e-09,,1.3808109791161852e-09,1.165386307481972e-08,1.8157228211034766e-08,4.1721617269283225e-09,-1.7992272282672407e-07,4.0643590675860434e-05,4.046366795303371e-05
DEHHALKAJ000113t,1581.9609375,"(1969, 1978)",9.085493068470223e-13,3.331122909105552e-14,3.4513867993873353e-11,0.0006594326899363533,5.3155045979302615e-05,6.043407698643238e-08,,,,,,2.6162801092663225e-09,,7.727656485719359e-10,5.3156895461823016e-05,2.0276962951994092e-06,8.396048697670513e-10,7.958833523191929e-06,0.0007678369904002924,0.0007757958239234844
DEHHALKAJ000113Y,652.1806640625,"(1949, 1957)",9.276778400378762e-12,1.2352946622870056e-13,1.8104834750914026e-10,1.4055644399264431e-05,6.375702143180346e-10,2.4419479517490924e-09,,,,,,1.0785900847780258e-09,,2.2771890164726743e-10,1.3390137170010634e-09,4.0727942007301135e-09,3.2790103854392835e-10,-4.147181318475141e-08,1.40657699353732e-05,1.4024298122188448e-05
DEHHALKAJ00010yu,7984.75830078125,"(1919, 1948)",4.891513360023699e-11,1.7934340041838117e-12,1.8581825457993765e-09,0.00014553027763309894,4.892952799591093e-08,1.577018382317603e-07,,,,,,1.320536039727324e-08,,1.0785942043015613e-08,9.190766142302483e-08,1.402654478318991e-07,2.2730686655036994e-08,-1.3975550011378547e-06,0.00014601580409767686,0.000144618249096539
DEHHALKAJ00010qZ,79.50537109375,"(1949, 1957)",3.427742344274197e-12,2.0057090808431877e-14,4.6654303378578295e-11,1.5133726217866061e-06,2.6020189764322836e-10,8.585979703912769e-10,,,,,,1.3148767643984851e-10,,6.22897158953712e-11,4.939447953662827e-10,8.781926738499059e-10,1.5978665627254508e-10,-8.792575020034397e-09,1.5162171231724645e-06,1.5074245481524302e-06
DEHHALKAJ0001131bt_0,2458.0908203125,"(1979, 1983)",,,,4.592928885242569e-05,1.3875411275285267e-08,5.184770634029245e-08,,,,,,4.065242519757405e-09,,2.649275139409954e-09,2.2615257506061016e-08,3.436472654951738e-08,7.826651755105294e-09,-3.4117853580510627e-07,4.606653312351112e-05,4.572535458770601e-05
DEHHALKAJ00010qj,602.71142578125,"(1969, 1978)",4.615310320600843e-13,1.69216638279527e-14,1.753258848534896e-11,0.00022413615065066737,1.8001376261141797e-05,2.075072495047647e-08,,,,,,9.967768081496267e-10,,2.628087009433594e-10,1.8002004267959444e-05,6.867195130430206e-07,3.044333235518384e-10,2.6949785536566967e-06,0.00026084856543659473,0.0002635435439902514
DEHHALKAJ000111hbt_0,1329.779296875,"(1979, 1983)",,,,2.5076383954219288e-05,7.404370614564106e-09,2.7775019665203493e-08,,,,,,2.1992174816909227e-09,,1.4154465141478387e-09,1.2070814313498464e-08,1.8382460551121467e-08,4.1910625601734706e-09,-1.8254509872244084e-07,2.5149822345919688e-05,2.4967277247197246e-05
DEHHALKAJ000111hbt_1,523.29296875,"(1979, 1983)",,,,1.0509229733523082e-05,2.704249747652976e-09,1.0367815801246013e-08,,,,,,8.654566744159812e-10,,5.205105495733567e-10,4.413914064304132e-09,6.80605122636132e-09,1.5608965734013957e-09,-6.767218064536882e-08,1.0536468628160038e-05,1.0468796447514668e-05
DEHHALKAJ000115x,903.091796875,"(1949, 1957)",1.2845800153937687e-11,1.710545156745032e-13,2.5070243029715155e-10,1.9515812664615654e-05,8.950297020624255e-10,3.4208855284051394e-09,,,,,,1.4935521726124335e-09,,3.1809871818968804e-10,1.876942265954116e-09,5.677248005197497e-09,4.6273783017911484e-10,-5.779902129793104e-08,1.9529957158838258e-05,1.9472158137540327e-05
DEHHALKAJ000114Jbt_0,1505.09765625,"(1979, 1983)",,,,2.757579367016581e-05,6.567470089063702e-09,2.716843777585594e-08,,,,,,2.489162268831286e-09,,1.2957216332475795e-09,1.0767255374444773e-08,1.7349622335704193e-08,4.05935526308632e-09,-1.7325256994201268e-07,2.7645490694906044e-05,2.7472238124964033e-05
DEHHALKAJ000114Jbt_1,565.7666015625,"(1979, 1983)",,,,1.6816100688466106e-05,2.3575838324788162e-09,9.914428429320459e-09,,,,,,9.357106995326137e-10,,4.677044786402302e-10,3.8691007508207894e-09,6.2951408190523895e-09,1.4791271686744793e-09,-6.292264178983093e-08,1.684141948464463e-05,1.67784968428548e-05
DEHHALKAJ000114Jbt_3,5.0,"(1979, 1983)",,,,5.36015125738174e-07,1.9088256147174434e-11,8.293157397118998e-11,,,,,,8.271200031076575e-12,,3.829052661907493e-12,3.1390468166692364e-11,5.2086902420092753e-11,1.234040343523205e-11,-5.216833432653288e-10,5.362250635950073e-07,5.35703380251742e-07
DEHHALKAJ00010t3,414.017578125,"(1979, 1983)",,,,8.415728006618678e-06,2.669314259298689e-09,9.350790765929061e-09,,,,,,6.847109713986917e-10,,4.997489701699609e-10,4.335700000965136e-09,6.353803852680493e-09,1.4214873770491741e-09,-6.28439548946094e-08,8.441043562816168e-06,8.37819960792156e-06
DEHHALKAJ000112ebt_1,815.400390625,"(1979, 1983)",,,,1.562748658516219e-05,4.210870130663113e-09,1.61474023900399e-08,,,,,,1.3485364610377966e-09,,8.105563132709465e-10,6.873120750241273e-09,1.0599256756388057e-08,2.4309629452054107e-09,-1.0538885593752126e-07,1.5669907290909034e-05,1.5564518434971512e-05
DEHHALKAJ00010xe,482.2607421875,"(1949, 1957)",6.859795579659955e-12,9.134495293741153e-14,1.338777968327056e-10,1.0165766759909792e-05,1.0625156637026712e-09,3.6476385074761018e-09,,,,,,7.975729830692259e-10,,2.844569086235318e-10,2.0773809267687103e-09,4.339077840727592e-09,5.096244270249856e-10,-4.3685115711370804e-08,1.0178485027167184e-05,1.0134799911455814e-05
DEHHALKAJ00010tF,1766.76953125,"(1949, 1957)",2.5130964975031252e-11,3.346436182038184e-13,4.904633358336684e-10,3.740048292432208e-05,1.5706438806284314e-09,6.1077285174209484e-09,,,,,,2.9219204315579e-09,,5.812573830704518e-10,3.3344429849407316e-09,1.0550335242500665e-08,7.765722160435391e-10,-1.0756375336717732e-07,3.742632582497825e-05,3.7318762071611074e-05
DEHHALKAJ00010wg,700.6640625,"(1979, 1983)",,,,1.3623226030898462e-05,4.247074546117904e-09,1.5099417400494878e-08,,,,,,1.1587729223917711e-09,,7.986600893886576e-10,6.903734544289828e-09,1.0200785869561593e-08,2.2916131700841e-09,-1.0098144003351834e-07,1.366392608944079e-05,1.3562944649407271e-05
DEHHALKAJ00010yg,2747.956298828125,"(1949, 1957)",2.7746753573427936e-11,4.958120644694728e-13,6.414632124732385e-10,5.8412157750855255e-05,3.8374393254511e-09,1.3887410993527413e-08,,,,,,4.544627642103999e-09,,1.1852671372823408e-09,7.776832210440576e-09,1.9704812299894708e-08,1.6614815013060797e-09,-1.9965873000113892e-07,5.8464755621965255e-05,5.8265096891964116e-05
DEHHALKAJ0001154bt_0,158.73974609375,"(1979, 1983)",,,,5.33406227265393e-06,8.784515344431297e-10,2.9863926339840062e-09,,,,,,2.6255540686208455e-10,,1.6301903077550966e-10,1.4246682384314844e-09,2.0536432922959386e-09,4.555677674339179e-10,-2.0276814793475415e-08,5.342286570558155e-06,5.322009755764679e-06
DEHHALKAJ000113a,675.1015625,"(1949, 1957)",9.602810905264399e-12,1.2787091102381227e-13,1.8741129418051926e-10,1.4196147750692299e-05,1.2905260784326276e-09,4.489796064030677e-09,,,,,,1.1164971726331006e-09,,3.5881103199827274e-10,2.5451981131024822e-09,5.612341321298553e-09,6.182894068186279e-10,-5.661717058181153e-08,1.4212179209880612e-05,1.41555620392988e-05
DEHHALKAJ000114L,911.2431640625,"(1949, 1957)",1.2961747208527625e-11,1.725984652166956e-13,2.5296528726387644e-10,1.9792471298285696e-05,1.0437027633153063e-09,3.894035625101935e-09,,,,,,1.507033087579678e-09,,3.4960675431335785e-10,2.153554662044071e-09,6.0718206351386246e-09,5.390615923043794e-10,-6.169789342045806e-08,1.9808030113405494e-05,1.9746332219985036e-05
DEHHALKAJ000110dbt_0,1138.5234375,"(1979, 1983)",,,,2.2029111467160665e-05,6.3343401355183736e-09,2.3766598941814916e-08,,,,,,1.8829152627220826e-09,,1.2109820655536881e-09,1.0326551444690669e-08,1.572822418793219e-08,3.5861406341220316e-09,-1.5618971529302194e-07,2.209194721983302e-05,2.1935757504539996e-05
DEHHALKAJ000110dbt_2,535.2509765625,"(1979, 1983)",,,,1.0565288309805967e-05,2.977627007016789e-09,1.1172470593711858e-08,,,,,,8.852336242457454e-10,,5.692601270252415e-10,4.854281722450013e-09,7.3936269478258535e-09,1.6858109217034225e-09,-7.342287725249762e-08,1.0594826620749945e-05,1.0521403743497448e-05
DEHHALKAJ0001133,689.73828125,"(1949, 1957)",9.81100719784784e-12,1.306432502760441e-13,1.9147451452522667e-10,1.4714982779247443e-05,6.395547402733091e-10,2.4699667715646524e-09,,,,,,1.140703655243624e-09,,2.329261076737544e-10,1.3511252617746941e-09,4.200190713986915e-09,3.219980667409161e-10,-4.2798653295468025e-08,1.47253392445647e-05,1.4682540591269231e-05
DEHHALKAJ00010vG,1154.033203125,"(1969, 1978)",6.627825263717472e-13,2.430038788993896e-14,2.517770741934207e-11,0.00048074253378481413,3.8776356072054386e-05,4.406986330734687e-08,,,,,,1.9085642661051527e-09,,5.605056617425074e-10,3.877769737473624e-05,1.4791257540261996e-06,6.123610602385525e-10,5.806628592791481e-06,0.0005598228642799263,0.0005656294928727178
DEHHALKAJ00010uo,800.193359375,"(1969, 1978)",4.595657862150888e-13,1.684960967077099e-14,1.745793294914579e-11,0.0003342077555075644,2.688709161281024e-05,3.07112895560576e-08,,,,,,1.3233765428153598e-09,,3.9689573708268364e-10,2.6888041791758883e-05,1.0257862101469993e-06,4.2535829190509497e-10,4.024436414884754e-06,0.0003890415320424083,0.00039306596845729304
DEHHALKAJ00010tH,2882.0947265625,"(1949, 1957)",7.205980997881677e-11,7.276662017062367e-13,1.2228910277206272e-09,6.10020781143125e-05,5.324721251081121e-09,1.864202909822028e-08,,,,,,4.766468583217539e-09,,1.5019746279894404e-09,1.0567590298180031e-08,2.3658740411218548e-08,2.1434995057819926e-09,-2.3945613511645725e-07,6.106868313808818e-05,6.082922700297172e-05
DEHHALKAJ00010zJbt_0,849.7275390625,"(1979, 1983)",,,,1.6983713839062974e-05,4.9633402748072264e-09,1.8370612798522978e-08,,,,,,1.405314554472037e-09,,9.44872918227091e-10,8.08543415099441e-09,1.2220086179076508e-08,2.775940297105831e-09,-1.2125621216786516e-07,1.703247944023618e-05,1.6911223228068315e-05
DEHHALKAJ000111Bbt_0,4.0,"(1979, 1983)",,,,1.0541868679885162e-06,1.6672141094973857e-11,6.852038972263414e-11,,,,,,6.6193513390658525e-12,,3.2821702624669084e-12,2.7323795074992103e-11,4.3910998949245136e-11,1.0258252629136091e-11,-4.3861209668043217e-10,1.0543634550875888e-06,1.0539248429909084e-06
DEHHALKAJ000111Bbt_1,1886.8251953125,"(1979, 1983)",,,,3.558491833575356e-05,1.0105843251677843e-08,3.83360793762368e-08,,,,,,3.1204714843733015e-09,,1.938663513676844e-09,1.64850880225764e-08,2.5265615056635967e-08,5.777881672906631e-09,-2.5106033768551227e-07,3.5685947978131643e-05,3.543488764044613e-05
DEHHALKAJ000111Bbt_2,852.2236328125,"(1979, 1983)",,,,1.6258334371212182e-05,4.380691959859787e-09,1.6822036550862267e-08,,,,,,1.4094328419330684e-09,,8.436178206369612e-10,7.150871484289265e-09,1.1036377321352182e-08,2.5321638147874954e-09,-1.0974394126665537e-07,1.6302509563005907e-05,1.6192765621739252e-05
DEHHALKAJ00010zw,1310.623046875,"(1949, 1957)",1.8642625030544358e-11,2.4824496390157717e-13,3.638349769004706e-10,2.7754105094303078e-05,1.247537829722787e-09,4.788735518326031e-09,,,,,,2.1675358582040076e-09,,4.47645377640738e-10,2.625415454913977e-09,8.018898114741926e-09,6.156246369642691e-10,-8.168418874383977e-08,2.7774016487093593e-05,2.7692332298349754e-05
DEHHALKAJ00010zSbt_1,2804.33203125,"(1979, 1983)",,,,5.298427923926465e-05,1.4564050434441339e-08,5.5754287713381795e-08,,,,,,4.637863459080568e-09,,2.801953953973727e-09,2.3769656022833136e-08,3.662044044214692e-08,8.395162435016662e-09,-3.640828954066384e-07,5.3130822653725524e-05,5.276673975831889e-05
DEHHALKAJ00010zSbt_3,4.0,"(1979, 1983)",,,,8.713248224407969e-07,1.603609155272334e-11,6.681368032555637e-11,,,,,,6.618924336063706e-12,,3.1713773293037624e-12,2.630302508087878e-11,4.2602380405847195e-11,9.987384718023605e-12,-4.2582329402820235e-10,8.714963553045454e-07,8.710705320105171e-07
DEHHALKAJ00010t5,894.6357421875,"(1949, 1957)",1.2725519149301978e-11,1.6945285530720432e-13,2.483549906811373e-10,1.9271195571217734e-05,8.723297679480569e-10,3.3424278484918365e-09,,,,,,1.47956736831319e-09,,3.1186043740528366e-10,1.8325693871252587e-09,5.579914447786926e-09,4.48186084749662e-10,-5.682021190831521e-08,1.9285062426559547e-05,1.9228242214651232e-05
DEHHALKAJ000110x,2385.73046875,"(1949, 1957)",3.393521780263106e-11,4.5188093976056993e-13,6.622897346861559e-10,4.9975735175597295e-05,3.4689339149362844e-09,1.2448165896058448e-08,,,,,,3.945570984385057e-09,,1.0495585325515376e-09,6.9822391636379114e-09,1.72725383486702e-08,1.6575003602360154e-09,-1.7492398186032038e-07,5.002255968279777e-05,4.984763570093745e-05
DEHHALKAJ00010zW,436.3486328125,"(1979, 1983)",,,,1.256801859348785e-05,1.7714619043835216e-09,7.347896529429846e-09,,,,,,7.216425338336833e-10,,3.4981138970945213e-10,2.904758428547569e-09,4.688152208701912e-09,1.0976699181953308e-09,-4.6824164974598136e-08,1.2586899986400652e-05,1.2540075821426054e-05
DEHHALKAJ000111S,790.3623046875,"(1984, 1994)",,,,1.6103218315401352e-05,4.17177643810544e-09,1.4449431912447594e-08,,,,,,1.307117728737669e-09,,8.015209547851544e-10,6.807846511836259e-09,1.0459723537437432e-08,2.3882264907980783e-09,-1.035286134078208e-07,1.61436039589755e-05,1.604007534556768e-05
DEHHALKAJ000111Jbt_0,528.65234375,"(1979, 1983)",,,,1.0199128914299708e-05,2.7809951507925965e-09,1.0605613430023634e-08,,,,,,8.743161768939809e-10,,5.343853133822086e-10,4.537824212477381e-09,6.975894962667565e-09,1.5975666399037919e-09,-6.933959995926066e-08,1.022703551018585e-05,1.015769591022659e-05
DEHHALKAJ000111Ubt_1,631.990234375,"(1979, 1983)",,,,1.6317477728445724e-05,2.4705008718178622e-09,1.0386914821408782e-08,,,,,,1.0452249418315546e-09,,4.900676627679332e-10,4.054354272447507e-09,6.595601894860631e-09,1.5496323556724242e-09,-6.592467414552502e-08,1.634407002526653e-05,1.6278145351121007e-05
DEHHALKAJ00018J5,1568.9208984375,"(1949, 1957)",2.2316717290982195e-11,2.9716913091502607e-13,4.3553964673727863e-10,3.3410382439601506e-05,1.6581645315009576e-09,6.252634979360941e-09,,,,,,2.5947142451317267e-09,,5.698832732606081e-10,3.4476066408411457e-09,1.0013860174712026e-08,8.253242021501944e-10,-1.0186343080744444e-07,3.343574462764847e-05,3.333388119684102e-05
DEHHALKAJ00018Cs,1703.0869140625,"(1969, 1978)",1.9562283727650116e-12,7.172353882007875e-14,7.431298149110746e-11,0.000707840284887913,5.7224915867996555e-05,6.362426054169745e-08,,,,,,2.8166007894115474e-09,,7.925999382643433e-10,5.7226805289655736e-05,2.1821076422342027e-06,1.0181461373783454e-09,8.576877831876424e-06,0.0008245423652952064,0.0008331192431270828
DEHHALKAJ000187x,1445.013671875,"(1949, 1957)",2.055423038150264e-11,2.736998770677862e-13,4.0114243159470976e-10,3.078545882802362e-05,1.330000901973576e-09,5.1425987256231474e-09,,,,,,2.389793882545703e-09,,4.857356702251179e-10,2.8121456859474375e-09,8.769000956407374e-09,6.675426116310369e-10,-8.936206105270747e-08,3.080705564645797e-05,3.0717693585405266e-05
DEHHALKAPE0001Oe,2582.578125,"(2010, 2015)",5.167051500172861e-06,6.3109427565757204e-09,1.5903514849018193e-06,7.953028025268302e-05,1.063068457772504e-08,8.643597847914578e-08,,,,,,4.271121756185905e-09,,2.170803487092891e-09,2.0272160744515033e-08,1.342306549366985e-07,7.048762342932529e-09,-2.3862520251664177e-06,7.979534041900732e-05,7.74090883938409e-05
DEHHALKAPE0001O7,2515.681640625,"(2010, 2015)",5.595832426793591e-06,6.834644168303981e-09,1.7223206399905153e-06,6.355072882160737e-05,1.0426705642743286e-08,7.28704934366857e-08,,,,,,4.160486950126443e-09,,2.1283335794803528e-09,2.0167666197278075e-08,1.4226576728530178e-07,6.844891486151302e-09,-2.548333209048544e-06,6.380959316618514e-05,6.12612599571366e-05
DEHHALKAPE0001OZ,2381.560546875,"(2010, 2015)",4.764868825210454e-06,5.819724149737886e-09,1.4665648699809402e-06,7.4365261109263e-05,9.87190303103726e-09,8.071462946786975e-08,,,,,,3.938674678234512e-09,,2.0137179332568913e-09,1.8803860629704892e-08,1.2392201499620579e-07,6.532774556858406e-09,-2.202118963208223e-06,7.461105868455616e-05,7.240893972134794e-05
DEHHALKAPE0001Oibt_0,1602.5595703125,"(1979, 1983)",,,,2.7966102082860658e-05,6.505443877463522e-09,2.8043652743981166e-08,,,,,,2.6503467262532165e-09,,1.3014750569472946e-09,1.0692723330566098e-08,1.765259777518079e-08,4.173820141879064e-09,-1.7668239618159455e-07,2.8037122142512927e-05,2.7860439746331333e-05
DEHHALKAPE0001Oibt_1,748.99365234375,"(1979, 1983)",,,,2.1751870179332293e-05,3.0433015454361465e-09,1.3114450972627153e-08,,,,,,1.2387298459234418e-09,,6.087677923413504e-10,5.002043459078835e-09,8.256597978289081e-09,1.9520483725302728e-09,-8.263998824480995e-08,2.1785086119298517e-05,2.1702446131053707e-05
DEHHALKAbr0000Mgbt_1,1207.75146484375,"(1979, 1983)",,,,2.9768468199273253e-05,4.753746519065686e-09,2.041578398688441e-08,,,,,,1.997406835846665e-09,,9.498130783372306e-10,7.811701352543968e-09,1.2868230056907052e-08,3.0397334258613403e-09,-1.287723132888328e-07,2.98203046145287e-05,2.9691532301239867e-05
DEHHALKAbr0000Mgbt_2,677.674560546875,"(1979, 1983)",,,,1.870069772251613e-05,2.6484242228448934e-09,1.14046072485287e-08,,,,,,1.1207790830254832e-09,,5.296479551379133e-10,4.352816522186878e-09,7.181883772812551e-09,1.6976534403438274e-09,-7.188029629053461e-08,1.8729633534761012e-05,1.865775323847048e-05
DEHHALKAbr0000MWbt_1,1306.641845703125,"(1979, 1983)",,,,3.173696535729171e-05,5.0107562836682835e-09,2.1732622195668646e-08,,,,,,2.160952525799259e-09,,1.0045512323877527e-09,8.23915139507532e-09,1.3651841972913122e-08,3.2328445752623445e-09,-1.3668824725531212e-07,3.1791998077472484e-05,3.1655309830217174e-05
DEHHALKAbr0000MWbt_4,473.2568359375,"(1979, 1983)",,,,1.4552862648028716e-05,1.8024373981530596e-09,7.838069766781501e-09,,,,,,7.82713856782387e-10,,3.616774246443061e-10,2.964231067078148e-09,4.919396751871852e-09,1.1657165555919077e-09,-4.9263162834226095e-08,1.4572696890849619e-05,1.4523433728015393e-05
DEHHALKA10001o2abt_1,186.56201171875,"(1979, 1983)",,,,4.953043580145235e-06,7.973184124281412e-10,2.878976326878743e-09,,,,,,3.0856337612871706e-10,,1.506396205317628e-10,1.297128012518131e-09,1.9334325864498704e-09,4.3622811772006493e-10,-1.9157875488929776e-08,4.960845866597891e-06,4.941687991108961e-06
DEHHALKA100050O4bt_0,131.423828125,"(1979, 1983)",,,,2.9569031851395453e-06,1.06298903605811e-09,3.3732807026213403e-09,,,,,,2.173759504980342e-10,,1.9344226797429298e-10,1.7181769000746073e-09,2.3856881614005213e-09,5.187571441242714e-10,-2.345724995694735e-08,2.9663728953022964e-06,2.942915645345349e-06
DEHHALKA100050O3bt_1,129.41162109375,"(1979, 1983)",,,,3.1745875149267848e-06,1.074974836166724e-09,3.397465735482984e-09,,,,,,2.1405025702309484e-10,,1.9540327385325747e-10,1.7372181253342502e-09,2.406885504791445e-09,5.227391807267951e-10,-2.3659904001980728e-08,3.184136251840163e-06,3.1604763478381822e-06
DEHHALKA100050O2bt_1,131.869140625,"(1979, 1983)",,,,2.9394140919026425e-06,1.093500174254421e-09,3.456916353301001e-09,,,,,,2.1811279563297867e-10,,1.9878503683880477e-10,1.7671774861812288e-09,2.4487223199960636e-09,5.31865247130391e-10,-2.4071472432000762e-08,2.9491291713159775e-06,2.9250576988839765e-06
DEHHALKA100050O2bt_2,2.0,"(1979, 1983)",,,,6.411401839546744e-07,1.0191910206617797e-11,3.52759467839382e-11,,,,,,3.310210633291429e-12,,1.901341597360024e-12,1.6544763708497955e-11,2.4116392598782447e-11,5.378408953686209e-12,-2.3853609807399487e-10,6.412369029291565e-07,6.409983668310826e-07
DEHHALKA1b4000CPbt_0,1713.072509765625,"(1979, 1983)",,,,4.330543812712084e-05,7.858062389838513e-09,3.1950544320486866e-08,,,,,,2.833116025197312e-09,,1.541496235898872e-09,1.286980704229904e-08,2.0529936010520922e-08,4.7820421580337655e-09,-2.0481513308184493e-07,4.338780313130313e-05,4.318298799822129e-05
DEHHALKA1b4000CPbt_1,1990.797119140625,"(1979, 1983)",,,,4.998268054202723e-05,9.132017400628374e-09,3.713039070185216e-08,,,,,,3.2924227050525835e-09,,1.7914047701421884e-09,1.4956269573765565e-08,2.3858246376188322e-08,5.55730561319176e-09,-2.38019636309192e-07,5.0078398599168047e-05,4.984037896285885e-05
DEHHALKA3zZ0002pbt_1,1350.97705078125,"(1979, 1983)",,,,3.328155874684749e-05,4.775348836555178e-09,2.173916661053761e-08,,,,,,2.234274729080276e-09,,9.736906193029312e-10,7.876731966225056e-09,1.3434435289856514e-08,3.2197267004157445e-09,-1.348680244091506e-07,3.333581212159947e-05,3.320094409719032e-05
DEHHALKA3zZ0002pbt_2,1268.55322265625,"(1979, 1983)",,,,3.134789363474552e-05,4.4799654286820195e-09,2.040201646929484e-08,,,,,,2.0979605967001075e-09,,9.135820638042419e-10,7.389690935725186e-09,1.2606555047420493e-08,3.0215880261887895e-09,-1.2655951568734554e-07,3.1398804993313334e-05,3.127224547762599e-05
DEHHALKA3zZ0002pbt_4,797.26171875,"(1979, 1983)",,,,2.1482007348600022e-05,2.8185863563435563e-09,1.283036582943687e-08,,,,,,1.3185448777514568e-09,,5.74693849151073e-10,4.649116956792479e-09,7.929228956585923e-09,1.900306834936331e-09,-7.96015874323179e-08,2.1514028192261017e-05,2.1434426604828698e-05
DEHHALKA3zZ0002pbt_6,1539.37646484375,"(1979, 1983)",,,,4.070565094107131e-05,5.4125116254022104e-09,2.4693560270781218e-08,,,,,,2.545853731273082e-09,,1.1044627594425998e-09,8.92899793803362e-09,1.524930328547054e-08,3.656630552415857e-09,-1.5310631672962682e-07,4.0767242261234136e-05,4.061413594450451e-05
DEHHALKA3zZ0002pbt_7,3402.38232421875,"(1979, 1983)",,,,7.69915189571157e-05,1.1964947749002184e-08,5.4583995814352606e-08,,,,,,5.626931234098114e-09,,2.4414748517106374e-09,1.973842138644787e-08,3.370798130164753e-08,8.082683220635898e-09,-3.384305278735971e-07,7.712766539267361e-05,7.678923486480001e-05
DEHHALKA3zZ0002pbt_10,1758.7646484375,"(1979, 1983)",,,,5.342384155917203e-05,6.198931010592984e-09,2.8253186894133592e-08,,,,,,2.908683338878584e-09,,1.2644881524989094e-09,1.0225678651845747e-08,1.745368194066006e-08,4.184206636344485e-09,-1.7523120796686481e-07,5.3494330415796984e-05,5.331909920783012e-05
DEHHALKAJ00010BSbt_0,1329.8388671875,"(1979, 1983)",,,,2.5778132065906597e-05,6.5492315473636255e-09,2.6007932587406683e-08,,,,,,2.199315849285421e-09,,1.2748755967381699e-09,1.0711315532485248e-08,1.685382992235412e-08,3.901575015325066e-09,-1.6791366003567095e-07,2.5845630141957556e-05,2.5677716481921886e-05
DEHHALKAJ00010d0bt_0,598.486328125,"(1979, 1983)",,,,1.78045308987267e-05,2.5634917021250617e-09,1.067446267986567e-08,,,,,,9.898243166095498e-10,,5.068701042099408e-10,4.204481252006927e-09,6.8012557343528626e-09,1.594011731156442e-09,-6.794394957260106e-08,1.783186529624703e-05,1.776392134667443e-05
DEHHALKAJ00010d0bt_2,1112.301025390625,"(1979, 1983)",,,,2.9156961337757063e-05,4.764044614677734e-09,1.9838029547531465e-08,,,,,,1.8395580997215228e-09,,9.41983859810737e-10,7.81369855096356e-09,1.2639542524203898e-08,2.962341269566463e-09,-1.262669489596143e-07,2.920776053622354e-05,2.9081493587263928e-05
DEHHALKAJ00010d0bt_4,819.23095703125,"(1979, 1983)",,,,2.2778894421666882e-05,3.506268069361763e-09,1.460426735586418e-08,,,,,,1.3548887069106962e-09,,6.93346354369282e-10,5.7508608491251945e-09,9.304143831874966e-09,2.1807671172376776e-09,-9.29485772660647e-08,2.2816288963951627e-05,2.2723340386685563e-05
DEHHALKAJ00010d0bt_6,1029.189453125,"(1979, 1983)",,,,2.6742215373131292e-05,4.215004737276454e-09,1.7837663925997884e-08,,,,,,1.7021077754317584e-09,,8.379680002769522e-10,6.9200576291198606e-09,1.130084444650352e-08,2.6595513706710276e-09,-1.1299547437548715e-07,2.6787688571016567e-05,2.667469309664108e-05
DEHHALKAJ00010iS,2019.51904296875,"(1949, 1957)",2.483666420530192e-11,3.740532698673554e-13,5.189984260418261e-10,4.190946997423947e-05,1.3394460405754854e-09,5.540827583024601e-09,,,,,,3.3399228618637973e-09,,5.688765372575733e-10,2.9728420503614954e-09,1.0862897489789873e-08,5.496280743675885e-10,-1.1114544580364245e-07,4.193464441487672e-05,4.182349896907308e-05
DEHHALKAJ00010OEbt_0,2138.53515625,"(1979, 1983)",,,,5.071175938293327e-05,8.806263769378903e-09,3.7193314644692276e-08,,,,,,3.5367547173784088e-09,,1.7495565382515215e-09,1.4456049809252543e-08,2.35795437285408e-08,5.546405640754856e-09,-2.3574077885523073e-07,5.080662727178153e-05,5.05708864929263e-05
DEHHALKAJ00010dobt_0,293.857421875,"(1979, 1983)",,,,1.1639153056442578e-05,1.1080988273670447e-09,4.837126252521214e-09,,,,,,4.860231473426429e-10,,2.226446487138182e-10,1.8227892148193992e-09,3.032091717636373e-09,7.191859811206566e-10,-3.037070114470377e-08,1.1651381016232099e-05,1.1621010315087395e-05
DEHHALKAJ00010dobt_1,1736.378173828125,"(1979, 1983)",,,,4.146781978147929e-05,6.6139672413602946e-09,2.876008281807502e-08,,,,,,2.8716591157027423e-09,,1.3271379606888448e-09,1.0877075778824896e-08,1.8050309317881164e-08,4.277193021981565e-09,-1.8075314125264384e-07,4.1540597206733805e-05,4.135984406548116e-05
DEHHALKAJ00010dobt_3,1949.3994140625,"(1979, 1983)",,,,4.5980508865527315e-05,7.41700309652128e-09,3.22659372763807e-08,,,,,,3.223958035004781e-09,,1.488494279405514e-09,1.2198051754419012e-08,2.024761373743425e-08,4.79838424748307e-09,-2.0276129585866058e-07,4.6062148307953965e-05,4.5859387012095306e-05
DEHHALKAJ00010iU,843.173828125,"(1958, 1968)",2.905501566828109e-12,1.0652787645935464e-13,1.1037386389243296e-10,2.0197352354292238e-05,2.9680920194412785e-10,3.917073204383315e-09,,,,,,1.394458539854931e-09,,2.0426915347535974e-10,7.953895273040557e-10,4.400660038382092e-09,1.1194643633954645e-11,-4.5689937150478133e-08,2.0208372208601218e-05,2.016268227145074e-05
DEHHALKAJ00010kQ,1875.9150390625,"(1979, 1983)",,,,3.5888964581764545e-05,1.0354096894630136e-08,3.893734541542756e-08,,,,,,3.1024275546860076e-09,,1.9808754217836654e-09,1.688187973603671e-08,2.574581966252415e-08,5.87384537205306e-09,-2.5570341752063775e-07,3.5991840871821684e-05,3.5736137454301045e-05
DEHHALKAJ00010hjbt_0,2279.134521484375,"(1979, 1983)",,,,4.092124099793813e-05,8.605204469881744e-09,3.754555393618866e-08,,,,,,3.7692805712271385e-09,,1.7287090067181384e-09,1.4154818834441174e-08,2.3536235649323594e-08,5.581843305543448e-09,-2.35728542452853e-07,4.101616264371145e-05,4.0780434101258594e-05
DEHHALKAJ00010hjbt_2,1692.25341796875,"(1979, 1983)",,,,3.0427586606271084e-05,6.410755325691286e-09,2.7934947064638703e-08,,,,,,2.798684314900803e-09,,1.2872921192545003e-09,1.0544276454372208e-08,1.751932822915243e-08,4.1535389252640586e-09,-1.7545343757392377e-07,3.049823542870436e-05,3.0322781991130435e-05
DEHHALKAJ00010mabt_1,385.5048828125,"(1979, 1983)",,,,8.398380037601569e-06,2.0645356668866476e-09,7.831982135189768e-09,,,,,,6.375837227805147e-10,,3.960561123773566e-10,3.3677668958723134e-09,5.161710556603861e-09,1.1804212023750036e-09,-5.129150395561928e-08,8.419020093893655e-06,8.367728589938035e-06
DEHHALKAJ00010mabt_2,1800.1064453125,"(1979, 1983)",,,,3.433538768106435e-05,9.660710512348458e-09,3.6626024590367255e-08,,,,,,2.977054245475588e-09,,1.852929906443801e-09,1.5758453540803048e-08,2.41439037321306e-08,5.520489903417908e-09,-2.399060656280612e-07,3.443192724749534e-05,3.419202118186728e-05
DEHHALKAJ00010FRbt_1,276.05224609375,"(1979, 1983)",,,,5.295316961871396e-06,2.1103991666672867e-09,6.757101788438503e-09,,,,,,4.565789607967045e-10,,3.850028897158943e-10,3.4126113922603038e-09,4.761122899268512e-09,1.0380004753733807e-09,-4.683875508873988e-08,5.314237779443916e-06,5.267399024355177e-06
DEHHALKAJ00010cH,3263.802978515625,"(1958, 1968)",1.332950877367803e-11,4.887157109525878e-13,5.063598670659291e-10,7.091150168976474e-05,1.0448301728724067e-09,8.605289710153074e-09,,,,,,5.397745676699059e-09,,7.210790514784535e-10,2.806769758373705e-09,1.5541547845426886e-08,1.456125396678574e-11,-1.6052072861865392e-07,7.09456335132337e-05,7.078511278461504e-05
DEHHALKAJ00010F3,630.4287109375,"(1979, 1983)",,,,1.1876186555170952e-05,3.4849120430209328e-09,1.3099595730303768e-08,,,,,,1.0426162153139345e-09,,6.66619499897806e-10,5.681852816590855e-09,8.663003516510077e-09,1.9762104914668436e-09,-8.60373731035408e-08,1.1910801365484057e-05,1.1824763992380516e-05
DEHHALKAJ00010GS,1089.8603515625,"(1984, 1994)",,,,3.525833261080188e-05,6.589212966942943e-09,2.216969364648748e-08,,,,,,1.8024338912835247e-09,,1.2509729161659683e-09,1.0730007320466146e-08,1.613242109440582e-08,3.646286331402439e-09,-1.5939551268690855e-07,3.532065363896903e-05,3.516125812628212e-05
DEHHALKAJ00010cWbt_1,794.0029296875,"(1979, 1983)",,,,1.4988958695980346e-05,4.093500422854521e-09,1.570523487469187e-08,,,,,,1.3131478785837097e-09,,7.880893800910904e-10,6.6817356627738375e-09,1.03070746777043e-08,2.364269573966435e-09,-1.0248658349564004e-07,1.5030211748451012e-05,1.4927725164955371e-05
DEHHALKAJ00010oBbt_0,4.0,"(1979, 1983)",,,,8.408703259939229e-07,1.7894119952881045e-11,7.179932109713254e-11,,,,,,6.618778261533121e-12,,3.4950257288066115e-12,2.9284392237068106e-11,4.63949206609632e-11,1.0770700943714071e-11,-4.627202288115118e-10,8.41056583252805e-07,8.405938630239934e-07
DEHHALKAJ00010oBbt_1,1232.595703125,"(1979, 1983)",,,,2.423717180044512e-05,7.415932957696e-09,2.7228188905113098e-08,,,,,,2.0384940765454047e-09,,1.4082751426827354e-09,1.2075500549321537e-08,1.8167697416247932e-08,4.117917216147903e-09,-1.8018789135764907e-07,2.430962380670887e-05,2.4129435915351222e-05
DEHHALKAJ00010g4,309.11474609375,"(1949, 1957)",7.373606227588766e-12,6.502673620274748e-14,1.1767134132302368e-10,7.075703817209008e-06,5.978166156041109e-10,2.0872474308540087e-09,,,,,,5.112205249432934e-10,,1.6891832234917509e-10,1.1767622667417074e-09,2.681924999139513e-09,3.7610387173200675e-10,-2.706376233626705e-08,7.083303811240373e-06,7.056240048904106e-06
DEHHALKAJ00010e6,2335.155029296875,"(1949, 1957)",2.871845231264101e-11,4.3251504728158787e-13,6.001140662616104e-10,4.929739612222263e-05,3.586394538631881e-09,1.2800024007155494e-08,,,,,,3.861928264869528e-09,,1.0687031750251504e-09,7.1966201260876465e-09,1.7426153998701792e-08,1.646741094254527e-09,-1.7633908178476309e-07,4.934498268742736e-05,4.91686436056426e-05
DEHHALKAJ00010eLbt_1,251.5595703125,"(1979, 1983)",,,,5.723395968883785e-06,1.8433023805311067e-09,5.943312610705231e-09,,,,,,4.160757278556601e-10,,3.36934225756933e-10,2.981698257316448e-09,4.175680157123696e-09,9.122339181118045e-10,-4.109694921356626e-08,5.740005206161186e-06,5.69890825694762e-06
DEHHALKAJ00010IHbt_1,156.59814453125,"(1979, 1983)",,,,2.7164809161914997e-06,1.8773425396971003e-09,5.037466331157146e-09,,,,,,2.590293478832005e-10,,3.27012713174895e-10,3.01238842696233e-09,3.833754534939383e-09,7.9192987820451e-10,-3.7307861437651936e-08,2.7316198399635185e-06,2.6943119785258667e-06
DEHHALKAJ00010IHbt_3,1.0,"(1979, 1983)",,,,4.6406722724945274e-07,7.539514086189072e-12,2.0230750414141458e-11,,,,,,1.6557518562236879e-12,,1.3133015979826602e-12,1.2098329564961359e-11,1.542081105381105e-11,3.1868103862347235e-12,-1.5020105494995397e-10,4.641286725184123e-07,4.6397847146346235e-07
DEHHALKAJ00010hfbt_0,349.47265625,"(1979, 1983)",,,,7.315712985036958e-06,2.012319166051037e-09,7.477621317022554e-09,,,,,,5.779926062540014e-10,,3.83554941587901e-10,3.278838261215817e-09,4.966660509960659e-09,1.1294566543160648e-09,-4.929409594794455e-08,7.335539428493366e-06,7.286245332545422e-06
DEHHALKAJ00010hfbt_1,1898.00390625,"(1979, 1983)",,,,3.552844275591429e-05,1.0917683712512753e-08,4.0580956778830665e-08,,,,,,3.138959113269865e-09,,2.0811338858827792e-09,1.7789363060626983e-08,2.695083723926816e-08,6.1293008604084176e-09,-2.674902828310187e-07,3.56360309905651e-05,3.536854070773408e-05
DEHHALKAJ00010hfbt_2,343.4482421875,"(1979, 1983)",,,,7.171222395788706e-06,1.975580380774891e-09,7.343218960762508e-09,,,,,,5.68028929068034e-10,,3.7658603994945376e-10,3.219027483299882e-09,4.876856675968916e-09,1.109121756287316e-09,-4.8403598749746136e-08,7.190690816014817e-06,7.142287217265071e-06
DEHHALKAJ00010Nkbt_0,1238.1494140625,"(1979, 1983)",,,,2.2254712110068443e-05,4.6712674428783945e-09,2.0387264907126283e-08,,,,,,2.047677631132937e-09,,9.38510750284138e-10,7.683974846253592e-09,1.2778919059267857e-08,3.0308644009574245e-09,-1.279900758689038e-07,2.2306250589106346e-05,2.2178260513237444e-05
DEHHALKAJ00010nL,362.155517578125,"(1979, 1983)",,,,6.909337269640546e-06,2.089898876239961e-09,7.521938229415541e-09,,,,,,5.989404027022571e-10,,3.9446394192452345e-10,3.3993906620689737e-09,5.057480911279187e-09,1.140055116521122e-09,-5.010204343636458e-08,6.929539437780698e-06,6.879437394344333e-06
DEHHALKAJ00010m4,648.736328125,"(1958, 1968)",2.2354873395644177e-12,8.196234407663572e-14,8.49214394400419e-11,2.170213646341724e-05,3.194167938797626e-10,3.2858929896622415e-09,,,,,,1.0728937664933111e-09,,2.2018835161710996e-10,8.572062860135984e-10,4.7415724287315815e-09,8.367612493117202e-12,-4.8729177952170144e-08,2.1712642001646128e-05,2.1663912823693958e-05
DEHHALKAJ00010FLbt_0,2049.407958984375,"(1979, 1983)",,,,4.7641603917070635e-05,7.966260939300213e-09,3.4374055550362776e-08,,,,,,3.3893542356003243e-09,,1.5942516096811395e-09,1.3094613294968507e-08,2.1630916535371267e-08,5.115723165263796e-09,-2.1651613121030576e-07,4.772876909240118e-05,4.7512252961190875e-05
DEHHALKAJ00010cMbt_0,2602.054443359375,"(1979, 1983)",,,,4.666438357360706e-05,9.974103065176937e-09,4.3266809981747974e-08,,,,,,4.303332294893672e-09,,1.999712143531029e-09,1.640050537974336e-08,2.7176598812480194e-08,6.435839812165433e-09,-2.7210189099433413e-07,4.6773940475096795e-05,4.650183858410246e-05
DEHHALKAJ00010cMbt_1,1469.501953125,"(1979, 1983)",,,,2.7198829207406304e-05,5.623373401305041e-09,2.4409383518529122e-08,,,,,,2.4302933112034493e-09,,1.12768157264693e-09,9.246939105233594e-09,1.5328605634289572e-08,3.6306375268334378e-09,-1.534811932829149e-07,2.726062612147634e-05,2.7107144928193425e-05
DEHHALKAJ00010mCbt_1,444.7900390625,"(1979, 1983)",,,,1.0083832662077692e-05,2.8958318798377767e-09,1.0415107150414323e-08,,,,,,7.356413374398404e-10,,5.464622952641373e-10,4.710125950813895e-09,7.004729587065431e-09,1.5786873842280735e-09,-6.938971367132981e-08,1.0111719247662753e-05,1.0042329533991423e-05
DEHHALKAJ00010mCbt_2,996.7177734375,"(1979, 1983)",,,,1.9596930712509093e-05,6.5120864392732725e-09,2.3400365103802936e-08,,,,,,1.6484076525735007e-09,,1.2285406376042913e-09,1.059152863653499e-08,1.5743300896511206e-08,3.547253007612293e-09,-1.5594603482221917e-07,1.9659602194883005e-05,1.9503656160060788e-05
DEHHALKAJ00010mCbt_3,827.095703125,"(1979, 1983)",,,,1.623532788628972e-05,5.397686606660898e-09,1.9401523279949925e-08,,,,,,1.3678906251451405e-09,,1.0183922683329957e-09,8.779157035534064e-09,1.3051497520518012e-08,2.9409767536617616e-09,-1.292844337312514e-07,1.628728501037952e-05,1.6158000576648267e-05
DEHHALKAJ00010mCbt_5,955.916015625,"(1979, 1983)",,,,1.9121495917460877e-05,6.068978675552534e-09,2.196876745188039e-08,,,,,,1.5809308047951706e-09,,1.1474996504074937e-09,9.874695472041929e-09,1.4738370985341569e-08,3.327584543523409e-09,-1.4605459349993136e-07,1.918020274504442e-05,1.9034148151544487e-05
DEHHALKAJ00010mCbt_6,404.677734375,"(1979, 1983)",,,,9.264019387098716e-06,2.640956274584459e-09,9.492691661544478e-09,,,,,,6.693034964329606e-10,,4.982744733129504e-10,4.2954283838712195e-09,6.3858497108853645e-09,1.438966699535245e-09,-6.325679681361397e-08,9.289440857798882e-06,9.226184060985269e-06
DEHHALKAJ00010mCbt_7,1208.5849609375,"(1979, 1983)",,,,2.4235790576862416e-05,7.880101943486924e-09,2.8330923394890743e-08,,,,,,1.998788890274888e-09,,1.4868589469907267e-09,1.2816880829583347e-08,1.9056666199119247e-08,4.294436962636014e-09,-1.8877264917486669e-07,2.4311655234029396e-05,2.412288258485453e-05
DEHHALKAJ00010mCbt_8,772.966796875,"(1979, 1983)",,,,1.565622297361697e-05,4.912302028177882e-09,1.777724086585978e-08,,,,,,1.2783752277753804e-09,,9.287274894427338e-10,7.992584861861684e-09,1.1927548155092213e-08,2.6927759276167543e-09,-1.181981367415033e-07,1.5703732528172796e-05,1.5585534391431294e-05
DEHHALKAJ00010H1,548.575927734375,"(1958, 1968)",1.680305388353172e-12,6.16070446728017e-14,6.383125046264577e-11,1.8014956946811354e-05,2.6489770113859873e-10,3.195593427163528e-09,,,,,,9.072464038165383e-10,,1.8242351288340264e-10,7.102746987787484e-10,3.927944884604496e-09,9.136995998752414e-12,-4.046936272785509e-08,1.8024154464435738e-05,1.7983685101707882e-05
DEHHALKAJ00010oXbt_1,218.86474609375,"(1979, 1983)",,,,4.859423357432617e-06,1.7280526785109965e-09,5.504460709159152e-09,,,,,,3.6199968497778057e-10,,3.147988543371933e-10,2.79365779001259e-09,3.886836450539594e-09,8.461112717126344e-10,-3.8225999463421814e-08,4.874859274871867e-06,4.836633275408445e-06
DEHHALKAJ00010oXbt_3,2.0,"(1979, 1983)",,,,3.8219546200268623e-07,8.580902923244063e-12,3.09531368663866e-11,,,,,,3.309189730152349e-12,,1.62072159779108e-12,1.3959507101186378e-11,2.081280198830293e-11,4.695218682584077e-12,-2.0631119191946564e-10,3.8227939348157595e-07,3.820730822896565e-07
DEHHALKAJ00010IT,575.7099609375,"(1958, 1968)",1.763417788832111e-12,6.465429394347629e-14,6.698851490296416e-11,1.85536217289781e-05,2.7279982055051047e-10,3.325853504364477e-09,,,,,,9.521212346320964e-10,,1.8785181927950653e-10,7.314164542041377e-10,4.044902651193721e-09,9.54811984882913e-12,-4.169303210774046e-08,1.856314622258217e-05,1.852145319047443e-05
DEHHALKAJ00010c6bt_0,1959.10400390625,"(1979, 1983)",,,,4.6544922880659514e-05,7.823778537064304e-09,3.3418986955792525e-08,,,,,,3.2400077338641816e-09,,1.5603285386825054e-09,1.2852241538788707e-08,2.110368153762176e-08,4.978285613523916e-09,-2.1112048084080844e-07,4.662990019111485e-05,4.641877971027404e-05
DEHHALKAJ00010mKbt_1,587.4423828125,"(1979, 1983)",,,,1.1384743744560874e-05,3.208559064094145e-09,1.2102461072149095e-08,,,,,,9.715462900899789e-10,,6.144189110958634e-10,5.232282866186779e-09,7.993235401772826e-09,1.825127921987512e-09,-7.94014523457938e-08,1.141669137608825e-05,1.1337289923742457e-05
DEHHALKAJ00010mKbt_5,1272.263671875,"(1979, 1983)",,,,2.4666072124773694e-05,6.956584429277182e-09,2.6231487371280155e-08,,,,,,2.104096990456343e-09,,1.3320108684795215e-09,1.1344089505903921e-08,1.732699220078537e-08,3.956005114046682e-09,-1.7211594829446132e-07,2.4735323391253924e-05,2.4563207442959462e-05
DEHHALKAJ00010mKbt_6,4.0,"(1979, 1983)",,,,2.9056661294985404e-07,1.6099338505329865e-11,6.698339064083802e-11,,,,,,6.6164249522036e-12,,3.1823942626201728e-12,2.6403989818230004e-11,4.270047352907791e-11,1.0005893049239962e-11,-4.26605193891328e-10,2.9073860485461166e-07,2.9031199966072033e-07
DEHHALKAJ00010mKbt_7,1081.10546875,"(1979, 1983)",,,,2.0901063141381807e-05,5.705579470726045e-09,2.1738039159108954e-08,,,,,,1.7879564954714629e-09,,1.096031858058801e-09,9.309448069149632e-09,1.4303399747205476e-08,3.274813690426757e-09,-1.4216633975323653e-07,2.0958278409871954e-05,2.0816112070118717e-05
DEHHALKAJ00010jFbt_0,1671.42822265625,"(1979, 1983)",,,,4.108754005850647e-05,6.708838966047784e-09,2.8602711554852723e-08,,,,,,2.7642436431510077e-09,,1.3371155215948412e-09,1.101942199176428e-08,1.8074121594107618e-08,4.261593969485908e-09,-1.80794373962732e-07,4.116030810574747e-05,4.097951373178474e-05
DEHHALKAJ00010jFbt_2,3374.3359375,"(1979, 1983)",,,,7.964360711747569e-05,1.34208136466011e-08,5.7413493488368745e-08,,,,,,5.5805476832617085e-09,,2.677950921308614e-09,2.2048664141265422e-08,3.623685666173394e-08,8.551428676236528e-09,-3.6254258153844006e-07,7.978953687269444e-05,7.942699429115601e-05
DEHHALKAJ00010jFbt_3,267.119140625,"(1979, 1983)",,,,9.486516291902148e-06,1.0593581566715597e-09,4.536755038836645e-09,,,,,,4.417962990713206e-10,,2.114588768190078e-10,1.7405086510676228e-09,2.86250286303779e-09,6.757020452341891e-10,-2.8641383897849916e-08,9.498044373832887e-06,9.469402989935037e-06
DEHHALKAJ00010Hg,2041.070556640625,"(1958, 1968)",7.50223627601735e-12,2.7506345489702713e-13,2.849941005270159e-10,5.9509050521729225e-05,8.760564718700078e-10,8.655973814274497e-09,,,,,,3.3755652065596224e-09,,6.040431517687496e-10,2.3515017124254044e-09,1.3010690406394279e-08,2.0621907122016454e-11,-1.339336700197021e-07,5.9537944974399636e-05,5.9404011304379934e-05
DEHHALKAJ00010vcbt_0,542.23388671875,"(1979, 1983)",,,,1.0676842930589926e-05,2.4916898271639405e-09,1.0125020065722788e-08,,,,,,8.967708249553851e-10,,4.88691788992357e-10,4.080700431204421e-09,6.507104305260607e-09,1.5154593546945977e-09,-6.491449949553242e-08,1.0702948367187919e-05,1.0638033867692387e-05
DEHHALKAJ00010vcbt_1,1980.101318359375,"(1979, 1983)",,,,4.8728707983278934e-05,8.665188216281205e-09,3.580991235127138e-08,,,,,,3.274733673618611e-09,,1.7090098688983184e-09,1.4205566012021856e-08,2.2876916669968412e-08,5.3512142593087456e-09,-2.2843839158456257e-07,4.88206005243303e-05,4.859216213274574e-05
DEHHALKAJ00010t7bt_1,808.16796875,"(1979, 1983)",,,,1.5232671146612155e-05,4.05779046369564e-09,1.569364013078774e-08,,,,,,1.3365727391926598e-09,,7.83207915513647e-10,6.6264566795270566e-09,1.0268904289249666e-08,2.360580484830307e-09,-1.0215413657691622e-07,1.527379829931495e-05,1.5171644162738032e-05
DEHHALKAJ000115Vbt_1,150.711669921875,"(1979, 1983)",,,,3.3367898362352278e-06,1.605881297739811e-09,4.309055379155502e-09,,,,,,2.49295639776754e-10,,2.797271084558954e-10,2.5768019642851836e-09,3.2794528949590207e-09,6.774321204505466e-10,-3.1914022608253186e-08,3.349767482640051e-06,3.317853460031798e-06
DEHHALKAJ00010us,2035.4248046875,"(1949, 1957)",2.503227813828936e-11,3.769993189285632e-13,5.230860652873032e-10,4.22411747559143e-05,1.3503716018794899e-09,5.5856865027003705e-09,,,,,,3.366228143495373e-09,,5.734426276880971e-10,2.9969599905135234e-09,1.0949613981129242e-08,5.542253291751827e-10,-1.1203232180010745e-07,4.226655128409087e-05,4.215451896229077e-05
DEHHALKAJ00010uR,297.6181640625,"(1958, 1968)",6.83710375532753e-13,2.5067690635680526e-14,2.5972712179012493e-11,9.058288964130702e-06,1.3290077133630368e-10,2.1585626085557285e-09,,,,,,4.922071854317626e-10,,9.130774257855549e-11,3.5561616865162287e-10,1.96567864610693e-09,7.15313353996453e-12,-2.0383603078007557e-08,9.063492390386901e-06,9.043108787308893e-06
DEHHALKAJ00011Iz,3129.6142578125,"(1969, 1978)",,,,0.0013605060622249297,0.0001121673233902512,1.224416090677749e-07,,,,,,5.175821562225989e-09,,1.2966394025549318e-09,0.00011217042180289383,4.27165523688195e-06,1.5101380795610023e-09,1.6868459380172186e-05,0.0015892458868630689,0.001606114346243241
DEHHALKAJ00011Ad,125.828369140625,"(1919, 1948)",,,,4.2440726965867047e-07,2.4153254028487645e-09,7.563139633862287e-09,,,,,,2.0809767437899945e-10,,4.833104603247136e-10,4.452176976176928e-09,5.665960337513226e-09,1.1705234919375379e-09,-5.5705882585266625e-08,4.463658036357129e-07,3.906599210504463e-07
DEHHALKAJ00010ta,4191.6552734375,"(1969, 1978)",1.9258758685870807e-12,7.06106886835605e-14,7.315995400587823e-11,0.001829449550690567,0.00015023165649440847,1.658705326973248e-07,,,,,,6.932247221909814e-09,,1.8123872783806151e-09,0.00015023597939918008,5.722884705618179e-06,2.268087713747204e-09,2.2575483161454205e-05,0.0021358169545446855,0.00215839243770614
DEHHALKAJ00011DAbt_2,3132.5771484375,"(1979, 1983)",,,,5.855004849435253e-05,1.744349983039996e-08,6.543245693604602e-08,,,,,,5.180722119516424e-09,,3.334547236300784e-09,2.84368621698767e-08,4.3305664759705355e-08,9.873323542259376e-09,-4.3004183714844925e-07,5.8723055570946635e-05,5.829301373379818e-05
DEHHALKAJ00011DAbt_3,4.0,"(1979, 1983)",,,,2.935676260161526e-07,1.761726536788645e-11,7.105643820759775e-11,,,,,,6.616449522655068e-12,,3.4468006622140227e-12,2.8839659693685812e-11,4.58003019589103e-11,1.0646219926226253e-11,-4.5677115405968413e-10,2.937516491514918e-07,2.932948779974321e-07
DEHHALKAJ00011DAbt_4,739.1328125,"(1979, 1983)",,,,1.4783950294296191e-05,4.114698113464022e-09,1.5435855542036537e-08,,,,,,1.222414714430468e-09,,7.865956829712563e-10,6.707920533655989e-09,1.0215787609422923e-08,2.329163156174499e-09,-1.0144740073401405e-07,1.4824762729648347e-05,1.4723315328914333e-05
DEHHALKAJ00011Apbt_0,749.1240234375,"(1979, 1983)",,,,1.4673326180737512e-05,3.949287160440531e-09,1.5051416917384933e-08,,,,,,1.238932559255077e-09,,7.5872721808176e-10,6.44392738134131e-09,9.90250932081873e-09,2.267408821328512e-09,-9.842625691378719e-08,1.4712938390116162e-05,1.4614512133202375e-05
DEHHALKAJ00011Apbt_2,1633.02734375,"(1979, 1983)",,,,3.121628983371156e-05,8.634934738324742e-09,3.288010792941784e-08,,,,,,2.7007353719693745e-09,,1.6584592384498375e-09,1.408865124904513e-08,2.1639323502335652e-08,4.953641316798494e-09,-2.150734314725591e-07,3.130284568705789e-05,3.1087772255585335e-05
DEHHALKAJ000114x,1902.276611328125,"(1969, 1978)",8.740099989496589e-13,3.20448731659067e-14,3.320179268394186e-11,0.0008307228478533692,6.817883722415774e-05,7.529674871370043e-08,,,,,,3.1460248749352187e-09,,8.251705947140503e-10,6.818080558175168e-05,2.5972436412026413e-06,1.0294683174406026e-09,1.024474018981635e-05,0.000969760031712982,0.0009800047719027984
DEHHALKAJ00010q6bt_0,1468.360595703125,"(1979, 1983)",,,,3.69468598768262e-05,6.191992007472138e-09,2.592791675867103e-08,,,,,,2.4284064760708076e-09,,1.2266136996128699e-09,1.015918022017543e-08,1.648728350160912e-08,3.869649384412713e-09,-1.6475607860998116e-07,3.701315091887422e-05,3.684839484026424e-05
DEHHALKAJ00010q6bt_2,781.785888671875,"(1979, 1983)",,,,2.5290814619935073e-05,3.27939343858213e-09,1.3758002944962629e-08,,,,,,1.2929754677634237e-09,,6.500521511784525e-10,5.381121052496246e-09,8.743040365676546e-09,2.0530417238895645e-09,-8.737935470607345e-08,2.5325972247079624e-05,2.523859289237355e-05
DEHHALKAJ00010smbt_1,2395.46142578125,"(1979, 1983)",,,,5.7561877347730083e-05,1.051716276527743e-08,4.34136992973658e-08,,,,,,3.961664814887461e-09,,2.073479148628494e-09,1.7240468018254134e-08,2.7745715276149514e-08,6.488173008047165e-09,-2.770377704291251e-07,5.767331771005869e-05,5.7396279939629566e-05
DEHHALKAJ00010wVbt_1,2108.89404296875,"(1979, 1983)",,,,5.165890201731373e-05,8.931840663354335e-09,3.734227811578318e-08,,,,,,3.4877337122268046e-09,,1.7684423408191768e-09,1.465304041065295e-08,2.375849078757285e-08,5.57400962613288e-09,-2.3739554929123454e-07,5.1754417852970276e-05,5.151702230367904e-05
DEHHALKAJ000116bbt_0,1521.22265625,"(1979, 1983)",,,,2.885715203704258e-05,7.929834528900937e-09,3.032332180808701e-08,,,,,,2.515830439998729e-09,,1.5250710940107575e-09,1.2941292459864454e-08,1.9925169050678923e-08,4.566438847163041e-09,-1.9808470923274265e-07,2.8936878995271283e-05,2.873879428603854e-05
DEHHALKAJ000116bbt_1,364.42578125,"(1979, 1983)",,,,7.993548090817158e-06,1.899679926212609e-09,7.2642884949191795e-09,,,,,,6.027218873385112e-10,,3.653477172544329e-10,3.100231298396727e-09,4.773353311530107e-09,1.0939563390424169e-09,-4.745427549969192e-08,8.012647669791852e-06,7.96519339429216e-06
DEHHALKAJ000112ibt_0,2711.553955078125,"(1979, 1983)",,,,4.882643928515808e-05,1.1006693685681913e-08,4.673204906818106e-08,,,,,,4.484424896803419e-09,,2.1906176542071904e-09,1.807406812008114e-08,2.9571739979221628e-08,6.965189347114364e-09,-2.957310991027564e-07,4.8945464067909365e-05,4.864973296880661e-05
DEHHALKAJ00010qnbt_0,245.83203125,"(1979, 1983)",,,,5.6079636178224774e-06,1.84152428754629e-09,5.915837404953723e-09,,,,,,4.066033164652137e-10,,3.362636051179668e-10,2.978300227805503e-09,4.162679059455239e-09,9.08417213873779e-10,-4.095990595846224e-08,5.6245132429376965e-06,5.583553336979234e-06
DEHHALKAJ00011CB,771.3798828125,"(1958, 1968)",2.6581060552073237e-12,9.745731914166968e-14,1.0097583126392508e-10,1.8549257548775382e-05,2.725806325537318e-10,3.6144012940493345e-09,,,,,,1.2757242134620248e-09,,1.8758801920680003e-10,7.30439274586825e-10,4.041267893237191e-09,1.036268799318066e-11,-4.196130796453769e-08,1.8559389912790474e-05,1.8517428604825936e-05
DEHHALKAJ00010tV,784.91015625,"(1958, 1968)",2.7047301668210453e-12,9.916675466864337e-14,1.0274698272641643e-10,1.8860685134001635e-05,2.7715880642050347e-10,3.671799319760161e-09,,,,,,1.2981008624425808e-09,,1.907399675814951e-10,7.427118512469449e-10,4.109175795517309e-09,1.0520879064310512e-11,-4.266587362713271e-08,1.8870985341483665e-05,1.8828319467856533e-05
DEHHALKAJ00010qObt_1,255.96484375,"(1979, 1983)",,,,2.9691003412028842e-06,1.3198107162141642e-09,4.556091926999735e-09,,,,,,4.233375330194083e-10,,2.4602523365982503e-10,2.1421194844676366e-09,3.113743948879388e-09,6.937358692089189e-10,-3.077028095696852e-08,2.9815952059153333e-06,2.950824924958365e-06
DEHHALKAJ00010txbt_0,3319.781494140625,"(1979, 1983)",,,,7.710092801619199e-05,1.2794201266897888e-08,5.538609931342517e-08,,,,,,5.490324377048447e-09,,2.563301819548616e-09,2.1034896283897653e-08,3.4814446703461716e-08,8.240367160913664e-09,-3.485401558904402e-07,7.724125165311717e-05,7.689271149722673e-05
DEHHALKAJ00010txbt_1,5.0,"(1979, 1983)",,,,7.890508888995266e-07,1.877440806159867e-11,8.208942655762253e-11,,,,,,8.272358716318297e-12,,3.774383728658137e-12,3.088709434068205e-11,5.145954464233165e-11,1.2211577281183643e-11,-5.156536254559075e-10,7.892583576928548e-07,7.887427040673989e-07
DEHHALKAJ00010txbt_3,1025.52490234375,"(1979, 1983)",,,,2.5912696847691393e-05,3.913627845949192e-09,1.7005738282520464e-08,,,,,,1.6960434092892632e-09,,7.85101964503104e-10,6.435909472134739e-09,1.0675790391934379e-08,2.5292766450672006e-09,-1.069019569486791e-07,2.595573833570279e-05,2.584883637875411e-05
DEHHALKAJ00010txbt_4,917.706298828125,"(1979, 1983)",,,,2.3819966802591493e-05,3.5102724136811406e-09,1.523958469680932e-08,,,,,,1.5177370216408556e-09,,7.039718646793661e-10,5.772274107298695e-09,9.569973186399295e-09,2.2667883131293606e-09,-9.582437038040884e-08,2.3858547404195128e-05,2.376272303381472e-05
DEHHALKAJ000115Cbt_1,2089.410400390625,"(1979, 1983)",,,,4.974826350698857e-05,8.581532801242665e-09,3.627872477046061e-08,,,,,,3.455511178608436e-09,,1.7054582257950145e-09,1.4087969086030652e-08,2.2992079537030956e-08,5.409535095550579e-09,-2.2987976676750305e-07,4.9840774317683286e-05,4.9610894550915785e-05
DEHHALKAJ00010wo,2266.988525390625,"(1949, 1957)",2.7880119753478745e-11,4.198893165313217e-13,5.825958812465731e-10,4.78712108047766e-05,3.5549859096291345e-09,1.2655846129193882e-08,,,,,,3.749193075619384e-09,,1.052170318993537e-09,7.12162262495224e-09,1.7089372188990502e-08,1.6340798360681594e-09,-1.728801584701594e-07,4.7918068074860044e-05,4.7745187916389885e-05
DEHHALKAJ00011CH,281.9130859375,"(1979, 1983)",,,,9.307174015665903e-06,1.8391403308593407e-09,6.052466413902867e-09,,,,,,4.662338073375725e-10,,3.3812183744797466e-10,2.9779102308289298e-09,4.216997885991218e-09,9.267721970739859e-10,-4.155569222521087e-08,9.323991658369346e-06,9.282435966144135e-06
DEHHALKAJ00011Az,630.8408203125,"(1979, 1983)",,,,1.1847359464766267e-05,3.180421355860179e-09,1.2285007401598912e-08,,,,,,1.0432977667168092e-09,,6.136194749209719e-10,5.193325484485577e-09,8.04223033937045e-09,1.8481020850673949e-09,-7.999762552949091e-08,1.1879565468674288e-05,1.1799567843144798e-05
DEHHALKAJ000116qbt_0,492.901611328125,"(1979, 1983)",,,,1.496552593599978e-05,2.0143064028828034e-09,8.531172608149846e-09,,,,,,8.152045107313383e-10,,4.0056323683520865e-10,3.307186420599376e-09,5.4034516523594364e-09,1.271912361515047e-09,-5.403130458722725e-08,1.4987269733192854e-05,1.4933238428605627e-05
DEHHALKAJ000116qbt_1,3410.601806640625,"(1979, 1983)",,,,8.002323771702997e-05,1.3989962947976966e-08,5.917070328090824e-08,,,,,,5.640524946501937e-09,,2.7807467771830725e-09,2.2967441399955512e-08,3.749396885942903e-08,8.822561750203022e-09,-3.748822115049127e-07,8.017410362699213e-05,7.979922141548721e-05
DEHHALKAJ000116qbt_2,500.728759765625,"(1979, 1983)",,,,1.5146927155260415e-05,2.046054045162165e-09,8.666004044120725e-09,,,,,,8.281491605985729e-10,,4.0688244215310565e-10,3.3593200991902894e-09,5.488765961076364e-09,1.2920083848290814e-09,-5.488451194844082e-08,1.5169014339397545e-05,1.5114129827449104e-05
DEHHALKAJ00011dJbt_0,2015.93505859375,"(1979, 1983)",,,,4.823360259575271e-05,8.336532532500166e-09,3.515530458431805e-08,,,,,,3.3339961494186966e-09,,1.6553742658621577e-09,1.3683657812872312e-08,2.2299497677695166e-08,5.2432572158267745e-09,-2.2292429457365132e-07,4.8323310215991205e-05,4.8100385921417555e-05
DEHHALKAJ00011cK,1854.052734375,"(1969, 1978)",1.064816637847123e-12,3.9040645010656925e-14,4.045013363542593e-11,0.0007743613265822672,6.229755279715125e-05,7.084902269975091e-08,,,,,,3.0662712177025837e-09,,9.21747995668563e-10,6.229975972435116e-05,2.3767986884135454e-06,9.844078630815078e-10,9.324271667723884e-06,0.0009014112592419594,0.0009107355309096833
DEHHALKAJ00017ydbt_0,1094.767578125,"(1979, 1983)",,,,2.1137582051875638e-05,5.751226648037442e-09,2.194175928838413e-08,,,,,,1.8105508499266332e-09,,1.105274389535175e-09,9.384643076755844e-09,1.443013016711814e-08,3.3050384696570555e-09,-1.4343719235930883e-07,2.119531067476505e-05,2.105187348240574e-05
DEHHALKAJ00017ydbt_1,1008.275390625,"(1979, 1983)",,,,1.9527934995626554e-05,5.463495741805546e-09,2.0655407408275892e-08,,,,,,1.66751145786265e-09,,1.046979888602999e-09,8.910607758720511e-09,1.3630376093082685e-08,3.1142179884237167e-09,-1.3541646802971985e-07,1.9582423591963328e-05,1.9447007123933607e-05
DEHHALKAJ00017ydbt_2,4.0,"(1979, 1983)",,,,3.145209278761669e-07,1.6254472540025114e-11,6.739966122549114e-11,,,,,,6.616533614132951e-12,,3.2094169292453305e-12,2.6652939573671678e-11,4.301854459869071e-11,1.00716679397078e-11,-4.29707530709343e-10,3.1469415111258793e-07,3.142644435818786e-07
DEHHALKAJ00017xx,1821.58984375,"(1949, 1957)",2.591074260249749e-11,3.4502712742875086e-13,5.05681706348113e-10,3.827514206803232e-05,3.3139635224334706e-09,1.1587908232924774e-08,,,,,,3.0125834676523443e-09,,9.345046465153607e-10,6.557542327181577e-09,1.4748918602618668e-08,1.5870283204564612e-09,-1.4889137080866765e-07,3.831688451715211e-05,3.8167993146343446e-05
DEHHALKAJ00018HM,2063.482666015625,"(1919, 1948)",1.2641025124085685e-11,4.634730120652745e-13,4.802058282934672e-10,3.748348138605077e-05,1.1930198348480662e-08,3.8517052951705854e-08,,,,,,3.4126308252976534e-09,,2.644404187865966e-09,2.2434344303618313e-08,3.45722733976484e-08,5.526806403449308e-09,-3.446800961143672e-07,3.760251909646884e-05,3.7257839000354474e-05
DEHHALKAJ00018Kk,5639.3310546875,"(1969, 1978)",,,,0.002455195985928133,0.00020211719688033216,2.209568916510371e-07,,,,,,9.326443728347421e-09,,2.3786326192822266e-09,0.0002021228831567067,7.698110985174554e-06,2.7231902157921927e-09,3.0386545856969986e-05,0.002867369562108561,0.002897756107965531
DEHHALKAJ00018CN,1930.560302734375,"(1984, 1994)",,,,5.108564235456461e-05,8.160610743453337e-09,3.037897027854352e-08,,,,,,3.1928010354192235e-09,,1.6164903154349129e-09,1.3391060852686634e-08,2.1721493000926387e-08,5.079954988587358e-09,-2.1592038543821587e-07,5.116918373577966e-05,5.0953263350341444e-05
DEHHALKAJ00018HHbt_1,242.92333984375,"(1979, 1983)",,,,5.043939806910817e-06,2.1306421632544488e-09,6.6800962386353815e-09,,,,,,4.0179307222582814e-10,,3.8644152535522716e-10,3.441941924914315e-09,4.7482838322493005e-09,1.0288070339105953e-09,-4.6653050159706504e-08,5.062757812701362e-06,5.016104762541655e-06
DEHHALKAJ00018HHbt_4,2.0,"(1979, 1983)",,,,3.106515827455171e-07,6.91022870344908e-12,2.647022287781458e-11,,,,,,3.3088791555450754e-12,,1.329708264904767e-12,1.1278677104797858e-11,1.7397391526639642e-11,3.989496373386412e-12,-1.7305385970558017e-10,3.107222673495237e-07,3.105492134898181e-07
DEHHALKAJ00018Aqbt_0,256.037109375,"(1979, 1983)",,,,5.149361249199051e-06,2.037894441131536e-09,6.48320980675304e-09,,,,,,4.234793357740951e-10,,3.7111218539985274e-10,3.294366239461291e-09,4.580332233730491e-09,9.967038833293701e-10,-4.5042717978567953e-08,5.16754834732463e-06,5.122505629346062e-06
DEHHALKAJ00018Aqbt_3,2.0,"(1979, 1983)",,,,4.5057534000727965e-07,1.0220550336099993e-11,3.5352796738027995e-11,,,,,,3.3094860738815456e-12,,1.9063303973523607e-12,1.6590548607056343e-11,2.4164685242733085e-11,5.387808900630361e-12,-2.389493871299501e-10,4.506722722135755e-07,4.504333228264455e-07
DEHHALKAJ00018JBbt_0,2957.1845703125,"(1979, 1983)",,,,5.6873494689990884e-05,1.871123554208201e-08,6.779127907947163e-08,,,,,,4.890654337831534e-09,,3.5387956423897718e-09,3.044604617838447e-08,4.546421709551103e-08,1.0267259957959161e-08,-4.505646890144505e-07,5.7054604177824517e-05,5.6604039488810065e-05
DEHHALKAJ00018JBbt_2,1032.3818359375,"(1979, 1983)",,,,2.0517978110548068e-05,6.341932839418345e-09,2.3155851936507206e-08,,,,,,1.7073851824188007e-09,,1.2022725507553708e-09,1.0323589279073603e-08,1.5483350706565615e-08,3.5041206575876325e-09,-1.5351468221561996e-07,2.0579696613700393e-05,2.0426181931484774e-05
DEHHALKAJ00018JBbt_3,227.9736328125,"(1979, 1983)",,,,5.781856532764483e-06,1.4424761929851506e-09,5.226127689121552e-09,,,,,,3.7705664494312485e-10,,2.728108710141781e-10,2.347130960883777e-09,3.5049769440457946e-09,7.915375691528146e-10,-3.473582583409201e-08,5.79581864963663e-06,5.761082823802538e-06
DEHHALKAJ00018JBbt_4,467.2900390625,"(1979, 1983)",,,,1.0435368606969936e-05,2.9567224430780675e-09,1.0712280108304346e-08,,,,,,7.728511508336135e-10,,5.591953815015925e-10,4.811041588656758e-09,7.184267444962642e-09,1.622437979486558e-09,-7.119876640905515e-08,1.0463987403066762e-05,1.0392788636657707e-05
DEHHALKAJ00018JBbt_6,805.4248046875,"(1979, 1983)",,,,1.625095525036451e-05,4.955662772639734e-09,1.808658667608379e-08,,,,,,1.3320515889999134e-09,,9.39348262578173e-10,8.066793139298663e-09,1.2095723028153892e-08,2.737129040150099e-09,-1.199240501410195e-07,1.6299168544872413e-05,1.617924449473139e-05
DEHHALKAJ00018IEbt_1,2018.47900390625,"(1979, 1983)",,,,4.7056685019026134e-05,7.830139275913502e-09,3.38126362047291e-08,,,,,,3.33820328592141e-09,,1.5674225248666446e-09,1.2871484719748405e-08,2.127201383897049e-08,5.0318144743237385e-09,-2.1293274474576872e-07,4.714240873335061e-05,4.692947598860484e-05
DEHHALKAJ00018Agbt_1,2096.561279296875,"(1979, 1983)",,,,4.9868180644623505e-05,8.607900281437122e-09,3.639483044831945e-08,,,,,,3.467337448463927e-09,,1.710772085695163e-09,1.4131366773819942e-08,2.3064635030214576e-08,5.4267817779521306e-09,-2.3060681496099142e-07,4.9960984268469404e-05,4.973037745350841e-05
DEHHALKAJ00018Eb,783.423828125,"(1958, 1968)",2.6996084130948757e-12,9.897896969050885e-14,1.0255241812692803e-10,1.900545709424717e-05,2.793821465679787e-10,3.520793279881132e-09,,,,,,1.2956427434520535e-09,,1.9234000800820742e-10,7.489083494923162e-10,4.143581984703718e-09,9.809431321455825e-12,-4.296233465915709e-08,1.9015647552190597e-05,1.897268521753144e-05
DEHHALKAJ00018DZbt_0,155.06689453125,"(1979, 1983)",,,,3.754484902237238e-06,2.2742316948036146e-09,6.1024375411383855e-09,,,,,,2.565092154936913e-10,,3.961465002684393e-10,3.6492381514594096e-09,4.644273725808749e-09,9.593583685362423e-10,-4.5195498977683374e-08,3.772767097434747e-06,3.7275715984570634e-06
DEHHALKAJ00018BC,781.921875,"(1958, 1968)",2.694432817016788e-12,9.878921062587619e-14,1.0235580817028338e-10,2.0909380920686625e-05,3.074803690725307e-10,3.6673909199689353e-09,,,,,,1.2931587941922693e-09,,2.1176458678981363e-10,8.245037326198465e-10,4.561412881402298e-09,1.0016527167815973e-11,-4.71640390631145e-08,2.092025664849784e-05,2.0873092609434727e-05
DEHHALKAJ00018Aebt_0,1.0,"(1979, 1983)",,,,2.738252322953165e-07,5.5132249253234416e-12,1.479361616228767e-11,,,,,,1.654978676584874e-12,,9.60343998524832e-13,8.84677286184421e-12,1.1272872396184527e-11,2.3294144178809585e-12,-1.0978005022687703e-10,2.7387060351875513e-07,2.7376082346852823e-07
DEHHALKAJ00018Aebt_1,112.166748046875,"(1979, 1983)",,,,2.5734859140367675e-06,1.3362537451419788e-09,3.5855647590670514e-09,,,,,,1.855408815029081e-10,,2.3276091253943264e-10,2.14415655653097e-09,2.7288193186986414e-09,5.63688398508707e-10,-2.655545141031172e-08,2.5842626986087575e-06,2.5577072471984456e-06
DEHHALKAJ000186hbt_0,337.203125,"(1979, 1983)",,,,9.10526357613812e-06,1.9406966311911167e-09,6.544142649898913e-09,,,,,,5.577182364180482e-10,,3.592957065964504e-10,3.146126519727948e-09,4.514763155352702e-09,9.991954389369641e-10,-4.455453600707041e-08,9.123325514476243e-06,9.078770978469172e-06
DEHHALKAJ000186hbt_2,134.65625,"(1979, 1983)",,,,5.992870982138121e-06,7.727340484034325e-10,2.6072539333320614e-09,,,,,,2.22728546522219e-10,,1.4308667364285216e-10,1.2527436409185334e-09,1.798424905746353e-09,3.980956713278256e-10,-1.774930823016913e-08,6.000066049558015e-06,5.982316741327846e-06
DEHHALKAJ00018KPbt_0,365.4599609375,"(1979, 1983)",,,,7.750464688006992e-06,1.9154286927524634e-09,7.312696359190017e-09,,,,,,6.044305817327956e-10,,3.6818872815718757e-10,3.1256491236561624e-09,4.808036107635689e-09,1.1014261401337185e-09,-4.77945505028904e-08,7.76970054374025e-06,7.72190599323736e-06
DEHHALKAJ00018KPbt_1,1415.4833984375,"(1979, 1983)",,,,2.693582276966027e-05,7.4415574542787275e-09,2.8384401595554877e-08,,,,,,2.3409566799827775e-09,,1.4300244687598257e-09,1.2142714117349751e-08,1.866867421676106e-08,4.275570645930972e-09,-1.855663643875765e-07,2.7010506668838894e-05,2.6824940304451316e-05
DEHHALKAJ000189D,1904.2724609375,"(1969, 1978)",8.74927001505757e-13,3.2078494326577964e-14,3.3236627673009266e-11,0.0008297276673909222,6.825034371908368e-05,7.523642892815285e-08,,,,,,3.1493256526854677e-09,,8.080223188293458e-10,6.825227008628782e-05,2.5995811453872615e-06,1.0296478091954567e-09,1.0259390392191287e-05,0.0009689100857663899,0.000979169476158581
DEHHALKAJ00018BIbt_0,569.5986328125,"(1979, 1983)",,,,1.1676743363672207e-05,2.981100822054972e-09,1.1386023847350622e-08,,,,,,9.420383127843655e-10,,5.731116316199143e-10,4.8647574624212895e-09,7.48501283142633e-09,1.7148632383272528e-09,-7.440688744982096e-08,1.1706690271818192e-05,1.1632283384368372e-05
DEHHALKAJ00018BIbt_1,2463.298828125,"(1979, 1983)",,,,4.624340400971204e-05,1.2912711307552847e-08,4.929546399601623e-08,,,,,,4.073855599775891e-09,,2.4820754843681103e-09,2.1071251385947814e-08,3.241164305356505e-08,7.4247552174133e-09,-3.221870832732613e-07,4.637307576575668e-05,4.6050888682483425e-05
DEHHALKAJ00018BIbt_2,540.2412109375,"(1979, 1983)",,,,1.1171967202880568e-05,2.8319661072500227e-09,1.081129128909013e-08,,,,,,8.934874864471008e-10,,5.44359234861482e-10,4.621266586451862e-09,7.108450075778161e-09,1.628383222864447e-09,-7.066164439923861e-08,1.1200406406883311e-05,1.1129744762484073e-05
DEHHALKAJ00018G0bt_0,862.81982421875,"(1979, 1983)",,,,2.2698989955207678e-05,3.3209216340811025e-09,1.4383387081602507e-08,,,,,,1.426967499952901e-09,,6.654555177238639e-10,5.460087458573139e-09,9.039676558512202e-09,2.139906103131216e-09,-9.050273247613177e-08,2.2735426357061257e-05,2.2644923624585124e-05
DEHHALKAJ00018G0bt_1,270.10009765625,"(1979, 1983)",,,,9.40975149493971e-06,1.0424292016358262e-09,4.510236133333434e-09,,,,,,4.467253611317568e-10,,2.0881056782322426e-10,1.713798032940713e-09,2.8357268820142177e-09,6.711124566033685e-10,-2.838953605297356e-08,9.421180333575194e-06,9.39279079752222e-06
DEHHALKAJ00018Cj,3124.43359375,"(1984, 1994)",,,,7.53776638172307e-05,1.1882083381755175e-08,4.5609891289967566e-08,,,,,,5.167253671359857e-09,,2.3853202460332627e-09,1.9545912832390047e-08,3.2447877825759355e-08,7.66238344839782e-09,-3.231087562493798e-07,7.550236453992637e-05,7.517925578367699e-05
DEHHALKAJ00018FFbt_0,2110.159912109375,"(1979, 1983)",,,,5.146585149020512e-05,8.849067279849917e-09,3.7128201280754465e-08,,,,,,3.489827215570348e-09,,1.7541517362154362e-09,1.4520414623856883e-08,2.3592765195094382e-08,5.540175711070372e-09,-2.3578649249310807e-07,5.1560726093247526e-05,5.132493960075442e-05
DEHHALKAJ00018II,782.5390625,"(1979, 1983)",,,,1.4754333475816356e-05,3.58399448169365e-09,1.4580114752237687e-08,,,,,,1.2941794821946336e-09,,7.031862826924136e-10,5.869989400879087e-09,9.366454676778336e-09,2.1820237413939958e-09,-9.344500263291135e-08,1.4791913418634225e-05,1.4698468416001313e-05
DEHHALKAJ00018ALbt_1,2274.87548828125,"(1979, 1983)",,,,5.246339430892527e-05,8.516369989252539e-09,3.728017210117305e-08,,,,,,3.7622371320180625e-09,,1.7128056201678156e-09,1.4011637105844986e-08,2.334430835448857e-08,5.540887237761315e-09,-2.338518063032563e-07,5.2557562726465975e-05,5.232371092016272e-05
DEHHALKAJ00018GKbt_0,2961.810546875,"(1979, 1983)",,,,5.54285943373551e-05,1.6548267446990347e-08,6.201490091250179e-08,,,,,,4.898304747276634e-09,,3.162467283570284e-09,2.6976003824926476e-08,4.1058616205113006e-08,9.358580101065015e-09,-4.077051629974175e-07,5.559261147787654e-05,5.518490631487912e-05
DEHHALKAJ0001861bt_0,4.0,"(1979, 1983)",,,,4.3236329708454277e-07,2.0469344928822166e-11,7.870941280237426e-11,,,,,,6.617073590002109e-12,,3.943601994784227e-12,3.3416234430353267e-11,5.163178653390077e-11,1.185122310163721e-11,-5.135597948897682e-10,4.325699357619246e-07,4.3205637596703486e-07
DEHHALKAJ0001861bt_1,1552.9619140625,"(1979, 1983)",,,,4.019148976978238e-05,7.947028270067302e-09,3.055818009007765e-08,,,,,,2.5683246024314775e-09,,1.5310659255302022e-09,1.2973420225897433e-08,2.0038721582015312e-08,4.599328454519275e-09,-1.992802992961828e-07,4.027170583893293e-05,4.007242553963675e-05
DEHHALKAJ0001861bt_2,4.0,"(1979, 1983)",,,,4.83218397602033e-07,2.0469344928822166e-11,7.870941280237426e-11,,,,,,6.617283865568651e-12,,3.943601994784227e-12,3.3416280087228713e-11,5.163450633107083e-11,1.185193853904782e-11,-5.13601381461285e-10,4.83425039970582e-07,4.829114385891207e-07
DEHHALKAJ00018DMbt_0,1620.308837890625,"(1979, 1983)",,,,3.880756351198186e-05,6.2116839627000975e-09,2.6944476484196636e-08,,,,,,2.679701262930289e-09,,1.245362803601713e-09,1.021390460560459e-08,1.6925068469464067e-08,4.008084439242011e-09,-1.6946218656734873e-07,3.88757917940096e-05,3.870632960744225e-05
DEHHALKAJ00018DMbt_1,4452.340087890625,"(1979, 1983)",,,,0.00010048938218318269,1.770200528170115e-08,7.573836004444913e-08,,,,,,7.3633732783078926e-09,,3.5323693169858396e-09,2.9082349150390823e-08,4.780023396291048e-08,1.128061230186918e-08,-4.782341460003629e-07,0.00010068188148651931,0.00010020364734051895
DEHHALKAJ00018Go,856.5146484375,"(1949, 1957)",1.2183275322421327e-11,1.6223234322753237e-13,2.3777239998351257e-10,1.814325558412664e-05,7.641706036758889e-10,2.969844791979803e-09,,,,,,1.416521895192848e-09,,2.824114132660356e-10,1.6216295316955913e-09,5.1231520771940055e-09,3.784280352294192e-10,-5.222959472810917e-08,1.8155811742474875e-05,1.8103582147746766e-05
DEHHALKAJ0004nAHbt_0,74.17138671875,"(1979, 1983)",,,,6.2908184906108835e-06,1.2643880390436501e-09,3.392727774244039e-09,,,,,,1.2271351411596073e-10,,2.2024268582347285e-10,2.0288441425600632e-09,2.5822678599979825e-09,5.334266230572408e-10,-2.5130449913118813e-08,6.300963101249725e-06,6.275832651336606e-06
DEHHALKAJ0004nAHbt_1,119.199951171875,"(1979, 1983)",,,,7.900710796697306e-06,2.037388285802327e-09,5.466916492969431e-09,,,,,,1.9720151664639783e-10,,3.5489094666680473e-10,3.2692026686801783e-09,4.160851668882423e-09,8.595125428606625e-10,-4.049245223354765e-08,7.917056760819813e-06,7.876564308586266e-06
DEHHALKAJ0004nAHbt_2,530.823486328125,"(1979, 1983)",,,,8.467159882402712e-06,9.662680227838852e-09,2.592783431218131e-08,,,,,,8.780521344737751e-10,,1.6831341169932774e-09,1.5504755355923122e-08,1.9732035940424086e-08,4.075984733949164e-09,-1.9201901705709121e-07,8.544624359224494e-06,8.352605342167403e-06
DEHHALKAJ0004nAD,409.1875,"(1919, 1948)",,,,1.9195171287736315e-06,1.0924188763937512e-08,3.4207053389527156e-08,,,,,,6.767231449256846e-10,,2.1859475720933725e-09,2.013657483546183e-08,2.5626377990656765e-08,5.292770652688557e-09,-2.519420698290854e-07,2.0185667651229228e-06,1.7666246952938375e-06
DEHHALKA10004m2m,939.4140625,"(2010, 2015)",2.2554210278184432e-06,2.754730236008521e-09,6.941893612923832e-07,3.568728510969451e-05,4.583088774574314e-09,3.85855186480264e-08,,,,,,1.5536226388678975e-09,,9.119578190730846e-10,8.715900865707891e-09,5.781532745607165e-08,2.8644997937653364e-09,-1.0340933434811364e-06,3.58023150256906e-05,3.4768221682209464e-05
DEHHALKA10004m2qbt_0,721.5634765625,"(1979, 1983)",,,,2.306779761108849e-05,4.243352225662441e-09,1.5676604959963616e-08,,,,,,1.1933971156655585e-09,,8.073452505711017e-10,6.911859774606752e-09,1.0435862657853362e-08,2.3694447779503617e-09,-1.0354318924274965e-07,2.3109435477850766e-05,2.3005892288608016e-05
DEHHALKA10004m2qbt_1,1156.0927734375,"(1979, 1983)",,,,3.390647328859505e-05,6.898053054231662e-09,2.538367543113207e-08,,,,,,1.9120152493513017e-09,,1.3108353269547845e-09,1.1233603260157144e-08,1.6923070254224526e-08,3.8381935834865185e-09,-1.678688186216341e-07,3.39739727347546e-05,3.380610391613296e-05
DEHHALKA10004m2qbt_3,4.0,"(1979, 1983)",,,,8.042710449837924e-07,2.351235868630588e-11,8.687472042441614e-11,,,,,,6.618605117064597e-12,,4.47366199397001e-12,3.8299391681560355e-11,5.7865633584427197e-11,1.3140044684484062e-11,-5.743332139746272e-10,8.045018293999647e-07,8.039274961859901e-07
DEHHALKA10004m2qbt_4,536.603515625,"(1979, 1983)",,,,1.8126592261531345e-05,3.166530315749269e-09,1.168739637650972e-08,,,,,,8.875040192004916e-10,,6.022928716114714e-10,5.157595953844477e-09,7.783096429485351e-09,1.7666852897639e-09,-7.721884959748585e-08,1.8157643362787513e-05,1.808042451319003e-05
DEHHALKA10004m2qbt_5,214.171875,"(1979, 1983)",,,,1.1124053689989607e-05,1.2683140364215682e-09,4.676733435827401e-09,,,,,,3.542458234064626e-10,,2.411692247089984e-10,2.0657057541827816e-09,3.1157696373456493e-09,7.070695996399725e-10,-3.0912031520471325e-08,1.1136482697501139e-05,1.1105570665980668e-05
DEHHALKA10004m2qbt_6,1783.365234375,"(1979, 1983)",,,,3.23222650685952e-05,1.091000864415035e-08,3.987871803480894e-08,,,,,,2.9493672903040396e-09,,2.068961781467191e-09,1.776068834346903e-08,2.6653857833749256e-08,6.03399613476418e-09,-2.642843429914693e-07,3.2428520666657916e-05,3.2164236323666446e-05
DEHHALKA4jt0009d,252.872314453125,"(1979, 1983)",,,,4.670618681453461e-06,1.053284956406542e-09,4.1627954517256434e-09,,,,,,4.18205541280737e-10,,2.0471569273968684e-10,1.7221769407547357e-09,2.702330060123796e-09,6.247878714005039e-10,-2.6915985016017032e-08,4.681506977967893e-06,4.654590992951876e-06
DEHHALKAJ00010Ekbt_0,1471.39453125,"(1979, 1983)",,,,3.663401080138197e-05,5.198944466767067e-09,2.367136053387006e-08,,,,,,2.433423655108025e-09,,1.0601223633281773e-09,8.575526924693813e-09,1.4627732679174196e-08,3.50585394320835e-09,-1.4684890864733355e-07,3.669308376594811e-05,3.654623485730078e-05
DEHHALKAJ00010Ekbt_1,999.82470703125,"(1979, 1983)",,,,2.8326754146803978e-05,4.12730182310231e-09,1.7680308706923092e-08,,,,,,1.6535503621168405e-09,,8.239306110699598e-10,6.781201971156119e-09,1.1153997161645686e-08,2.6331062468904307e-09,-1.1160298139507944e-07,2.837160754368688e-05,2.8260004562291802e-05
DEHHALKAJ00010Ekbt_2,844.66259765625,"(1979, 1983)",,,,2.428477703437914e-05,3.487292673048747e-09,1.4937866084796546e-08,,,,,,1.3969461929164043e-09,,6.961531742019216e-10,5.729640907760284e-09,9.424064095647681e-09,2.22469386628791e-09,-9.429369582700048e-08,2.43226736913738e-05,2.42283799955468e-05
DEHHALKAJ000108Abt_1,178.4765625,"(1979, 1983)",,,,4.2401534076238835e-06,1.55239771732687e-09,4.873026999712089e-09,,,,,,2.952028528715577e-10,,2.8165677799083337e-10,2.507959412367443e-09,3.4620779357432475e-09,7.503951609366092e-10,-3.401841364461349e-08,4.253876124480832e-06,4.219857710836218e-06
DEHHALKAJ00010fMbt_0,259.5771484375,"(1979, 1983)",,,,6.064184990123484e-06,2.1224478772298593e-09,6.72412450161995e-09,,,,,,4.2933713180926514e-10,,3.860635373635157e-10,3.4303783680908468e-09,4.75883274083806e-09,1.0342770848480509e-09,-4.67865160768334e-08,6.083070451365284e-06,6.03628393528845e-06
DEHHALKAJ00010Uobt_1,500.1552734375,"(1979, 1983)",,,,9.757629209013473e-06,2.9256330351850204e-09,1.0824275477368615e-08,,,,,,8.27193394533029e-10,,5.568862348409635e-10,4.7658440262666375e-09,7.201342713503937e-09,1.6356958698555216e-09,-7.145503919561545e-08,9.786366079765027e-06,9.714911040569411e-06
DEHHALKAJ00010Uobt_2,1223.4169921875,"(1979, 1983)",,,,2.3972142003864993e-05,7.1563159647415235e-09,2.6476982750010002e-08,,,,,,2.0233138583679168e-09,,1.362185142500332e-09,1.1657608948725819e-08,1.7615023209633038e-08,4.001035220922682e-09,-1.747843896595556e-07,2.4042434468959895e-05,2.3867650079300338e-05
DEHHALKAJ00010Uobt_3,564.212890625,"(1979, 1983)",,,,1.1501788865084845e-05,3.2969683492427942e-09,1.2201566270412108e-08,,,,,,9.331350027902117e-10,,6.27623290796407e-10,5.37083027417475e-09,8.116809945360626e-09,1.8437752934815742e-09,-8.054018344343376e-08,1.1534179573511102e-05,1.1453639390067668e-05
DEHHALKAJ00010fabt_0,1952.767333984375,"(1979, 1983)",,,,4.6287516272014965e-05,7.3962607286271205e-09,3.223164013740672e-08,,,,,,3.229527970222885e-09,,1.485220727711917e-09,1.2165281366025137e-08,2.0214083374612638e-08,4.79252283112337e-09,-2.0244496807064615e-07,4.63690308091507e-05,4.616658584108005e-05
DEHHALKAJ00010eubt_0,2041.06201171875,"(1979, 1983)",,,,4.041120708961987e-05,1.0607219930352144e-08,4.1407597549522845e-08,,,,,,3.375551512494936e-09,,2.0534366142157164e-09,1.7331022405394725e-08,2.700164018706807e-08,6.222472136131298e-09,-2.6875311669571776e-07,4.051920602995505e-05,4.025045291325933e-05
DEHHALKAJ00010eubt_1,5.0,"(1979, 1983)",,,,6.326319868848982e-07,1.8201605471954673e-11,8.05524274758264e-11,,,,,,8.271567787567672e-12,,3.674607728811401e-12,2.996783421933923e-11,5.028149314326194e-11,1.1967759903727493e-11,-5.041432593413094e-10,6.328349041806286e-07,6.323307609212873e-07
DEHHALKAJ00010eubt_2,5.0,"(1979, 1983)",,,,5.184979307960552e-07,1.8201605471954673e-11,8.05524274758264e-11,,,,,,8.271114038378462e-12,,3.674607728811401e-12,2.996773175165498e-11,5.027538910493346e-11,1.1966154248194035e-11,-5.040499266364726e-10,5.187008398258749e-07,5.181967898992384e-07
DEHHALKAJ00010eubt_3,707.8662109375,"(1979, 1983)",,,,1.2813021250007827e-05,3.1389397584446743e-09,1.291229406797144e-08,,,,,,1.170685173227493e-09,,6.181342766600714e-10,5.1444878891430316e-09,8.26219822235387e-09,1.930328502353234e-09,-8.247980339471884e-08,1.284619831789798e-05,1.2763718514503262e-05
DEHHALKAJ00010eubt_5,5.0,"(1979, 1983)",,,,6.637346845281882e-07,1.8201605471954673e-11,8.05524274758264e-11,,,,,,8.271687852049553e-12,,3.674607728811401e-12,2.996786214283123e-11,5.028315655613835e-11,1.196819746128295e-11,-5.041686934579811e-10,6.63937604072877e-07,6.63433435379419e-07
DEHHALKAJ00010hr,1848.1787109375,"(1969, 1978)",8.491544623878243e-13,3.1133564922806815e-14,3.2257583380883644e-11,0.0008060898415957846,6.623991786038103e-05,7.307388574895493e-08,,,,,,3.0565566350181017e-09,,7.91161411907959e-10,6.624180445780334e-05,2.523155141563519e-06,9.996736079293575e-10,9.955680939599356e-06,0.0009411726403329361,0.0009511283212725355
DEHHALKAJ00010nPbt_0,901.3125,"(1979, 1983)",,,,1.7882851466875352e-05,5.822067721758081e-09,2.0981558399118448e-08,,,,,,1.4906290890849903e-09,,1.0993295328260484e-09,9.470710041085063e-09,1.4100195203232026e-08,3.1795852682148963e-09,-1.396939588706273e-07,1.793899554213067e-05,1.7799301583260044e-05
DEHHALKAJ00010nPbt_2,4.0,"(1979, 1983)",,,,6.127030685493654e-07,1.9619687754183574e-11,7.642953083104334e-11,,,,,,6.617785191948566e-12,,3.795600928344902e-12,3.205303546143452e-11,4.9906397089225814e-11,1.149536181867238e-11,-4.968232919618854e-10,6.129029859484404e-07,6.124061626564784e-07
DEHHALKAJ00010mg,2173.253173828125,"(1979, 1983)",,,,4.16124737545251e-05,1.0815459127184591e-08,4.2804777590488085e-08,,,,,,3.594171585006047e-09,,2.103036751921257e-09,1.768528250613171e-08,2.7772730253615108e-08,6.42351341535644e-09,-2.766445840053383e-07,4.17236727257548e-05,4.144702814174946e-05
DEHHALKAJ00010l9bt_0,851.737060546875,"(1979, 1983)",,,,2.4020490855728985e-05,3.763906090027899e-09,1.550175404214131e-08,,,,,,1.4086503119595905e-09,,7.415012744501687e-10,6.1692153258800524e-09,9.915348537877944e-09,2.3172928962215557e-09,-9.899198452703998e-08,2.406030852420755e-05,2.3961316539680508e-05
DEHHALKAJ00010l9bt_1,1008.153076171875,"(1979, 1983)",,,,2.7724588607411703e-05,4.412534547041197e-09,1.8234273288683057e-08,,,,,,1.6673254285682841e-09,,8.702547249809673e-10,7.233813546766443e-09,1.1649232841102916e-08,2.7248743128355105e-09,-1.1632434532102874e-07,2.7771380916101682e-05,2.7655056570780655e-05
DEHHALKAJ00010eVbt_0,537.421875,"(1979, 1983)",,,,9.8792244611025e-06,2.4863802729970693e-09,1.0080253133721615e-08,,,,,,8.888084309908283e-10,,4.872817892346535e-10,4.0714476590536615e-09,6.483631826634031e-09,1.5090882982768716e-09,-6.46717422349319e-08,9.905231352513406e-06,9.840559610278475e-06
DEHHALKAJ00010eVbt_1,1943.592529296875,"(1979, 1983)",,,,4.809156241465739e-05,8.514234456237252e-09,3.5173304415041675e-08,,,,,,3.214354696018706e-09,,1.6790346510804041e-09,1.3957788596511591e-08,2.247312743602148e-08,5.256270813059492e-09,-2.2440183427712677e-07,4.818183052972136e-05,4.795742869544424e-05
DEHHALKAJ00010odbt_1,2761.6552734375,"(1979, 1983)",,,,6.220178112663707e-05,1.0452737478643568e-08,4.556338428428805e-08,,,,,,4.567283640689097e-09,,2.0991755587423975e-09,1.719282628396029e-08,2.8572312270813688e-08,6.7746085569725564e-09,-2.861562949815133e-07,6.231700345471117e-05,6.203084715972966e-05
DEHHALKAJ00010lBbt_2,2082.9892578125,"(1979, 1983)",,,,4.412748749816309e-05,1.194695508795961e-08,4.44427241613192e-08,,,,,,3.4448919684477935e-09,,2.2779058771803625e-09,1.9467334145986134e-08,2.9506761249595087e-08,6.712074649768012e-09,-2.928733882158571e-07,4.424528614530335e-05,4.395241275708749e-05
DEHHALKAJ00010lBbt_7,275.041015625,"(1979, 1983)",,,,5.703867238021206e-06,1.5743757478404808e-09,5.8599170537655165e-09,,,,,,4.5489102243488545e-10,,3.002349647816662e-10,2.5654925471212915e-09,3.889743090955938e-09,8.849553975094258e-10,-3.8609378983173654e-08,5.719396847845615e-06,5.680787468862441e-06
DEHHALKAJ00010ndbt_0,1208.116455078125,"(1979, 1983)",,,,2.9618315704502085e-05,4.661473141706317e-09,2.0170502096128422e-08,,,,,,1.998010041339876e-09,,9.33776853832844e-10,7.663694798616415e-09,1.2680750824342371e-08,3.0011215135021623e-09,-1.2694893951113666e-07,2.9669425033771555e-05,2.954247609426042e-05
DEHHALKAJ00010ndbt_1,913.33984375,"(1979, 1983)",,,,2.3473158301509058e-05,3.494224459276828e-09,1.5168829364658146e-08,,,,,,1.510514642392191e-09,,7.007362717656478e-10,5.745858699765474e-09,9.525762079867551e-09,2.25627547665949e-09,-9.538124127837771e-08,2.3511560502503445e-05,2.3416179261225066e-05
DEHHALKAJ00010pV,756.556640625,"(1969, 1978)",4.345044148287356e-13,1.5930754659495966e-14,1.6505904416125654e-11,0.00031911846045247955,2.5420906973021145e-05,2.945938982693272e-08,,,,,,1.251209242686121e-09,,4.03891045558999e-10,2.542187529777683e-05,9.704633584488656e-07,4.043743484021885e-10,3.798714373326769e-06,0.00037096322494618996,0.00037476193931951674
DEHHALKAJ00010kEbt_1,293.02392578125,"(1979, 1983)",,,,6.588857659010784e-06,2.1569233344593888e-09,6.949215923313776e-09,,,,,,4.846511652240489e-10,,3.9417629230470556e-10,3.4888796098987206e-09,4.883943405003093e-09,1.0667255544389274e-09,-4.806542258469682e-08,6.608282174295426e-06,6.56021675171073e-06
DEHHALKAJ00010oibt_0,4517.23681640625,"(1979, 1983)",,,,0.0001015841961180639,1.5788456989846727e-08,7.220910548073036e-08,,,,,,7.470700791933566e-09,,3.2245682638402152e-09,2.6050389878287725e-08,4.4554860138012385e-08,1.0690188280509554e-08,-4.473949827300981e-07,0.00010176418438788705,0.00010131678940515696
DEHHALKAJ00010oibt_2,6.0,"(1979, 1983)",,,,6.094750381085205e-07,2.093872864210157e-11,9.582497162647216e-11,,,,,,9.925297043378729e-12,,4.2774062614994284e-12,3.455004172071254e-11,5.91393821874141e-11,1.4192280765320058e-11,-5.939982200178132e-10,6.097138862167674e-07,6.091198879967496e-07
DEHHALKAJ00010oibt_3,772.9306640625,"(1979, 1983)",,,,2.0828197367421378e-05,2.697364238994009e-09,1.2344343158836556e-08,,,,,,1.2783061129393625e-09,,5.510230770276413e-10,4.450745992702446e-09,7.615355230665941e-09,1.8274633047829682e-09,-7.647273436860594e-08,2.085896196853733e-05,2.0782489234168726e-05
DEHHALKAJ00010jrbt_0,780.2587890625,"(1979, 1983)",,,,2.1905751167562496e-05,3.34207623010915e-09,1.3916513933707223e-08,,,,,,1.2904373619586838e-09,,6.608168560205264e-10,5.481466483408769e-09,8.86686545656487e-09,2.0781271108156744e-09,-8.857883960268247e-08,2.194138747099508e-05,2.1852808631392396e-05
DEHHALKAJ00010ii,1091.13671875,"(1958, 1968)",3.7599595008798255e-12,1.378558889022272e-13,1.4283291495320737e-10,2.8019872986342948e-05,4.1152626618962824e-10,5.8798078425611436e-09,,,,,,1.8045447624087044e-09,,2.8304545048108454e-10,1.1022168194582631e-09,6.097164154168029e-09,1.7672492648475236e-11,-6.337662131427376e-08,2.803546896413086e-05,2.7972092342816586e-05
DEHHALKAJ00010hvbt_1,106.443359375,"(1979, 1983)",,,,2.329377146202332e-06,5.854489292270264e-10,1.5709329582810091e-09,,,,,,1.7605977510302309e-10,,1.0197885506965412e-10,9.39414113264691e-10,1.1956349260652985e-09,2.4698404076861733e-10,-1.1635661896110103e-08,2.3341935998001118e-06,2.3225579379040016e-06
DEHHALKAJ00010gRbt_0,2119.1376953125,"(1979, 1983)",,,,4.112816430030957e-05,1.295972236691843e-08,4.737521834212684e-08,,,,,,3.5046749011405662e-09,,2.4577355614400585e-09,2.109757657473929e-08,3.1663361443129915e-08,7.168249996829537e-09,-3.139581498304175e-07,4.1254390839495894e-05,4.0940432689665474e-05
DEHHALKAJ00010gRbt_1,325.4501953125,"(1979, 1983)",,,,6.707151535400671e-06,1.9915737338519678e-09,7.279117052750244e-09,,,,,,5.382625330972029e-10,,3.776708049133676e-10,3.242122094175969e-09,4.8653532640323334e-09,1.1014141686464817e-09,-4.8242061353002594e-08,6.726547049052139e-06,6.678304987699136e-06
DEHHALKAJ00010dc,119.04443359375,"(1949, 1957)",5.132403512691889e-12,3.003174479888543e-14,6.985609958181091e-11,2.937096134082572e-06,4.3327730281780383e-10,1.44009165035447e-09,,,,,,1.9687826025627754e-10,,1.064144642128506e-10,8.246026161778248e-10,1.5356573197502337e-09,2.972316416221925e-10,-1.5374630381225583e-08,2.9419302873377633e-06,2.9265556569565375e-06
DEHHALKAJ00010oJbt_0,1021.7568359375,"(1979, 1983)",,,,2.1697649587534935e-05,5.696885246335826e-09,2.1361821600787002e-08,,,,,,1.6898150032582637e-09,,1.0889080220216075e-09,9.287030278292788e-09,1.4140144261052814e-08,3.223517514083047e-09,-1.404148180390884e-07,2.1754137709460767e-05,2.1613722891421678e-05
DEHHALKAJ00010fObt_1,1421.1953125,"(1979, 1983)",,,,2.8811019687445914e-05,7.932465587044164e-09,2.973561675890745e-08,,,,,,2.350403336084036e-09,,1.5160752096231828e-09,1.2931242485283247e-08,1.968523461079908e-08,4.487254604814279e-09,-1.954749644788745e-07,2.888965798003847e-05,2.8694183015559596e-05
DEHHALKAJ00010fObt_3,1195.3046875,"(1979, 1983)",,,,3.1913818163789374e-05,5.870008201844805e-09,2.2858281431100832e-08,,,,,,1.9768412827071168e-09,,1.1354672153858036e-09,9.589594201327651e-09,1.4919816269473257e-08,3.4359965659110787e-09,-1.484819012468375e-07,3.1973604168957126e-05,3.182512226771029e-05
DEHHALKAJ00010dP,1000.4638671875,"(1949, 1957)",1.2304011296841346e-11,1.8530490326820585e-13,2.571103125716184e-10,2.118218700707519e-05,1.886115248770115e-09,6.578618504230974e-09,,,,,,1.6545881643354348e-09,,5.278212792769476e-10,3.727656905655874e-09,8.286042744649422e-09,8.744326943338306e-10,-8.360522619777796e-08,2.1205722282616445e-05,2.1122117056418668e-05
DEHHALKAJ00010o1,4276.961669921875,"(1919, 1948)",2.620093728658659e-11,9.606362778292454e-13,9.953182331548081e-10,7.68259659804857e-05,1.9799610507868772e-08,6.440282551632869e-08,,,,,,7.073328725843691e-09,,4.494931228216042e-09,3.741584841897126e-08,6.00972429809007e-08,9.082298071884138e-09,-6.008490297629449e-07,7.702833206593571e-05,7.642748303617277e-05
DEHHALKAJ00010fubt_0,1692.6552734375,"(1979, 1983)",,,,3.3837888844263546e-05,1.0021791301859469e-08,3.695600412877888e-08,,,,,,2.7993494697865524e-09,,1.9056704076880547e-09,1.632251282515255e-08,2.4617709866272092e-08,5.586539631079691e-09,-2.4422135444407496e-07,3.393609842189416e-05,3.3691877067450086e-05
DEHHALKAJ00010okbt_0,182.5927734375,"(1979, 1983)",,,,3.90908251254208e-06,1.2369539326115286e-09,4.042914577739211e-09,,,,,,3.020010261776177e-10,,2.2696925649826708e-10,2.0021891855690218e-09,2.8246409037748645e-09,6.195342752622671e-10,-2.782282506910717e-08,3.920337715699713e-06,3.892514890630606e-06
DEHHALKAJ00010FF,247.3564453125,"(1958, 1968)",5.682454518452742e-13,2.08342621404426e-14,2.1586443757431598e-11,7.11858503562769e-06,1.0439486812690131e-10,1.7843261059507871e-09,,,,,,4.0908326638026435e-10,,7.168873400540919e-11,2.792225739337466e-10,1.5433908765118033e-09,5.999100038195307e-12,-1.603931562802362e-08,7.122783141152638e-06,7.106743825524614e-06
DEHHALKAJ00010jM,2604.0625,"(1860, 1918)",9.573794865822074e-11,1.0210251815533467e-12,1.667644000381955e-09,4.740733299039508e-05,1.4092895559393183e-08,1.9979863647397174e-07,,,,,,4.30665306632907e-09,,3.0970453083328776e-09,2.6455142259731162e-08,4.1029261784302385e-08,6.473466077997841e-09,-4.22132655220796e-07,4.770258609092514e-05,4.728045343570434e-05
DEHHALKAJ00010cybt_1,1439.4677734375,"(1979, 1983)",,,,2.801036898774245e-05,8.438560164098845e-09,3.120226696191795e-08,,,,,,2.3806226966818816e-09,,1.6059584372752242e-09,1.3745928813888865e-08,2.07634697559935e-08,4.7153892964220315e-09,-2.0601747741618397e-07,2.809322118386873e-05,2.7887203706452547e-05
DEHHALKAJ00010hdbt_1,721.689453125,"(1979, 1983)",,,,1.4331523434016222e-05,4.218902381193368e-09,1.5611747841863823e-08,,,,,,1.1935672916280484e-09,,8.030982595930819e-10,6.8726376569834285e-09,1.0385776800772965e-08,2.359109681347331e-09,-1.0305354227115999e-07,1.4372968273929605e-05,1.4269914731658444e-05
DEHHALKAJ00010hdbt_2,1088.9462890625,"(1979, 1983)",,,,2.9805966505314085e-05,5.745335376673724e-09,2.189133773880245e-08,,,,,,1.8009533205606396e-09,,1.1036979888867941e-09,9.3743671484956e-09,1.4404287661251702e-08,3.2980025549270496e-09,-1.4317229431685042e-07,2.9863584487103684e-05,2.9720412192786834e-05
DEHHALKAJ00010hbbt_0,1676.9248046875,"(1979, 1983)",,,,4.317232375120603e-05,8.85554414774189e-09,3.373308368986249e-08,,,,,,2.7733352469987733e-09,,1.7010360185517813e-09,1.4448915295325409e-08,2.2198108563487423e-08,5.082103065508676e-09,-2.2063526556336423e-07,4.326111587723351e-05,4.3040480611670146e-05
DEHHALKAJ00010hbbt_1,1140.7744140625,"(1979, 1983)",,,,2.262939193296514e-05,7.031612905042438e-09,2.5650972759448927e-08,,,,,,1.8866415143408155e-09,,1.3326521743652812e-09,1.1445717832553996e-08,1.7157635637624995e-08,3.882076240069676e-09,-1.701059760659789e-07,2.2697779242028586e-05,2.2527673265962607e-05
DEHHALKAJ00010eqbt_1,2533.51318359375,"(1979, 1983)",,,,6.05129913498254e-05,1.048958069415514e-08,4.42152713878928e-08,,,,,,4.189977655517202e-09,,2.082592626796923e-09,1.7217222521891885e-08,2.8050671982817575e-08,6.59478392419471e-09,-2.804108911244502e-07,6.062583145061867e-05,6.034542055949422e-05
DEHHALKAJ00010ff,5173.162841796875,"(1979, 1983)",,,,0.00011680653645078739,1.9770320823982438e-08,8.586002799720737e-08,,,,,,8.555484981057745e-09,,3.9653187055615994e-09,3.251088719711352e-08,5.3910254083121374e-08,1.2770478277798141e-08,-5.398096807289681e-07,0.00011702387922285325,0.00011648406954212427
DEHHALKAJ00010Gjbt_0,398.98486328125,"(1979, 1983)",,,,1.1799801702711392e-05,2.8111957122751728e-09,9.124853419335622e-09,,,,,,6.599113901122773e-10,,5.148201163795677e-10,4.548809356926576e-09,6.3935088472947395e-09,1.3994851878928736e-09,-6.295097904075319e-08,1.1825254286741606e-05,1.1762303307700853e-05
DEHHALKAJ00010cBbt_1,1994.390869140625,"(1979, 1983)",,,,4.069805567829284e-05,9.860117524167638e-09,3.910689217600061e-08,,,,,,3.298365809854796e-09,,1.918594227802732e-09,1.61251184621459e-08,2.5353960375903518e-08,5.867375785195662e-09,-2.525825101672529e-07,4.079958610265391e-05,4.0547003592486656e-05
DEHHALKAJ00010cBbt_3,488.447265625,"(1979, 1983)",,,,1.5128456735825174e-05,1.989225121228655e-09,8.43562074249433e-09,,,,,,8.07838542883695e-10,,3.957452753921303e-10,3.26626320739489e-09,5.340591479812363e-09,1.2575210466729929e-09,-5.340659152015188e-08,1.5149949541241054e-05,1.5096542949720903e-05
DEHHALKAJ00010fBbt_1,222.689453125,"(1979, 1983)",,,,4.7731041526548495e-06,1.6581981623179102e-09,5.332181541944561e-09,,,,,,3.683227106636374e-10,,3.028719524789023e-10,2.681932876878765e-09,3.7504391275097126e-09,8.186911250148812e-10,-3.690567008154797e-08,4.7880167901516586e-06,4.7511111200701104e-06
DEHHALKAJ00010cdbt_1,229.90234375,"(1979, 1983)",,,,4.462604013135217e-06,1.5109446672689926e-09,4.9656487927970685e-09,,,,,,3.80247960265961e-10,,2.7767647953801777e-10,2.446335531115281e-09,3.4615161719137774e-09,7.604329313430853e-10,-3.410721515045832e-08,4.476406815669459e-06,4.442299600519001e-06
DEHHALKAJ00010kabt_0,894.490966796875,"(1979, 1983)",,,,2.517836770691736e-05,4.0023684034934145e-09,1.6412782547084432e-08,,,,,,1.4793566795801798e-09,,7.873491478755392e-10,6.558359977365936e-09,1.0514197904789004e-08,2.4545033594640666e-09,-1.0494517213644059e-07,2.5220576624937014e-05,2.5115631452800573e-05
DEHHALKAJ00010kabt_4,1313.609619140625,"(1979, 1983)",,,,3.448570355021001e-05,5.902781387627215e-09,2.417038245838557e-08,,,,,,2.1724809183393575e-09,,1.160634803302034e-09,9.671558790173763e-09,1.5491766896732472e-08,3.6151190238367946e-09,-1.5461417571041226e-07,3.454788827448841e-05,3.4393274098778e-05
DEHHALKAJ00010X6bt_1,4.0,"(1979, 1983)",,,,3.606925498619022e-07,1.72139168776788e-11,6.997413468749964e-11,,,,,,6.616685869905713e-12,,3.3765417289886123e-12,2.8192506508250627e-11,4.498023798737362e-11,1.0477025716616494e-11,-4.4881089973033406e-10,3.608733809112785e-07,3.604245700115482e-07
DEHHALKAJ00010X6bt_2,795.9404296875,"(1979, 1983)",,,,1.5576192819243612e-05,4.806360888601917e-09,1.762957116119032e-08,,,,,,1.3163628951485682e-09,,9.124450680009982e-10,7.825869347921522e-09,1.1767547377670616e-08,2.6665284916571194e-09,-1.1670424239269324e-07,1.5623117504473805e-05,1.550641326208111e-05
DEHHALKAJ00010X6bt_3,393.59765625,"(1979, 1983)",,,,8.162570000758342e-06,2.3765414917269686e-09,8.717306040060115e-09,,,,,,6.509686988765196e-10,,4.5116904050035904e-10,3.869566248494554e-09,5.818672817834348e-09,1.3185228807056305e-09,-5.7706707085595086e-08,8.185772747976541e-06,8.128066040890945e-06
DEHHALKAJ00010X6bt_4,4.0,"(1979, 1983)",,,,5.166475149213123e-07,1.8408448944832214e-11,7.317941818932864e-11,,,,,,6.6173820712599915e-12,,3.5846162620023265e-12,3.010939404436999e-11,4.742786136665457e-11,1.0983091525637075e-11,-4.726755929705227e-10,5.168378251337162e-07,5.163651495407457e-07
DEHHALKAJ00010oH,304.0361328125,"(1919, 1948)",1.1640903437214658e-12,4.268043553625259e-14,4.422133191160996e-11,3.862384586347856e-06,3.4354767126954584e-09,1.0864362934423443e-08,,,,,,5.028214128497267e-10,,7.111250950462882e-10,6.373435010176667e-09,8.66557015400855e-09,1.6398973222090683e-09,-8.562759095034799e-08,3.894577274989266e-06,3.808949684038918e-06
DEHHALKAJ00010iWbt_1,891.79443359375,"(1979, 1983)",,,,2.3934397871710423e-05,3.690833368535304e-09,1.555973917333975e-08,,,,,,1.4748889931877739e-09,,7.328112663434415e-10,6.058059001850688e-09,9.870910533451729e-09,2.3207667885243218e-09,-9.867693671436108e-08,2.3974105880835652e-05,2.3875428944121292e-05
DEHHALKAJ00010iWbt_2,5.0,"(1979, 1983)",,,,9.156367291552233e-07,2.0693296736906048e-11,8.723837348163955e-11,,,,,,8.272657513815451e-12,,4.108633328144702e-12,3.396625895228147e-11,5.538476275845252e-11,1.3022774565135647e-11,-5.538883652551332e-10,9.158594159125597e-07,9.153055275473045e-07
DEHHALKAJ00010iWbt_3,2456.209716796875,"(1979, 1983)",,,,5.98034378884499e-05,1.0189450243027474e-08,4.2919640989321586e-08,,,,,,4.0621315949258285e-09,,2.0225196464994805e-09,1.6723867415993734e-08,2.72355413259437e-08,6.40198486851131e-09,-2.722518900340796e-07,5.991299302453413e-05,5.964074113450005e-05
DEHHALKAJ00010Vabt_1,459.4697265625,"(1979, 1983)",,,,1.1817654443536586e-05,2.7929191613424028e-09,1.022624760139392e-08,,,,,,7.599229005475786e-10,,5.299234812540903e-10,4.54708810981037e-09,6.830670246610126e-09,1.547085227177548e-09,-6.77367606546216e-08,1.1844888300264724e-05,1.1777151539610102e-05
DEHHALKAJ00010Vabt_2,2372.40234375,"(1979, 1983)",,,,4.582985080325692e-05,1.4501500854274597e-08,5.301818449107557e-08,,,,,,3.923529249361962e-09,,2.7502342214134317e-09,2.360765561234329e-08,3.543308255244601e-08,8.02196106230222e-09,-3.5133943235666405e-07,4.5971106951300136e-05,4.561976751894347e-05
DEHHALKAJ00010Vabt_3,391.826171875,"(1979, 1983)",,,,8.830208979361948e-06,2.4089796534184326e-09,8.793813951906623e-09,,,,,,6.480434902753024e-10,,4.566519828706003e-10,3.92136440744216e-09,5.8806042447517295e-09,1.330793186819304e-09,-5.830470511873714e-08,8.853649230279432e-06,8.795344525160696e-06
DEHHALKAJ00010Vabt_4,2371.3291015625,"(1979, 1983)",,,,4.577722038795473e-05,1.4445419094800947e-08,5.2861318988675e-08,,,,,,3.921754294941662e-09,,2.7403639484664206e-09,2.3517513581608023e-08,3.531592654611522e-08,7.997442674600783e-09,-3.5019639832458404e-07,4.591802012708393e-05,4.556782372875934e-05
DEHHALKAJ00010Vabt_5,339.1162109375,"(1979, 1983)",,,,8.077824584446059e-06,2.0728752167877386e-09,7.578531475811721e-09,,,,,,5.608717428168277e-10,,3.931242990099868e-10,3.3745296169606294e-09,5.064961450956856e-09,1.1466975678207343e-09,-5.022245042546491e-08,8.098016175816221e-06,8.047793725390756e-06
DEHHALKAJ00010Jgbt_0,707.08740234375,"(1979, 1983)",,,,1.9496515859281938e-05,2.8168693244740097e-09,1.2043144121877523e-08,,,,,,1.16942253304898e-09,,5.61954582268003e-10,4.627580775691372e-09,7.602837590450704e-09,1.7939014762021112e-09,-7.606313376241632e-08,1.9527131569685947e-05,1.945106843592353e-05
DEHHALKAJ00010Jgbt_1,1378.45947265625,"(1979, 1983)",,,,3.360101341290449e-05,5.4621767461304975e-09,2.3399414995769977e-08,,,,,,2.279725957401128e-09,,1.09042422573971e-09,8.974432773652465e-09,1.4761624554601439e-08,3.484779166553738e-09,-1.4769883038455147e-07,3.366046599132433e-05,3.351276716093978e-05
DEHHALKAJ00010Jgbt_3,471.495361328125,"(1979, 1983)",,,,8.171498711082334e-06,2.8590380656859455e-10,3.757588737780548e-09,,,,,,7.797689273133405e-10,,9.733613100940078e-11,5.305257224292113e-10,1.8176249000885936e-09,5.244216003357246e-10,-1.907212271813039e-08,8.179291880907858e-06,8.160219758189729e-06
DEHHALKAJ00010ly,98.435546875,"(2002, 2009)",2.2613339119162372e-13,8.29099878493418e-15,8.590329609825737e-12,2.818476378423065e-06,1.010523518399329e-09,3.34600919801747e-09,,,,,,1.6279478655822713e-10,,1.8290020193951274e-10,1.633931226345127e-09,2.2387949456254005e-09,4.505934118435191e-10,-2.209250558252469e-08,2.8275019257117937e-06,2.805409420129269e-06
DEHHALKAJ00010m8bt_0,1278.497314453125,"(1979, 1983)",,,,3.346041621705447e-05,5.536899398946606e-09,2.296591549466805e-08,,,,,,2.1144109195818092e-09,,1.0933622081461199e-09,9.079119475257458e-09,1.4652717777505142e-08,3.4307058290290408e-09,-1.4634599281812194e-07,3.35192893481576e-05,3.3372943355339474e-05
DEHHALKAJ00010m8bt_1,625.82275390625,"(1979, 1983)",,,,1.8604680889451842e-05,2.7131428838974534e-09,1.1249400383737878e-08,,,,,,1.0350341952751239e-09,,5.356936960846934e-10,4.448772754632049e-09,7.178400249440981e-09,1.6805543785726136e-09,-7.169438476609302e-08,1.8633521887993483e-05,1.856182750322739e-05
DEHHALKAJ00010m8bt_2,971.50390625,"(1979, 1983)",,,,2.6497956022359175e-05,4.2048258405186335e-09,1.7444484658221375e-08,,,,,,1.6067152813687125e-09,,8.303792581280016e-10,6.894945185395993e-09,1.1129148973567493e-08,2.605862274995977e-09,-1.1115551428435252e-07,2.654267238383137e-05,2.643151686954702e-05
DEHHALKAJ00010hZ,106.029052734375,"(1949, 1957)",4.571266931794366e-12,2.6748310331357582e-14,6.221858379077075e-11,2.472686833457769e-06,3.5274895490790367e-10,1.1751407228428023e-09,,,,,,1.7535312045512065e-10,,8.72317611139789e-11,6.723944205114336e-10,1.2654713619756636e-09,2.4107224314909575e-10,-1.2680378672627386e-08,2.476656246042725e-06,2.4639758673700978e-06
DEHHALKAJ00010ehbt_0,759.65478515625,"(1979, 1983)",,,,2.0490334475911522e-05,2.6375874401256028e-09,1.209623463789539e-08,,,,,,1.2563504233511216e-09,,5.392164033023732e-10,4.352723129805862e-09,7.45709584027886e-09,1.790402960539697e-09,-7.489204460650115e-08,2.052046408674682e-05,2.044557204214032e-05
DEHHALKAJ00010ehbt_1,1291.32861328125,"(1979, 1983)",,,,3.228640739169548e-05,4.498501442578585e-09,2.0602224101326717e-08,,,,,,2.1356270510544575e-09,,9.192026577847564e-10,7.423045295140211e-09,1.2706515890804113e-08,3.0497334948599963e-09,-1.2760207330568287e-07,3.233774224162903e-05,3.221014016832335e-05
DEHHALKAJ00010ehbt_2,547.47509765625,"(1979, 1983)",,,,1.7170484045312987e-05,2.213605179395561e-09,9.556758538202418e-09,,,,,,9.054601931664021e-10,,4.430806475689131e-10,3.6387606492641324e-09,6.012973079759261e-09,1.4222698866580654e-09,-6.019016341190688e-08,1.7194676953487e-05,1.7134486790075093e-05
DEHHALKAJ00010ehbt_4,639.02783203125,"(1979, 1983)",,,,1.9340955184732804e-05,2.5945833719965463e-09,1.1183896731598147e-08,,,,,,1.0568701428859592e-09,,5.190575840343272e-10,4.264594597462035e-09,7.0405288282618105e-09,1.6646591958259669e-09,-7.046969882651259e-08,1.9369279375184865e-05,1.9298809676358353e-05
DEHHALKAJ00010iqbt_1,604.5029296875,"(1979, 1983)",,,,1.2369301242897682e-05,3.7067953325796944e-09,1.3540819034929116e-08,,,,,,9.997703505470636e-10,,7.028187613169848e-10,6.0341884013665124e-09,9.052545210380059e-09,2.0490001693535794e-09,-8.975698783515713e-08,1.2405387180158156e-05,1.2315630192322998e-05
DEHHALKAJ00010iqbt_4,345.7353515625,"(1979, 1983)",,,,7.357023194609396e-06,2.1190082147736765e-09,7.74167754672327e-09,,,,,,5.718134524799379e-10,,4.0178578182121977e-10,3.4494984368893408e-09,5.175360852413629e-09,1.1714603105397814e-09,-5.1314744333785586e-08,7.3776537992050365e-06,7.3263390548712505e-06
DEHHALKAJ00010iqbt_8,612.8671875,"(1979, 1983)",,,,1.8914600759351688e-05,3.2956835408726313e-09,1.248741835176316e-08,,,,,,1.013623407248713e-09,,6.319981014917897e-10,5.375717221553923e-09,8.233900546151546e-09,1.8823931511147714e-09,-8.181551861288338e-08,1.8947521493671885e-05,1.8865705975059e-05
DEHHALKAJ000110R,2387.9169921875,"(1958, 1968)",8.228548290789309e-12,3.016931003475503e-13,3.125851589443048e-10,5.9419736078971905e-05,8.729187649901198e-10,1.2049219953323134e-08,,,,,,3.9491871011060335e-09,,6.005525165281855e-10,2.3385509568868575e-09,1.293724943645863e-08,3.545949965324662e-11,-1.3440694348961882e-07,5.945251921720085e-05,5.931811227371123e-05
DEHHALKAJ000110Zbt_0,2490.48486328125,"(1979, 1983)",,,,4.802409983983318e-05,1.3867483926094024e-08,5.366443755568934e-08,,,,,,4.118816364343059e-09,,2.6771105605517904e-09,2.264664300044285e-08,3.510671042963332e-08,8.071468203376222e-09,-3.4924898130525865e-07,4.81642525098733e-05,4.7815003528568045e-05
DEHHALKAJ000110Zbt_1,352.04150390625,"(1979, 1983)",,,,9.27871839542336e-06,1.966324230624768e-09,7.602060719496613e-09,,,,,,5.822406914886242e-10,,3.7948298217226573e-10,3.21098396822172e-09,4.97506749456238e-09,1.143543728259168e-09,-4.949103590740233e-08,9.298578099238184e-06,9.249087063330782e-06
DEHHALKAJ000110Zbt_4,6.0,"(1979, 1983)",,,,9.293673782531108e-07,2.7272970612581403e-11,1.1282161980600093e-10,,,,,,9.926602546178495e-12,,5.380762526471247e-12,4.4714260831308796e-11,7.209126826316826e-11,1.686866075051242e-11,-7.201307938092919e-10,9.29656454398447e-07,9.289363236046377e-07
DEHHALKAJ000110Zbt_5,6.0,"(1979, 1983)",,,,9.291692552565033e-07,2.7272970612581403e-11,1.1282161980600093e-10,,,,,,9.926601453473198e-12,,5.380762526471247e-12,4.471426065343722e-11,7.209125766729175e-11,1.68686579632875e-11,-7.201306317949397e-10,9.294583313871858e-07,9.287382007553909e-07
DEHHALKAJ000110Zbt_6,6.0,"(1979, 1983)",,,,9.291692550479722e-07,2.7272970612581403e-11,1.1282161980600093e-10,,,,,,9.92660145124831e-12,,5.380762526471247e-12,4.4714260653437035e-11,7.209125766728059e-11,1.6868657963284567e-11,-7.201306317947692e-10,9.294583311786526e-07,9.287382005468578e-07
DEHHALKAJ000110Zbt_7,6.0,"(1979, 1983)",,,,9.291692547802736e-07,2.7272970612581403e-11,1.1282161980600093e-10,,,,,,9.926601454431225e-12,,5.380762526471247e-12,4.4714260653436795e-11,7.209125766726626e-11,1.68686579632808e-11,-7.201306317945502e-10,9.294583309109571e-07,9.287382002791626e-07
DEHHALKAJ00010rBbt_1,414.8388671875,"(1979, 1983)",,,,1.070327829190776e-05,2.0365757096162574e-09,8.095820634103408e-09,,,,,,6.860995575776407e-10,,3.965722502390474e-10,3.331035591349222e-09,5.244498158496014e-09,1.214406336408392e-09,-5.225441663179077e-08,1.072428330014555e-05,1.067202888351376e-05
DEHHALKAJ00010rBbt_2,3011.002197265625,"(1979, 1983)",,,,5.82201949683567e-05,1.4870357154269852e-08,5.899863114658762e-08,,,,,,4.979658827656481e-09,,2.8938154332599733e-09,2.431928836992251e-08,3.8245310997126665e-08,8.851469873130457e-09,-3.810159179636614e-07,5.837335350015865e-05,5.799233758219499e-05
DEHHALKAJ00010rBbt_3,1498.038330078125,"(1979, 1983)",,,,2.8899459956292287e-05,7.362926589172495e-09,2.9258110027727695e-08,,,,,,2.477487585373201e-09,,1.4335698292267287e-09,1.2042572615596694e-08,1.8955581280037735e-08,4.3888651450081615e-09,-1.8886018847462015e-07,2.8975379069364436e-05,2.8786518880889815e-05
DEHHALKAJ00010sRbt_1,1318.09375,"(1979, 1983)",,,,2.6481025994020283e-05,7.800959723829985e-09,2.876970322447414e-08,,,,,,2.179891893331845e-09,,1.4834235651550233e-09,1.2705515642923268e-08,1.9163729492908697e-08,4.348989482957319e-09,-1.9011609402337332e-07,2.655747820704586e-05,2.6367362113022486e-05
DEHHALKAJ00010sRbt_3,708.7021484375,"(1979, 1983)",,,,1.424429513054794e-05,4.2070437128361366e-09,1.550270469905085e-08,,,,,,1.1720910593834864e-09,,7.998050998375943e-10,6.851756143328821e-09,1.0329706727530733e-08,2.3436811855231344e-09,-1.0247219873093282e-07,1.4285501919175433e-05,1.41830297204445e-05
DEHHALKAJ00010sRbt_4,4.0,"(1979, 1983)",,,,6.261135083470074e-07,1.6995535890377028e-11,6.938815378756487e-11,,,,,,6.617799406213747e-12,,3.338502129047044e-12,2.7842330416635118e-11,4.454849025469066e-11,1.0388643274772214e-11,-4.446883857242695e-10,6.262926278021666e-07,6.258479394164424e-07
DEHHALKAJ00010xObt_1,1.0,"(1979, 1983)",,,,3.932383162338458e-07,8.524018537139686e-12,2.287246758597854e-11,,,,,,1.655496961996434e-12,,1.4847915977192372e-12,1.3678002944862081e-11,1.7427420864261774e-11,3.601092918852689e-12,-1.6970672962719367e-10,3.933075595252566e-07,3.931378527956294e-07
DEHHALKAJ00010xObt_2,81.954345703125,"(1979, 1983)",,,,1.7382636384725982e-06,1.0066481402469389e-09,2.7011352518726205e-09,,,,,,1.3556371297004434e-10,,1.7534719029364047e-10,1.615270318712615e-09,2.0557091051712998e-09,4.246439640839249e-10,-2.0005044866952443e-08,1.7463779561559493e-06,1.7263729112889968e-06
DEHHALKAJ00010wzbt_0,1988.42041015625,"(1979, 1983)",,,,4.847139255861138e-05,8.346139383941187e-09,3.500657301127023e-08,,,,,,3.288491907015176e-09,,1.6542737285464722e-09,1.3694885740805736e-08,2.224715380243426e-08,5.223754033699814e-09,-2.2233434739851746e-07,4.8560853830219095e-05,4.833851948282058e-05
DEHHALKAJ00010wzbt_1,5.0,"(1979, 1983)",,,,7.81421619147261e-07,2.0986858064098593e-11,8.802608551106006e-11,,,,,,8.272331871221023e-12,,4.159768528066154e-12,3.443718729780254e-11,5.5977048840280955e-11,1.3144715042974424e-11,-5.596121195976404e-10,7.816466231424166e-07,7.81087011022819e-07
DEHHALKAJ00010wzbt_2,486.0595703125,"(1979, 1983)",,,,1.5104480992529038e-05,2.048525127986925e-09,8.579596453357502e-09,,,,,,8.038909898959514e-10,,4.0583397305864914e-10,3.361052661589022e-09,5.455437354419556e-09,1.2804899406753296e-09,-5.4517174584217464e-08,1.512641581903002e-05,1.5071898644445802e-05
DEHHALKAJ00010wzbt_3,1299.879150390625,"(1979, 1983)",,,,3.3789393614391404e-05,5.465072783513936e-09,2.2908796098748052e-08,,,,,,2.1497709999833836e-09,,1.0830064449816061e-09,8.967120799787779e-09,1.4561994181694961e-08,3.418720648163711e-09,-1.4552591347850165e-07,3.384794809634827e-05,3.370242218286977e-05
DEHHALKAJ00010wzbt_4,5.0,"(1979, 1983)",,,,8.521009217170461e-07,2.1021464887222914e-11,8.811894587225191e-11,,,,,,8.272426665229464e-12,,4.165796661390227e-12,3.44927809005205e-11,5.605149739154865e-11,1.3160307055141184e-11,-5.603576073351008e-10,8.523262049364794e-07,8.517658473291442e-07
DEHHALKAJ00010wzbt_6,1608.26904296875,"(1979, 1983)",,,,4.007841356832129e-05,6.677956698762047e-09,2.8119262901898556e-08,,,,,,2.6597897506037346e-09,,1.3253686410928459e-09,1.0960255177920719e-08,1.7845789898667006e-08,4.194474432804777e-09,-1.7838700384261067e-07,4.015019646582303e-05,3.9971809461980416e-05
DEHHALKAJ00010wzbt_7,403.917236328125,"(1979, 1983)",,,,1.319051393492909e-05,1.7069589836407954e-09,7.1420916579500145e-09,,,,,,6.680420938219136e-10,,3.3805550382973713e-10,2.8004722871212403e-09,4.542971178780095e-09,1.0660525558768112e-09,-4.539644013900188e-08,1.3208778579190107e-05,1.3163382139051105e-05
DEHHALKAJ00011DGbt_2,105.087890625,"(1979, 1983)",,,,2.749512317781067e-06,1.306724786616963e-09,3.5063298132761237e-09,,,,,,1.7383309773100883e-10,,2.2761728816598596e-10,2.096774556851516e-09,2.6685318139909637e-09,5.512350880404434e-10,-2.5968849328618992e-08,2.76004336422574e-06,2.734074514897121e-06
DEHHALKAJ00011GYbt_1,1205.1611328125,"(1979, 1983)",,,,2.2747766387249172e-05,6.704729068936694e-09,2.51566915208806e-08,,,,,,1.9931213623920546e-09,,1.2817981309735184e-09,1.0930386328819747e-08,1.6648031303823897e-08,3.7958774999560225e-09,-1.653238768251919e-07,2.2814277022464953e-05,2.264895314563976e-05
DEHHALKAJ00011GYbt_3,993.84375,"(1979, 1983)",,,,3.074915892802997e-05,5.768667661408604e-09,2.1388463220239324e-08,,,,,,1.6436961013161432e-09,,1.098773506621379e-09,9.398237967000118e-09,1.4218758040013415e-08,3.231517520010971e-09,-1.411058128004561e-07,3.080590704204658e-05,3.066480122924613e-05
DEHHALKAJ00011HI,1142.5439453125,"(1919, 1948)",6.999296362375129e-12,2.56623567753739e-13,2.6588847614594917e-10,2.0658834459998416e-05,6.0610799872347986e-09,1.962135378630569e-08,,,,,,1.889563112856835e-09,,1.355216298076098e-09,1.1417943002906647e-08,1.786491645761222e-08,2.7995251919249217e-09,-1.783068415872659e-07,2.071984405783533e-05,2.0541537216248065e-05
DEHHALKAJ0001117bt_1,2294.560546875,"(1979, 1983)",,,,4.4774529695369085e-05,1.3650554835328265e-08,5.0271994998526755e-08,,,,,,3.794792857507273e-09,,2.594651355625294e-09,2.2231119397754225e-08,3.3504463987487314e-08,7.600519467641034e-09,-3.3235743097735245e-07,4.490817779226896e-05,4.457582036129161e-05
DEHHALKAJ00011Bybt_1,1177.96875,"(1979, 1983)",,,,2.359024777664543e-05,7.306209192510115e-09,2.6608954370984763e-08,,,,,,1.948153881811428e-09,,1.3839993305282533e-09,1.189164302546263e-08,1.7809637580321382e-08,4.027775096203063e-09,-1.7655323412651335e-07,2.366122414912325e-05,2.3484670914996737e-05
DEHHALKAJ00011Bybt_2,1255.4970703125,"(1979, 1983)",,,,2.4460880147928768e-05,7.473938499857033e-09,2.7520007035367626e-08,,,,,,2.0763683188378955e-09,,1.4205436251605068e-09,1.2171844030540054e-08,1.8342321404530094e-08,4.160771250684173e-09,-1.8195019114391745e-07,2.4534045942093746e-05,2.435209575094983e-05
DEHHALKAJ00011Bybt_9,4.0,"(1979, 1983)",,,,7.130170109156196e-07,1.6778348241803678e-11,6.88053749690505e-11,,,,,,6.618076993451995e-12,,3.3006703957718236e-12,2.7493908887664215e-11,4.4109632021258307e-11,1.0298252790221241e-11,-4.404436031730099e-10,7.131944151799188e-07,7.127539715767458e-07
DEHHALKAJ00011CJbt_0,1104.828125,"(1979, 1983)",,,,2.1373706578585074e-05,6.560200499920482e-09,2.41722960996921e-08,,,,,,1.8271914490635416e-09,,1.2471397451319404e-09,1.0684159076092114e-08,1.6106772127901198e-08,3.6543550273521367e-09,-1.5978065595842827e-07,2.143795869261023e-05,2.1278178036651802e-05
DEHHALKAJ00011CJbt_1,261.1923828125,"(1979, 1983)",,,,5.579100868643739e-06,1.552455251933491e-09,5.718753568644342e-09,,,,,,4.3198913328383427e-10,,2.9510773446966754e-10,2.5283428871965367e-09,3.811012066623754e-09,8.645907407164939e-10,-3.78051390385551e-08,5.594303120026607e-06,5.556497980988052e-06
DEHHALKAJ00011CJbt_2,285.40625,"(1979, 1983)",,,,6.120981216303613e-06,1.6978232704673503e-09,6.25279526651857e-09,,,,,,4.720361030357006e-10,,3.2271786527685146e-10,2.7650558485156276e-09,4.167269495411197e-09,9.45353637003726e-10,-4.133865244020379e-08,6.137604267789842e-06,6.096265615349638e-06
DEHHALKAJ00011CJbt_3,636.2822265625,"(1979, 1983)",,,,1.2686139834578216e-05,3.788719198447304e-09,1.394960549564252e-08,,,,,,1.0523229372626116e-09,,7.200926629814822e-10,6.170178020953095e-09,9.297788229400314e-09,2.109071072774426e-09,-9.223091954254972e-08,1.2723227612195676e-05,1.2630996692653126e-05
DEHHALKAJ00010skbt_1,252.74462890625,"(1979, 1983)",,,,4.516959546901256e-06,1.5268503651363002e-09,5.098875672831924e-09,,,,,,4.1802137053865047e-10,,2.8188638751515993e-10,2.4740306292445836e-09,3.531345303897349e-09,7.793668443421416e-10,-3.48286065344242e-08,4.531069923474762e-06,4.496241316940338e-06
DEHHALKAJ00010s4bt_0,995.003662109375,"(1979, 1983)",,,,2.5607265261404283e-05,3.704536742674423e-09,1.6251106208183144e-08,,,,,,1.6455693672963745e-09,,7.456034991372306e-10,6.095756351126032e-09,1.0168962621414256e-08,2.414941362754723e-09,-1.0188035932353939e-07,2.564829173755687e-05,2.5546411378233333e-05
DEHHALKAJ00010s4bt_2,831.597900390625,"(1979, 1983)",,,,2.1581786042836532e-05,3.108062946497664e-09,1.3614201428800925e-08,,,,,,1.3753312662350752e-09,,6.252301391480122e-10,5.113781501739316e-09,8.52327893147662e-09,2.023370230558301e-09,-8.538571347138199e-08,2.161616929928099e-05,2.1530783585809607e-05
DEHHALKAJ00011Ax,1093.4267578125,"(1958, 1968)",3.7678507705827614e-12,1.3814521595460922e-13,1.4313268761142043e-10,2.801428230869188e-05,4.1145176238232115e-10,5.8644169307407804e-09,,,,,,1.8083320733314263e-09,,2.8299975993288383e-10,1.1020361562994852e-09,6.096199349209414e-09,1.760062358026105e-11,-6.336427032611871e-08,2.8029865345347352e-05,2.7966501075021234e-05
DEHHALKAJ000115e,149.48486328125,"(1919, 1948)",,,,3.730028232732911e-07,2.122777108491377e-09,6.647079380753729e-09,,,,,,2.472212657685408e-10,,4.2477108064265753e-10,3.912922198278087e-09,4.979689425943647e-09,1.0287811682113345e-09,-4.8958892280681705e-08,3.9236606490138046e-07,3.4340717262069874e-07
DEHHALKAJ00010zfbt_1,256.90185546875,"(1979, 1983)",,,,5.27689411812656e-06,2.0657773853901233e-09,6.561455875703266e-09,,,,,,4.249090558013024e-10,,3.760235801749168e-10,3.339189654917076e-09,4.6386933515273825e-09,1.008929868094407e-09,-4.561227989361372e-08,5.295309096898168e-06,5.249696817004554e-06
DEHHALKAJ00010qrbt_0,159.330810546875,"(1979, 1983)",,,,3.53428618620019e-06,2.362054892443646e-09,6.338093204317252e-09,,,,,,2.6356245619126534e-10,,4.114443489735538e-10,3.790159157231072e-09,4.823600464279294e-09,9.96400432457899e-10,-4.6940498881889705e-08,3.553271501156084e-06,3.506331002274194e-06
DEHHALKAJ00011Abbt_1,1938.90380859375,"(1979, 1983)",,,,4.8447335966316025e-05,8.676482476855398e-09,3.55789260711737e-08,,,,,,3.206600437245348e-09,,1.7068237937558705e-09,1.4217418699798607e-08,2.2792198484986174e-08,5.320699883898526e-09,-2.2749314282358998e-07,4.8538835116163744e-05,4.8311341973340154e-05
DEHHALKAJ00011Abbt_2,562.493896484375,"(1979, 1983)",,,,1.759336266616788e-05,2.545454245911441e-09,1.0397783531157695e-08,,,,,,9.303041544008617e-10,,5.000995228720908e-10,4.170060456566036e-09,6.6702604536032515e-09,1.5555825182517089e-09,-6.656364647935332e-08,1.7620132211050648e-05,1.7553568564571295e-05
DEHHALKAJ000114Zbt_0,198.94482421875,"(1979, 1983)",,,,4.408273068859935e-06,1.5354005063956098e-09,4.908554959162417e-09,,,,,,3.2905232135758507e-10,,2.79985767215413e-10,2.4826327018899656e-09,3.460839882039643e-09,7.541813112657306e-10,-3.4043901463184564e-08,4.422023716309261e-06,4.387979814846077e-06
DEHHALKAJ00010r3bt_0,140.15673828125,"(1979, 1983)",,,,4.068767206618043e-06,6.02088327702249e-10,2.171164921177109e-09,,,,,,2.318139702060796e-10,,1.1370862901697376e-10,9.794467937911215e-10,1.4588493314718177e-09,3.290311889248766e-10,-1.4454333063785224e-08,4.074653309780333e-06,4.0601989767165486e-06
DEHHALKAJ00010vLbt_1,1336.854248046875,"(1979, 1983)",,,,2.546755383082461e-05,6.292475689219177e-09,2.5363475066701253e-08,,,,,,2.210917964545702e-09,,1.2308587806711274e-09,1.0300392212949807e-08,1.6347860533922887e-08,3.799273872359869e-09,-1.630104506766191e-07,2.5533099084944986e-05,2.5370088634268368e-05
DEHHALKAJ00010wv,2941.11328125,"(1969, 1978)",,,,0.0012189262133334901,9.882340245611917e-05,1.1004072689590575e-07,,,,,,4.8640747024790475e-09,,1.3354053163879395e-09,9.882660405827235e-05,3.7676216932415776e-06,1.342707722496151e-09,1.4819670173651007e-05,0.0014204614244557607,0.0014352810946294118
DEHHALKAJ000117Ibt_1,329.611328125,"(1979, 1983)",,,,7.231588979526892e-06,1.885761001328107e-09,7.019932331163468e-09,,,,,,5.451458114142891e-10,,3.596326680059491e-10,3.0729290073613964e-09,4.659510461861751e-09,1.0601283428055962e-09,-4.625054290566976e-08,7.2501920191508324e-06,7.2039414762451625e-06
DEHHALKAJ000117Ibt_3,1416.3837890625,"(1979, 1983)",,,,2.6528183812602252e-05,8.10336625115772e-09,3.0165584449831054e-08,,,,,,2.342445799817438e-09,,1.5453894860911714e-09,1.3204781370332214e-08,2.002230077672266e-08,4.555448693439813e-09,-1.9874113583545467e-07,2.6608123129429643e-05,2.6409381993594187e-05
DEHHALKAJ00011CDbt_0,1044.607421875,"(1979, 1983)",,,,2.2333479405763112e-05,6.2880147007396115e-09,2.3083867217204206e-08,,,,,,1.727609382373881e-09,,1.1940361093628807e-09,1.023881812398038e-08,1.5403326307195272e-08,3.491216365561236e-09,-1.5277008313609545e-07,2.2394906293969528e-05,2.2242136210833433e-05
DEHHALKAJ00011CDbt_2,1332.087890625,"(1979, 1983)",,,,3.530275922415958e-05,6.771834521212814e-09,2.6091464845812744e-08,,,,,,2.203048478924732e-09,,1.3054837847719241e-09,1.1056184740643874e-08,1.709700473283684e-08,3.926246215425004e-09,-1.700454480391158e-07,3.537121049147922e-05,3.52011650434401e-05
DEHHALKAJ00011Dtbt_0,504.1650390625,"(1979, 1983)",,,,1.579140881928441e-05,2.202443151331993e-09,9.1074367021717e-09,,,,,,8.338362834080419e-10,,4.3447016428317966e-10,3.610785783420214e-09,5.817142085434727e-09,1.3609269996588406e-09,-5.8090271318350924e-08,1.5814775860454118e-05,1.5756685589135765e-05
DEHHALKAJ00011Dtbt_1,1554.345703125,"(1979, 1983)",,,,3.997329325553974e-05,6.806476363574967e-09,2.812211449122939e-08,,,,,,2.5706104728711546e-09,,1.3423189791190907e-09,1.1158271299519579e-08,1.7967171295273528e-08,4.202513770524892e-09,-1.7941010390531574e-07,4.0045462732211855e-05,3.986605262830654e-05
DEHHALKAJ00011Hqbt_0,145.064453125,"(1979, 1983)",,,,4.427006344964285e-06,6.779606355797818e-10,2.394207065039192e-09,,,,,,2.399328468225344e-10,,1.272340007585074e-10,1.1016587227400128e-09,1.621826457415206e-09,3.6366665343364333e-10,-1.604939420246174e-08,4.433532831346074e-06,4.417483437143612e-06
DEHHALKAJ00011Hqbt_2,2.0,"(1979, 1983)",,,,5.732354540031465e-07,9.255139304804179e-12,3.276231286891745e-11,,,,,,3.3101503037061623e-12,,1.7381662642773412e-12,1.5041559083393757e-11,2.219983696641901e-11,4.982309432455836e-12,-2.198655123995094e-10,5.733247434773705e-07,5.731048779649709e-07
DEHHALKAJ00011a1,2523.326171875,"(1969, 1978)",1.4491927013248274e-12,5.313348401359263e-14,5.505176792747421e-11,0.0010597118051493771,8.478568157877711e-05,9.645251743261086e-08,,,,,,4.173129637532793e-09,,1.284141664015991e-09,8.478875778571728e-05,3.2354104156045212e-06,1.3407719100599821e-09,1.2683852651806967e-05,0.0012326249054901205,0.0012453087581419274
DEHHALKAJ00011Y3bt_1,836.881103515625,"(1979, 1983)",,,,2.2877029266423274e-05,3.4242177060143005e-09,1.4496046653197806e-08,,,,,,1.3840759865927611e-09,,6.808335071261569e-10,5.621889003523286e-09,9.182769047468045e-09,2.1612709751102402e-09,-9.181921822918191e-08,2.291398036930231e-05,2.2822161151073127e-05
DEHHALKAJ00011WCbt_0,2063.052734375,"(1979, 1983)",,,,3.989764148592672e-05,1.2241288283639434e-08,4.511396430151191e-08,,,,,,3.4119204008408445e-09,,2.3272912074216288e-09,1.9936773228122168e-08,3.005868379449019e-08,6.820166023592692e-09,-2.981882182814346e-07,4.001755157316633e-05,3.9719363354884894e-05
DEHHALKAJ00011WCbt_1,413.025390625,"(1979, 1983)",,,,8.942141956853397e-06,2.450719165273839e-09,9.031864487903733e-09,,,,,,6.831013337022626e-10,,4.659262189604909e-10,3.991364438345882e-09,6.017832086202286e-09,1.3654180499157196e-09,-5.969838469448652e-08,8.9661481826337e-06,8.906449797939213e-06
DEHHALKAJ00017sUbt_0,373.480224609375,"(1979, 1983)",,,,1.2450670155446562e-05,1.570576836272683e-09,6.58309347061249e-09,,,,,,6.177043538506833e-10,,3.112306418259903e-10,2.5770004687061633e-09,4.184815127630759e-09,9.82453025556943e-10,-4.1821715319617785e-08,1.2467497029371015e-05,1.2425675314051397e-05
DEHHALKAJ00017sUbt_1,1653.33251953125,"(1979, 1983)",,,,4.173329614389185e-05,6.923867098220002e-09,2.9064925105754448e-08,,,,,,2.7343166976910365e-09,,1.3727467344812935e-09,1.1361702976091419e-08,1.8465916626016952e-08,4.3368111254419725e-09,-1.845541632242393e-07,4.1807556430255545e-05,4.162300226703131e-05
DEHHALKAJ00017sUbt_3,5.0,"(1979, 1983)",,,,8.364605511756099e-07,2.0924804450220486e-11,8.78595772771988e-11,,,,,,8.272441696280726e-12,,4.1489594614160895e-12,3.433766541099312e-11,5.585327640959174e-11,1.3119314180187164e-11,-5.584240281759824e-10,8.36685067214496e-07,8.361266431863199e-07
DEHHALKAJ00017sUbt_4,2488.223876953125,"(1979, 1983)",,,,6.100819434167411e-05,1.0413119610722728e-08,4.3722859600026856e-08,,,,,,4.11507729695461e-09,,2.0647079992812187e-09,1.708764085144525e-08,2.777609185138026e-08,6.523760418055167e-09,-2.776062940336601e-07,6.111989759930197e-05,6.084229130526831e-05
DEHHALKAJ00017sUbt_6,1356.22802734375,"(1979, 1983)",,,,3.509775623407763e-05,5.688061392080248e-09,2.38645291543005e-08,,,,,,2.2429604236325584e-09,,1.1275295721283726e-09,9.33350547841033e-09,1.5164816059917176e-08,3.561046594156832e-09,-1.5155765170346977e-07,3.515873868275226e-05,3.5007181031048786e-05
DEHHALKAJ00017yRbt_1,1847.21923828125,"(1979, 1983)",,,,3.760838810662837e-05,9.15587831647678e-09,3.6283784626481165e-08,,,,,,3.0549703058200613e-09,,1.78108597945637e-09,1.4972694620272807e-08,2.3530731451803517e-08,5.444260862826514e-09,-2.3440799761068959e-07,3.770261151279151e-05,3.746820351518082e-05
DEHHALKAJ00017yRbt_3,706.64306640625,"(1979, 1983)",,,,1.9810738613435955e-05,2.8903183917887347e-09,1.2237411566539609e-08,,,,,,1.1686896815315467e-09,,5.74703816684257e-10,4.745369891862015e-09,7.751678040268494e-09,1.8245073780821212e-09,-7.751032180640167e-08,1.9841931292202713e-05,1.976442097039631e-05
DEHHALKAJ00017vfbt_0,248.3125,"(1979, 1983)",,,,4.915372608925951e-06,1.9052943848132736e-09,6.096784089715221e-09,,,,,,4.1070083596421423e-10,,3.4752796058017833e-10,3.080861115942347e-09,4.296918464407677e-09,9.36634074210698e-10,-4.2270555403025855e-08,4.932447329851585e-06,4.89017677444856e-06
DEHHALKAJ000180Rbt_1,214.2158203125,"(1979, 1983)",,,,4.385349594321298e-06,1.3066207438466032e-09,4.355205533780291e-09,,,,,,3.543022529570507e-10,,2.410970492104952e-10,2.1169850000414072e-09,3.0186295172654466e-09,6.658503557451999e-10,-2.9768641687393423e-08,4.397408284774144e-06,4.36763964308675e-06
DEHHALKAJ0001806bt_0,556.5517578125,"(1979, 1983)",,,,1.0754558070309381e-05,3.307657574095287e-09,1.2184695350773276e-08,,,,,,9.204613327231493e-10,,6.287611380915166e-10,5.386888470730085e-09,8.119809966037317e-09,1.8421239543029142e-09,-8.054810285339195e-08,1.0786948468096137e-05,1.0706400365242746e-05
DEHHALKAJ0001806bt_1,366.37890625,"(1979, 1983)",,,,1.3005591685053593e-05,1.878818978911918e-09,7.219925719325204e-09,,,,,,6.059699424462046e-10,,3.6189856804035055e-10,3.06704096615782e-09,4.735812228560632e-09,1.086795186472635e-09,-4.709581267430343e-08,1.3024547946643507e-05,1.2977452133969204e-05
DEHHALKAJ00018Lp,2077.3017578125,"(1969, 1978)",1.1930326643559414e-12,4.374158242813408e-14,4.532078950437529e-11,0.0008718758258861571,6.979894612904746e-05,8.005538605907207e-08,,,,,,3.4354851253392166e-09,,1.0739819707543326e-09,6.980151952522014e-05,2.6638794828605104e-06,1.1063526857327462e-09,1.0437979278385833e-05,0.001014225842229126,0.0010246638215075118
DEHHALKAJ000180bbt_1,1550.853515625,"(1979, 1983)",,,,3.059118102616351e-05,9.066549979531594e-09,3.354965198793297e-08,,,,,,2.564834742785285e-09,,1.7258751901964326e-09,1.4769496601345534e-08,2.2319146121467903e-08,5.0697322529477656e-09,-2.2146293148146868e-07,3.068024631303971e-05,3.0458783381558243e-05
DEHHALKAJ000180bbt_2,955.904296875,"(1979, 1983)",,,,1.8901125366135612e-05,5.5883769781915605e-09,2.067910100523038e-08,,,,,,1.580906937469588e-09,,1.063782938592923e-09,9.103519568469656e-09,1.3756922393256437e-08,3.124846924278535e-09,-1.3650381769173053e-07,1.8956022822881103e-05,1.881951900518937e-05
DEHHALKAJ00018E7,136.772216796875,"(1949, 1957)",5.896707512780271e-12,3.4503993058918044e-14,8.025888576355198e-11,2.9591265002307976e-06,4.016873215395877e-10,1.342929473937558e-09,,,,,,2.2619682602319595e-10,,1.0038158276745423e-10,7.675289101828441e-10,1.4678384658512436e-09,2.7290454499854705e-10,-1.4726906404275781e-08,2.9637059673560976e-06,2.948979060951822e-06
DEHHALKAJ00018EGbt_0,1460.2978515625,"(1979, 1983)",,,,3.0085955871489827e-05,8.776757989124408e-09,3.22336080802436e-08,,,,,,2.4150720471985153e-09,,1.6668376071281502e-09,1.4291575288148729e-08,2.1505277194478323e-08,4.8747960993851825e-09,-2.1329401482371786e-07,3.0171719795795534e-05,2.9958425780971817e-05
DEHHALKAJ00018EGbt_1,663.84765625,"(1979, 1983)",,,,1.2961050682644635e-05,3.986722880547448e-09,1.4644812746047568e-08,,,,,,1.0979085868251891e-09,,7.571881319596973e-10,6.491828182799934e-09,9.769734763401365e-09,2.2147230863297408e-09,-9.689935790272185e-08,1.3000013601022546e-05,1.2903114243119825e-05
DEHHALKAJ00018EGbt_2,472.4892578125,"(1979, 1983)",,,,1.0130860873107342e-05,2.837524117467992e-09,1.0423350357626657e-08,,,,,,7.814453737300364e-10,,5.389237351759809e-10,4.620517359635427e-09,6.953593715518778e-09,1.576327517209716e-09,-6.896822946080586e-08,1.0158592555283705e-05,1.0089624325822898e-05
DEHHALKAJ00018Hd,246.56689453125,"(1969, 1978)",2.832158188075235e-13,1.0383880050768437e-14,1.0758770394115191e-11,7.437392663459107e-05,5.523303794681657e-06,7.130089880055708e-09,,,,,,4.0777752332879515e-10,,1.3809657246022458e-10,5.523636025975019e-06,2.1193713535615582e-07,1.1486626535900034e-10,8.14289396655581e-07,8.56405944208451e-05,8.645488381750068e-05
DEHHALKAJ00018G8bt_0,769.710693359375,"(1979, 1983)",,,,2.0724232362735122e-05,2.976513933827437e-09,1.2868701459796036e-08,,,,,,1.2729863475407635e-09,,5.960764397707296e-10,4.893278430435139e-09,8.092717073029552e-09,1.914879160602367e-09,-8.101417341973166e-08,2.075684751558012e-05,2.067583334216039e-05
DEHHALKAJ00018G8bt_1,1081.70166015625,"(1979, 1983)",,,,2.7344414352960595e-05,4.149954889219191e-09,1.7996170658058314e-08,,,,,,1.788948052284854e-09,,8.319311497878586e-10,6.8236709343098865e-09,1.1305406251755748e-08,2.677083307824504e-09,-1.1319396509073538e-07,2.7389987518203835e-05,2.72767935531131e-05
DEHHALKAJ00018G8bt_2,958.86962890625,"(1979, 1983)",,,,2.4612897698893825e-05,3.680311025397089e-09,1.5956924023994247e-08,,,,,,1.585811257126994e-09,,7.37740713968572e-10,6.051383611433896e-09,1.0024918366897343e-08,2.373769585576159e-09,-1.0037242607919486e-07,2.4653308557478216e-05,2.455293613139902e-05
DEHHALKAJ00018B7,104.38818359375,"(1969, 1978)",2.3980822686305116e-13,8.792375628656935e-15,9.109807715906142e-12,8.266729037412169e-06,1.1881911616791517e-10,1.2861327881840714e-09,,,,,,1.7263939581242152e-10,,8.087796143355934e-11,3.1490452425239945e-10,1.7404351301752945e-09,3.6026565787517966e-11,-1.7783580328630798e-08,8.270478872893983e-06,8.252695292565352e-06
DEHHALKAJ00018K3bt_0,124.58349609375,"(1979, 1983)",,,,1.7954214171557978e-06,1.0473823396652913e-09,2.8104371793353086e-09,,,,,,2.060667211534172e-10,,1.824426461250264e-10,1.680632513042154e-09,2.1388930416874507e-09,4.4182707360630847e-10,-2.081454185375727e-08,1.803929098670413e-06,1.7831145568166556e-06
DEHHALKAJ0001813bt_1,774.5078125,"(1979, 1983)",,,,1.5649252056015537e-05,4.585206191637906e-09,1.6908708726307865e-08,,,,,,1.2809206201226997e-09,,8.718965922893394e-10,7.4679463278843e-09,1.1263381592224769e-08,2.5560388449691816e-09,-1.1173921214609557e-07,1.5694186154910974e-05,1.558244694276488e-05
DEHHALKAJ00018yQbt_0,330.62255859375,"(1979, 1983)",,,,1.1448297910354976e-05,1.3713326823269379e-09,5.776640820286875e-09,,,,,,5.468237944092743e-10,,2.722036857639145e-10,2.2507696693036083e-09,3.6657877223777573e-09,8.616987245528715e-10,-3.664503373486744e-08,1.1463043167453997e-05,1.1426398133719129e-05
DEHHALKAJ00018yQbt_1,1061.65771484375,"(1979, 1983)",,,,2.7636395086332368e-05,4.383197520210845e-09,1.8494902526114917e-08,,,,,,1.7558038628795686e-09,,8.705387147579081e-10,7.194882103981748e-09,1.172928079743862e-08,2.7583104979794007e-09,-1.1726011097732224e-07,2.7683582002355732e-05,2.756632189137841e-05
DEHHALKAJ00018yQbt_3,1544.0771484375,"(1979, 1983)",,,,3.82040178472978e-05,6.353557182240451e-09,2.6841670576997335e-08,,,,,,2.553627845945132e-09,,1.2623901232708119e-09,1.0429952304423262e-08,1.701533642903194e-08,4.002648438859174e-09,-1.7011697864163676e-07,3.827247703019857e-05,3.810236005155693e-05
DEHHALKAJ00018yQbt_4,515.04638671875,"(1979, 1983)",,,,1.5561617384419442e-05,2.1276679440071477e-09,8.975806798008263e-09,,,,,,8.518283879471066e-10,,4.2254215975993474e-10,3.492457224577588e-09,5.69289976841119e-09,1.3386993730227672e-09,-5.6913070045125367e-08,1.558451928607518e-05,1.5527606216030054e-05
DEHHALKAJ000181abt_0,243.458984375,"(1979, 1983)",,,,4.561787407392141e-06,1.8526554657578003e-09,5.9362988591776495e-09,,,,,,4.02670805191797e-10,,3.380530083663173e-10,2.995934668827348e-09,4.181473715878986e-09,9.118278766087898e-10,-4.1138142278230385e-08,4.57840632179195e-06,4.53726817951372e-06
DEHHALKAJ00018BE,623.3798828125,"(1995, 2001)",,,,1.8017300378236933e-05,4.34620425361897e-09,1.642601418848395e-08,,,,,,1.0309587351423352e-09,,7.989588153039288e-10,7.0375780350326815e-09,9.963152871359366e-09,2.1745319566145177e-09,-9.881387367546349e-08,1.8059077777092486e-05,1.7960263903417024e-05
DEHHALKAJ00018L7bt_0,206.03759765625,"(1979, 1983)",,,,4.206784650590293e-06,1.4434775152440276e-09,4.6900142011649694e-09,,,,,,3.4077873951589535e-10,,2.6442069940350105e-10,2.3358074701923142e-09,3.2847163962172417e-09,7.191995929248389e-10,-3.234295262175499e-08,4.219863065204955e-06,4.1875201125832e-06
DEHHALKAJ00019u9bt_1,2924.953125,"(1979, 1983)",,,,5.673118648497389e-05,1.7131181091696522e-08,6.335987584671031e-08,,,,,,4.83734926510463e-09,,3.260520902832219e-09,2.790609015306417e-08,4.215863144767519e-08,9.574894276778449e-09,-4.1830874323375323e-07,5.6899415027957746e-05,5.648110628472399e-05
DEHHALKAJ00019u9bt_3,4.0,"(1979, 1983)",,,,5.072067368495991e-07,1.7039689423328754e-11,6.950663080011999e-11,,,,,,6.617323648171998e-12,,3.3461931957018974e-12,2.7913072473601135e-11,4.463229426206752e-11,1.0405595108296421e-11,-4.45468547732076e-10,5.073861976485102e-07,5.069407291007782e-07
DEHHALKAJ0001A8nbt_0,776.5625,"(1979, 1983)",,,,1.6673052965997932e-05,4.5918100471926595e-09,1.6938646048222724e-08,,,,,,1.2843223361611036e-09,,8.732411131970816e-10,7.478837002898823e-09,1.12819629266853e-08,2.5604881602164738e-09,-1.1192599716685862e-07,1.67180622736325e-05,1.660613627646564e-05
DEHHALKAsT0000Edbt_1,241.58935546875,"(1979, 1983)",,,,4.014224419186712e-06,1.3301588493230512e-09,4.52687437170867e-09,,,,,,3.995682044236014e-10,,2.4692195696661925e-10,2.1573576718171353e-09,3.1114285806080387e-09,6.904226273350374e-10,-3.072172514141862e-08,4.026687151448895e-06,3.9959654263074764e-06
