building_name,net_leased_area ,building_age_group,a1,a2,a3,a1_a3,a4,a5,b1,b2,b3,b4,b5,b6,b7,c1,c2,c3,c4,d,sum,sum with d
DEHHALKA10000t7C,1350.308837890625,"(2002, 2009)",-9993.005569692994,68.64940834841846,782.1813858107284,264478.06406655,7055.621887114915,5189.5465961299815,-3888.889453125,,,,,41541.79137189576,,1377.9166814541184,6717.92927089542,8579.976775880814,22305.94212959591,-24221.36068788541,353357.89932639187,329136.53863850643
DEHHALKA10000t7F,1348.009033203125,"(2002, 2009)",-9975.985788435177,68.53248677708339,780.8491984124937,273333.73823179514,7061.082364173727,5213.054069492758,-3882.266015625,,,,,41471.04078262482,,1377.10248771323,6765.700441879391,9008.166962305097,22303.803130863154,-27253.69194402745,362651.4224552223,335397.73051119485
DEHHALKA10000t79,1348.662109375,"(2002, 2009)",-9980.818900416563,68.56568902796676,781.2275000356655,272420.4889784502,7047.958962235435,5184.960400322608,-3884.146875,,,,,41491.13234679828,,1376.3188509321035,6752.055440115757,9049.208880824039,22298.154693030567,-27206.400470871547,361736.131677709,334529.73120683746
DEHHALKA3Aw000Dnbt_1,603.001953125,"(1979, 1983)",,,,170752.19729078695,2805.248420626882,2189.3570230012374,-1356.75439453125,,,,,19038.162638170805,,501.69111212870064,2598.856572031809,-732.5055078140854,6031.334065224306,-8481.227120700325,201827.58721962533,193346.360098925
DEHHALKA3gi00005bt_1,759.09765625,"(1979, 1983)",,,,236619.34021027377,4498.115842336128,4545.194687352225,-1707.9697265625,,,,,24067.20721489894,,716.3321293097547,4215.835469309613,-3584.7820097097165,8532.76961525387,-10965.816596578627,277902.04343246203,266936.2268358834
DEHHALKA900014M0bt_1,852.228515625,"(1979, 1983)",,,,240808.82966435453,4015.2572374037,3187.8360104149183,-1917.5141601562498,,,,,26628.72838944408,,713.4797270416561,3721.463676906217,-1185.3186135186086,8572.848853099254,-11934.527740355024,284545.61078498955,272611.08304463455
DEHHALKA900014M0bt_2,4.0,"(1979, 1983)",,,,8843.450925682815,18.845918266224757,14.962353180951943,-9.0,,,,,190.90198427038217,,3.3487719031246472,21.780359009151066,44.74582479753074,42.469319029444065,-370.0756362832855,9171.505456139625,8801.42981985634
DEHHALKAJ000109w,1832.744140625,"(1949, 1957)",-103967.36472643501,702.5493091977226,8445.125796976958,28680.520730529475,2262.0711964735583,1134.1741480778585,-4948.4091796875,,,,,56383.763724562814,,1573.3540005577702,6180.485450032462,109604.88945908335,25.8743021137591,-57557.25625992481,200896.72383174353,143339.4675718187
DEHHALKAJ00010D9bt_1,1199.3701171875,"(1979, 1983)",,,,306552.896289542,6378.230184766444,5832.620934616914,-2698.582763671875,,,,,36910.52891752909,,1067.8935253304676,5920.657536414588,-3989.068332631583,12758.227071304997,-15032.576516386718,368733.403363201,353700.8268468143
DEHHALKAJ00010A0,590.72265625,"(1958, 1968)",-38252.04871548215,262.7818521783738,2994.0982485907425,27319.76145556999,922.9149512695312,416.64054891518833,-1831.240234375,,,,,18173.977016899018,,567.68447265625,2224.2365442067457,40246.47679027657,281.1883590695211,-21462.88457795939,88321.63990448782,66858.75532652842
DEHHALKAJ00010D6,620.953125,"(1969, 1978)",-5744.230377637772,39.46140268727583,449.617489539219,172352.51666724452,3194.7015280613145,809.6570276635405,-5197.090586759026,,,,,19103.866325474093,,1611.0980818952983,6635.457909493571,9585.523329873058,3853.0135866388173,-14403.993004472846,211948.74386958516,197544.75086511232
DEHHALKAJ00010Ax,810.3994140625,"(1949, 1957)",-46138.06798666905,310.9277627606665,3769.982523693876,13671.61889534862,1002.8498364831398,507.1469558064824,-2188.07841796875,,,,,24932.343695568965,,698.6146029857016,2745.9964975038506,48726.57979026159,12.856299245739343,-25511.143348887414,90109.92815523535,64598.78480634793
DEHHALKAJ000108c,718.572265625,"(1969, 1978)",-6647.272508260786,45.665072599056906,520.3012032878027,198263.47723633505,3689.6643910841512,934.6639823349798,-5998.6409915245595,,,,,22107.024446715437,,1859.5787073726135,7659.525097164222,11071.462136035243,4430.2605410129745,-16621.52513424012,244017.01554653008,227395.49041228995
DEHHALKAJ000107hbt_0,947.62060546875,"(1979, 1983)",,,,243885.56583527953,4781.766390552015,4655.735636583541,-1895.2412109374998,,,,,29395.432364910303,,776.499081903102,4465.585223336255,-3491.8507708738052,9260.511871377985,-11536.208368546331,291834.00442213134,280297.796053585
DEHHALKAJ00010AW,669.5283203125,"(1949, 1957)",-38198.96760958622,257.0141115449402,3132.09759050063,12002.024662129912,829.8003753271202,421.74398040337763,-1807.72646484375,,,,,20598.740566047607,,578.5968295155337,2275.9087810058636,40543.782682157995,14.23871526775674,-21170.224930467404,75457.11012701142,54286.88519654401
DEHHALKAJ00010Em,1410.43359375,"(1958, 1968)",-91332.15726069007,627.4287065491658,7148.831533919047,57612.82287455388,2203.589514761719,994.7880286814743,-4372.344140625,,,,,43391.52244733728,,1355.42668359375,5309.990109540346,95963.35858466433,668.648857573101,-51193.15336571525,203127.80296008088,151934.64959436562
DEHHALKAJ00010CR,1537.02734375,"(1949, 1957)",-87477.79024925665,589.6664980217329,7144.010682840838,25756.910010834785,1901.5777870676566,960.8834974036592,-4149.973828125,,,,,47286.20443031813,,1324.503757257622,5205.843047803824,92370.49782273114,24.1361334305143,-48374.589419066746,170680.58265872236,122305.99323965561
DEHHALKAJ00010DZbt_1,109.232421875,"(1979, 1983)",,,,39042.12693752611,281.23169994742824,520.4873007048916,,,,,,3800.4035580768937,,24.661833668449216,293.0057001596512,-561.0868484808788,282.9814234928152,-1417.1537895017482,43683.81160509535,42266.6578155936
DEHHALKAJ00010CC,654.6484375,"(1949, 1957)",-37300.95726818635,251.22059265823475,3051.926190638478,11224.049078271903,810.5866272346659,410.70382711055356,-1767.5507812499998,,,,,20140.775187580806,,564.8771209433739,2220.6284460073985,39409.38928447526,10.642809941941646,-20619.163941487343,73024.1016003159,52404.93765882856
DEHHALKAJ000109u,1563.70703125,"(1949, 1957)",-88825.65046000236,599.6184527457472,7231.292114354321,25186.80953817104,1931.9014770338435,971.7660306564488,-4222.008984374999,,,,,48106.938091923475,,1344.5018072340872,5282.72092385486,93704.9073062544,23.100560342671475,-49152.01083535162,172330.63675109582,123178.6259157442
DEHHALKAJ000106X,691.1787109375,"(1958, 1968)",-44757.047054406765,307.4695373958192,3503.263242040542,31147.652206980252,1079.8623678544923,487.49286061176406,-2142.65400390625,,,,,21264.50647873425,,664.2227412109376,2602.4078782913443,47076.59555597964,328.7132205936145,-25107.142327186288,102508.79930635005,77401.65697916376
DEHHALKAJ0001087bt_0,1165.005859375,"(1979, 1983)",,,,310525.7067319328,5517.658322241355,4411.029105942474,-2621.26318359375,,,,,35944.71289753285,,977.8564893741047,5104.574120662298,-1825.4829318916436,11741.559953996659,-15537.098783329935,369776.3515061972,354239.25272286724
DEHHALKAJ0001087bt_1,1333.10546875,"(1979, 1983)",,,,350857.35671851004,6312.14363096968,5044.424135642534,-2999.4873046875,,,,,41034.329330755165,,1118.8064301988702,5837.01248017804,-2113.246556222889,13432.85857820709,-17597.795475288865,418524.19744355103,400926.40196826216
DEHHALKAJ00010Eh,1836.6298828125,"(1958, 1968)",-118930.35590617577,817.0213166284298,9309.022190459325,77695.36530417582,2869.4568607822266,1295.387055893098,-5693.55263671875,,,,,56503.30375973056,,1765.0013173828124,6914.573065044238,124969.03906747983,870.9627087215925,-66665.6165581105,267189.5365024914,200523.91994438088
DEHHALKAJ00010Apbt_0,4522.6318359375,"(1979, 1983)",,,,1104709.153708851,23372.438923663423,20737.51534349555,-10175.921630859375,,,,,139139.51135217305,,3967.3256389117673,21641.532209998928,-13420.122268740724,47438.11835370764,-54935.4236364393,1337409.5516312013,1282474.127994762
DEHHALKAJ00010ED,2555.748046875,"(1949, 1957)",-141854.23965889,974.5025714617644,11103.34073024304,25850.132827979334,3105.2338769531248,1475.3213329496912,-6900.519726562499,,,,,78626.74215334805,,2139.161115234375,8388.31345791488,151125.32551899488,68.3563834552099,-80412.4079592392,263878.06694026705,183465.65898102784
DEHHALKAJ00010Dw,1936.94921875,"(1949, 1957)",-109895.53189846847,742.522445938071,8928.921969671563,30983.91851249098,2390.9518535294264,1199.2330195782993,-5229.762890624999,,,,,59589.601932644284,,1663.1064927831,6535.372600422155,116271.43909149573,34.97556911872056,-60999.91290367073,213438.83618143768,152438.92327776697
DEHHALKAJ00010CLbt_0,1726.1591796875,"(1979, 1983)",,,,448303.88772241713,9290.726021915543,8599.940245351318,-3883.858154296875,,,,,53115.56473432056,,1546.6726331200273,8632.179972143364,-6016.884363621579,18471.24078084566,-21856.43631633268,538059.4695921951,516203.03327586246
DEHHALKAJ00010CLbt_1,911.1748046875,"(1979, 1983)",,,,246992.3275396578,4904.226428269807,4539.586479388754,-2050.143310546875,,,,,28318.27747965683,,816.4305766133206,4562.392278768042,-3108.5835947523155,9753.271324831412,-11958.597022479495,294727.78520188684,282769.1881794073
DEHHALKAJ00010AK,860.0478515625,"(1969, 1978)",-7956.015995840932,54.65580771629781,622.7403331018426,242768.01118439613,4458.378365451454,1130.8490901205478,-7271.04436576563,,,,,26459.426981183216,,2254.023753387345,9282.908593022268,13350.424474387179,5428.098375156608,-20141.741838609352,297861.07645133906,277719.3346127297
DEHHALKAJ00010D1,682.2548828125,"(1949, 1957)",-38867.65337417259,261.8040973491417,3179.27334697461,11659.912489526883,844.6701462036724,427.8097291605176,-1842.0881835937498,,,,,20990.13244121575,,588.587729573519,2313.775552918421,41061.37537772425,11.038059523086021,-21486.37900840037,76055.21334225235,54568.83433385198
DEHHALKAJ00010C2,689.3984375,"(1958, 1968)",-44641.766041333,306.6775861368985,3494.2398644455993,34544.11406056505,1077.0809594296875,486.2372221249524,-2137.13515625,,,,,21209.77847346739,,662.5118984375,2596.0189194979957,47015.03190513016,329.1117119647769,-25066.44065779452,105782.74999436752,80716.309336573
DEHHALKAJ00010EY,856.015625,"(1958, 1968)",-55431.00648378745,380.7969256827167,4338.744851685735,38295.58431274104,1337.395155703125,603.7534130552115,-2653.6484375,,,,,26335.475140099086,,822.6310156249999,3223.022157575247,58298.92271678669,407.0065318035193,-31092.9285235763,126670.14200588892,95577.21348231263
DEHHALKAJ00010Dybt_0,1084.08984375,"(1979, 1983)",,,,257873.30384266953,5500.412883050274,4782.004783985286,-2439.2021484375,,,,,33361.21728576469,,942.033149967283,5085.545700740084,-2963.019030029617,11270.60998078834,-12967.749752648011,313412.9064484983,300445.1566958503
DEHHALKAJ00010Dybt_1,522.205078125,"(1979, 1983)",,,,134383.90521500062,2741.4021760766536,2473.493417944704,-1174.96142578125,,,,,16437.382078838804,,461.8317639251062,2543.067055607148,-1637.8259984104388,5520.332613656796,-6539.080724325559,161748.62689685816,155209.5461725326
DEHHALKAJ00010Kr,830.3896484375,"(1958, 1968)",-53771.60491271295,369.3972586583941,4208.85870167537,37983.91759019571,1297.3584368466795,585.6792443594213,-2574.20791015625,,,,,25547.20120356549,,798.0044521484375,3126.6120752588777,56567.9984054489,395.12121155197815,-30167.87451470542,123727.68470921925,93559.81019451382
DEHHALKAJ00010mObt_0,1644.840087890625,"(1979, 1983)",,,,443686.9366400528,8133.012885802096,6316.218404695613,-3947.6162109374995,,,,,50615.124296616406,,1457.1659739873874,7503.823368293401,-2393.3274864327714,17505.254201912874,-22531.407489618243,528876.5920739903,506345.18458437204
DEHHALKAJ00010mObt_1,1554.635009765625,"(1979, 1983)",,,,422075.67006574885,7690.864559621841,5977.003017203081,-3731.1240234375,,,,,47840.75803447751,,1377.5930927485306,7097.563616803345,-2255.5695906784476,16549.776301004407,-21404.1737610898,502622.5350734916,481218.36131240183
DEHHALKAJ00010bibt_0,445.697021484375,"(1979, 1983)",,,,117113.28145061109,1884.301990781466,1514.7434862019018,-891.39404296875,,,,,14319.733438772775,,333.22990353582986,1749.9824667910082,-568.7369136693694,4003.8814570352274,-5747.571486998253,139459.02323709117,133711.4517500929
DEHHALKAJ00010is,531.865234375,"(1949, 1957)",-30107.60317796238,203.7747441268959,2437.0337783528366,8805.507808844999,655.4513841447668,326.9680598632241,-1436.0361328125,,,,,16362.658339173635,,455.46890835504036,1791.7775366710853,32322.5743706866,18.25978502307231,-16927.258325977637,59302.63005994993,42375.37173397229
DEHHALKAJ00010Kj,732.373046875,"(1958, 1968)",-47424.57254781921,325.79475953243747,3712.0581609036653,32677.81256976,1144.2222974121094,516.5474948899744,-2270.3564453125,,,,,22531.751987907268,,703.810498046875,2757.4822345508646,49876.76509651504,348.1877262419368,-26601.282091515743,108286.22346001156,81684.94136849581
DEHHALKAJ00010JX,538.5830078125,"(1860, 1918)",-54984.60359421173,400.5985800025421,5009.252232943751,32959.11493837445,1690.5566450723766,2700.1188449596903,-1454.1741210937498,,,,,16570.3654469889,,588.8743601672514,3225.9867892583015,60606.80509715855,1758.8190302425521,-31815.920137898698,118646.46703112831,86830.54689322962
DEHHALKAJ00010Hc,839.201171875,"(1949, 1957)",-47421.271654157594,321.3856827527725,3827.205123408993,12031.314244677422,1032.8813408695814,513.0548992641342,-2265.8431640625,,,,,25818.071829222594,,717.1880482550766,2815.402420292498,49896.14275681267,10.272861622129701,-26287.66673127056,90568.4852369536,64280.81850568303
DEHHALKAJ00010I1,1226.453125,"(1958, 1968)",-68073.0542812594,467.6445808307302,5328.274417815644,124925.81297598258,1490.140546875,707.9776355058725,-3311.4234375,,,,,37732.33778167727,,1026.541265625,4027.6290362905675,72949.05926551495,45.5903514837636,-38759.46742214233,239593.66542145502,200834.1979993127
DEHHALKAJ00010lF,656.58984375,"(1958, 1968)",-42517.256488274084,292.08274549251985,3327.9483703810356,62696.325297727904,1025.8224857929688,463.09710659948587,-2035.4285156249998,,,,,20200.12190936577,,630.98283984375,2475.1656692485612,45289.153512834004,324.1205885176615,-24078.92766252712,131069.36089430511,106990.43323177799
DEHHALKAJ00010h2,599.4443359375,"(1949, 1957)",-34203.6146132266,230.11603062418234,2804.926260193589,10564.457630320148,742.9897945129248,377.70553458857313,-1618.49970703125,,,,,18442.508950992033,,518.0871651107876,2037.174361740244,36161.99724156062,10.155580972979672,-18897.986541353876,67236.57655276706,48338.59001141318
DEHHALKAJ00010Kz,1310.1083984375,"(1969, 1978)",-12119.376096711096,83.25703341089425,948.6185436778591,341925.9851775856,6515.194269172705,1649.1289106258753,-10471.301922488365,,,,,40305.41349769103,,3246.1035959713927,13362.608211722169,19815.51352089309,7669.875451503352,-29201.91276456924,424018.520712677,394816.60794810776
DEHHALKAJ00010PF,677.8642578125,"(1949, 1957)",-38606.80296850565,260.10145425474303,3156.5055020977607,11520.955231308168,839.0656499170005,424.6923252029247,-1830.23349609375,,,,,20855.02877304885,,584.6118366587699,2298.0379369409347,40780.22524838886,10.87562168329388,-21344.19158213618,75483.25912705505,54139.06754491887
DEHHALKAJ00010pq,1350.03662109375,"(2002, 2009)",-9990.991020212901,68.63556890552688,782.0237012089203,272208.50835587305,7047.467315877091,5176.040864812832,-3888.10546875,,,,,41533.418677652815,,1377.0485386175892,6751.063714112979,9075.178756422174,22313.237163929978,-27204.396160675187,361593.8579185486,334389.46175787336
DEHHALKAJ00010KY,562.689453125,"(1949, 1957)",-32181.41027116136,216.13109773111748,2649.0867510790586,10363.865513256886,698.6132847289516,357.09473513733576,-1519.2615234375,,,,,17311.78481217271,,487.6362949237613,1918.1933386831474,34062.96293753898,10.172318046638672,-17766.629733498296,63691.061711050905,45924.43197755261
DEHHALKAJ00010Po,760.1845703125,"(1949, 1957)",-43366.75468445536,291.8071997397665,3555.2303147011926,13346.523321792642,942.0875769108286,478.69742071326493,-2052.49833984375,,,,,23387.5988224983,,656.8621781838461,2582.766868466071,45845.363871870526,12.80617402991369,-23962.349205794253,85200.20789462165,61237.8586888274
DEHHALKAJ00010Nibt_0,4.0,"(1979, 1983)",,,,5571.646395074473,19.000505020218313,15.248453369251763,-9.0,,,,,166.01171993043408,,3.362327959625558,20.099753760558993,22.957134663144856,41.67188397619914,-236.76196791609414,5850.998173753905,5614.23620583781
DEHHALKAJ00010Nibt_1,936.0869140625,"(1979, 1983)",,,,239175.25775826068,4957.438816999979,4514.027885897772,-2106.195556640625,,,,,28921.888407551563,,831.6604420687678,4601.003514816746,-3054.0291995509124,9937.5892485158,-11741.91731091064,287778.64131791977,276036.7240070091
DEHHALKAJ00010FV,674.16015625,"(1949, 1957)",-38405.108522294264,258.6955640218764,3141.2524018568947,11513.264101432227,834.6264975704325,422.68656952841474,-1820.232421875,,,,,20741.104445201425,,581.5798913832128,2286.2132451295083,40571.999287295905,10.895217446793193,-21230.941780266945,75142.13683311293,53911.195052845986
DEHHALKAJ00010Gn,1125.1611328125,"(1949, 1957)",-64052.54578134126,431.6836341349186,5233.029660342317,19003.321306511523,1392.2703077358842,703.9309258235587,-3037.93505859375,,,,,34615.72779124923,,969.8588286690149,3812.3087033311285,67682.78986856158,18.52812087934593,-35433.59403336943,125160.80079416752,89727.20676079809
DEHHALKAJ00010kcbt_1,1111.580078125,"(1979, 1983)",,,,286341.362504271,5887.528973619854,5361.578916972856,-2501.05517578125,,,,,34231.25673028913,,987.6369838455191,5465.547191666383,-3613.4184132249748,11801.98429100747,-14037.546492980478,343962.42200266593,329924.87550968543
DEHHALKAJ00010Knbt_1,617.4208984375,"(1979, 1983)",,,,161741.17978512868,3315.4542805733354,3061.822391282462,-1389.197021484375,,,,,19400.608706818228,,552.5463059146525,3080.9548313218174,-2120.757416223137,6599.848318578106,-7879.021684771248,194242.46018190973,186363.43849713847
DEHHALKAJ00010K2,1443.42578125,"(1958, 1968)",-93468.55536583779,642.1052185246892,7316.053579266029,64592.526048775195,2255.134825910156,1018.057634078318,-4474.619921875,,,,,44406.51556324147,,1387.13217578125,5434.707649174603,98304.78514142428,686.3066648445756,-52429.46430386383,213610.54578135483,161181.081477491
DEHHALKAJ00010JBbt_0,1263.5400390625,"(1979, 1983)",,,,300278.6748004068,6373.72525056006,5504.772149292526,-2842.965087890625,,,,,38881.570439722345,,1094.7086322802948,5890.576909985944,-3356.5834043679806,13099.906340335325,-15068.852169939026,364924.3860303246,349855.5338603856
DEHHALKAJ00010SBbt_1,742.314453125,"(1979, 1983)",,,,222789.44986753925,4120.946839985905,3930.7181917253583,-1670.20751953125,,,,,23489.590523650077,,676.1407106779072,3850.0326448986816,-2756.0597470747266,8073.33739702654,-10543.64494123997,262503.94890889776,251960.3039676578
DEHHALKAJ00010k2,2309.94921875,"(1949, 1957)",-131150.5649679455,885.6641147801829,10668.255591130493,36818.85622722644,2852.832640603032,1433.3087105550806,-6236.862890625,,,,,71064.81271777439,,1984.9926565412975,7798.633880127973,138320.82895130944,33.57027590607551,-72584.90967283685,254070.97316941872,181486.06349658186
DEHHALKAJ00010Jw,2018.2841796875,"(1949, 1957)",-114540.66399418835,773.7525573137037,9310.420670213038,31870.49454160651,2491.8305168639176,1250.6260573412924,-5449.36728515625,,,,,62091.83722900833,,1733.4771807886227,6809.9720081059795,120776.61617581276,28.90335129921838,-63401.668839172984,221604.3897756704,158202.7209364974
DEHHALKAJ00010FJ,306.08154296875,"(1919, 1948)",-18876.388854154222,129.67599362922994,1477.5094329801461,51378.15929851521,1428.665140002925,2706.753890274519,-550.94677734375,,,,,9417.782329816977,,289.73802800208205,1969.4642825967069,16925.408314372213,1067.023915544406,-12486.457058436003,84632.04842178128,72145.59136334527
DEHHALKAJ00010SZ,720.0390625,"(1949, 1957)",-40957.59935673908,276.1991336181428,3341.869187288722,11932.379899197582,890.4642132486302,449.37529200895426,-1944.10546875,,,,,22152.39213498564,,620.086293207863,2436.9669542702786,43236.711079390094,11.115599075391946,-22653.474480914258,79785.38599663443,57131.911515720174
DEHHALKAJ00010ki,458.909912109375,"(1958, 1968)",-28301.484192683653,194.4240030349087,2215.238846005548,26927.479342124127,708.158570493164,313.8257328421701,-1346.1357421875,,,,,14119.046225249109,,417.302080078125,1635.8550593986167,29889.620252124827,290.6272759392705,-15919.637893025983,72955.7787960619,57036.14090303592
DEHHALKAJ00010Rb,1708.4765625,"(1958, 1968)",-110631.83036330255,760.0125553794369,8659.472646626768,65710.94466557298,2669.2366489453125,1204.9996817922693,-5296.27734375,,,,,52560.71064335728,,1641.8459765625,6431.691864589793,116171.67954621435,808.4831822357705,-61982.83284339815,241903.31486552025,179920.4820221221
DEHHALKAJ00010h6,653.5068359375,"(1860, 1918)",-65993.38337016557,477.8987090366634,5922.53834230969,34479.0768349408,1925.3018776240017,2997.331779286387,-1764.4684570312502,,,,,20105.824942585903,,697.1117543744498,3735.391712500621,72187.5030883569,1919.5791257678777,-37788.32561134627,136282.65265840566,98494.32704705939
DEHHALKAJ00010Io,1474.216796875,"(1958, 1968)",-95462.41731987837,655.8025433704227,7472.1189087057155,69864.59534718363,2303.2411383808594,1039.7747385704586,-4570.0720703125,,,,,45353.80056509313,,1416.7223417968748,5550.615561932802,100397.14885275027,701.0340254924491,-53545.99718571593,222056.86050088797,168510.86331517203
DEHHALKAJ00010gfbt_1,345.5048828125,"(1979, 1983)",,,,119397.70481709062,1844.48766654649,2266.791512180133,-518.25732421875,,,,,11544.09108085835,,259.41750788965123,1768.2978716010127,-2168.4155898889976,3066.2327698510326,-4971.283437693088,137460.35031190954,132489.06687421646
DEHHALKAJ00010Ezbt_0,1507.0732421875,"(1979, 1983)",,,,388732.25218267925,8070.954818281858,7433.31907147729,-3390.914794921875,,,,,46376.28767759044,,1346.808547802094,7495.949210782561,-5152.932725093499,16086.873469135315,-18998.477355417308,466998.5974577334,448000.1201023161
DEHHALKAJ00010Ezbt_1,395.2939453125,"(1979, 1983)",,,,65508.9692998659,1434.521050949998,686.7025859775516,-889.4113769531249,,,,,12216.687978623075,,293.41396056427834,1287.725728067489,390.11320678956116,3549.6566592212293,-3917.5751705523994,84478.37909310596,80560.80392255356
DEHHALKAJ00010iY,725.8193359375,"(1949, 1957)",-41510.21611519714,278.7883260067645,3416.8838242620764,13362.858041005627,901.134193805917,460.58849153179267,-1959.71220703125,,,,,22330.512491216283,,628.9909440919903,2474.2244325902866,43936.70943159505,13.113368353233257,-22917.028601266713,82148.41918715894,59231.39058589223
DEHHALKAJ00010NBbt_0,1350.72265625,"(1979, 1983)",,,,344893.99313769024,7173.522210594252,6550.895072808406,-3039.1259765625,,,,,41566.25220103013,,1201.8129010716602,6658.357964015346,-4466.8643668622735,14358.858678604916,-16921.475953445224,414897.70182239026,397976.225868945
DEHHALKAJ00010NBbt_1,1340.203125,"(1979, 1983)",,,,354353.6988036786,7323.328213549086,6880.52559102405,-3015.45703125,,,,,41243.90333841151,,1210.4890960903717,6811.611663421949,-4949.431787707044,14449.23660624303,-17158.05273393707,424307.9044934616,407149.85175952455
DEHHALKAJ00010MC,1302.25,"(1958, 1968)",-84326.76470538984,579.3034402500746,6600.499241012976,55050.831614322065,2034.56898525,918.4854331965602,-4036.975,,,,,40063.340681486625,,1251.46225,4902.869068124495,88634.62589825212,618.0270015256293,-47279.31915775634,189437.2359321575,142157.91677440115
DEHHALKAJ00010JFbt_1,587.47119140625,"(1979, 1983)",,,,164877.11230696976,2393.450724717043,2479.5903191653015,-881.206787109375,,,,,18830.81341582103,,375.95840866876387,2269.1436328759,-1781.2646418623117,4484.99845520419,-7355.623171151824,193048.5958344503,185692.97266329848
DEHHALKAJ00010Nv,1889.986328125,"(1969, 1978)",-17483.633534070217,120.10811857591737,1368.4944545774033,518353.38444076123,9714.421558543738,2457.8387695381457,-15803.248334758728,,,,,58144.79609269936,,4899.006983775205,20186.64059866061,29072.334540603362,11557.6403843835,-43698.23174229501,638582.8150342063,594884.5832919113
DEHHALKAJ00010pAbt_0,627.797607421875,"(1979, 1983)",,,,162687.59327131766,2719.5059479066904,2254.5303552575574,-1255.59521484375,,,,,19761.642130085962,,475.1078016700256,2526.6979042344965,-1005.4315451953981,5702.215995280844,-7963.166795005688,193866.26664571412,185903.09985070842
DEHHALKAJ00010LObt_1,310.868408203125,"(1979, 1983)",,,,70019.31280749981,1431.7317179086854,1273.891503916816,-621.73681640625,,,,,9844.174357658985,,242.72366621102626,1327.1533965510187,-815.408708897419,2902.676735074781,-3449.6358177316106,85604.51865951745,82154.88284178583
DEHHALKAJ00010LObt_2,3.0,"(1979, 1983)",,,,5794.660760389957,13.422816218219419,11.56445015605954,-6.0,,,,,137.01297636194454,,2.3078308858897723,15.291923321814274,26.68071982134039,29.113371775296578,-242.07883084648256,6024.054848930521,5781.9760180840385
DEHHALKAJ00010Lg,759.1484375,"(1949, 1957)",-42893.46408816354,290.7211835272435,3461.2140383903843,10858.480910525783,934.2867963293099,463.97047521549064,-2049.7007812499996,,,,,23355.32952468638,,648.7003546967542,2546.503326308103,45129.821173934004,9.256957892391611,-23778.50510144046,81896.64873833822,58118.14363689776
DEHHALKAJ00010JN,1330.7109375,"(1949, 1957)",-75328.32428482472,509.8383260838119,6097.385755476078,21206.601813755093,1639.9197945432643,818.0643241035245,-3592.9195312499996,,,,,40939.45648355998,,1139.5696106203825,4479.878019476053,80282.0240415388,34.897881395426225,-42115.25279056189,146947.4924377425,104832.23964718061
DEHHALKAJ00010MGbt_0,556.2841796875,"(1979, 1983)",,,,158165.56107478458,2584.4433755344653,2013.3184119289338,-1251.639404296875,,,,,17604.74844308047,,462.5183558376947,2394.5250993128116,-661.5062352626758,5560.890611602472,-7852.427195108415,186872.85973252184,179020.43253741344
DEHHALKAJ00010MGbt_1,28.51171875,"(1979, 1983)",,,,31367.865255551285,132.462732788723,103.19036638317017,-64.1513671875,,,,,1124.5876507085577,,23.70585711383137,135.73688126114993,117.81651978641642,291.74837570576494,-1349.6017841905998,33232.9622721114,31883.3604879208
DEHHALKAJ00010os,654.0126953125,"(1949, 1957)",-37239.915102517494,250.93538427144694,3043.61915829848,11065.151550216051,809.4089579121569,409.4616178967793,-1765.8342773437498,,,,,20121.191567002243,,563.8931354236888,2216.50992012154,39331.985861363326,10.420845420693743,-20590.081096568185,72762.18917801273,52172.108081444545
DEHHALKAJ00010P7,576.5947265625,"(1949, 1957)",-32945.06890848694,221.41962946774208,2707.7452177664254,10431.460491208563,715.3801229441618,364.84504284598137,-1556.80576171875,,,,,17739.578221259653,,499.1322043062445,1963.096823124249,34854.886078075215,10.15412609121051,-18194.142071261947,65021.72734813653,46827.58527687458
DEHHALKAJ00010u5,53.537841796875,"(1949, 1957)",-236.33290823253506,0.39273544482278333,50.8808687593283,1550.8841129467219,3.7184504346554283,8.030927762139125,,,,,,1647.3902514007382,,4.146291070825154,19.214963907042062,473.61913233260066,3.8676179959738706,-126.83193445637235,3710.8717478506965,3584.039813394324
DEHHALKAJ00010u1,759.708984375,"(1949, 1957)",-43241.82024605667,291.4621110273317,3531.949693909804,12754.951680668482,939.9593555249525,475.07444108323034,-2051.2142578125,,,,,23372.846087906833,,654.7353428257186,2573.4191718792117,45662.471974433865,11.964184758582258,-23911.65800048341,84394.20798126838,60482.54998078497
DEHHALKAJ00010rf,1804.3740234375,"(1949, 1957)",-102383.41963008887,691.7163914737044,8319.872909024389,28388.181555063908,2227.4553339341364,1117.4816316740644,-4871.80986328125,,,,,55510.96605821016,,1549.4452241448878,6086.824201396521,107948.34220661563,25.690592360880466,-56675.57496605544,197982.57694011895,141307.00197406352
DEHHALKAJ00010uw,1118.2529296875,"(1949, 1957)",-63758.59121105259,429.19824164603926,5222.281337742197,19423.640755506553,1385.2846887093037,702.9837238368009,-3019.28291015625,,,,,34403.20325233909,,965.6464957711449,3796.545866971077,67384.43599890542,18.53870974799422,-35236.46903392486,125060.99658163115,89824.52754770628
DEHHALKAJ00010tJ,721.7001953125,"(1958, 1968)",-46733.45560218935,321.0469617766804,3657.962443001783,32953.58431392558,1127.547578446289,509.01986295230836,-2237.2706054687496,,,,,22203.42584007089,,693.5538876953124,2717.365457821168,49162.82336379734,343.38291622088036,-26218.80625753299,107473.43261546102,81254.62635792803
DEHHALKAJ00010uN,808.54296875,"(1949, 1957)",-46033.43421164298,310.21725489973187,3761.574175864785,13646.611143509606,1000.5691812633703,506.02115733477467,-2183.066015625,,,,,24875.24544980079,,697.0327990894218,2739.789693166319,48616.6266723844,12.835872573818145,-25453.089277371888,89911.6659534975,64458.576676125616
DEHHALKAJ00010z0,542.968505859375,"(1949, 1957)",-26788.37685605132,184.02934021769866,2096.803567930964,5394.170559821131,586.405986328125,278.6061519617859,-1303.1244140625,,,,,16705.461591819778,,403.968568359375,1586.0103060530064,28904.72670631254,19.614251327273617,-15332.27970750981,52575.83970792051,37243.5600004107
DEHHALKAJ00010yl,647.953125,"(1949, 1957)",-36915.97022373293,248.6454620801709,3019.960124507441,11088.400872506943,802.2414530232372,406.3845708193027,-1749.4734374999998,,,,,19934.779718329894,,559.0385699811427,2197.640830783207,39000.821478716876,10.504139234056938,-20407.00810044423,72250.33819589466,51843.33009545042
DEHHALKAJ00010xG,1587.3701171875,"(1949, 1957)",-90441.45993381171,609.1436964437847,7399.202985735195,27187.792647344686,1965.4102864934248,995.7021348859711,-4285.899316406249,,,,,48834.99909619805,,1369.6134386391263,5384.137151404239,95551.21715245879,25.766421227087424,-49994.96557235333,177028.7390122451,127033.77343989175
DEHHALKAJ00010wi,1759.9853515625,"(1949, 1957)",-100109.21367474363,675.1060434216857,8167.83547231372,29147.741762426307,2176.505356171915,1098.2989333833032,-4751.96044921875,,,,,54145.37060495892,,1515.617299596724,5956.412685334037,105678.24044062871,27.14334895873568,-55370.564097366674,194993.36998223988,139622.8058848732
DEHHALKAJ000114D,1038.564453125,"(1949, 1957)",-59093.74125736512,398.41130012704326,4824.015713493048,17316.074679186648,1284.6583938399972,648.7656465737829,-2804.1240234375,,,,,31951.56410015993,,894.704669602452,3516.407667500741,62391.23770708022,16.183177230252465,-32681.181556095715,115215.47201773651,82534.29046164079
DEHHALKAJ0001108,1780.3466796875,"(1969, 1978)",-16469.39369245864,113.14054865269082,1289.1069750725192,459299.7071178364,8810.185696885448,2228.7421854959157,-14135.47057222607,,,,,54771.76703033738,,4381.995877390082,18039.292061128144,26830.292786302998,10301.347122175011,-39433.2962291581,570527.8593053253,531094.5630761673
DEHHALKAJ00010zs,2251.7880859375,"(1949, 1957)",-127793.48305465258,863.2731542400106,10387.824305967111,35564.413005675335,2780.138657294582,1395.3544153346172,-6079.82783203125,,,,,69275.50443718459,,1934.0502182748164,7597.9353435254,134751.54569056985,32.256862513663634,-70737.28756210474,247251.3707983416,176514.08323623688
DEHHALKAJ00010rm,644.9228515625,"(1949, 1957)",-36694.87494858958,247.40211015826839,2995.4055764044106,10747.621326937486,797.7272979218158,402.83760846661596,-1741.29169921875,,,,,19841.48532733135,,555.5740863721403,2183.532859599381,38742.03261532635,10.041870098986283,-20293.885532150583,71539.56129283538,51245.6757606848
DEHHALKAJ000116jbt_0,1266.5126953125,"(1979, 1983)",,,,318454.7540310297,6643.400143061865,5989.069496747831,-2849.6535644531245,,,,,38975.14317414472,,1119.6175276758543,6160.557547852828,-3980.142567507328,13382.156937211785,-15716.348995882665,383894.90272576414,368178.5537298815
DEHHALKAJ000116jbt_1,1430.556640625,"(1979, 1983)",,,,365307.601449515,7608.746299272125,6958.877599510382,-3218.75244140625,,,,,44022.08203464426,,1273.8309017002243,7062.747663061951,-4763.279037028912,15218.39640360582,-17915.89231366705,439470.2508728746,421554.3585592075
DEHHALKAJ000116jbt_2,4.0,"(1979, 1983)",,,,3378.2809045198023,18.953131660123518,15.160777505095364,-9.0,,,,,148.90393797921598,,3.358173684246247,18.827498225740303,8.788351300142882,40.99141716982892,-147.48325531991037,3624.2641920441956,3476.7809367242853
DEHHALKAJ00010yDbt_0,1147.109375,"(1979, 1983)",,,,286774.67279406526,5957.445057086814,5314.070040881764,-2580.99609375,,,,,35302.18460514378,,1008.8336697090645,5520.220709421206,-3455.6603276652127,12061.949748045608,-14123.010873921849,345902.72020293825,331779.7093290164
DEHHALKAJ00010yDbt_1,4.0,"(1979, 1983)",,,,3943.5191444955785,18.713771524907685,14.717783665147255,-9.0,,,,,153.51354822970978,,3.337183661277094,18.912792850160624,13.16939561524656,40.923748452825095,-170.6450386960853,4197.807368494852,4027.162329798767
DEHHALKAJ00010yDbt_2,2102.55078125,"(1979, 1983)",,,,517818.32593828224,10918.949557593654,9739.253644084294,-4730.7392578125,,,,,64691.98187315388,,1849.0575810350915,10115.237435961555,-6359.690893307354,22106.61771336448,-25716.400399525257,626148.9935923554,600432.5931928301
DEHHALKAJ00010w4bt_0,783.0673828125,"(1979, 1983)",,,,194849.43049080594,4084.386428464784,3660.1395785290033,-1761.901611328125,,,,,24283.814961949403,,690.2152276178638,3785.534452136451,-2407.1077869206274,8251.060308263079,-9648.057953226595,235435.57204951777,225787.51409629118
DEHHALKAJ00010yw,1389.83984375,"(1949, 1957)",-78987.8117162934,533.0115677535323,6435.562806213917,22616.526030853398,1717.7025023727774,865.0281193174412,-3752.5675781249997,,,,,42758.096036567935,,1195.6851665035524,4698.391907939677,83346.81382664436,20.86122589450763,-43700.93450701302,153466.53723796865,109765.60273095562
DEHHALKAJ00010rK,757.517578125,"(1979, 1983)",,,,195106.91646559123,3973.8810589050045,3582.838826903575,-1704.41455078125,,,,,23305.033650473866,,669.6908094052885,3686.313884257278,-2367.1781800839854,8005.154967360213,-9490.25689386639,234258.23693203123,224767.98003816482
DEHHALKAJ00010vN,653.1806640625,"(1958, 1968)",-42296.496193901876,290.5661783806754,3310.6688250250586,29645.3100681114,1020.4961573173827,460.6925898921575,-2024.86005859375,,,,,20095.438429530142,,627.7066181640625,2459.3576061556114,44492.131757374205,310.71719338137467,-23728.306929447877,97086.99036133259,73358.68343188471
DEHHALKAJ00010qW,689.431640625,"(1984, 1994)",,,,169794.0503779765,3673.1478706295866,3363.1512658154375,-1551.22119140625,,,,,21210.648492687716,,615.9354346687833,3428.196425018327,-2274.0305993915854,6326.034268842128,-8674.123511865644,204585.91234484065,195911.788832975
DEHHALKAJ00010wLbt_0,194.54248046875,"(1979, 1983)",,,,54841.85978973755,910.6603811732375,1039.6272731784677,-291.813720703125,,,,,6419.91124208751,,134.85277011522106,865.4084210357286,-930.7429499355198,1599.3431816551392,-2373.2713463319824,64589.106388344204,62215.83504201222
DEHHALKAJ00010yS,538.2734375,"(1958, 1968)",-34855.71703683921,239.44991678939027,2728.2575662708355,22723.812259431543,840.9709668046875,379.64777225601006,-1668.64765625,,,,,16560.292726652846,,517.2807734375001,2026.5544594558685,36635.80155447905,255.44486822169284,-19542.272008979548,78271.15772448918,58728.885715509634
DEHHALKAJ000113H,695.6376953125,"(1949, 1957)",-39647.328584259536,266.9682214222066,3245.3534801220044,11991.579247970372,861.5104620404079,436.78812499348066,-1878.22177734375,,,,,21401.83498632664,,600.4360992754459,2360.5263981246867,41894.03867297017,11.401791988109396,-21914.14818458797,77679.89400634557,55765.74582175759
DEHHALKAJ00010zB,872.6298828125,"(1958, 1968)",-56506.857210843984,388.1877467293536,4422.954793003762,41871.21669637949,1363.3524247822265,615.4715576389347,-2705.15263671875,,,,,26846.671247134218,,838.5973173828125,3285.6366239390363,59441.742828274044,415.2381409652128,-31700.93785968008,131972.7741997772,100271.83634009711
DEHHALKAJ00010z2,1937.244140625,"(1958, 1968)",-119471.99870069533,820.7422649578016,9351.418135170556,163514.86654745502,2989.4234252109372,1324.785205295244,-5682.582812500001,,,,,59598.77769099021,,1761.600671875,6910.1078631730625,127031.92684235987,1244.7062214429593,-67546.82230569761,358693.6116553023,291146.7893496047
DEHHALKAJ000113y,2227.1494140625,"(1949, 1957)",-123615.7011348898,849.2084474787116,9675.757683443726,22168.634901518708,2705.9865380859374,1285.6357442003814,-6013.30341796875,,,,,68518.16730122767,,1864.1240595703125,7308.464173171997,131439.5174976254,54.88525578291508,-69971.05062378668,229332.1120532146,159361.06142942794
DEHHALKAJ00010ub,1699.013671875,"(1949, 1957)",-96727.94493009456,651.8624659546708,7903.571629476905,28655.834509063425,2102.470446774839,1063.2013155031068,-4587.3369140625,,,,,52269.602204208495,,1464.6349411736128,5756.928404838774,102154.12818395972,26.94353663459372,-53484.04508650127,188906.40662809406,135422.3615415928
DEHHALKAJ000112abt_0,142.30029296875,"(1979, 1983)",,,,52585.42952790682,781.1751879223598,973.3978636307668,-213.450439453125,,,,,4839.1692690044265,,108.7296563459696,749.8528219479596,-945.798377541505,1284.1489186336885,-2094.459379311893,60162.65442839736,58068.19504908547
DEHHALKAJ000114z,1425.2294921875,"(1949, 1957)",-81035.225089846,546.6437547711025,6607.212495713221,23407.91055947782,1762.0091454528838,888.2824424857046,-3848.11962890625,,,,,43846.806187007496,,1226.765044791218,4820.884474749114,85526.06297460478,21.700567920380205,-44826.88724914592,157652.30176758315,112825.41451843723
DEHHALKAJ000113Pbt_0,2650.8984375,"(1979, 1983)",,,,658207.6881336055,12442.06486566372,9827.844791316622,-5964.521484375,,,,,81562.0523837246,,2215.140369952356,11479.108190265983,-4141.457485001264,26594.005280220474,-33453.37595026313,792221.9250453729,758768.5490951098
DEHHALKAJ000113Pbt_1,4.0,"(1979, 1983)",,,,4537.556489653694,18.77411022566001,14.829455028967509,-9.0,,,,,157.37929805180983,,3.3424748962339015,19.303171656522725,16.868977487576032,41.15393726298743,-194.7955788933886,4800.207914263452,4605.412335370063
DEHHALKAJ000110n,1468.6025390625,"(1949, 1957)",-83451.00931617708,563.195797014586,6797.45477838379,23820.282178936413,1814.839666935031,913.6054707457145,-3965.22685546875,,,,,45181.13837407704,,1263.2157733347058,4963.6182391595175,88049.5004829989,21.932002633389864,-46172.71106841778,162062.90533335198,115890.1942649342
DEHHALKAJ00010ye,1470.9853515625,"(1949, 1957)",-83502.97971909618,563.9709424384407,6790.521945228973,23361.42540559062,1816.471580358816,912.252758131342,-3971.66044921875,,,,,45254.407765869095,,1263.8016408592962,4965.076216232957,88060.81530760022,21.256180186306473,-46217.17338340111,161683.84640560992,115466.67302220881
DEHHALKAJ00010robt_0,231.98291015625,"(1979, 1983)",,,,83440.58902611939,1332.7862213948652,1696.5923942989766,-347.974365234375,,,,,7856.57856715843,,182.45390583944723,1280.0860784919955,-1708.2320217649033,2150.8488387263424,-3413.2761251547954,95883.72864503015,92470.45251987535
DEHHALKAJ00010robt_2,2.0,"(1979, 1983)",,,,3850.7829975726063,7.754868698566221,7.713401349053555,-3.0,,,,,91.28044862680011,,1.2454188243260356,9.185290395647772,16.53258667848442,15.840624090410984,-159.22121313047023,3997.335636235895,3838.114423105425
DEHHALKAJ000113V,768.6767578125,"(1949, 1957)",-43845.14597182814,295.05695752559706,3593.6401294185785,13459.434425494102,952.5163660912892,483.8388485490893,-2075.42724609375,,,,,23648.850272657786,,664.0936668662658,2611.1397986138886,46347.94450049271,12.897490714875765,-24227.822841317105,86105.28812338627,61877.46528206917
DEHHALKAJ000111f,714.564453125,"(1949, 1957)",-40698.78888102113,274.1865412974304,3327.7844170610433,12155.31317108773,884.5214126515293,447.74597914766616,-1929.3240234375,,,,,21984.116982311873,,616.2944543976026,2422.5963908508247,42990.907705064215,11.479599339453271,-22500.434789352716,79583.65167141339,57083.216882060675
DEHHALKAJ000116Vbt_0,599.603515625,"(1979, 1983)",,,,162278.41687488783,3096.4391907613217,2745.197303985631,-1349.10791015625,,,,,18912.345466610113,,525.7852296983766,2875.0379836278203,-1679.3988484325932,6291.312421986734,-7867.078115847586,193696.027712969,185828.94959712142
DEHHALKAJ000116Vbt_1,4.0,"(1979, 1983)",,,,2463.279579774896,19.90359086370971,16.919832211222644,-9.0,,,,,140.15811353094892,,3.4415215671195902,19.232272887632153,0.06337381144070342,41.644830433002085,-109.64383242674539,2695.6431150799713,2585.9992826532257
DEHHALKAJ000116Vbt_2,703.4443359375,"(1979, 1983)",,,,174663.61417444877,3635.5821623375477,3225.9733596323895,-1582.7497558593748,,,,,21913.458398785864,,617.0957954338046,3368.1072004685434,-2067.616240419257,7379.6139363028005,-8672.384768678668,211153.0790311311,202480.69426245245
DEHHALKAJ00010z8bt_0,1239.7236328125,"(1979, 1983)",,,,312638.00876150676,6518.180743640767,5890.707316759285,-2789.378173828125,,,,,38151.12648168347,,1097.2773174194306,6045.517885265079,-3934.34111425681,13114.14700243106,-15411.958066690268,376731.2462206208,361319.28815393057
DEHHALKAJ00017t6,344.34716796875,"(1949, 1957)",-13593.594191615946,88.94823951112656,1180.727962622872,6996.912496487683,292.3238688673217,161.46410223877785,-619.82490234375,,,,,10594.807461658202,,207.09047752873428,819.285137964086,14629.001641474953,8.1091593887605,-7417.865198934458,33089.16944326477,25671.304244330313
DEHHALKAJ00018HV,703.094970703125,"(1949, 1957)",-35723.07940001732,240.0205271502063,2937.904388949515,12810.700124745867,775.6202995968695,395.92554813793623,-1687.4279296875,,,,,21632.376327650465,,541.2532865009496,2134.2369540105283,38815.1808331588,29.72545456312988,-20133.10560689694,75447.59089867705,55314.48529178011
DEHHALKAJ00018M0,241.99755859375,"(1949, 1957)",-9488.681748209508,62.403122865708,815.8927212627436,4823.509822567955,204.42194664555979,111.28010807971647,-435.59560546874997,,,,,7445.718106546546,,144.40550774425537,571.7629852005934,10386.68486426504,8.956030144924817,-5272.896150584222,23261.14376572584,17988.24761514162
DEHHALKAP0006abHbt_0,593.348388671875,"(1979, 1983)",,,,149124.53244995687,3154.694810626489,2687.2007786436116,-1424.0361328125,,,,,18539.022460889,,545.0146957958116,2913.714734554161,-1575.218617758326,6524.91295925989,-7547.377392689465,180489.83813915495,172942.46074646548
DEHHALKAP0006abHbt_1,868.353271484375,"(1979, 1983)",,,,280323.7375180199,4479.564500179846,3678.6176808516548,-2084.0478515625,,,,,27334.852077682408,,785.5806443804815,4166.523031736309,-1502.2089624258333,9434.435561944267,-13657.494327777425,326617.05420080654,312959.5598730291
DEHHALKAbr0000Mkbt_1,1208.04443359375,"(1979, 1983)",,,,324272.67211524205,5895.177359830276,4494.422284900904,-2899.306640625,,,,,37209.37729625262,,1063.361777814281,5434.9751573681,-1541.6873672579532,12780.762556229369,-16531.195835834948,386709.7545397547,370178.55870391976
DEHHALKAbr0000Mkbt_2,675.5908203125,"(1979, 1983)",,,,200073.66145700408,3299.9381889171937,2519.2120402887135,-1621.4179687499998,,,,,21276.025745791238,,594.9498028043811,3052.9344635785874,-749.0264248524169,7155.96961919024,-10005.544067524725,235602.24692397207,225596.70285644734
DEHHALKA10000t7Ibt_0,584.130859375,"(1979, 1983)",,,,178376.02347634904,2857.394531703037,2185.929789473904,-1401.9140625,,,,,18520.858686602514,,514.7746684737479,2646.692600819243,-624.6491504127812,6192.821830133186,-8867.822461329535,209267.93237064188,200400.10990931233
DEHHALKA10000t7Ibt_1,2172.493896484375,"(1979, 1983)",,,,414763.5084887822,10615.060839694477,8107.4330998353435,-5213.9853515625,,,,,66838.30772259491,,1913.4809994262523,9692.803366169015,-3909.8164810293197,22948.60906533536,-22864.187752517137,525755.4017492458,502891.2139967287
DEHHALKA1000143I,389.1025390625,"(2002, 2009)",-7198.915779347436,49.45472166063029,563.4799141613697,105018.4182383624,2394.6119286034223,2715.5477893602533,-933.8460937500001,,,,,11971.135507715959,,400.38001118906686,2414.354167813682,5000.87808579194,5833.932203799113,-9954.537841748095,134815.4118388858,124860.8739971377
DEHHALKA2Rp000FHbt_0,1538.765869140625,"(1979, 1983)",,,,420322.0844081314,7361.134659501423,5451.040457809254,-3693.0380859375,,,,,47354.95240119701,,1341.5007046357782,6784.30449274084,-1487.1823001248013,16138.88645303773,-21443.836888109014,499573.6831909911,478129.84630288207
DEHHALKA4Eq0000Ubt_0,3080.425537109375,"(1979, 1983)",,,,686193.9753802232,14659.763639552075,9602.429134808535,-7921.094238281249,,,,,94769.9367585809,,2778.349139942342,13342.492155557124,-1319.8266876073621,33462.93168694153,-37918.699966257554,845568.956969717,807650.2570034595
DEHHALKA4Eq0000Ubt_1,732.0810546875,"(1979, 1983)",,,,202365.9323684405,3478.4500164264946,2271.842036674785,-1882.494140625,,,,,22842.489419170593,,659.8060677649478,3187.5611667203148,-41.37464769975827,7958.688895632441,-10614.687452677665,240840.90118250533,230226.21372982766
DEHHALKA70001vybbt_0,880.7734375,"(1979, 1983)",,,,206438.2792841516,4489.916214012745,3924.177992273763,-1981.7402343749998,,,,,27127.779260746065,,767.2076135724617,4150.383596584602,-2488.505404932799,9176.33285418467,-10397.68707607772,251603.83117621808,241206.14410014037
DEHHALKA70001vybbt_1,4.0,"(1979, 1983)",,,,5632.244472002146,19.75349211225145,16.642038157421855,-9.0,,,,,166.5057193102362,,3.428359073549351,20.85969549697744,21.168276049725563,42.41684205344268,-238.7674018215548,5914.01889425575,5675.251492434195
DEHHALKA70001xCY,750.6943359375,"(1979, 1983)",,,,179038.64734699338,3889.141037391016,3459.980824393635,-1689.062255859375,,,,,23094.98316559062,,659.3664895144257,3599.250964473812,-2281.6287813995696,7882.21086647007,-8949.604943071716,217652.88965756798,208703.28471449626
DEHHALKA70001xUI,657.490234375,"(1979, 1983)",,,,180240.98118455938,3500.7843409518987,3205.309491606988,-1479.35302734375,,,,,20227.887825510126,,585.7890259637396,3256.609072166144,-2119.647636192404,7001.657592617999,-8734.523542696475,214420.0178698401,205685.49432714365
DEHHALKA7000Cli9,958.3779296875,"(2010, 2015)",-9923.280335266118,62.66224135452079,921.6427206630096,267785.8605966062,5225.194350578049,4337.093257256623,-2683.458203125,,,,,29484.17566089168,,971.6179838606564,5054.1574477266995,9062.482114830025,25607.77825443008,-26652.638409412077,344844.9014630551,318192.26305364305
DEHHALKAJ00010AMbt_0,304.939453125,"(1979, 1983)",,,,75989.40759275021,1571.596084364117,1390.281173014769,-686.11376953125,,,,,9703.262485753665,,267.1211027638328,1455.9578409031437,-881.7249124527668,3194.8432454350286,-3773.2809101687144,92004.63084300073,88231.34993283202
DEHHALKAJ00010AMbt_1,916.00390625,"(1979, 1983)",,,,223283.81435985843,4729.348767341122,4191.888264145488,-2061.0087890625,,,,,28248.14040320549,,803.1428630078872,4378.89736608812,-2705.594956031727,9603.673195233854,-11126.562899511508,270472.3014737861,259345.7385742746
DEHHALKAJ000107G,943.96875,"(1969, 1978)",-8732.340254009923,59.988958052114484,683.50547326495,310721.91032371955,4561.334169445312,1152.7216449093137,-7253.809863281251,,,,,29041.64830313277,,2248.6810576171874,9260.057595413098,15187.54438126883,5258.023901859081,-20792.246582677548,370178.1115140839,349385.8649314064
DEHHALKAJ000109Xbt_2,310.957763671875,"(1979, 1983)",,,,93620.57735234719,1694.6672122809562,1760.121770775424,-621.91552734375,,,,,10139.659281452157,,265.81474458541896,1594.023067223545,-1421.362873347945,3164.019137982852,-4261.903836752599,110195.60416595584,105933.70032920325
DEHHALKAJ00010Cq,1121.9658203125,"(1949, 1957)",-63998.5366579118,430.67023756164815,5245.702776061599,19656.594925262307,1390.3286836787706,706.2777992695419,-3029.3077148437496,,,,,34517.46980547098,,969.3483252212566,3811.3847239808265,67652.71320056343,18.841156070900723,-35363.77513407172,125693.65090467426,90329.87577060254
DEHHALKAJ00010EB,596.498291015625,"(1969, 1978)",-7357.3424799410195,50.543072826502375,575.8804292371876,176539.40696115966,2693.8926577551274,697.9402712306616,-4259.826267700196,,,,,18351.715256709,,1320.5461429870606,5420.768199617329,11131.03602357071,3375.3114627562563,-13325.827902298806,215270.79070808558,201944.96280578678
DEHHALKAJ00010DH,1074.5458984375,"(1949, 1957)",-61052.56778919754,412.0673407428052,4972.092538909296,17388.265989495198,1327.7734345136382,668.2350906033471,-2901.27392578125,,,,,33058.42008063144,,924.1494107261312,3631.2386870793625,64413.26731083336,15.989221676039492,-33781.12985230607,118526.06529977727,84744.9354474712
DEHHALKAJ00010Bibt_0,534.6513671875,"(1979, 1983)",,,,160055.8835759199,2935.7150571482007,2771.1445436208633,-1202.965576171875,,,,,17056.383456898748,,484.1491283068576,2741.5198136671174,-1893.7508540516073,5783.402776782443,-7597.310712943943,188731.4819221206,181134.17120917668
DEHHALKAJ00010Bibt_1,982.666015625,"(1979, 1983)",,,,276689.54011708486,5391.674210993184,5085.761461310606,-2210.99853515625,,,,,30503.34619247988,,889.4905792285393,5025.117707939695,-3582.959381995487,10620.677886558728,-13254.01672711146,328411.6502384438,315157.63351133233
DEHHALKAJ000107r,2700.552490234375,"(1949, 1957)",-173007.54482440653,1179.6486425111816,13775.147193072098,38463.72622612225,3776.7051501312753,1839.4828988096392,-8333.1333984375,,,,,83081.58442245405,,2613.149490177583,10253.51834056851,183111.0347567615,59.01540328379537,-96895.05197195726,314865.08328987117,217970.0313179139
DEHHALKAJ00010Adbt_1,839.4833984375,"(1979, 1983)",,,,254892.86064772116,4790.779636709438,4686.587617150349,-1888.837646484375,,,,,26415.69096061635,,776.0826638892505,4481.382820998226,-3475.889999101997,9256.961654872843,-11963.527721387323,299935.61835637124,287972.0906349839
DEHHALKAJ00010Adbt_4,551.091796875,"(1979, 1983)",,,,227208.99992667546,3069.4766294959363,2936.8434195942928,-1239.95654296875,,,,,18083.8663562139,,502.8502604856475,2902.555532182139,-1672.2232907467605,6021.261858560102,-10338.13808710631,257813.67414949194,247475.53606238562
DEHHALKAJ00010Dfbt_0,271.61328125,"(1979, 1983)",,,,78570.65607896159,1516.2204981610148,1453.7310793917422,-611.1298828125,,,,,8803.67759652912,,248.13370283198162,1415.1450269097386,-1051.9326603212078,2961.26538950371,-3732.7548982381136,93305.76682915518,89573.01193091707
DEHHALKAJ00010Dfbt_1,2431.568359375,"(1979, 1983)",,,,661164.3222675615,13559.136944845855,12987.33308926383,-5471.02880859375,,,,,74817.01019947382,,2220.095749262149,12631.184472188774,-9650.443054696836,26483.912928841546,-31706.442902653864,788741.5237881469,757035.0808854931
DEHHALKAJ00010Dfbt_2,287.0009765625,"(1979, 1983)",,,,81968.56217250768,1602.7986815880554,1537.3473954185683,-645.752197265625,,,,,9280.478119231944,,262.25082467247626,1495.383612553187,-1120.370091985435,3129.381745053517,-3900.9197845065664,97510.08026177438,93609.16047726781
DEHHALKAJ00010Bo,1804.3603515625,"(1949, 1957)",-102489.2972842814,691.8883857772285,8342.771625320047,29023.962941292863,2229.116536056077,1121.097399100157,-4871.77294921875,,,,,55511.48916109878,,1551.3046415240838,6095.209592311175,108115.6886374483,26.59984029708922,-56714.07585410945,198802.6957999098,142088.61994580034
DEHHALKAJ00010AY,659.5224609375,"(1949, 1957)",-37333.969692892555,252.68434941307544,3021.965736820165,10711.602946599385,812.7715104448018,405.44627765030987,-1780.71064453125,,,,,20290.945730719643,,564.7896420073901,2221.057698746278,39932.65480764507,19.929137300226643,-20930.684431292702,73178.48710658184,52247.802675289146
DEHHALKAJ000107X,722.7646484375,"(1958, 1968)",-46802.38390951266,321.52048172853097,3663.3576605434664,31796.40337394718,1129.2106257216797,509.7706286959314,-2240.57041015625,,,,,22236.111248477868,,694.5768271484376,2721.264436902553,49214.632486730756,343.45753369491706,-26249.164792694013,106404.85675116307,80155.69195846905
DEHHALKAJ00010ET,2587.2734375,"(1949, 1957)",-146459.28504928458,991.2679916603676,11855.019567939882,40699.663338364946,3188.4617496444425,1590.545351566587,-6985.63828125,,,,,79596.5987441097,,2215.641354297002,8708.135983817783,155711.2861287323,60.89225021602268,-81731.4069149036,284785.5866194988,203054.17970459518
DEHHALKAJ000109lbt_0,287.72607421875,"(1979, 1983)",,,,88115.98467597176,1253.9818453391918,1047.3481610414406,-575.4521484375,,,,,9337.920209156913,,218.41362005757338,1172.9239642289363,-394.44723645997715,2624.6525773891462,-4196.841242805065,102801.32566828749,98604.48442548243
DEHHALKAJ00010C0,580.3701171875,"(1949, 1957)",-33273.515103942846,223.05676136244125,2749.744942229034,11171.998611573115,721.8379407927223,371.0646963329592,-1566.9993164062498,,,,,17855.84782486018,,504.3781671905343,1984.862604829861,35260.85309925551,11.181875409307692,-18354.421107182217,66315.02550383794,47960.60439665572
DEHHALKAJ000108Kbt_0,1100.91796875,"(1979, 1983)",,,,310693.90562555427,5314.044024217974,4353.294455131525,-2477.0654296875,,,,,34106.62541086582,,932.8257277111738,4929.756892087595,-1902.3626460797664,11197.163507893387,-15323.483846293477,367148.1875676945,351824.70372140105
DEHHALKAJ000108Kbt_2,2633.3828125,"(1979, 1983)",,,,660839.3086450028,12321.444253656942,9691.819994565016,-5925.111328125,,,,,81023.44132974347,,2197.135679702649,11370.12787329068,-3957.148370828145,26383.200808792357,-33540.13375628056,793944.2188858007,760404.0851295202
DEHHALKAJ00010Bs,570.626953125,"(1969, 1978)",-5278.679736798989,36.263188113400496,413.1774972989726,161973.30231309557,2960.299653472016,751.4100204176393,-4828.462169301428,,,,,17555.635143073196,,1496.823272483443,6163.273996265387,8872.894686612954,3625.360362923261,-13387.607339628066,198570.53727904204,185182.92993941397
DEHHALKAJ00010B5bt_0,746.830078125,"(1979, 1983)",,,,209874.47859372577,4187.819346290663,4031.997994019993,-1680.36767578125,,,,,23432.72738536649,,683.919682909202,3905.781651537166,-2987.1593575490233,8158.704257764595,-10001.092625817708,249607.90187828362,239606.8092524659
DEHHALKAJ00010B5bt_3,1702.4951171875,"(1979, 1983)",,,,453857.5574311548,9038.346654336927,8250.677953151475,-3830.614013671875,,,,,52389.26283061306,,1514.5065848992958,8399.842751477889,-5495.479618111309,18100.634739204288,-22109.870063219365,542224.7353130544,520114.8652498351
DEHHALKAJ00010DP,1558.0380859375,"(1949, 1957)",-88441.1586622906,597.3408293585833,7191.626968716337,24722.977626972333,1923.9148075262303,966.1202443447027,-4206.70283203125,,,,,47933.3764756959,,1338.5315607731025,5258.630766358068,93266.69787958355,22.484126458084734,-48951.016232012116,171226.03065568072,122275.0144236686
DEHHALKAJ00010Cgbt_2,284.637451171875,"(1979, 1983)",,,,99788.42942710994,1327.9554594813742,1197.92418686862,-569.27490234375,,,,,9360.678779974645,,223.7363730274064,1251.6967533289726,-561.5222528915085,2684.595534807263,-4611.933015384695,114704.21935936296,110092.28634397827
DEHHALKAJ00010Cgbt_3,3.0,"(1979, 1983)",,,,2908.8556528774293,14.16433397044013,12.936808156065453,-6.0,,,,,113.78010901756164,,2.372856227879627,14.393114619533463,5.707257624316983,28.994638958114535,-124.12191334382207,3095.204771451342,2971.0828581075198
DEHHALKAJ00010Cgbt_4,21.325927734375,"(1979, 1983)",,,,17216.807345775076,99.49457475386086,89.75222527900573,-42.65185546875,,,,,788.6945482355509,,16.763028558221915,99.22804288828021,21.46026241229567,203.95688850775304,-742.1403966296249,18493.505060941297,17751.364664311674
DEHHALKAJ00010E0,608.939453125,"(1949, 1957)",-34669.7879694879,233.6353940801071,2833.078180930036,10280.935353677356,753.5690512190429,381.1190967085091,-1644.1365234374998,,,,,18734.51637765143,,524.9671204530933,2063.465777391504,36615.58562479967,9.671734500600987,-19169.730143955065,67719.6936129637,48549.96346900864
DEHHALKAJ00010C8,2470.76171875,"(1949, 1957)",-137137.1585004739,942.0974228407289,10734.121174450785,25160.060611358138,3001.97548828125,1426.262450543351,-6671.056640625,,,,,76012.16684150402,,2068.0275585937497,8110.013266566374,146220.86608331272,68.30127759230555,-77787.02496820764,255396.6169371269,177609.59196891927
DEHHALKAJ00010At,606.01171875,"(1949, 1957)",-34466.887604779615,232.4519184523498,2811.661045787202,10226.507148106346,749.3762118318575,378.05621514159895,-1636.231640625,,,,,18644.58635346052,,521.8078284072208,2051.4741592723303,36532.895875877046,12.076211279800651,-19124.783183645137,67480.54836275171,48355.76517910657
DEHHALKAJ00010Cv,1684.3408203125,"(1860, 1918)",-167327.09190135042,1200.503758615129,14670.719482911816,91354.28483256177,5339.51989598335,8675.17449573675,-4547.72021484375,,,,,51819.895024633384,,1979.7666250388088,10679.932769723131,208610.85098332877,5574.836936894965,-109196.24935367145,379486.54134905717,270290.2919953857
DEHHALKAJ00010CW,1060.134765625,"(1979, 1983)",,,,273051.5350659868,5668.044369535228,5211.5232016499085,-2385.30322265625,,,,,32614.728391925983,,946.5753881178307,5263.675773692712,-3600.1544773566,11306.961130900836,-13353.827054134696,328077.58562179643,314723.75856766175
DEHHALKAJ00010DT,1031.4501953125,"(1958, 1968)",-66791.21361139993,458.8386612333597,5227.941049186287,83261.01152221243,1611.485181196289,727.4885616911331,-3197.49560546875,,,,,31732.755096695284,,991.2236376953125,3886.911695742002,70884.15766738409,503.71303249673264,-37721.082776076066,190401.25078964455,152680.16801356847
DEHHALKAJ0001078,478.849609375,"(1958, 1968)",-31007.746852780543,213.01533966084997,2427.0658347007466,24711.054986224633,748.1302083574219,337.7357580363221,-1484.4337890625,,,,,14732.262836375237,,460.174474609375,1803.2348709055327,32668.505788270613,228.85467550471753,-17415.85470148794,74205.51980922134,56789.665107733395
DEHHALKAJ000107v,685.254638671875,"(1969, 1978)",-16904.165992137456,116.12732384570705,1323.1378577237074,212722.8124216286,3302.404509109131,877.507143600508,-5034.527760620117,,,,,21082.528703901004,,1560.703605792236,6427.045641665432,21648.097842653726,3612.9518384688567,-19333.20399392784,266199.52394619933,246866.3199522715
DEHHALKAJ000109H,1071.4990234375,"(1949, 1957)",-60866.188191019304,410.8768800655636,4955.138297889458,17306.090748727525,1323.7998213779588,665.8895451735593,-2893.04736328125,,,,,32964.72621360492,,921.2962594516393,3620.0672278802886,64242.68287163286,16.435640231890837,-33693.74780404073,118167.94096479939,84474.19316075866
DEHHALKAJ000108E,598.4482421875,"(1969, 1978)",-5536.045208271339,38.031223488010156,433.3222355093265,167122.23443725758,3081.1346284074125,781.5073176018734,-5012.813976972962,,,,,18411.52818183502,,1553.9723328616183,6398.759653722012,9255.092233135596,3740.5546087347066,-13907.807266179214,205331.96941658287,191424.16215040366
DEHHALKAJ000108obt_0,823.3544921875,"(1979, 1983)",,,,212853.6656626056,4397.779991763757,4039.5548487072533,-1852.547607421875,,,,,25569.973510414296,,734.7804643426555,4084.3216610295517,-2778.4185008269856,8777.623475160426,-10405.98930075996,255826.7335057747,245420.74420501472
DEHHALKAJ000108obt_1,1615.3154296875,"(1979, 1983)",,,,539904.036824884,8723.128615075926,8101.370972067285,-3634.459716796875,,,,,49871.00197260919,,1449.8973624172359,8173.15658278018,-4929.401213326943,17347.97738739806,-25337.004034295605,625006.708787108,599669.7047528124
DEHHALKAJ000108obt_2,460.986328125,"(1979, 1983)",,,,130441.94928651606,2497.6657060745047,2327.2171150944378,-1037.21923828125,,,,,14658.239443525797,,414.4992095740695,2327.1990453973904,-1584.7944538851082,4951.946344487854,-6263.261194969402,154996.70245850377,148733.44126353436
DEHHALKAJ00010Dn,1353.4423828125,"(1958, 1968)",-87641.7103918079,602.0762745582952,6859.969606841007,57945.17065448867,2114.5493533447266,954.5917552575341,-4195.67138671875,,,,,41638.229989156454,,1300.6581298828125,5095.670342586645,92131.45450533304,642.5836229721812,-49142.937223035275,197627.23696630332,148484.29974326806
DEHHALKAJ000107Tbt_0,558.22998046875,"(1979, 1983)",,,,180613.92307522442,2795.8895820323924,2209.6618336824195,-1339.751953125,,,,,17802.342778176302,,497.66615090659343,2597.8730227896676,-719.8688967456229,5984.144027564618,-8847.787005350707,210441.8796205058,201594.0926151551
DEHHALKAJ000107Tbt_1,1430.43212890625,"(1979, 1983)",,,,318415.86682085576,7259.603912773386,5838.503219050661,-3433.037109375,,,,,44011.81880235757,,1283.597712255184,6668.039431357653,-3062.870134795478,15384.301969895423,-16734.03707713842,392365.82462437515,375631.7875472367
DEHHALKAJ00010BU,1223.6181640625,"(1949, 1957)",-69540.16353574938,469.26312625776757,5665.693444140603,19906.358767709855,1512.2552582071207,761.5426254637796,-3303.76904296875,,,,,37644.43332282068,,1052.6684031069012,4136.404909389215,73377.32804356038,18.35871742534227,-38474.07894171651,135105.58100471454,96631.50206299803
DEHHALKAJ00010Dl,750.333984375,"(1949, 1957)",-42916.51414220834,288.21156059874374,3533.212022814175,13839.74119934449,931.6375416640129,476.2905329935769,-2025.9017578125,,,,,23084.679284726146,,650.3103728497435,2558.1304358807547,45427.43377139807,13.592810497556734,-23692.618413791737,84955.91419154186,61263.29577775012
DEHHALKAJ000108Y,2588.2119140625,"(1949, 1957)",-147244.04061080544,992.843368196049,12016.834827136412,43216.01510115467,3201.1297353640534,1615.9841360356033,-6988.17216796875,,,,,79625.47194881162,,2229.2809640200203,8762.145200978634,155593.78647890664,42.80099323146394,-81494.81360648738,287298.442390534,205803.6287840466
DEHHALKAJ00010Cs,598.256103515625,"(1949, 1957)",-30396.39192136617,204.23093795287545,2499.8318939427136,10701.441914536583,659.9671418221144,336.888877862993,-1435.8146484374997,,,,,18406.62250055027,,460.5467194186617,1815.2523572810942,32885.45609080859,22.688832789129265,-17074.015808351083,63853.049786631935,46779.03397828085
DEHHALKAJ000109s,1131.0458984375,"(1949, 1957)",-64215.57173243197,433.6556135422062,5223.373363142734,18021.313464955958,1396.8461908296745,701.7685121309968,-3053.82392578125,,,,,34796.548831484004,,971.9140965454609,3818.44212887259,67725.77826109715,16.427790761218553,-35540.13875724773,124395.2153508958,88855.07659364806
DEHHALKAJ00010By,599.380859375,"(1949, 1957)",-34061.74785366041,229.8619293035872,2774.8660615532,9738.956148275349,740.7359797297379,372.9677818860896,-1618.3283203125002,,,,,18440.40690103741,,515.6068969294562,2026.0296608110086,35940.192220022145,8.975680158879547,-18845.5236510539,66165.54294853758,47320.01929748368
DEHHALKAJ00010Hy,580.6455078125,"(1949, 1957)",-33107.930344927234,222.8611995028156,2712.001275031098,10095.733016030197,719.3267400228874,365.0774465069528,-1567.74287109375,,,,,17864.15782919977,,501.43543424137334,1971.465928156153,34991.60669334735,9.64059583682843,-18296.92607063352,64950.70081224776,46653.77474161424
DEHHALKAJ00010pb,902.23828125,"(1969, 1978)",-8346.305597582654,57.33699808062303,653.2894266081756,234666.96378928632,4469.655632832495,1131.8459534847022,-7172.781121721751,,,,,27757.210875734032,,2223.5621477337427,9151.192623441018,13628.958322860728,5270.950407588542,-20034.842831751375,291127.5586312398,271092.7157994884
DEHHALKAJ00010Nn,809.625,"(1949, 1957)",-46068.84501784545,310.588874775148,3760.968844010608,13508.677263185016,1001.496066238926,505.80825176947826,-2185.9875,,,,,24908.441449301652,,697.5060583866702,2741.385489933814,48640.38776013763,12.629697209156303,-25477.590806733482,89830.34453616235,64352.75372942886
DEHHALKAJ00010fSbt_0,1030.7373046875,"(1979, 1983)",,,,252293.37491427525,5274.432378014019,4629.423189043526,-2319.158935546875,,,,,31730.160281962,,899.5931875191487,4881.2146591757055,-2913.8597115989182,10760.692261126176,-12508.290344756279,305235.87222397013,292727.58187921386
DEHHALKAJ00010fSbt_1,207.1416015625,"(1979, 1983)",,,,58591.35251344921,1059.9736374596155,930.3496917478759,-466.06860351562494,,,,,6725.7662081785675,,180.78629032828744,985.5928417062669,-531.4438288324164,2164.900841575418,-2851.709353832811,69641.20959209719,66789.50023826439
DEHHALKAJ00010hJbt_1,846.0361328125,"(1979, 1983)",,,,212429.26914485692,4419.468718362743,3966.7599179945864,-1903.581298828125,,,,,26205.325378322912,,746.3001576938605,4097.416412322893,-2607.4769439502466,8921.524612436318,-10497.63799908747,256275.00609921187,245777.3681001244
DEHHALKAJ00010Mlbt_0,379.3408203125,"(1979, 1983)",,,,100365.03776716026,1981.1030799681016,1777.71778318696,-853.516845703125,,,,,12093.59171843863,,334.58030613362865,1839.5816923346115,-1134.3767972533337,4001.2058793338056,-4915.519888786444,120404.92458359955,115489.40469481311
DEHHALKAJ00010Mlbt_1,2192.3134765625,"(1979, 1983)",,,,554921.6130818687,11640.374656638089,10627.483896047634,-4932.705322265625,,,,,67454.12272910547,,1950.383284786923,10801.605968724052,-7273.821387372327,23301.342872103298,-27268.29939517056,668490.3997796362,641222.1003844657
DEHHALKAJ00010iu,602.981689453125,"(1969, 1978)",-7437.310157061073,51.09243044298749,582.1397301125448,175067.78882406792,2701.8423640405276,700.4069379584344,-4258.725676676432,,,,,18550.854035178065,,1320.2049597696944,5417.19890236691,11194.188267043506,3385.7039446354192,-13357.44930159347,214079.46255838405,200722.01325679058
DEHHALKAJ00010HQ,661.7978515625,"(1969, 1978)",-6122.071328332112,42.05707398297063,479.19219120119567,177050.24396611584,3323.765438497024,842.5229057260386,-5359.96917500828,,,,,20360.360563738195,,1661.5904442525668,6838.788811560711,10087.999362384182,3974.3336224036457,-14944.319802762126,218779.63593966994,203835.31613690782
DEHHALKAJ00010LW,648.451171875,"(1949, 1957)",-36939.328112013056,248.82824460462027,3021.2011851108737,11067.003887467994,802.7791488956311,406.52643709456026,-1750.8181640625,,,,,19950.10771600448,,559.3802455920859,2198.9333846092823,39022.888137853806,10.469429062216816,-20420.862422976636,72267.27022251755,51846.40779954091
DEHHALKAJ00010ZK,694.1630859375,"(1969, 1978)",-6421.471323261263,44.113875849842515,502.627092874387,192310.2856654322,3453.078782564735,874.4386371691958,-5549.920999705559,,,,,21356.147473700752,,1720.475509908723,7082.274345283186,10666.562434234458,4083.4942442255083,-15549.9766645662,235996.83609281317,220446.85942824697
DEHHALKAJ00010kz,1332.9111328125,"(1949, 1957)",-75921.6430178608,511.4602904797699,6208.390373977422,22699.24227839998,1650.0068553517558,835.3464145828448,-3598.8600585937497,,,,,41006.931820909645,,1149.6780236179188,4519.320681860325,80199.69395897174,21.449703392352127,-41972.685611228284,148482.80967849278,106510.12406726449
DEHHALKAJ00010Qw,715.884765625,"(1958, 1968)",-46356.879391078925,318.4599789204691,3628.486736157086,30972.013371653004,1118.4618476894532,504.9182023988451,-2219.2427734375,,,,,22024.46983484386,,687.9652597656251,2695.314017472597,48737.20857221244,340.0013621303993,-25995.706556796074,104861.10969472872,78865.40313793265
DEHHALKAJ00010MKbt_0,334.86328125,"(1979, 1983)",,,,105412.71585958227,1854.2263199711074,1949.620923220542,-669.7265625,,,,,10948.02905982162,,288.81725978133966,1747.3672670360693,-1585.5869135888593,3436.873315185957,-4758.674722998456,123382.33652851004,118623.66180551158
DEHHALKAJ00010OW,1385.126953125,"(1969, 1978)",-12813.347740258938,88.0244422157712,1002.9377070244552,356581.32933008095,6867.218804814785,1735.826071734235,-11027.573741096141,,,,,42612.969166211136,,3418.547859739804,14077.17949783691,20865.28817165658,7984.385198379304,-30711.94145504846,443115.1703593576,412403.22890430916
DEHHALKAJ00010f9bt_1,396.541015625,"(1979, 1983)",,,,113213.53518389471,1786.6769239515186,1332.242884690394,-892.21728515625,,,,,12653.17004496133,,324.82409158922025,1653.5461745912814,-307.1854222392744,3910.427663391289,-5650.648695274391,133675.0202596742,128024.37156439981
DEHHALKAJ00010NS,425.843994140625,"(1958, 1968)",-26262.27229070557,180.41513557340988,2055.623845260587,26185.042824889606,657.1334943662109,291.2135911890413,-1249.1423828124998,,,,,13101.78447774889,,387.23413867187503,1518.094707691882,27756.542874079125,270.1156340616184,-14780.834370203382,68918.01935988574,54137.18498968236
DEHHALKAJ00010LF,579.9189453125,"(1984, 1994)",,,,146311.39567767753,3108.6287993764154,2863.9880790886286,-1304.8176269531248,,,,,17841.367944731217,,519.7582770383937,2906.7436511654973,-1911.4118148196212,5341.747198390647,-7636.667293343767,175677.40018569562,168040.73289235184
DEHHALKAJ00010KN,390.866455078125,"(1949, 1957)",-19859.270783284956,133.43285971646765,1633.2477427889785,6903.076673779482,431.1849317978831,220.10400006243546,-938.0794921874999,,,,,12025.797289130398,,300.89498888385464,1185.6496655748226,21422.263361394842,13.663923888961925,-11129.793078296932,41564.555342325184,30434.76226402825
DEHHALKAJ00010n9,364.85595703125,"(1969, 1978)",-4500.214455191515,30.9153294907439,352.2447730523294,106073.70307805167,1873.4289465505274,484.3378340251735,-3102.8878901793505,,,,,11225.204420681825,,961.8952459555987,3960.199881393036,6861.539667402667,2450.5259854327287,-9172.262261204085,130787.94716931389,121615.6849081098
DEHHALKAJ00010Zr,287.15478515625,"(1949, 1957)",-14589.85431224624,98.028069860863,1199.8852769132063,5275.575415235573,316.7752434224252,161.70207504076274,-689.1714843750001,,,,,8835.137116132051,,221.0561555359503,871.8184436238,15883.73468241334,12.709317011633642,-8235.130050466883,30889.336964040536,22654.206913573653
DEHHALKAJ00010Ir,1416.34765625,"(1949, 1957)",-80381.41260712917,542.9898512344876,6533.999034814402,22374.638778523575,1748.687143800946,877.689944166327,-3824.138671875,,,,,43573.506600362554,,1216.5092125322885,4779.077011791944,84758.43885697616,20.29640058819585,-44493.21327025433,155524.705276867,111031.49200661267
DEHHALKAJ00010IZbt_1,169.8310546875,"(1979, 1983)",,,,54497.80908908905,898.348391881989,1098.868798413747,-254.74658203125,,,,,5679.310539276347,,126.787466890198,858.8506028199445,-1069.1382831095184,1497.9594538647784,-2278.033436402263,63334.0494770953,61056.01604069304
DEHHALKAJ00010k6,488.178955078125,"(1949, 1957)",-24803.55613443422,166.65311945598256,2039.8710764244652,8756.780167083161,538.5353660202181,274.9024362746057,-1171.6294921875,,,,,15019.581595262505,,375.8076431301945,1481.3434126080056,26852.021542721366,18.83298443610557,-13939.435299516912,52146.17565534867,38206.74035583176
DEHHALKAJ00010Ji,624.638671875,"(1949, 1957)",-35686.435718734174,239.8629025536513,2932.5602145703356,11278.376131819276,774.9294038550202,395.1183309028146,-1686.5244140625,,,,,19217.623206740813,,540.6561701376085,2126.3738549222016,37753.231747300044,10.968357773861396,-19708.780140365037,70410.75278938914,50701.9726490241
DEHHALKAJ00010JR,660.173828125,"(1958, 1968)",-42749.33620192232,293.67707413774156,3346.1139193516556,30934.036570975448,1031.4219201972655,465.62491419498724,-2046.5388671874998,,,,,20310.633357741932,,634.427048828125,2485.776035583127,44985.155946254185,314.39171129554086,-23989.045884828305,99114.92863788312,75125.88275305482
DEHHALKAJ00010fI,2724.6953125,"(1949, 1957)",-174554.22477986454,1190.1946502688613,13898.296412192181,38852.54443194855,3810.4687305538037,1855.927796232375,-8407.631249999999,,,,,83824.33042708744,,2636.510933409294,10345.353143729855,184780.10336262762,60.13115632670218,-97774.16990813287,317757.73873191566,219983.56882378279
DEHHALKAJ00010m0,777.3193359375,"(1984, 1994)",,,,182440.85269834386,4012.0258355864107,3552.4514214735445,-1748.968505859375,,,,,23914.085561817454,,683.1092611232176,3736.127021913894,-2239.404058114147,7005.185798117877,-9542.626516714052,221355.46503440276,211812.8385176887
DEHHALKAJ00010n5,589.107421875,"(1949, 1957)",-33295.855424072986,225.61951280386444,2688.1059242612396,8486.300954380125,725.1750035530813,360.388043534384,-1590.5900390624997,,,,,18124.161162860546,,503.5750427333055,1976.9096591047337,35037.09592345928,7.2692995206971425,-18456.050694711215,63630.28505008365,45174.234355372435
DEHHALKAJ00010L9,630.291015625,"(1969, 1978)",-5830.612091219106,40.05482310399869,456.3788355593462,180062.25691941535,3191.009278921928,808.176861091229,-5161.86674947771,,,,,19391.208903623115,,1600.1786923380903,6589.899281642171,9786.586540983042,3806.0367911814583,-14407.043359379206,220073.48651971863,205666.44316033943
DEHHALKAJ00010XQbt_0,2723.8212890625,"(1979, 1983)",,,,803316.1056249023,14025.118739341982,12394.575565068195,-6128.597900390624,,,,,83811.66501557405,,2384.883571678358,13062.313616634448,-7026.036959991112,28560.986349405524,-38783.58955256398,944401.013622223,905617.4240696591
DEHHALKAJ00010XQbt_1,1487.9638671875,"(1979, 1983)",,,,411240.3775005811,8147.438405852412,7670.0187941350505,-3347.918701171875,,,,,45791.79549842008,,1345.4125611322663,7588.671048355436,-5427.324703467388,16063.58533457944,-19765.04048538613,489072.0557384166,469307.01525303046
DEHHALKAJ00010XQbt_2,396.0400390625,"(1979, 1983)",,,,110647.84393745128,2168.146803497076,2040.7396226273402,-891.090087890625,,,,,12680.523941298803,,358.0636037954238,2020.1041663965343,-1435.6350579601237,4275.485583310701,-5309.451975623066,131864.1825125264,126554.73053690334
DEHHALKAJ00010XQbt_3,433.8203125,"(1979, 1983)",,,,118454.66214268618,2351.7757624055394,2192.4759961208424,-976.095703125,,,,,13839.35229985111,,390.1865127821317,2188.903479958707,-1523.2159019938863,4660.136691105066,-5718.272641029,141578.18127979068,135859.90863876167
DEHHALKAJ00010F7,855.0908203125,"(1949, 1957)",-48539.67188089171,327.8373284502806,3947.1455226021635,13574.087813406135,1055.9077323689344,530.2625834885841,-2308.7452148437496,,,,,26307.13009278948,,734.63622549451,2886.1427366527414,51188.58122918247,12.34771018641264,-26865.895411343838,93980.35090872552,67114.45549738168
DEHHALKAJ00010FPbt_1,393.203125,"(1979, 1983)",,,,105767.57833055967,2077.910443688341,1887.860812515958,-884.70703125,,,,,12533.335762758414,,348.94763183044694,1930.055262853555,-1249.9898510991284,4170.955848618878,-5059.13023836009,126581.94721047612,121522.81697211604
DEHHALKAJ00010FT,738.9658203125,"(1958, 1968)",-47851.48539436942,328.72754228009194,3745.473861476051,65009.96538865229,1154.522510399414,521.1974210690558,-2290.79404296875,,,,,22734.759174704504,,710.1461533203125,2785.1991791737332,50875.81785032021,362.79634681178663,-27061.602647165313,141863.60998148253,114802.00733431721
DEHHALKAJ00010Sj,884.236328125,"(1958, 1968)",-57258.42870858496,393.3508518924218,4481.782463171559,48985.23807424128,1381.4857430097654,623.6576593480717,-2741.1326171875,,,,,27203.80634613316,,849.751111328125,3330.1288074144863,60382.74915592214,423.8008114104158,-32182.972040975124,140439.48509161995,108256.51305064483
DEHHALKAJ00010H5bt_0,784.65625,"(1979, 1983)",,,,193228.16096137068,4049.7305563202367,3588.089303292104,-1765.4765625,,,,,24330.905627923203,,687.8499089373568,3750.6804678399953,-2300.584522396065,8225.73313972004,-9611.868119162757,233795.08888050754,224183.22076134477
DEHHALKAJ00010H5bt_2,213.65234375,"(1979, 1983)",,,,56434.22865718285,1123.5211616747592,1015.541833448967,-480.7177734375,,,,,6878.044049400722,,189.1196827010382,1043.4849853320038,-661.9176209992133,2260.9942343375055,-2759.978672608009,67802.29920964112,65042.32053703311
DEHHALKAJ00010Hwbt_0,881.7412109375,"(1979, 1983)",,,,256808.6644242592,5103.387785163347,5054.736871478192,-1983.917724609375,,,,,27563.171016235785,,821.4146686947249,4769.757047751087,-3929.3002961011657,9788.803627844456,-12077.484910697936,303996.71742071625,291919.23251001834
DEHHALKAJ00010Hwbt_1,396.0859375,"(1979, 1983)",,,,174261.69857770702,2289.4747514621918,2265.0578089298465,-891.193359375,,,,,13255.094026214949,,368.72258402111174,2172.6512966455157,-1372.1587342467892,4411.351563577022,-7825.445706884268,196760.69851493585,188935.2528080516
DEHHALKAJ00010Llbt_0,1279.119140625,"(1979, 1983)",,,,320791.7387697588,6666.311696013368,5968.7035555454195,-2878.01806640625,,,,,39362.9674486173,,1126.9722396402099,6179.743038054914,-3899.843503025671,13473.370007392681,-15865.386537998775,386791.94518559077,370926.55864759197
DEHHALKAJ00010cJ,1133.9541015625,"(1969, 1978)",-10489.831413671136,72.06247561866427,821.0693784611066,300410.95724274864,5716.152229523521,1445.344525278444,-9235.079411086012,,,,,34885.743952600584,,2862.8746174366643,11792.964995094331,17242.965108540557,6711.968912464194,-25629.52148183311,371833.89217260096,346204.3706907678
DEHHALKAJ00010kC,1404.9287109375,"(1969, 1978)",-12996.527201280553,89.28283855439172,1017.2756920955826,362231.30474088964,6937.919337439037,1755.8690262466805,-11121.840612117809,,,,,43222.163605423586,,3447.770589756521,14190.739928630184,21165.415861451915,8132.890163524291,-31062.448185555986,449962.23264124413,418899.78445568815
DEHHALKAJ00010mrbt_1,210.458984375,"(1979, 1983)",,,,68495.41097658293,1179.379331706487,1134.821088994403,-473.53271484375,,,,,6942.946117039774,,192.66392068035685,1105.157386766717,-778.5843464012332,2301.1188559394463,-3199.598567086529,80099.38061646513,76899.7820493786
DEHHALKAJ00010mrbt_2,786.5283203125,"(1979, 1983)",,,,215050.7201973749,4409.150926896745,4243.962346984601,-1769.688720703125,,,,,24571.146391221042,,720.1621004515744,4108.822910853985,-3181.249369604314,8589.423716997286,-10290.009427640334,256742.45050047268,246452.44107283236
DEHHALKAJ00010mrbt_4,268.2744140625,"(1979, 1983)",,,,73630.0005445155,1403.367745972794,1261.4944606225195,-603.617431640625,,,,,8653.71670093854,,236.82160447235393,1304.681857341141,-791.6499641069638,2832.697541804625,-3582.8257577683253,87927.51305991987,84344.68730215155
DEHHALKAJ00010lN,589.67431640625,"(1949, 1957)",-29960.36567302639,201.30131229530156,2463.972627322659,10489.532383253934,650.5001301576824,332.05631767288884,-1415.2183593749999,,,,,18142.51828589369,,453.9403281478558,1788.9938760721318,32372.07018452316,21.599281030505164,-16812.361514748736,62835.99242737684,46023.630912628105
DEHHALKAJ00010O9bt_0,974.098388671875,"(1979, 1983)",,,,276969.0572671723,5256.534207006491,5417.220158322105,-1948.19677734375,,,,,30405.846295185307,,828.1124837250884,4934.006018986663,-4407.641444481461,9856.440754398809,-12718.848048798467,327311.3789629716,314592.53091417317
DEHHALKAJ00010O9bt_1,463.212890625,"(1979, 1983)",,,,132692.33952498762,2461.9108881566553,2506.22490044906,-926.42578125,,,,,14875.248076367081,,390.4837611271629,2310.439559587975,-1980.1046350854213,4650.869914470842,-6111.456017402164,156980.986208811,150869.53019140882
DEHHALKAJ00010O9bt_2,464.256591796875,"(1979, 1983)",,,,138580.43341431287,2567.007061712019,2696.1114725894395,-928.51318359375,,,,,14968.18692170006,,400.0932683330093,2414.759289859933,-2236.8624697060454,4759.135777356092,-6291.726868965726,163220.3515525636,156928.62468359788
DEHHALKAJ00010UZ,1314.66015625,"(1949, 1957)",-74723.4179760604,504.19342152631305,6089.222549887499,21654.837361727354,1624.9176317389674,818.5167907077832,-3549.582421875,,,,,40445.33929913747,,1131.1523546204708,4445.694514749355,79002.98408838408,22.58390477145786,-41400.9560175426,145596.44352396193,104195.48750641933
DEHHALKAJ00010gr,2024.767578125,"(1949, 1957)",-115249.5308386248,776.8046514105322,9413.727499503086,34005.875076762124,2505.1991884055105,1266.2285724875692,-5466.8724609375,,,,,62291.30255916454,,1745.0269552748862,6858.799742576345,121702.13848329017,31.903287716339225,-63729.77921080116,224939.60140473995,161209.82219393877
DEHHALKAJ00010ZQ,2617.6005859375,"(1949, 1957)",-148879.8677867811,1004.0569288881788,12145.511286855255,43284.77256088273,3236.909950973077,1633.1065453376739,-7067.52158203125,,,,,80529.60317597563,,2253.9606585725332,8858.007708659907,157156.1938101633,40.2751887874977,-82347.77911024838,289925.30801732105,207577.52890707267
DEHHALKAJ00010G5bt_0,313.968017578125,"(1979, 1983)",,,,91453.17916536715,1739.4109375247765,1829.6077578977665,-627.93603515625,,,,,10185.647010884497,,270.87304057327174,1635.0600039240749,-1537.3686731299163,3221.135497225042,-4160.623618016508,108169.60870511044,104008.98508709393
DEHHALKAJ00010le,1411.2080078125,"(1969, 1978)",-13054.614883598895,89.68188616781235,1021.8223826320203,356130.03701481,6919.567182917052,1748.4963775068331,-11066.177989978147,,,,,43415.34273557126,,3430.5151768932255,14123.631321548983,21122.69917099972,7984.928702920145,-30888.550376555453,443809.039693189,412920.48931663355
DEHHALKAJ00010da,1340.302734375,"(1969, 1978)",-12398.693833818526,85.1758752708246,970.4815490738341,347411.45821444714,6641.596728530518,1680.8191559328588,-10660.637572223855,,,,,41233.96824449294,,3304.7976473893955,13603.66707020059,20227.433761963202,7795.233407198758,-29747.718290449186,431238.3366579316,401490.61836748244
DEHHALKAJ00010al,1089.498046875,"(1949, 1957)",-61915.46574242051,417.8233995237696,5044.154887486953,17709.892203505122,1346.4594193701244,677.9874903354107,-2941.6447265624997,,,,,33518.42912914725,,937.2432133425365,3682.8230526617026,65330.63435764996,16.3256348872186,-34256.066102478464,120278.14977433682,86022.08367185836
DEHHALKAJ00010HUbt_0,828.4677734375,"(1979, 1983)",,,,218259.37853784813,4481.896845809162,4169.773671676743,-1864.052490234375,,,,,25761.522569554134,,744.3250576869234,4166.743775852377,-2933.8056625420195,8888.193653730294,-10602.046145399705,261673.97595938135,251071.92981398164
DEHHALKAJ00010HUbt_1,357.841796875,"(1979, 1983)",,,,98203.63170295507,1967.5933626678411,1859.7615275151534,-805.14404296875,,,,,11449.592293226791,,324.27931684354354,1831.5585036485777,-1344.9113132584116,3870.4482949835915,-4649.051913188603,117356.8096456134,112707.7577324248
DEHHALKAJ00010HUbt_2,579.6181640625,"(1979, 1983)",,,,148181.77917351705,3068.598194429803,2793.1807582030797,-1304.140869140625,,,,,18205.76516049883,,514.8693452492065,2847.9804598068204,-1887.5358954463784,6152.330174356095,-7274.64011846957,178572.82650147387,171298.1863830043
DEHHALKAJ00010HUbt_3,338.2734375,"(1979, 1983)",,,,83978.30556200593,1800.1554439353822,1647.3108390043024,-761.115234375,,,,,10735.053135322043,,301.2986859710875,1669.668373833743,-1144.8275847190773,3598.826263388848,-4137.989150576341,101824.67548436727,97686.68633379093
DEHHALKAJ00010HUbt_4,846.8369140625,"(1979, 1983)",,,,213743.42293852358,4488.578810436069,4090.6776579955326,-1905.383056640625,,,,,26224.705238719955,,752.7001330300893,4164.52180996323,-2791.011681861233,8993.013718852426,-10513.063694289358,257761.225569019,247248.16187472965
DEHHALKAJ00010Ok,1045.513671875,"(1958, 1968)",-67701.8893487973,465.09477208345186,5299.222267367731,46467.11966829434,1633.4572397402344,737.4076235938073,-3241.0923828125,,,,,32165.25792680844,,1004.738638671875,3936.4819583328585,71199.42797680962,496.9968484803614,-37973.92822686622,154399.79549791903,116425.8672710528
DEHHALKAJ00010Nr,1493.20703125,"(1969, 1978)",-13813.160516759723,94.89290186860387,1081.1959385065259,390484.2111102236,7458.890391726769,1886.4623338044564,-12009.814553219572,,,,,45938.01616640619,,3723.042511498068,15331.471573987948,22605.88090102743,8740.948251461668,-33415.298524691745,484159.10868691653,450743.8101622248
DEHHALKAJ00010FD,632.396484375,"(1949, 1957)",-36138.34717066593,242.85637621480294,2970.854151587489,11470.313971990045,784.6906226229072,400.3211219907537,-1707.4705078124998,,,,,19456.25448749547,,547.5235353305218,2153.470307924928,38235.828217356364,11.178744171779742,-19956.731561616456,71352.11050107027,51395.37893945382
DEHHALKAJ00010LB,764.4580078125,"(1969, 1978)",-7071.746214184872,48.58109907056464,553.5259852840081,199018.0720217725,3804.7459097117053,962.4814607274151,-6117.6182012332265,,,,,23518.547290696373,,1896.4616423823004,7808.369672989196,11555.251260380817,4459.253022826025,-17041.7717987264,246905.56408025307,229863.79228152666
DEHHALKAJ00010Fv,605.6279296875,"(1949, 1957)",-34610.16798837142,232.57908122862324,2845.4271217215864,10993.806221808649,751.4994366013511,383.42740776146866,-1635.1954101562499,,,,,18632.733936913937,,524.3740736150842,2062.4361259208845,36619.73730045425,10.718454774287876,-19112.53990138325,68343.53754769368,49230.997646310425
DEHHALKAJ00010NO,2445.3046875,"(1949, 1957)",-139127.93781039247,938.047006784569,11356.327623036026,40719.835691901026,3024.5995744933125,1527.2313564682786,-6602.322656249999,,,,,75228.97963525086,,2106.436307976752,8278.722384806979,146886.9813425705,38.03052184182977,-76944.87119593902,271208.49415905954,194263.62296312052
DEHHALKAJ00010kp,598.71484375,"(1969, 1978)",-5538.511450459972,38.04816594500298,433.51527540301976,156524.90465882194,2971.136687284996,752.6609561798464,-4770.713871154284,,,,,18419.60692095184,,1478.921300057828,6086.175139085048,9058.292627575913,3516.9078757102548,-13327.37804459682,194037.89229451335,180710.51424991654
DEHHALKAJ00010c0bt_0,1328.0634765625,"(1979, 1983)",,,,369365.4302752131,6419.397966381867,5268.029039717812,-2988.142822265625,,,,,40924.80464372564,,1126.0738312717124,5952.465798502128,-2356.228199568677,13514.46922312162,-18258.42120559707,437226.2997560996,418967.87855050253
DEHHALKAJ00010c0bt_2,2534.205078125,"(1979, 1983)",,,,643636.5821983843,11890.570194847991,9388.203577316604,-5701.96142578125,,,,,77972.92302057748,,2117.2967574928316,10978.19345687767,-3854.206663684349,25423.83454186499,-32569.540486371996,771851.4356578965,739281.8951715245
DEHHALKAJ00010pZbt_1,1065.1142578125,"(1979, 1983)",,,,292781.27682187414,5888.6652737673885,5595.041949752452,-2396.507080078125,,,,,32921.504845566866,,968.0335944648652,5485.774434973025,-4059.451706328573,11552.819990931679,-14048.653470276011,348737.1581249237,334688.50465464767
DEHHALKAJ00010pZbt_2,352.798828125,"(1979, 1983)",,,,108107.80412271657,1948.0892817044028,1848.7741771631893,-793.7973632812499,,,,,11446.778829145318,,320.43057618045043,1820.9497798654063,-1265.00700843862,3827.5354719390953,-5107.998792662277,127261.55786699455,122153.55907433228
DEHHALKAJ00010pZbt_3,1482.970703125,"(1979, 1983)",,,,409711.08245118114,8198.855679053242,7790.040583325753,-3336.68408203125,,,,,45638.016819703116,,1347.804190679509,7639.062860254662,-5638.529841880011,16085.72128893354,-19644.318769080906,487435.36994921963,467791.0511801387
DEHHALKAJ00010pZbt_5,372.3369140625,"(1979, 1983)",,,,102331.92285501321,2054.2110605463854,1947.8952500716848,-837.758056640625,,,,,11927.885595652151,,338.02142135083034,1913.515559011455,-1406.6705564101283,4034.3974520935326,-4913.0096669405875,122303.4205806885,117390.41091374791
DEHHALKAJ00010pZbt_8,828.7158203125,"(1979, 1983)",,,,233393.3838270224,4583.142703811963,4355.918565647832,-1864.610595703125,,,,,25894.38577816378,,753.308712327219,4272.748591898378,-3126.179628299008,8991.727429868148,-11157.484135576406,277253.8253847375,266096.3412491611
DEHHALKAJ00010pZbt_9,4.0,"(1979, 1983)",,,,5612.696789593323,19.39844124501463,15.984930628165495,-9.0,,,,,166.46676437694006,,3.3972238728117743,20.50641272579354,22.070634445949807,42.06818885548647,-238.18929541924064,5893.589385743485,5655.400090324244
DEHHALKAJ00010b5,674.4716796875,"(1949, 1957)",-38180.20877162169,258.41187779582066,3090.463823739771,10948.92559155788,831.194384301343,414.6364196924049,-1821.0735351562498,,,,,20750.8607488489,,577.5915773563406,2271.381262786708,40833.892938233184,20.309241558974158,-21403.546108273815,74827.7186291795,53424.172520905675
DEHHALKAJ00010oz,697.059814453125,"(1969, 1978)",-8597.690657593925,59.06394954853216,672.9660607539694,196347.11460570182,3536.004389096089,912.3537521074431,-5835.443072811879,,,,,21445.34549004096,,1808.9873525716825,7450.372396129389,12996.094372164638,4533.122836606935,-17257.914014883205,243193.95212160706,225936.03810672386
DEHHALKAJ00010l3bt_0,1781.9599609375,"(1979, 1983)",,,,453482.4893870842,8294.14487615953,6477.685572685146,-4009.409912109375,,,,,54831.86359436733,,1482.94157862163,7655.490582606612,-2510.3053067526016,17812.770348490856,-22979.408962867674,543517.6707211535,520538.2617582858
DEHHALKAJ00010Jq,1178.029296875,"(1969, 1978)",-10897.556353962531,74.86344232729769,852.9831862342086,312015.8885464595,5937.431971728244,1501.2984393973586,-9592.047369945198,,,,,36241.68987924108,,2973.5346846830116,12248.749539160763,17911.78737657868,6971.445137583904,-26621.225520300315,386209.77820488723,359588.5526845869
DEHHALKAJ00010bo,673.759765625,"(1949, 1957)",-38139.90904021369,258.1391205322316,3087.2017969979115,10930.617748341843,830.3170472853111,414.19876529283033,-1819.1513671875,,,,,20728.948864246267,,576.9819215639848,2268.9584398949955,40785.97693276341,20.19947680161173,-21379.020031730186,74737.04782900275,53358.02779727257
DEHHALKAJ00010jv,604.2275390625,"(1949, 1957)",-34385.82945409118,231.8014775836694,2807.778776858534,10107.837168322918,747.491187698459,377.6369650983571,-1631.4143554687498,,,,,18589.511305356376,,520.6297575676851,2046.2587348263946,36307.52340251768,9.463130530713846,-19015.67059050026,67074.93729644983,48059.26670594957
DEHHALKAJ00010j8,617.4033203125,"(1969, 1978)",-5711.39231772686,39.23581356211503,447.0471598191644,162575.65551137383,3076.4163271722487,779.4135464712555,-4947.170073340184,,,,,18994.555490651797,,1533.622722735457,6311.7743329417135,9363.07177991718,3651.02115008217,-13808.780096257959,201338.36078800546,187529.5806917475
DEHHALKAJ00010K6,476.650390625,"(1949, 1957)",-26982.02455819852,182.62015471218376,2184.0365328318967,7880.945450268997,587.4066174966844,293.0243290649451,-1286.9560546875,,,,,14664.909253284923,,408.1850421001627,1605.7274975064802,28959.611698343637,16.227698208552376,-15166.990043115362,53129.081531586875,37962.09148847152
DEHHALKAJ00010Lc,1457.19140625,"(1969, 1978)",-13479.991974940063,92.6041186675226,1055.1178752119963,391476.3096614182,7251.031777298486,1835.031560188918,-11657.02767065517,,,,,44830.01019637206,,3613.678577903102,14877.714683915594,22207.813366786944,8528.878958316596,-32561.867346171424,482963.4411115447,450401.57376537326
DEHHALKAJ00010IB,581.041015625,"(1949, 1957)",-33319.90732725749,223.32778698620692,2754.63057210039,11232.193027662119,722.7971216259648,371.76306549893127,-1568.8107421875,,,,,17876.501853727023,,505.10032140296215,1987.783869529309,35314.11535602674,11.262409135601397,-18378.532587390397,66452.70628242115,48074.17369503075
DEHHALKAJ00010HS,1681.4013671875,"(1969, 1978)",-15554.08358787166,106.85260087791984,1217.4630115963332,438798.5548023409,8401.227377209714,2123.9620398758916,-13529.517054286283,,,,,51727.74950142556,,4194.150286828748,17273.633313536462,25441.043699642185,9815.643466887239,-37618.99025644335,544246.4474334605,506627.4571770172
DEHHALKAJ00010Fcbt_4,199.026123046875,"(1979, 1983)",,,,72988.81797046665,901.9105152781799,788.3326533417234,-398.05224609374994,,,,,6604.519547599467,,154.1070857322312,851.3383312751675,-294.42054337644015,1852.3437890828243,-3371.993558242994,83448.89710330607,80076.90354506308
DEHHALKAJ00010OG,782.2734375,"(1958, 1968)",-50655.85571076135,347.9928535688245,3964.9800195687167,36619.66676923835,1222.1841228046874,551.7425664199269,-2425.04765625,,,,,24066.87880409792,,751.7647734375,2945.3210764570804,53267.01619266499,371.8392005217973,-28410.501034166027,117371.36584939226,88960.86481522623
DEHHALKAJ00010Wy,601.388671875,"(1949, 1957)",-34468.763042822866,231.11868586216994,2847.2238984712944,11518.29142080577,747.8260119379311,384.1708134005141,-1623.7494140625,,,,,18502.488752499074,,522.4730618060333,2055.9729233955236,36522.434545571276,11.503455668963792,-19015.571494709773,68641.41157102259,49625.840076312816
DEHHALKAJ00010IL,732.69921875,"(1979, 1983)",,,,193091.071912713,3794.9998487224602,3375.3500677402617,-1648.5732421875,,,,,22541.565662917972,,643.4805183916649,3522.349963164899,-2104.6358235785056,7697.689953941745,-9482.557307023875,230913.29886182596,221430.74155480208
DEHHALKAJ00010I3,2117.5283203125,"(1969, 1978)",-19588.548657432635,134.56835046858384,1533.2522360799867,576541.4036586521,10885.534573612837,2750.8237009984296,-17713.544848523572,,,,,65145.04585135388,,5491.198903042307,22634.941436791796,32504.77312826783,12828.91143909653,-48890.4115582888,711069.0878432923,662178.6762850034
DEHHALKAJ00010MPbt_1,1095.7197265625,"(1979, 1983)",,,,271919.7271753008,5722.247095383034,5134.655796252814,-2465.369384765625,,,,,33722.62988422629,,966.417738071509,5303.413282575077,-3393.526603286983,11552.081663375648,-13466.26277883086,328462.27664713265,314996.01386830176
DEHHALKAJ00010MPbt_2,388.6474609375,"(1979, 1983)",,,,82772.20479119825,1739.2406958597028,1283.7538176388239,-874.456787109375,,,,,12175.285911995781,,317.31717670922734,1593.4214806812568,-450.4926751018257,3812.9622468699895,-4397.72413617273,102369.23665874184,97971.5125225691
DEHHALKAJ00010Yebt_0,788.1611328125,"(1979, 1983)",,,,225267.66688630718,4464.681739478498,4338.605541139081,-1773.3625488281248,,,,,24718.185181632023,,725.724087127214,4167.535278877323,-3258.6478841420208,8654.885440844768,-10680.746957922223,267305.27372243593,256624.5267645137
DEHHALKAJ00010NW,530.296875,"(1949, 1957)",-30215.690526014965,203.5010087258878,2472.231898268464,9256.300180624845,656.6161124495179,332.69376630826395,-1431.8015624999998,,,,,16315.213767144785,,457.5797399629678,1799.4395617737932,32040.381949049057,10.762717438560161,-16749.43777428013,59437.18623225179,42687.74845797166
DEHHALKAJ000110T,498.8759765625,"(1949, 1957)",-28240.161166037316,191.13549430343656,2285.875307342174,8253.677611187952,614.7966218147549,306.68767128705394,-1346.9651367187498,,,,,15348.711753266412,,427.2181781471163,1680.6202035838342,30313.70803725849,17.053114745305514,-15875.712379203269,55615.50805457217,39739.79567536891
DEHHALKAJ00010y9,1255.5927734375,"(1979, 1983)",,,,350978.0201850231,6817.316264044455,6365.315224254234,-2825.083740234375,,,,,38627.93995676657,,1130.238213826528,6348.651375959478,-4403.151098774048,13499.69754954777,-16770.281707886512,416538.94393041363,399768.66222252714
DEHHALKAJ000115n,1289.1806640625,"(1949, 1957)",-72977.39605768114,493.92673740253383,5907.091912882002,20576.71534964222,1588.7393949811315,792.533283430401,-3480.7877929687497,,,,,39661.815839513874,,1104.004683485236,4340.185090413141,77799.28552370812,34.22679731462665,-40810.02922448273,142416.71816952,101606.68894503727
DEHHALKAJ00010zU,658.533203125,"(1969, 1978)",-6091.871153839077,41.84960646016112,476.8283363857506,175007.126427138,3284.9134556572367,833.2292942880279,-5283.303962855243,,,,,20259.90025692389,,1637.8242284851253,6738.406510949677,10013.572606833559,3937.0312323028893,-14769.633870687945,216428.70004972315,201659.0661790352
DEHHALKAJ00010xp,676.0947265625,"(1949, 1957)",-38272.08552553126,259.0337194584887,3097.9007077520782,10979.243054854363,833.1945682802802,415.63419968155836,-1825.4557617187497,,,,,20800.78190561238,,578.9814922080491,2276.8620151856867,40934.98714097152,20.410055140414677,-21456.189038146105,75014.6386702155,53558.449632069394
DEHHALKAJ000116v,672.5458984375,"(1949, 1957)",-38438.30317223848,258.28410523943353,3160.675698604671,12232.018873798763,834.5971841977696,425.9273898641786,-1815.87392578125,,,,,20691.50760313646,,582.3830623002445,2290.6330985817804,40672.18663928492,11.936332993977608,-21225.788455011214,75925.31625837684,54699.52780336563
DEHHALKAJ00010vT,720.9482421875,"(1958, 1968)",-46684.76312820865,320.7124568565657,3654.151142536558,35118.885526206795,1126.3727652333985,508.4895055003912,-2234.93955078125,,,,,22180.291986670825,,692.8312607421874,2714.529417576155,49110.71350024243,343.10632027424384,-26191.12472843833,109560.28073166517,83369.15600322685
DEHHALKAJ00010t9,436.673828125,"(1979, 1983)",,,,96121.13087842942,2109.2599008241345,1729.4336543718755,-982.51611328125,,,,,13434.323448062005,,370.12974149877243,1941.6188902844924,-935.6778537145326,4434.874997886934,-4973.072793793885,118222.57754436186,113249.50475056798
DEHHALKAJ0001119,1958.2861328125,"(1979, 1983)",,,,593350.153978078,10070.881640018157,8888.013318104324,-4406.143798828125,,,,,60246.02017961316,,1713.5156683303073,9387.960001569778,-4912.136602111096,20526.413004058602,-28534.66684183142,694864.6773888334,666330.010547002
DEHHALKAJ000113R,597.1162109375,"(1949, 1957)",-34232.689982576165,229.49137428095662,2828.891789195487,11488.963330876624,742.6517381818927,381.7407199564582,-1612.21376953125,,,,,18371.01204764245,,518.9157073936377,2042.062644804112,36276.84927156869,11.496805993339306,-18883.692387179763,68221.47849688596,49337.7861097062
DEHHALKAJ0001115,673.69140625,"(1949, 1957)",-38136.03938150511,258.11292984848507,3086.8885708361418,10940.537506875446,830.2328036760898,414.15674086488764,-1818.9667968749998,,,,,20726.858846161147,,576.92338122727,2268.7696430786264,40789.70516027874,20.341722375512376,-21380.010915392457,74748.55900766271,53368.548092270255
DEHHALKAJ00010zH,749.181640625,"(1949, 1957)",-42779.4343757466,287.65066365371763,3512.4634574950396,13394.086897539346,929.0869762573275,473.1406113557154,-2022.7904296875,,,,,23049.125181785545,,648.0630218825677,2548.5753886981074,45245.45163135789,12.96506521196487,-23630.253745063892,84277.70434440096,60647.45059933707
DEHHALKAJ0001158,2768.60595703125,"(1949, 1957)",-177367.30574366002,1209.3755891324436,14122.278576563345,39368.251052926775,3871.8774822616306,1885.8375572842451,-8543.126953125,,,,,85175.22544583384,,2679.000416130012,10511.662131736339,187679.2152316408,59.655364726563086,-99318.2372906851,322687.59772941517,223369.36043873007
DEHHALKAJ0001104,2688.719482421875,"(1949, 1957)",-172249.47785961628,1174.4797773795772,13714.788646092027,38259.41510071617,3760.1567654179185,1831.4228386585087,-8296.6201171875,,,,,82717.54567420253,,2601.6994559922387,10208.45618445412,182283.18080010492,58.28875768546814,-96460.23679379426,313423.54546004435,216963.3086662501
DEHHALKAJ000115cbt_0,424.447265625,"(1979, 1983)",,,,113721.2655857467,2266.357646752961,2081.0588623819895,-955.00634765625,,,,,13519.03723508079,,378.72152836649536,2107.0263605627706,-1404.1079436502064,4525.390306683933,-5527.432443736094,136239.74323426918,130712.31079053308
DEHHALKAJ000110O,607.013671875,"(1949, 1957)",-34675.53222030908,233.0882688018655,2848.9607837981875,10936.504541258419,753.0013861844085,383.83485050889374,-1638.9369140625,,,,,18675.373058399866,,525.3313033312627,2066.062060616995,36681.72477440983,10.625070877632439,-19151.22415794822,68393.5201315248,49242.295973576576
DEHHALKAJ00010wG,871.703125,"(1949, 1957)",-49589.897444506336,334.38457501054256,4046.9124524858707,14477.171046200176,1078.108400694436,544.2077482803822,-2353.5984375,,,,,26818.190739321777,,750.7894839198863,2950.6896320692767,52352.105992858116,13.501865423890079,-27426.970422920705,96631.16647126793,69204.19604834722
DEHHALKAJ000111u,758.015625,"(1949, 1957)",-43241.74035715169,290.9724916897474,3544.810789893069,13300.804017777233,939.3794729599174,477.28807731201766,-2046.6421875,,,,,23320.90118845145,,654.9655552040258,2575.2964885971614,45712.53878486538,12.75871195794151,-23893.512640929384,84947.29010962513,61053.77746869574
DEHHALKAJ00010tmbt_2,363.2197265625,"(1979, 1983)",,,,116515.07743214608,1715.2418032490775,1365.9464248745885,-817.244384765625,,,,,11725.827586071904,,304.4304658084332,1597.6494204103587,-426.0619614295859,3661.5704347832534,-5649.329776189919,135642.43722114852,129993.1074449586
DEHHALKAJ0001127bt_0,396.10888671875,"(1979, 1983)",,,,130704.22078638012,2156.7117092978215,2676.6612089957935,-594.163330078125,,,,,13106.758282242747,,301.10230230055356,2064.4014580726566,-2648.36235442054,3554.1813896725844,-5421.9147621768625,151321.5114524636,145899.59669028674
DEHHALKAJ0001127bt_1,2.0,"(1979, 1983)",,,,3886.939226615591,8.44901309069213,8.998083484903072,-3.0,,,,,91.95162662259662,,1.3062898909365779,9.874825735875438,14.754985162995712,16.521664400077544,-160.26754217100938,4035.7957150036673,3875.528172832658
DEHHALKAJ00010se,723.5107421875,"(1958, 1968)",-40157.74025281559,275.8734686715434,3143.2622250544355,50753.81097910001,1088.6651667480469,463.72565218431606,-1881.1279296875,,,,,22259.989047103845,,583.149658203125,2287.8796141795992,42617.45092933209,682.3348235075516,-22654.23172567971,118855.87794067108,96201.64621499137
DEHHALKAJ00010r1,2258.4638671875,"(1949, 1957)",-127846.17138014565,865.2904286868443,10348.397255167582,35437.5909761294,2783.248785810413,1388.4072528132915,-6097.852441406249,,,,,69480.88634863721,,1934.0614984094263,7601.105914908881,135858.40831610258,51.98052038847328,-71318.69359444201,248437.83717179342,177119.1435773514
DEHHALKAJ000112q,619.58203125,"(1949, 1957)",-35427.01057802027,237.97010785271152,2915.1643853781247,11362.794722551287,769.119753230485,392.9210730587565,-1672.8714843750001,,,,,19062.135339017725,,536.7963786250843,2111.489765541085,37494.070218865294,11.130836921047168,-19559.98767325832,70067.58660343576,50507.59893017744
DEHHALKAJ00010yH,1040.1845703125,"(1949, 1957)",-59346.588452409385,399.2997938474973,4866.130720134346,18356.512674852027,1289.190277794939,655.2372652123191,-2808.49833984375,,,,,32001.67398346983,,898.9190959035562,3534.802252716505,62781.37263633546,18.302666875319243,-32806.668544531836,116727.5125133162,83920.84396878435
DEHHALKAJ000110K,675.41796875,"(1958, 1968)",-43736.465447167284,300.4584011546112,3423.379374237589,62596.06544030235,1055.238588058594,476.37670617476255,-2093.795703125,,,,,20779.791316363204,,649.0766679687501,2545.971121525862,46555.25928929009,332.73514782963144,-24756.321110299683,132896.71857438824,108140.39746408856
DEHHALKAJ000110I,1477.1123046875,"(1969, 1978)",-13664.27356617052,93.87008636055016,1069.5421271953237,428499.5081985396,7319.641923877414,1851.9851421245767,-11749.607993437263,,,,,45442.89654399826,,3642.378477965551,14997.942599887647,22972.576138891418,8589.8397706909,-33051.57778239205,521567.1608025381,488515.58302014606
DEHHALKAJ00010tRbt_1,596.6630859375,"(1979, 1983)",,,,149875.65823616053,3091.593768564803,2750.8705022876466,-1342.491943359375,,,,,18698.003853677365,,524.1134850707238,2865.403857551605,-1765.372031647215,6267.521682320219,-7421.360258604578,180965.3014106263,173543.94115202173
DEHHALKAJ0001149,1531.3896484375,"(1969, 1978)",-14166.37518098442,97.31939683549857,1108.843069654921,392216.10589839384,7540.993781368971,1907.869914076607,-12076.496391249208,,,,,47112.69009210488,,3743.7138812872545,15409.162390776815,23022.753147994354,8805.578865679763,-33735.59646970891,487682.3715804332,453946.7751107243
DEHHALKAJ00010vxbt_0,529.48828125,"(1979, 1983)",,,,176995.98093658907,2654.6144213404173,2276.607559852883,-1191.3486328125,,,,,17016.193425601894,,457.30946991576616,2481.6725962347587,-1021.7633753337034,5488.732609947858,-8431.693180841574,205157.99901133642,196726.30583049485
DEHHALKAJ00010xi,1624.2900390625,"(1860, 1918)",-162939.2177242568,1175.531044341276,14486.780235447643,114425.69898574275,5286.877477788397,8522.800526627336,-4385.58310546875,,,,,49971.0200550002,,1776.096682992697,9882.677834581506,175391.579993581,5586.969140870294,-94094.20069693294,366458.1375917155,272363.9368947826
DEHHALKAJ000116f,1221.1708984375,"(1949, 1957)",-69585.34105718229,468.6307892161438,5694.031742420496,20965.323296895236,1512.1298416683371,766.2809218555483,-3297.1614257812503,,,,,37569.36271463121,,1053.795741871437,4142.698679633068,73521.1003686357,19.893195756410197,-38464.38773705375,136253.42333516572,97789.03559811196
DEHHALKAJ00010tt,399.333984375,"(1949, 1957)",-20289.491783289748,136.32348037254098,1668.629579555596,7114.381047542544,440.5258997805151,224.87221960308528,-958.4015625,,,,,12286.388217134101,,307.4134227390896,1211.5668630521407,21930.39477735634,14.767965073751055,-11388.59870144157,42571.90884978156,31183.31014833999
DEHHALKAJ00010zLbt_0,1165.072265625,"(1979, 1983)",,,,298660.89986132504,6202.0803524898365,5677.387012637034,-2621.4125976562495,,,,,35856.0625915552,,1037.903138865083,5756.822569618663,-3899.4714390474214,12399.218646872121,-14559.056442533718,359069.4901366593,344510.43369412556
DEHHALKAJ00010zLbt_1,448.126953125,"(1979, 1983)",,,,121192.9796771341,2379.220970480922,2172.0351624092477,-1008.28564453125,,,,,14277.384054172673,,398.65972971285805,2212.1166423646837,-1435.7126269067066,4765.0709641256,-5890.032592079439,144953.46892896213,139063.4363368827
DEHHALKAJ00010xgbt_0,1618.5771484375,"(1979, 1983)",,,,400791.81374615995,8400.33528650892,7487.7232533348315,-3641.798583984375,,,,,49804.237844699106,,1422.973972924205,7781.818449984614,-4880.486170185727,17013.057784881097,-19800.545748561024,484179.6755843226,464379.12983576156
DEHHALKAJ00010xgbt_1,829.486328125,"(1979, 1983)",,,,215834.89667166024,4304.992986310046,3837.298749349494,-1866.34423828125,,,,,25807.51075632425,,729.2438651798499,3994.4712187314476,-2425.867524191096,8722.12095769446,-10617.346343440042,258938.32344277744,248320.9770993374
DEHHALKAJ00010xgbt_2,916.66015625,"(1979, 1983)",,,,237841.0729631834,4851.242281686573,4414.214139229455,-2062.4853515625,,,,,28384.57521527966,,814.1102481188143,4504.352343774594,-2957.3627155739296,9729.20165660833,-11648.050040210746,285518.92078074435,273870.8707405336
DEHHALKAJ000110C,1499.03515625,"(1949, 1957)",-85193.23328259743,574.8879321014651,6941.098356400835,24391.046494749142,1852.6506434579092,932.9770277355929,-4047.394921875,,,,,46117.36533943649,,1289.6193345856743,5067.498009858349,89894.47738779213,22.4968111324273,-47134.23226209928,165520.73612687274,118386.50386477346
DEHHALKAJ00010uC,1841.9482421875,"(1969, 1978)",-17039.249213553656,117.05531124282659,1333.7112113148978,481396.6118269716,9214.61924503563,2329.4192686971155,-14846.326478911162,,,,,56666.91837172928,,4602.36120846246,18955.897038846455,27884.437546244724,10764.987923297895,-41263.44426318108,596968.9259503741,555705.481687193
DEHHALKAJ000112P,678.5439453125,"(1949, 1957)",-38410.72986897605,259.9720942418651,3109.1231536623454,11049.975116282354,836.2128964506622,417.1398748998479,-1832.0686523437498,,,,,20876.16789240975,,581.0789088434797,2285.226412126617,41105.35961801291,20.889040641679472,-21542.78651949051,75339.98110732355,53797.19458783304
DEHHALKAJ00010zl,1774.623046875,"(1949, 1957)",-100958.3921596001,680.7484067549706,8239.335583860957,29544.388425960733,2194.8680300779306,1107.9966976192213,-4791.4822265625,,,,,54595.69875658375,,1528.5134142049942,6007.470183422437,106622.7966953713,28.235013732641956,-55852.99609935634,196838.4849904105,140985.48889105418
DEHHALKAJ00010uLbt_0,1569.4658203125,"(1979, 1983)",,,,411982.52888234286,8502.334097796644,7921.029130928432,-3531.298095703125,,,,,48296.25599595456,,1411.0936594125706,7904.047381512473,-5601.645606010707,16848.879946756813,-20016.759364369816,493733.2253929906,473716.4660286208
DEHHALKAJ00010uLbt_1,512.3603515625,"(1979, 1983)",,,,143268.92151447007,2774.9289582243173,2584.5611559169574,-1152.810791015625,,,,,16290.687461291473,,460.5973146367377,2584.5474542303755,-1769.413369909218,5502.265767512468,-6892.303476917004,170544.28546535753,163651.98198844053
DEHHALKAJ000116sbt_1,1953.9296875,"(1979, 1983)",,,,514687.5508037994,10689.119542465307,10053.903501115425,-4396.341796875,,,,,60122.2376221713,,1765.8830500178065,9941.550819587284,-7263.915861626115,21077.260120782772,-24928.981165538004,616677.2478014381,591748.2666359001
DEHHALKAJ000115l,1479.5048828125,"(1949, 1957)",-84043.1317324999,567.3312375748899,6842.020470443492,23833.80662026656,1827.8814532212427,919.4571142966395,-3994.66318359375,,,,,45516.517578050545,,1272.1129370871313,4998.301238868707,88659.96584521014,21.86129498610107,-46505.483274188875,163055.24089839333,116549.75762420445
DEHHALKAJ000112T,1371.8896484375,"(1969, 1978)",-12690.893846973539,87.1832150929226,993.3528873943753,387160.3689113265,6744.584867409164,1706.4726285747515,-10794.33294383925,,,,,42205.75996395542,,3346.2432125901682,13775.208154298263,21155.38676381939,7885.022466231496,-30387.84180180822,473184.7140243659,442796.87222255766
DEHHALKAJ00010sN,676.6240234375,"(1984, 1994)",,,,164373.7000918466,3560.879549868562,3219.181895221431,-1522.404052734375,,,,,20816.344764448655,,600.6318964228453,3322.4573850007905,-2099.3824731313775,6166.054229575574,-8569.401638422674,198437.46328651873,189868.06164809605
DEHHALKAJ000112c,1052.1044921875,"(1969, 1978)",-9732.667960198443,66.86095514102257,761.8040097797697,271810.05833617353,5195.02967632855,1315.2257621283657,-8326.989803176544,,,,,32367.682144090275,,2581.3668389847285,10623.563530805788,15858.76571555643,6106.274810579127,-23269.322904741322,337530.9770114703,314261.65410672897
DEHHALKAJ00010zdbt_1,653.140625,"(1979, 1983)",,,,251394.28295012796,3640.3119654408083,3485.196451090746,-1469.56640625,,,,,21167.558538926372,,596.1801366372063,3432.3902346978384,-2105.6401223219636,7133.43685584164,-11522.649272126611,287274.1506041906,275751.501332064
DEHHALKAJ00010zdbt_2,406.7548828125,"(1979, 1983)",,,,113146.66356188188,2226.501655650036,2095.388639140695,-915.198486328125,,,,,13018.03618535402,,367.72431635250035,2074.1879388743405,-1476.8205951821883,4390.721543764601,-5433.140647317918,134927.2047595078,129494.06411218987
DEHHALKAJ00010zdbt_3,298.87109375,"(1979, 1983)",,,,85010.3024268378,1638.4246860667001,1544.1789069916706,-672.4599609375,,,,,9640.978426316367,,270.40826787703577,1527.4689964945276,-1080.0352481861341,3229.0861904659323,-4066.884612364888,101108.35269192641,97041.46807956153
DEHHALKAJ000115G,1403.6142578125,"(1969, 1978)",-12984.367633566637,89.19930541478611,1016.3239276380328,370006.62807811715,7041.846040114711,1781.2897484584164,-11356.08680587817,,,,,43181.72598309706,,3520.386909822233,14497.846335551592,21305.012901045644,8279.018392931066,-31571.50441826609,458257.66758325975,426686.1631649937
DEHHALKAJ00010uybt_0,259.579833984375,"(1979, 1983)",,,,91161.58610027371,1204.8807987947628,1081.0474153364494,-519.15966796875,,,,,8543.484041713691,,203.49901300804095,1135.6443938901455,-493.1626486979362,2442.3463330621084,-4216.14227777622,104760.16577941221,100544.023501636
DEHHALKAJ00010wabt_1,613.4130859375,"(1979, 1983)",,,,161681.04421931598,3159.0359754830943,2792.2879521961195,-1380.179443359375,,,,,19292.945618162692,,537.130192477716,2931.4372477074035,-1709.2542698531345,6426.976568715569,-7950.9359227252235,193731.42406084604,185780.48813812083
DEHHALKAJ00010xY,761.6005859375,"(1969, 1978)",-7045.313156881068,48.39951068535955,551.4569936028859,199697.75466315856,3802.1857650938787,962.1742951297339,-6120.03615465519,,,,,23430.662543242808,,1897.211207943109,7811.2625710359225,11538.039071003343,4474.823210994557,-17044.89531976757,247494.0771729467,230449.18185317915
DEHHALKAJ00010xEbt_1,415.5927734375,"(1979, 1983)",,,,128795.8660149698,2338.3466275301653,2258.3796842332295,-935.083740234375,,,,,13422.308287654854,,381.27980677726555,2187.8298859249153,-1606.9667768468034,4551.252535968882,-6049.345541798719,151393.21232597792,145343.8667841792
DEHHALKAJ00010xEbt_2,1365.3935546875,"(1979, 1983)",,,,413048.62221061985,7856.056005038929,7741.04046511506,-3072.135498046875,,,,,42074.218266161755,,1267.8867513620403,7347.980730514761,-5868.92401907143,15116.798881290559,-19232.517125427046,485511.54379298456,466279.02666755754
DEHHALKAJ00010qz,1463.5859375,"(1984, 1994)",,,,378751.394290959,7359.592748558343,6328.805264626617,-3293.068359375,,,,,45027.136727831254,,1269.1448687752863,6898.292646876047,-3055.371482451187,13025.908489043548,-21816.331567652564,452311.8351948439,430495.5036271913
DEHHALKAJ000113t,1581.9609375,"(1969, 1978)",-14634.193319220076,100.53318854016216,1145.4605454604311,412861.02273080277,7886.767592299079,1995.0312491463455,-12689.091109555598,,,,,48668.49922717101,,3933.6182439622357,16196.928566019556,23932.111816479683,9247.537318794963,-35331.42602360927,512032.4256351201,476700.9996115108
DEHHALKAJ000113Y,652.1806640625,"(1949, 1957)",-37140.02789925336,250.2398213998868,3036.0470418725517,11060.571879166999,807.2113273735438,408.46516036225324,-1760.88779296875,,,,,20064.792436103762,,562.3912674167975,2210.6511997998423,39228.79318148825,10.429428218592834,-20534.02079581133,72592.41808696128,52058.397291149944
DEHHALKAJ00010yu,7984.75830078125,"(1919, 1948)",-787886.2665423559,5412.578394633953,61670.131926512484,759143.5899880668,29948.097312805854,48869.30514942816,-22996.10390625,,,,,245648.35788463958,,9103.22921686668,50650.14992265151,765310.4741033509,22615.33977527936,-450224.90061861847,1908292.4394468388,1458067.5388282202
DEHHALKAJ00010qZ,79.50537109375,"(1949, 1957)",-350.9617672296536,0.5832244303155109,75.55968295529821,2183.072042668005,5.5220153031692085,11.92617913845828,,,,,,2446.3715363853535,,6.157372041618192,28.08410017726235,617.7202337431927,4.172997712202976,-153.9554232583841,5303.026477169263,5149.071053910879
DEHHALKAJ0001131bt_0,2458.0908203125,"(1979, 1983)",,,,625785.1145962921,13213.049185521302,12214.754793734735,-5530.704345703125,,,,,75630.59286059122,,2200.992938022865,12268.826297976342,-8600.655761615133,26283.249337637397,-30621.155376501596,753465.2199024578,722844.0645259562
DEHHALKAJ00010qj,602.71142578125,"(1969, 1978)",-7433.976664872042,51.069530198920276,581.878808058432,178894.01975799125,2726.999990556641,706.421477084851,-4315.41380859375,,,,,18542.86645964722,,1337.7782806640628,5491.995879333549,11256.385108857441,3416.6001883785093,-13489.704906962354,218057.6533339198,204567.94842695745
DEHHALKAJ000111hbt_0,1329.779296875,"(1979, 1983)",,,,338281.0045161389,7105.397203950264,6529.093279154578,-2992.0034179687495,,,,,40921.524829156726,,1186.9581953233528,6595.971440362917,-4530.880311209718,14177.493365772625,-16581.140585487617,407274.5591006809,390693.41851519333
DEHHALKAJ000111hbt_1,523.29296875,"(1979, 1983)",,,,134076.4030391461,2708.558037230037,2407.290628202766,-1177.4091796875,,,,,16514.541759126343,,459.41288965161465,2511.7558546432188,-1522.8049911299795,5494.808975744039,-6617.645179864532,161472.5570129266,154854.91183306207
DEHHALKAJ000115x,903.091796875,"(1949, 1957)",-51453.71225447132,346.5551279258018,4209.462748800731,15464.554764589213,1118.1591681500763,566.4598039719256,-2438.3478515624997,,,,,27783.99001772683,,779.1955021005144,3063.118314439892,54360.46127796864,14.654522012329275,-28443.10258891509,100712.24551939692,72269.14293048183
DEHHALKAJ000114Jbt_0,1505.09765625,"(1979, 1983)",,,,332091.382360875,7587.20275658167,6048.248989495985,-3612.234375,,,,,46308.41441094803,,1346.0969291598683,6964.949131807699,-3093.0469425949314,16136.88353849707,-17519.09624290589,409777.8967997705,392258.8005568646
DEHHALKAJ000114Jbt_1,565.7666015625,"(1979, 1983)",,,,178812.53865253192,2805.5930445550366,2187.592784723201,-1357.83984375,,,,,18000.00805839017,,501.9258956889954,2603.5351440508703,-675.8989328518915,6036.617080027401,-8811.810346552305,208914.07188336574,200102.26153681343
DEHHALKAJ000114Jbt_3,5.0,"(1979, 1983)",,,,4931.683930127434,24.064566865399907,17.981865634221997,-12.0,,,,,190.3985517906086,,4.371783942406704,24.179162573130526,18.003834130173036,53.613553527548405,-214.78323811568822,5252.297248590923,5037.5140104752345
DEHHALKAJ00010t3,414.017578125,"(1979, 1983)",,,,120313.09255720353,2225.563692621075,2286.541074765631,-828.03515625,,,,,12737.72687782415,,351.2153465109221,2090.2389489812736,-1831.493425658471,4181.688301673481,-5516.741464688641,141526.5382176716,136009.79675298295
DEHHALKAJ000112ebt_1,815.400390625,"(1979, 1983)",,,,202307.56094782165,4219.28265793028,3748.806968777853,-1834.65087890625,,,,,25264.060484818776,,715.754835551097,3908.9697679723668,-2412.4362201188646,8558.975199047029,-10043.222050164768,244476.32376289394,234433.10171272917
DEHHALKAJ00010xe,482.2607421875,"(1949, 1957)",-27299.61297649607,184.76966154252548,2209.7434513942917,7977.641332081718,594.32061085348,296.4733339010985,-1302.1040039062498,,,,,14837.523466877636,,412.9895311633794,1624.6422768516609,29303.283172586758,16.47017781617556,-15346.638377437586,53761.23989822566,38414.60152078808
DEHHALKAJ00010tF,1766.76953125,"(1949, 1957)",-100292.27253405194,677.3713001131991,8155.651922140768,28050.57905753824,2181.7037683458207,1095.6400695602701,-4770.277734375,,,,,54354.07807487659,,1517.9010105765688,5963.337967794265,105765.78655772744,25.518428836524198,-55509.96343138095,194184.26720088068,138674.30376949973
DEHHALKAJ00010wg,700.6640625,"(1979, 1983)",,,,192187.3455768366,3653.4682938733677,3660.5535371490764,-1401.328125,,,,,21556.232486567966,,584.4737231736123,3422.1027595972505,-2846.3672785232075,6964.451873605822,-8940.392337118676,227780.93284728043,218840.54051016175
DEHHALKAJ00010yg,2747.956298828125,"(1949, 1957)",-176044.41101004358,1200.355456638917,14016.947507360543,39104.28899854164,3842.99906913461,1871.7720305935882,-8479.4080078125,,,,,84539.94602595965,,2659.0190811991165,10433.372249538405,186300.5687171866,59.59856275427079,-98585.97186231638,320332.1567270954,221746.18486477906
DEHHALKAJ0001154bt_0,158.73974609375,"(1979, 1983)",,,,62561.69248280335,686.3100119362686,743.257295612731,-238.109619140625,,,,,5377.422461239568,,105.05796334136511,661.3773382951229,-478.64276739606737,1255.3321321673184,-2696.6079803679663,70673.69729885901,67977.08931849105
DEHHALKAJ000113a,675.1015625,"(1949, 1957)",-38215.86491257938,258.65320623891387,3093.3499790875076,10943.102313654037,831.9706289863097,415.0236447784483,-1822.7742187499998,,,,,20770.220754003858,,578.1309847446391,2273.4422262869166,40860.580705768436,20.118239172451435,-21418.936462351754,74869.8152786451,53450.87881629334
DEHHALKAJ000114L,911.2431640625,"(1949, 1957)",-51955.600964509795,349.7454151235113,4255.523397252143,15969.54361552201,1128.8412053846116,572.84578976382,-2460.3565429687496,,,,,28034.944442170792,,786.8858528337188,3094.2611309512113,55011.47511998293,16.964096081846968,-28754.192796295523,102155.4047097222,73401.21191342668
DEHHALKAJ000110dbt_0,1138.5234375,"(1979, 1983)",,,,294409.3951726793,6081.332530212562,5586.104406315588,-2561.677734375,,,,,35050.24501057672,,1016.0569184261454,5647.925268025724,-3841.8609077472756,12137.73858246898,-14392.359259780525,353525.25924658275,339132.89998680225
DEHHALKAJ000110dbt_2,535.2509765625,"(1979, 1983)",,,,140230.06645365315,2858.867130550533,2625.933321472825,-1204.314697265625,,,,,16891.960331544833,,477.66441666357434,2656.133183072801,-1793.90468250382,5706.68033726407,-6840.435316246383,168449.08579445232,161608.65047820593
DEHHALKAJ0001133,689.73828125,"(1949, 1957)",-39207.67533579931,264.53231148150087,3195.5652044073627,11273.164316303233,852.5771331496875,429.56952295814017,-1862.293359375,,,,,21220.186219972933,,593.5296078031713,2332.3318043758427,41375.68547407567,10.423220880637814,-21690.55306631227,76225.17394014432,54534.62087383205
DEHHALKAJ00010vG,1154.033203125,"(1969, 1978)",-10675.576489277266,73.33849707737988,835.608181590142,299854.0609733729,5729.656061414225,1449.873273606255,-9203.705447331813,,,,,35503.45570778189,,2853.148688672862,11745.515538886895,17430.856292159966,6724.774185014745,-25665.92115152347,372087.6352735779,346421.7141220544
DEHHALKAJ00010uo,800.193359375,"(1969, 1978)",-7402.322039857507,50.852070970704744,579.4011092031167,214818.81200394843,4035.029556039598,1022.3409372862404,-6517.17138066804,,,,,24617.975032207556,,2020.3231280070925,8317.299457262849,12213.782065274841,4815.389813993829,-18140.543938166236,265343.7806133524,247203.2366751862
DEHHALKAJ00010tH,2882.0947265625,"(1949, 1957)",-159967.7857765828,1098.9380293827196,12521.140260671878,29194.441572809028,3501.745092773437,1663.7069678595853,-7781.655761718749,,,,,88666.68306619965,,2412.313286132812,9459.590975427258,170453.71553793742,77.65367248126364,-90692.82530559291,297648.1944099017,206955.36910430877
DEHHALKAJ00010zJbt_0,849.7275390625,"(1979, 1983)",,,,229715.27784536625,4637.269638788617,4351.473169842554,-1911.886962890625,,,,,26444.69909525725,,766.96488263776,4315.859884761175,-3087.9713562038137,9156.962867407612,-11087.750712487154,274388.64906496677,263300.8983524796
DEHHALKAJ000111Bbt_0,4.0,"(1979, 1983)",,,,9458.428190118659,19.032918371862124,15.308442118411403,-9.0,,,,,194.0596513482845,,3.365170358569298,22.30457880202453,48.21459386994772,42.82792844965972,-395.0010862110295,9794.541473437419,9399.540387226389
DEHHALKAJ000111Bbt_1,1886.8251953125,"(1979, 1983)",,,,471130.25991916575,9914.610805205952,8954.610665956057,-4245.356689453125,,,,,58056.005879097764,,1669.5101462658738,9192.81510465667,-6001.532182913995,19952.330332508198,-23268.967940484283,568623.2539804891,545354.2860400048
DEHHALKAJ000111Bbt_2,852.2236328125,"(1979, 1983)",,,,210336.47287891462,4401.324708548167,3902.371581451284,-1917.5031738281248,,,,,26350.34910399182,,747.332772332547,4076.683001948356,-2503.9494461002296,8936.96465014771,-10456.90172689507,254330.04607740615,243873.14435051108
DEHHALKAJ00010zw,1310.623046875,"(1949, 1957)",-74396.35292046191,502.4829317363815,6049.510592518642,20842.929572541005,1618.392114654412,812.6866205212311,-3538.6822265625,,,,,40321.43171995709,,1125.9664201577625,4423.7130950733645,78489.9467210939,19.544565964777163,-41191.37887819738,144115.92860340106,102924.54972520369
DEHHALKAJ00010zSbt_1,2804.33203125,"(1979, 1983)",,,,690931.9238695867,14545.254657579953,12956.33830061161,-6309.7470703125,,,,,86282.19975541279,,2464.6346471599127,13474.088449476107,-8427.857790896585,29467.797040480953,-34322.4015809486,835384.6318590989,801062.2302781503
DEHHALKAJ00010zSbt_3,4.0,"(1979, 1983)",,,,7844.0334498751945,18.767128888382878,14.816534375302357,-9.0,,,,,186.60623886412603,,3.341862687230635,21.145492283076205,38.45567487613,42.103999697122696,-329.43045782629656,8160.270381546566,7830.839923720269
DEHHALKAJ00010t5,894.6357421875,"(1949, 1957)",-50942.58846570785,343.261420265436,4163.731052634107,15144.795427749488,1107.2277140738122,560.1587868865952,-2415.51650390625,,,,,27523.787690834128,,771.3848030327072,3032.117515862418,53805.19910223037,14.267124448988994,-28166.067592944455,99543.42166121225,71377.3540682678
DEHHALKAJ000110x,2385.73046875,"(1949, 1957)",-135050.4255595982,914.0503729230435,10931.539349853367,37404.28936506957,2940.0875200577557,1466.6453310121333,-6441.472265625,,,,,73396.19853888171,,2043.0477158519789,8029.321952741291,143492.58810672353,54.51397767590392,-75328.90474915237,262385.2202423889,187056.31549323653
DEHHALKAJ00010zW,436.3486328125,"(1979, 1983)",,,,134355.26009736359,2056.5004453142687,1633.4087120190707,-981.7844238281249,,,,,13424.678422752379,,365.36525393124646,1912.2365805577838,-536.6551377487555,4393.206185669825,-6560.4757975433295,156622.2161360313,150061.74033848796
DEHHALKAJ000111S,790.3623046875,"(1984, 1994)",,,,188143.4234829557,4108.31368356294,3665.6724885522067,-1778.315185546875,,,,,24315.35016390373,,697.1117406452867,3827.3109664631493,-2354.440177181144,7151.077010099269,-9725.869862841388,227775.50417345425,218049.63431061286
DEHHALKAJ000111Jbt_0,528.65234375,"(1979, 1983)",,,,132883.66980091942,2756.7946648164675,2469.879075060789,-1189.4677734375,,,,,16610.576702958027,,465.9154179172491,2555.8088754843807,-1614.5892026054803,5570.142989225685,-6568.3700483253015,160508.73055033907,153940.36050201376
DEHHALKAJ000111Ubt_1,631.990234375,"(1979, 1983)",,,,175978.61506456695,2938.766512446986,2292.127713041901,-1421.97802734375,,,,,19901.419898893106,,525.6915941783552,2720.8329291075097,-783.285757258436,6319.123176896166,-8768.342285019318,208471.31310452876,199702.97081950944
DEHHALKAJ00018J5,1568.9208984375,"(1949, 1957)",-89136.26101297862,601.6417550980743,7258.512079265224,25620.18045029243,1938.5702011874616,975.4968557223558,-4236.08642578125,,,,,48267.433680024784,,1349.2381049247801,5302.465179455412,94227.90530932904,26.745416257335716,-49396.606316728765,173471.94877141234,124075.34245468357
DEHHALKAJ00018Cs,1703.0869140625,"(1969, 1978)",-31509.378707177555,216.46142300113306,2466.3300076567834,527600.6421855513,8465.833441255614,2184.675994327672,-13014.777311401365,,,,,52394.9850939888,,4034.580966534424,16635.299867937494,43098.10607254994,8798.68302659592,-44049.712013212134,650198.0293373399,606148.3173241278
DEHHALKAJ000187x,1445.013671875,"(1949, 1957)",-82120.5222378421,554.1661528084005,6690.407432746133,23496.7905307748,1785.8454668623249,899.2678855055107,-3901.5369140625,,,,,44455.52129873788,,1243.0997668780037,4884.6756822919615,86650.8690162928,21.664256133982388,-45434.697906781425,159536.19698941478,114101.49908263335
DEHHALKAPE0001Oe,2582.578125,"(2010, 2015)",-17827.09856466011,112.57224578646408,1655.7242229940853,674538.1480668003,14379.019704004915,11202.649924288928,-7575.5625,,,,,79452.13615534903,,2708.0442349880395,13692.231564998976,15608.158647380164,62889.95772090928,-61986.895205268214,866894.7835187197,804907.8883134515
DEHHALKAPE0001O7,2515.681640625,"(2010, 2015)",-17572.213876688198,110.00009670106688,1657.3781172070107,566359.2774691716,13883.973821655016,10667.229439620876,-7379.3328125,,,,,77394.08748007462,,2640.7925958933215,13148.567043944486,14506.474080647396,51338.84686694039,-50641.682509769395,742559.9159854477,691918.2334756784
DEHHALKAPE0001OZ,2381.560546875,"(2010, 2015)",-16439.508333110527,103.81007127835032,1526.84925494286,630053.2045583888,13299.38616864093,10405.300114507441,-6985.9109375,,,,,73267.89930905873,,2499.760325934262,12670.221800034727,14378.960332325574,58731.66781265222,-57898.870563556164,808320.4894840426,750421.6189204864
DEHHALKAPE0001Oibt_0,1602.5595703125,"(1979, 1983)",,,,328111.65923980705,8089.728554273539,6106.0268850406965,-4006.39892578125,,,,,49305.12267129804,,1464.4484088111253,7388.723126973331,-2749.0668256917925,17571.753905427828,-17992.851634577095,411281.99704015855,393289.14540558145
DEHHALKAPE0001Oibt_1,748.99365234375,"(1979, 1983)",,,,229385.00710453573,3782.106367664281,2855.983262242835,-1872.484130859375,,,,,23539.436737380922,,684.5478921512104,3496.9528308629574,-792.3382786293483,8235.714595573021,-11504.56268482833,269314.9263809222,257810.36369609387
DEHHALKAbr0000Mgbt_1,1207.75146484375,"(1979, 1983)",,,,321877.3801960271,5872.547937649393,4454.097046954599,-2898.603515625,,,,,37194.20521944971,,1061.24484315529,5411.9201003182025,-1494.9319606260306,12756.512647791027,-16445.86505199773,384234.3725150943,367788.5074630966
DEHHALKAbr0000Mgbt_2,677.674560546875,"(1979, 1983)",,,,197666.72194173347,3287.2043450582332,2484.5780547771506,-1626.4189453125,,,,,21314.674676194853,,594.7756229536757,3038.5671988746276,-704.6027250937528,7155.031824166211,-9927.330504173158,233210.531993352,223283.20148917884
DEHHALKAbr0000MWbt_1,1306.641845703125,"(1979, 1983)",,,,341191.09363522,6298.136752076465,4716.536648957033,-3135.9404296875,,,,,40213.98764896883,,1143.293961174929,5797.8313951511345,-1502.9957759975189,13745.59701333025,-17539.63476584843,408467.54084919364,390927.9060833452
DEHHALKAbr0000MWbt_4,473.2568359375,"(1979, 1983)",,,,150061.7916502891,2275.950573264617,1698.6887106963347,-1135.81640625,,,,,15114.595299570448,,413.6380440594233,2109.739865016396,-356.5692066772622,4981.2105276544335,-7434.305418295178,175163.22905762348,167728.9236393283
DEHHALKA10001o2abt_1,186.56201171875,"(1979, 1983)",,,,56787.62460560572,708.3572345956628,691.7069609232406,-279.843017578125,,,,,6144.763545425746,,114.85636969693621,673.2076384274222,-386.75540963297647,1375.603188267777,-2547.93705676889,65829.5211157314,63281.584058962515
DEHHALKA100050O4bt_0,131.423828125,"(1979, 1983)",,,,48551.68643778842,708.4912086032726,874.9822352560456,-197.1357421875,,,,,4470.387361645448,,99.2811842019727,679.6590841346496,-840.1553193999252,1173.299793723621,-1915.5421827444932,55520.496243766,53604.954061021504
DEHHALKA100050O3bt_1,129.41162109375,"(1979, 1983)",,,,50786.50028636886,709.4532183491137,883.4420467731528,-194.117431640625,,,,,4445.777725807507,,98.796717060294,682.2733455137616,-842.497112102152,1167.59193963845,-1997.8840914495615,57737.22073576836,55739.3366443188
DEHHALKA100050O2bt_1,131.869140625,"(1979, 1983)",,,,46998.838820368816,722.1365903667572,898.7581319840781,-197.8037109375,,,,,4490.685342209331,,100.60366284894346,693.2066811150283,-870.9495753310096,1188.2381774025134,-1944.4124115575717,54023.714120026954,52079.301708469386
DEHHALKA100050O2bt_2,2.0,"(1979, 1983)",,,,5791.392055557024,8.280962329092684,8.687064893106172,-3.0,,,,,106.36771214368594,,1.2915531456436522,10.777796403389784,27.664197519557288,16.910417236724417,-237.9146914842851,5968.371759228223,5730.457067743938
DEHHALKA1b4000CPbt_0,1713.072509765625,"(1979, 1983)",,,,490798.8931967087,8795.691694078414,7180.277503096581,-4111.3740234375,,,,,52717.00126043888,,1546.1393941580263,8144.819628345029,-3248.9316834863666,18553.98173418338,-24435.35664183,580376.4987040852,555941.1420622553
DEHHALKA1b4000CPbt_1,1990.797119140625,"(1979, 1983)",,,,567361.8224316939,10221.65587597698,8344.349516034568,-4777.9130859375,,,,,61259.50059034648,,1796.8006807258585,9463.583055400282,-3795.2559552899183,21561.097482322584,-28274.448964251787,671435.6405912733,643161.1916270215
DEHHALKA3zZ0002pbt_1,1350.97705078125,"(1979, 1983)",,,,345791.1578913416,6523.540781485615,4599.26829800853,-3377.442626953125,,,,,41572.938846432706,,1208.5734151581632,5981.87125632314,-1007.0621655503783,14547.080173859926,-18167.0939097265,415839.9258701062,397672.8319603797
DEHHALKA3zZ0002pbt_2,1268.55322265625,"(1979, 1983)",,,,325452.212040246,6123.849195280629,4315.542486894142,-3171.383056640625,,,,,39039.287137248306,,1134.68978098979,5615.711418656356,-935.784012619795,13658.14478745195,-17090.60664301365,391232.2697775067,374141.66313449305
DEHHALKA3zZ0002pbt_4,797.26171875,"(1979, 1983)",,,,220188.57156251546,3849.9824149073193,2714.5668890725465,-1993.154296875,,,,,24820.04590188339,,713.2414778093332,3539.3330968699925,-489.71039915065853,8589.630136527829,-11377.494453855441,261932.50678356018,250555.01232970474
DEHHALKA3zZ0002pbt_6,1539.37646484375,"(1979, 1983)",,,,417726.96239441773,7421.249595241351,5218.397968260124,-3848.441162109375,,,,,47370.86846233017,,1376.0594321639032,6817.733393289033,-957.9450455312408,16570.975637262898,-21673.508809334548,497695.8606753245,476022.35186599
DEHHALKA3zZ0002pbt_7,3402.38232421875,"(1979, 1983)",,,,809750.7332036683,16403.547097808776,11535.451067181133,-8505.955810546875,,,,,104675.48665419788,,3041.4878445334316,15006.119845593304,-2860.1996809641705,36593.70388567747,-43280.638945884035,985640.3741071494,942359.7351612654
DEHHALKA3zZ0002pbt_10,1758.7646484375,"(1979, 1983)",,,,538125.962797543,8485.193445730783,5973.74405670543,-4396.91162109375,,,,,54134.8952886951,,1572.7232541364037,7829.478087622286,-715.7057378198356,18956.315639866967,-27236.7861228448,629965.6952113865,602728.9090885418
DEHHALKAJ00010BSbt_0,1329.8388671875,"(1979, 1983)",,,,324240.55700415437,7015.666766649826,5921.298126464795,-3191.61328125,,,,,40920.72114506732,,1216.707817393813,6470.722612784953,-3450.9550254627284,14567.584056588174,-16453.421245519716,393710.6892223905,377257.26797687076
DEHHALKAJ00010d0bt_0,598.486328125,"(1979, 1983)",,,,190838.5021175992,2996.916228153694,2367.9052935979885,-1436.3671875,,,,,19024.92048837324,,533.5026395182008,2783.075232834917,-788.3150493384599,6414.299259573378,-9372.18596486712,222734.43902281212,213362.253057945
DEHHALKAJ00010d0bt_2,1112.301025390625,"(1979, 1983)",,,,320251.9068631309,5569.728905611658,4400.602799889323,-2669.5224609375,,,,,34418.26481652604,,991.5175719431927,5153.052579473119,-1689.3233283956083,11911.058066828879,-16016.76743089425,378337.28581407,362320.5183831758
DEHHALKAJ00010d0bt_4,819.23095703125,"(1979, 1983)",,,,247228.804928686,4101.1495944198,3239.1622552417557,-1966.1542968749998,,,,,25681.69879757328,,730.1784926077269,3800.6486744793838,-1167.0611243075489,8774.982201437057,-12259.738867856588,290423.40952326247,278163.6706554059
DEHHALKAJ00010d0bt_6,1029.189453125,"(1979, 1983)",,,,289966.6224395388,5072.877941809597,3922.4727167692945,-2470.0546875,,,,,31884.64101814172,,910.3560994496836,4686.667200486178,-1370.5371243157945,10941.280343670409,-14610.687883297389,343544.3259480499,328933.6380647525
DEHHALKAJ00010iS,2019.51904296875,"(1949, 1957)",-121142.03993425358,823.9974100365461,9698.340881361954,27400.287840043216,2642.1232170378116,1297.1176301530131,-5816.21484375,,,,,62129.818898595695,,1830.7096517857158,7180.709002304357,127157.94837703425,21.388981880810586,-67264.86689332027,223843.88875508486,156579.0218617646
DEHHALKAJ00010OEbt_0,2138.53515625,"(1979, 1983)",,,,561091.7537322603,10560.894919283175,8187.5437997161025,-5132.484375,,,,,65800.3242282203,,1893.3714732644157,9734.511419317352,-3176.162061054429,22742.07992480252,-28660.29011852497,671701.8330608098,643041.5429422848
DEHHALKAJ00010dobt_0,293.857421875,"(1979, 1983)",,,,115709.59611282211,1408.5660657552023,1046.189811225079,-705.2578125,,,,,9661.699328541401,,256.43250561585523,1318.1277280087052,-61.00477256460289,3095.0094839830126,-5536.448274052707,131729.3584508868,126192.91017683409
DEHHALKAJ00010dobt_1,1736.378173828125,"(1979, 1983)",,,,446222.6656811944,8350.803437824477,6233.1257298722285,-4167.3076171875,,,,,53428.676869861316,,1517.6673443911782,7682.60756908964,-1989.9015170884477,18246.186648661875,-23027.242677546572,535524.5241466191,512497.28146907256
DEHHALKAJ00010dobt_3,1949.3994140625,"(1979, 1983)",,,,495751.0161833706,9371.791818000544,6991.337297749961,-4678.55859375,,,,,59981.04534319473,,1703.5499575313577,8618.829685843451,-2257.8883474533695,20479.763896303382,-25642.06870676731,595960.8872407906,570318.8185340234
DEHHALKAJ00010iU,843.173828125,"(1958, 1968)",-54599.440207363936,375.0842767223172,4273.655759325066,34160.1778281859,1317.3317871972656,594.6960098179248,-2613.8388671875,,,,,25940.28302208602,,810.290048828125,3174.349254540481,57363.194744188164,399.62537002138004,-30601.9303459097,121146.10919767777,90544.17885176807
DEHHALKAJ00010kQ,1875.9150390625,"(1979, 1983)",,,,479681.4107524338,9985.43931037995,9140.019195389188,-4220.808837890625,,,,,57711.89405284851,,1671.0949909036415,9269.538674552765,-6265.019190350184,19964.029649279262,-23514.897870774526,576937.5985975465,553422.700726772
DEHHALKAJ00010hjbt_0,2279.134521484375,"(1979, 1983)",,,,465794.51254264516,10929.271194702971,8122.577691611527,-5469.9228515625,,,,,70120.24577704558,,1989.2685410852812,9986.293955254667,-3301.698824601397,23884.13120466686,-25362.279426712696,582054.6792308483,556692.3998041357
DEHHALKAJ00010hjbt_2,1692.25341796875,"(1979, 1983)",,,,346709.07812616986,8123.909883126201,6047.554751904093,-4061.408203125,,,,,52064.97912337183,,1477.8128413784484,7423.910485617978,-2471.8587356703606,17742.8153436648,-18860.874159274535,433056.7936164379,414195.9194571633
DEHHALKAJ00010mabt_1,385.5048828125,"(1979, 1983)",,,,106123.73929648525,2025.5980924061075,1829.374810629356,-867.385986328125,,,,,12343.06841495385,,341.0959377711516,1883.645369210447,-1161.5728010303983,4079.3031386421217,-5155.919990900515,126596.86627273975,121440.94628183923
DEHHALKAJ00010mabt_2,1800.1064453125,"(1979, 1983)",,,,453284.1779260442,9467.012787537627,8558.007432977434,-4050.2395019531245,,,,,55388.91621788133,,1593.4876814970883,8780.230978736858,-5724.302515136808,19044.22471917465,-22349.582412174146,546341.5157267593,523991.9333145852
DEHHALKAJ00010FRbt_1,276.05224609375,"(1979, 1983)",,,,86907.36988468008,1437.0268935166532,1743.2299159810593,-414.078369140625,,,,,9155.574093014375,,204.05289969075227,1372.7174178154683,-1681.4857371746534,2411.9684101940834,-3648.8138745157,101136.37540857721,97487.5615340615
DEHHALKAJ00010cH,3263.802978515625,"(1958, 1968)",-228120.00372194106,1567.1264444648348,17855.611046943326,68721.01937934905,5203.733489411134,2418.695815427497,-11024.401171875,,,,,100409.78349378107,,3417.56436328125,13379.156415895504,238429.30353602138,692.7449015170095,-127422.09665804317,421647.60022280883,294225.5035647657
DEHHALKAJ00010F3,630.4287109375,"(1979, 1983)",,,,159703.51869039523,3357.953677705314,3075.710029501289,-1418.464599609375,,,,,19395.24508604932,,561.7889124004164,3116.446997489472,-2121.6211177261757,6710.896139878833,-7840.081776538993,192381.47381608433,184541.39203954535
DEHHALKAJ00010GS,1089.8603515625,"(1984, 1994)",,,,333495.7597042621,6014.700277351336,5701.73806244363,-2452.185791015625,,,,,33529.727336528405,,991.9301190931076,5694.71744655617,-3328.088674615451,10236.946280436738,-19022.232737475195,389885.24476104043,370863.01202356524
DEHHALKAJ00010cWbt_1,794.0029296875,"(1979, 1983)",,,,194846.95408954954,4105.691084286718,3645.119330216584,-1786.506591796875,,,,,24588.080415414992,,696.7205113753773,3802.420708409117,-2354.83804744063,8330.977691083815,-9693.820201535376,235874.61919109864,226180.79898956325
DEHHALKAJ00010oBbt_0,4.0,"(1979, 1983)",,,,7618.801098789372,19.543553326989233,16.253495643634032,-9.0,,,,,184.05648224787427,,3.409949074236823,21.768190595704993,34.73450930645375,42.7888876588988,-319.78328868121577,7932.356166643164,7612.5728779619485
DEHHALKAJ00010oBbt_1,1232.595703125,"(1979, 1983)",,,,334531.8837536808,6817.073539696185,6479.371740681745,-2773.34033203125,,,,,37946.65048956271,,1120.465415593829,6348.345671023855,-4732.864946983927,13370.551208293124,-16081.634011707389,399108.1365395171,383026.5025278097
DEHHALKAJ00010g4,309.11474609375,"(1949, 1957)",-12517.883822534106,80.37105607250233,1127.7673370148032,8160.255193668917,267.37268358759167,155.65253954678576,-556.40654296875,,,,,9511.078886056332,,191.43058745662626,760.3721254670259,13629.10450125964,9.966679527958041,-6773.926000812591,32128.82665360213,25354.90065278954
DEHHALKAJ00010e6,2335.155029296875,"(1949, 1957)",-140312.7631889046,953.176181357501,11265.169026563703,35327.958198929235,3058.798378808584,1507.905007043441,-6725.246484375,,,,,71840.2649547887,,2120.9960879841346,8330.123939105997,148997.12467736827,55.9464340340581,-78503.72579368053,264513.8711936874,186010.14540000685
DEHHALKAJ00010eLbt_1,251.5595703125,"(1979, 1983)",,,,85280.14935771083,1276.1587715366186,1526.8062514207236,-377.33935546874994,,,,,8459.089491120598,,183.02221669208947,1222.150753723746,-1395.8283635197768,2167.4921274415615,-3593.252876499795,98341.70125065766,94748.44837415786
DEHHALKAJ00010IHbt_1,156.59814453125,"(1979, 1983)",,,,65482.77280289369,784.4953431995023,1451.8984299202236,,,,,,5586.743999585972,,68.79414259230285,793.0546159646842,-1848.3908520407924,776.810100485271,-2184.995124520933,73096.17858260087,70911.18345807993
DEHHALKAJ00010IHbt_3,1.0,"(1979, 1983)",,,,4228.658123962851,3.1505777797783705,5.83090641831698,,,,,,64.46931808908597,,0.27628117733147006,5.402642457195926,18.442818316760913,4.267274763029485,-170.24640529289462,4330.497942964351,4160.251537671456
DEHHALKAJ00010hfbt_0,349.47265625,"(1979, 1983)",,,,96726.61799943136,1895.086526888039,1767.241246578304,-786.3134765625,,,,,11229.90464306826,,314.37224052005587,1764.5899484709785,-1220.2005889906031,3754.9908346979773,-4659.179935164218,115446.28937410188,110787.10943893767
DEHHALKAJ00010hfbt_1,1898.00390625,"(1979, 1983)",,,,488289.3124620491,10287.579689912782,9589.219404272919,-4270.5087890625,,,,,58400.66182759548,,1706.9567584563724,9558.3029677638,-6854.824492240077,20378.258183157417,-23799.067148844617,587084.9580119054,563285.8908630608
DEHHALKAJ00010hfbt_2,343.4482421875,"(1979, 1983)",,,,94852.8282127055,1861.561585426464,1735.19165977628,-772.7585449218749,,,,,11038.017826755216,,308.87781434560156,1733.2298121298986,-1198.0281675718074,3689.3731329470693,-4570.985220410084,113248.29333159233,108677.30811118224
DEHHALKAJ00010Nkbt_0,1238.1494140625,"(1979, 1983)",,,,253176.7347232968,5935.890723271103,4409.882028955585,-2971.55859375,,,,,38095.01229376513,,1080.5485572095756,5423.7411393475795,-1788.5032617781203,12973.761386624017,-13784.444928906447,316335.5089969417,302551.0640680352
DEHHALKAJ00010nL,362.155517578125,"(1979, 1983)",,,,95840.51452079075,1844.3803002303991,1810.6056025882044,-724.31103515625,,,,,11142.077390910694,,298.2407778797932,1724.4121140995685,-1366.3789868176802,3556.226177802506,-4505.7012094349275,114125.76686232799,109620.06565289306
DEHHALKAJ00010m4,648.736328125,"(1958, 1968)",-42008.704701582225,288.5891239762056,3288.1425543533173,62120.80044886145,1013.5525535097656,457.55797071855363,-2011.0826171875,,,,,19958.97639494181,,623.435611328125,2445.5757991050414,44750.44101066953,320.3062172148754,-23792.120155325672,129679.56338916165,105887.44323383598
DEHHALKAJ00010FLbt_0,2049.407958984375,"(1979, 1983)",,,,518826.71257729316,9923.101743841155,7480.5155656736315,-4918.5791015625,,,,,63057.35237741316,,1797.1295871217126,9127.670400677993,-2593.6377976855274,21597.861350174062,-26818.314649870645,624298.1267029467,597479.8120530761
DEHHALKAJ00010cMbt_0,2602.054443359375,"(1979, 1983)",,,,534636.4917886752,12540.330889060313,9389.177472944202,-6244.9306640625,,,,,80054.73561819748,,2276.603181909578,11463.101969329051,-3932.349653787331,27329.404605825403,-29033.24333307638,667512.5652080914,638479.321875015
DEHHALKAJ00010cMbt_1,1469.501953125,"(1979, 1983)",,,,309120.9707550683,7078.154821577296,5295.184522353688,-3526.8046875,,,,,45212.647718989465,,1285.3573856641303,6473.95372526845,-2162.428814858599,15432.451055450449,-16691.48247171224,384209.48648201313,367518.0040103009
DEHHALKAJ00010mCbt_1,444.7900390625,"(1979, 1983)",,,,137306.64189741254,2551.8106320261504,2508.0690640357616,-1000.777587890625,,,,,14351.674079299653,,412.37954007395643,2388.659458217743,-1866.0351894026753,4918.357699504245,-6422.27068944709,161570.7795932767,155148.5089038296
DEHHALKAJ00010mCbt_2,996.7177734375,"(1979, 1983)",,,,281944.8106857411,5727.850140094406,5637.970618159278,-2242.614990234375,,,,,30924.422472037728,,924.9290015023973,5347.511532714925,-4377.200311667946,11023.206569256015,-13337.482362606852,334910.88571760355,321573.4033549967
DEHHALKAJ00010mCbt_3,827.095703125,"(1979, 1983)",,,,233593.55838628486,4750.503144425656,4673.726349058717,-1860.96533203125,,,,,25837.01690140105,,767.2979389332611,4434.776262264686,-3627.2198410463784,9144.67295359069,-11054.22920318048,277713.3667628813,266659.1375597008
DEHHALKAJ00010mCbt_5,955.916015625,"(1979, 1983)",,,,269340.8119900329,5419.607376633915,5270.650658189693,-2150.81103515625,,,,,29703.26493090086,,880.5972220368003,5056.882825985163,-3990.975930892591,10500.389508998498,-12793.500209259159,320030.417546729,307236.9173374698
DEHHALKAJ00010mCbt_6,404.677734375,"(1979, 1983)",,,,125847.32660653479,2324.3052072015776,2286.740195698949,-910.52490234375,,,,,13130.340604031357,,375.4201482911001,2176.2899462231326,-1699.3382176746375,4477.609126770398,-5879.080669341579,148008.16871473292,142129.08804539134
DEHHALKAJ00010mCbt_7,1208.5849609375,"(1979, 1983)",,,,345657.31050429615,6938.6097155151,6823.856793275115,-2719.316162109375,,,,,37282.7060341048,,1120.9418499729677,6479.781375602153,-5263.311741155819,13360.89720924743,-16330.671485020313,409681.4755787486,393350.8040937283
DEHHALKAJ00010mCbt_8,772.966796875,"(1979, 1983)",,,,219600.79347392143,4384.392461631951,4265.665602127053,-1739.17529296875,,,,,24243.687053916605,,712.2404441397065,4092.0271739709624,-3221.234143283655,8493.237075098712,-10417.379843363758,260831.633848554,250414.25400519022
DEHHALKAJ00010H1,548.575927734375,"(1958, 1968)",-33831.28700772295,232.41234286803956,2648.0724713810205,53818.19709698264,846.5250685166016,375.14387464305236,-1609.1560546874998,,,,,16877.6663759352,,498.83837695312496,1957.4373537041365,36101.085956765215,355.15915376807226,-19179.26697506461,109220.89720258053,90041.63022751591
DEHHALKAJ00010oXbt_1,218.86474609375,"(1979, 1983)",,,,75907.43942258827,1162.2492416671464,1424.5172774625958,-328.297119140625,,,,,7371.933161141238,,163.79078357680862,1114.3592091601859,-1353.942972541726,1936.4686743982325,-3164.0397942601708,87398.51767831213,84234.47788405196
DEHHALKAJ00010oXbt_3,2.0,"(1979, 1983)",,,,3489.5209031270883,7.607761948798159,7.441144718252115,-3.0,,,,,88.54766834144584,,1.2325187060429106,8.841419960210521,14.602956706086886,15.593972057992062,-144.60186884822116,3630.388345565917,3485.7864767176957
DEHHALKAJ00010IT,575.7099609375,"(1958, 1968)",-35504.672985053876,243.90807920893678,2779.0532212281514,54499.35481559456,888.3964634414061,393.69949445042084,-1688.7492187499997,,,,,17712.418029186116,,523.5122578124999,2054.0784965431158,37852.73299795423,372.0168491534538,-20114.269726982362,112607.4601853858,92493.19045840343
DEHHALKAJ00010c6bt_0,1959.10400390625,"(1979, 1983)",,,,509372.38593941333,9572.998876849533,7312.177713628778,-4701.849609375,,,,,60280.39027135706,,1725.5836548381471,8816.997466391571,-2644.6730775773144,20734.249512283874,-26129.040273883475,610468.2607478099,584339.2204739264
DEHHALKAJ00010mKbt_1,587.4423828125,"(1979, 1983)",,,,150739.38026989734,3112.803865395628,2836.036131359365,-1321.745361328125,,,,,18452.67853704066,,522.0635646700304,2889.4201477580186,-1917.452655109033,6238.229682013944,-7393.824610087529,181551.41418169785,174157.58957161033
DEHHALKAJ00010mKbt_5,1272.263671875,"(1979, 1983)",,,,326717.0620034764,6744.781895309173,6148.066013714099,-2862.59326171875,,,,,39153.00458833631,,1130.9465221264372,6261.011356471189,-4160.323486271458,13513.692642777754,-16021.563237937138,392645.6482742212,376624.08503628406
DEHHALKAJ00010mKbt_6,4.0,"(1979, 1983)",,,,2763.1047772317097,18.793558236646295,14.865448278463294,-9.0,,,,,142.97905410900265,,3.344180335600145,18.32961290012569,5.2387315202957465,40.65924572917016,-122.53288217448532,2998.314608341014,2875.7817261665286
DEHHALKAJ00010mKbt_7,1081.10546875,"(1979, 1983)",,,,272540.1970218971,5645.387012048118,5065.174118513063,-2432.4873046875,,,,,33288.534948905544,,953.4807809613831,5234.533852480436,-3318.9989523503664,11398.712987897916,-13459.921234158772,328374.5344656657,314914.6132315069
DEHHALKAJ00010jFbt_0,1671.42822265625,"(1979, 1983)",,,,447382.2545264814,8181.464345207725,6264.67764265434,-4011.427734375,,,,,51432.54014332737,,1473.4406489376038,7543.1293243895625,-2213.8979839235994,17707.016291593798,-22804.98601448638,533759.1972042932,510954.2111898068
DEHHALKAJ00010jFbt_2,3374.3359375,"(1979, 1983)",,,,871527.3824241505,16465.527778729112,12552.049383611366,-8098.406249999999,,,,,103815.27659172477,,2970.116668207086,15160.97044253409,-4526.663585504043,35688.620512233094,-44781.83435290545,1045554.8739656861,1000773.0396127807
DEHHALKAJ00010jFbt_3,267.119140625,"(1979, 1983)",,,,96768.17124339867,1302.165157168543,991.2785386378017,-641.0859375,,,,,8725.3129875569,,235.00820298592612,1214.4726592406503,-173.45983360374277,2831.984539682174,-4676.778908466951,111253.84755756691,106577.06864909997
DEHHALKAJ00010Hg,2041.070556640625,"(1958, 1968)",-135945.096273364,933.9082583261224,10640.815023636533,139047.21619418045,3212.3984948291018,1465.8564725086771,-6531.42578125,,,,,62792.850415237685,,2024.7419921874998,7936.307946419325,143760.84560185834,800.3816932558999,-76583.77768871695,354509.173029227,277925.39534051006
DEHHALKAJ00010vcbt_0,542.23388671875,"(1979, 1983)",,,,128928.36949625527,2785.9135317480022,2276.1553923940705,-1301.361328125,,,,,16909.85338163158,,489.5562684049753,2565.0529295886836,-1206.050434317926,5866.9683760221815,-6657.462042967701,157314.45761360181,150656.9955706341
DEHHALKAJ00010vcbt_1,1980.101318359375,"(1979, 1983)",,,,546408.043206994,9992.164501506093,7976.426539120497,-4752.2431640625,,,,,60928.83785662701,,1771.8383424381443,9234.39558066081,-3385.285383417648,21271.42910956958,-27500.57628335317,649445.6065894361,621945.0303060829
DEHHALKAJ00010t7bt_1,808.16796875,"(1979, 1983)",,,,195699.78993560758,4133.497751471341,3626.0525186800023,-1818.3779296875,,,,,24996.32808316516,,705.1653817461756,3824.9753270921155,-2282.15846297614,8434.947206759964,-9787.823688543234,237320.2198118587,227532.39612331547
DEHHALKAJ000115Vbt_1,150.711669921875,"(1979, 1983)",,,,64879.97002004137,671.0583567830506,1241.9558421143915,,,,,,5431.251966313931,,58.846600791803034,683.3379807487655,-1523.288157166876,667.0499519205961,-2230.043438534948,72110.18256154703,69880.13912301208
DEHHALKAJ00010us,2035.4248046875,"(1949, 1957)",-122096.92695855378,830.4885062359384,9774.891047684967,27620.687764857834,2662.9447419437824,1307.3599315476756,-5862.0234375,,,,,62619.154215410796,,1845.1418664252676,7237.325286886971,128160.66118006593,21.56401222481528,-67794.92723351164,225612.81556186307,157817.88832835143
DEHHALKAJ00010uR,297.6181640625,"(1958, 1968)",-16518.998585710586,113.48132166129,1292.9896932273525,28627.481848166895,447.8254562285156,190.75484189012226,-773.8072265624999,,,,,9156.781732682144,,239.88024023437504,941.8257716531737,17663.864326371862,283.4558756627741,-9372.305344523586,56778.06286632735,47405.75752180377
DEHHALKAJ00011Iz,3129.6142578125,"(1969, 1978)",,,,851949.5546884732,13589.719610239259,3283.029200576172,-21291.28739827474,,,,,96281.51976080936,,6600.299093465171,27173.555276176547,17445.31224998463,14126.338818768607,-48441.49723423111,1009158.0413002182,960716.5440659871
DEHHALKAJ00011Ad,125.828369140625,"(1919, 1948)",,,,50281.096310791625,1009.3051698237407,2179.8480445683654,,,,,,3872.5317647046923,,101.67472818143153,1161.3783627463883,-2421.272847205086,1163.542090309458,-2243.7352589629772,57348.10362392061,55104.36836495763
DEHHALKAJ00010ta,4191.6552734375,"(1969, 1978)",-31020.48458716139,213.1028446585052,2428.0628539319096,1134553.5537985074,19331.804299725583,4834.976648489751,-29760.05383219401,,,,,128954.84363139457,,9225.616687980144,37900.18043900255,55484.024755319966,20991.295976007124,-82089.84265987032,1381516.2424042334,1299426.399744363
DEHHALKAJ00011DAbt_2,3132.5771484375,"(1979, 1983)",,,,792339.2264974291,16738.66052829391,15381.38665173707,-7048.298583984375,,,,,96380.81949167674,,2796.166001048996,15536.039766606866,-10704.281850034633,33397.15196329769,-38874.75082067941,954816.8704660714,915942.119645392
DEHHALKAJ00011DAbt_3,4.0,"(1979, 1983)",,,,2823.0921480250518,19.427862594968246,16.03938195432578,-9.0,,,,,143.40793565969003,,3.3998038964683994,18.974775465921162,3.7901398272919113,41.28937372069181,-124.58626081961556,3060.4214211444087,2935.835160324793
DEHHALKAJ00011DAbt_4,739.1328125,"(1979, 1983)",,,,196843.10411219872,3949.0328207881876,3628.391555557024,-1663.0488281249998,,,,,23112.695154016263,,659.7160675962969,3669.8791589633647,-2470.8081437870774,7882.075398341508,-9506.901504818334,235611.0372955493,226104.13579073097
DEHHALKAJ00011Apbt_0,749.1240234375,"(1979, 1983)",,,,190422.2194360554,3910.0502335335295,3506.497163408314,-1685.529052734375,,,,,23318.3262043895,,660.534199379126,3626.303054119617,-2284.4104996864107,7897.1836992621575,-9391.822215309585,229371.17443772685,219979.35222241725
DEHHALKAJ00011Apbt_2,1633.02734375,"(1979, 1983)",,,,408936.8147686953,8534.370500199624,7663.838233393183,-3674.3115234375,,,,,50249.5107872128,,1440.855176573387,7911.990528657195,-5051.348070271054,17223.83493099007,-20215.634973680855,493235.555332013,473019.92035833217
DEHHALKAJ000114x,1902.276611328125,"(1969, 1978)",-14077.861477818773,96.71133019221782,1101.9148466570957,528976.4573806084,8792.938454725341,2198.9569833231253,-13549.599256388346,,,,,58522.90393357061,,4200.375769480388,17258.57604769824,25396.986410356065,9554.114004620737,-37424.576639459425,641351.7097279944,603927.1330885349
DEHHALKAJ00010q6bt_0,1468.360595703125,"(1979, 1983)",,,,407103.21400396613,7312.094129020121,5734.2076581360025,-3524.0654296875,,,,,45190.89897902283,,1305.355806275425,6754.726076628532,-2214.6043468494377,15680.195480863433,-20530.967295986837,483342.0223573756,462811.05506138876
DEHHALKAJ00010q6bt_2,781.785888671875,"(1979, 1983)",,,,265542.41875379026,3885.8606060221173,3039.591930085364,-1876.2861328124998,,,,,24777.553547160485,,694.3628538746249,3616.651173405794,-839.8227135156184,8355.578106221981,-12922.24646973037,307195.90812423255,294273.66165450215
DEHHALKAJ00010smbt_1,2395.46142578125,"(1979, 1983)",,,,649637.4736035991,12102.526301619122,9676.147753526462,-5749.107421875,,,,,73705.54251063056,,2144.768749525895,11178.920703346466,-4211.269849626871,25744.027174864368,-32796.769739501106,774229.02952561,741432.259786109
DEHHALKAJ00010wVbt_1,2108.89404296875,"(1979, 1983)",,,,573256.4282794778,10517.9968567053,8265.577102137648,-5061.345703125,,,,,64889.96812998739,,1876.202920658625,9710.51789145028,-3302.2257655876783,22532.6021838944,-29011.529814507416,682685.7218955987,653674.1920810912
DEHHALKAJ000116bbt_0,1521.22265625,"(1979, 1983)",,,,376466.10972643783,7902.466479493921,7051.038659777027,-3422.7509765625,,,,,46809.88248486693,,1338.033246718191,7321.898778252301,-4596.612673491871,15997.331279007989,-18678.65370370324,454867.39700449986,436188.7433007966
DEHHALKAJ000116bbt_1,364.42578125,"(1979, 1983)",,,,99642.28633923945,1893.1236060411582,1689.1546162923485,-819.9580078125,,,,,11681.030165856557,,320.54072378581213,1759.3299657257917,-1039.4952826147246,3835.0745803684304,-4859.6867993195865,118961.08670688233,114101.39990756274
DEHHALKAJ000112ibt_0,2711.553955078125,"(1979, 1983)",,,,572891.011523379,13324.15194905197,10258.266492353274,-6507.7294921875,,,,,83423.75830181665,,2394.8650107713115,12200.976630987843,-4740.99348529031,28731.32701748688,-30720.12403508019,711975.6339483692,681255.509913289
DEHHALKAJ00010qnbt_0,245.83203125,"(1979, 1983)",,,,84361.62683971453,1263.8976308628912,1523.126207344556,-368.74804687499994,,,,,8281.357908647062,,180.3279001822432,1211.0907247084572,-1406.088800765495,2134.6628817949904,-3542.79757957571,97181.25324561422,93638.45566603851
DEHHALKAJ00011CB,771.3798828125,"(1958, 1968)",-49950.44720783326,343.146876446904,3909.7656602315874,31513.018931636343,1205.1645885322264,544.0592711262436,-2391.27763671875,,,,,23731.61782076285,,741.2960673828125,2904.085720033421,52483.36511446521,365.6920130677993,-27998.06226543936,111097.02189028816,83098.9596248488
DEHHALKAJ00010tV,784.91015625,"(1958, 1968)",-50826.59555458976,349.1657928990967,3978.3443199013254,32014.923407459813,1226.3035977070313,553.6022613811949,-2433.221484375,,,,,24147.865210209115,,754.29866015625,2955.0198078917833,53403.06876419465,372.0881692435943,-28488.807582824033,112993.94839386843,84505.1408110444
DEHHALKAJ00010qObt_1,255.96484375,"(1979, 1983)",,,,49445.07141412299,1066.2634953127767,1123.721266246138,-383.947265625,,,,,8180.43546815199,,165.86135320861422,998.7417610340874,-990.1036272952451,1970.2887063257558,-2278.743995847972,61576.33257148211,59297.58857563414
DEHHALKAJ00010txbt_0,3319.781494140625,"(1979, 1983)",,,,837352.7574293776,16028.146894183408,12032.313660141635,-7967.4755859375,,,,,102136.4744633268,,2907.0866973648413,14739.57205046315,-4087.9688520230275,34940.450713344995,-43345.065797689764,1008081.357470242,964736.2916725522
DEHHALKAJ00010txbt_1,5.0,"(1979, 1983)",,,,7139.078655614257,23.93341745797957,17.739141926083764,-12.0,,,,,210.62360642124594,,4.36028315898819,25.287126247952152,32.78194476470739,54.12561824031035,-304.74270478762514,7495.929793831524,7191.187089043899
DEHHALKAJ00010txbt_3,1025.52490234375,"(1979, 1983)",,,,276145.6884186306,4935.148842468545,3687.0344466626602,-2461.259765625,,,,,31704.606343000032,,896.620845642783,4547.441934959101,-1101.9659978713794,10783.01822870211,-14111.368079414367,329136.3332965695,315024.9652171551
DEHHALKAJ00010txbt_4,917.706298828125,"(1979, 1983)",,,,252820.43428108198,4419.678222946722,3305.665390339278,-2202.4951171875,,,,,28497.143286330527,,802.6515417812203,4075.8034321370324,-958.7074938799883,9654.268194860855,-12858.078105468298,300414.44173841004,287556.36363294173
DEHHALKAJ000115Cbt_1,2089.410400390625,"(1979, 1983)",,,,549466.842614196,10308.92102763331,7982.111027818342,-5014.5849609375,,,,,64289.203673292104,,1849.0561111697568,9502.562855619086,-3067.757342499538,22210.973533205888,-28059.149857979784,657527.3285394975,629468.1786815177
DEHHALKAJ00010wo,2266.988525390625,"(1949, 1957)",-136216.8336253359,925.3516099373264,10936.322684963401,34381.764951287776,2969.507694026825,1463.8871104741368,-6528.926953125,,,,,69743.14683272527,,2059.0811888434787,8087.27520560221,144708.37031413705,55.426425075868075,-76236.46751377286,256939.5327690476,180703.06525527473
DEHHALKAJ00011CH,281.9130859375,"(1979, 1983)",,,,115854.9882746796,1335.4606757021913,1535.8024117183568,-422.86962890625,,,,,8673.752611893126,,196.80312441083822,1289.6662672592647,-1157.312074696483,2343.4278980589124,-4910.847610674543,129649.71956011957,124738.87194944503
DEHHALKAJ00011Az,630.8408203125,"(1979, 1983)",,,,152671.99923541752,3231.957629337329,2840.4719069352977,-1419.391845703125,,,,,19407.858785950106,,550.9147864178551,2990.887702725995,-1797.7216973945817,6589.379142452686,-7633.296344498972,185066.35564613907,177433.0593016401
DEHHALKAJ000116qbt_0,492.901611328125,"(1979, 1983)",,,,157660.5887361932,2427.694666303063,1875.1927464353346,-1182.9638671875,,,,,15748.865115493263,,435.8301866654333,2253.3021460611526,-528.5527716297936,5243.701315237875,-7763.540117124025,183933.65827357201,176170.11815644798
DEHHALKAJ000116qbt_1,3410.601806640625,"(1979, 1983)",,,,886166.0917525658,16820.05074232282,13015.568695732429,-8185.4443359375,,,,,104931.15502336134,,3017.6086902844913,15498.069790482086,-5055.953746084305,36245.24206516292,-45368.85661499046,1062452.38867789,1017083.5320628994
DEHHALKAJ000116qbt_2,500.728759765625,"(1979, 1983)",,,,159666.65458928887,2466.145942744834,1904.785466112826,-1201.7490234375,,,,,15988.75630296314,,442.74229724303973,2288.709450850347,-539.9015604052295,5326.729454627435,-7866.62580072527,186342.87291998774,178476.24711926247
DEHHALKAJ00011dJbt_0,2015.93505859375,"(1979, 1983)",,,,533460.4012947571,9970.12638768717,7745.323548395748,-4838.244140625,,,,,62029.264345300624,,1786.113432934881,9193.129995816877,-3007.065494459267,21453.790298043732,-27192.8920803797,637792.8396678519,610599.9475874723
DEHHALKAJ00011cK,1854.052734375,"(1969, 1978)",-17151.223836000907,117.82454843852621,1342.4757881732407,488535.7385598013,9360.608044379798,2363.9107633867347,-15135.43506844931,,,,,57039.3091683237,,4691.984871219286,19335.49862081903,28153.85097728115,10889.654382936544,-41910.3676858078,605235.1203196982,563324.7526338905
DEHHALKAJ00017ydbt_0,1094.767578125,"(1979, 1983)",,,,275154.9266131766,5705.673736142018,5108.723669964284,-2463.22705078125,,,,,33703.12021801977,,964.5606411019378,5289.560153162092,-3334.2855223604342,11531.840764518302,-13603.027514521633,331660.8932229433,318057.8657084217
DEHHALKAJ00017ydbt_1,1008.275390625,"(1979, 1983)",,,,257646.72194226974,5324.533507070057,4833.988565856653,-2268.61962890625,,,,,31098.03735582173,,894.462077663315,4941.169956163065,-3245.2554655073222,10689.263757429359,-12657.849020428719,309914.3020678604,297256.45304743166
DEHHALKAJ00017ydbt_2,4.0,"(1979, 1983)",,,,2976.1806129872443,18.858384939933913,14.985425776782574,-9.0,,,,,144.87576719229884,,3.349865133487624,18.511277400628224,6.440479680633531,40.78353001241592,-131.1689701109987,3214.985343123425,3083.8163730124265
DEHHALKAJ00017xx,1821.58984375,"(1949, 1957)",-103115.79066279613,697.9098845415272,8346.618076550636,29331.910173996843,2244.8611175592723,1119.8357376702545,-4918.292578125,,,,,56040.908403165704,,1559.9394056624194,6133.572372219882,110112.60724813933,51.72916321031417,-57737.603201947175,201677.07104349902,143939.46784155184
DEHHALKAJ00018HM,2063.482666015625,"(1919, 1948)",-203611.63012822144,1398.7601471524895,15937.269914457434,179741.28251432034,7440.82618308706,11984.298408742146,-5942.830078124999,,,,,63482.40732938695,,2322.447206758321,12702.161130577493,198700.99179490155,5293.853135053972,-115770.07582188645,475725.4376247028,359955.3618028164
DEHHALKAJ00018Kk,5639.3310546875,"(1969, 1978)",,,,1527708.6011012287,24799.373367753906,5990.584684492187,-39058.00688476562,,,,,173492.0909445016,,12107.982134277343,49873.41446280601,31429.594685263746,25820.782847785245,-88600.94597157606,1812164.4173433427,1723563.4713717666
DEHHALKAJ00018CN,1930.560302734375,"(1984, 1994)",,,,463507.38304612564,9572.132671715644,7455.847143673855,-4633.3447265625,,,,,59393.03616322415,,1717.0396349217658,8896.025009818046,-2670.2198386338832,17544.012338528286,-27166.965769570397,560781.911442811,533614.9456732406
DEHHALKAJ00018HHbt_1,242.92333984375,"(1979, 1983)",,,,85915.88853408708,1378.8634930773073,1745.5535462823561,-364.385009765625,,,,,8195.547093382513,,189.58725870563325,1323.461740176941,-1749.649667583704,2235.6535358886963,-3525.10183125794,98870.5205242512,95345.41869299326
DEHHALKAJ00018HHbt_4,2.0,"(1979, 1983)",,,,2826.307191115261,6.9096282210853195,6.1490793517367965,-3.0,,,,,83.12653396186792,,1.1712978057162156,7.797374092725706,12.302156442141282,14.727624046774324,-118.02594100357524,2955.4908850373095,2837.4649440337344
DEHHALKAJ00018Aqbt_0,256.037109375,"(1979, 1983)",,,,86890.8729466628,1366.4783757714308,1679.1016545333543,-384.05566406249994,,,,,8571.70579085436,,192.20829289023752,1307.5577851401808,-1634.6251307912223,2270.714025793,-3504.104357774203,100259.95807679165,96755.85371901744
DEHHALKAJ00018Aqbt_3,2.0,"(1979, 1983)",,,,4124.356447760229,8.292930335853473,8.709214585103574,-3.0,,,,,93.72040024190613,,1.2926026467921097,9.857094560723633,16.75626795972452,16.439583022751588,-170.03027035601414,4276.424541113083,4106.3942707570695
DEHHALKAJ00018JBbt_0,2957.1845703125,"(1979, 1983)",,,,811858.0391195095,16739.342681054244,16255.954134181877,-6653.665283203125,,,,,90987.28241058758,,2721.8536063195907,15606.234235416481,-12408.683048417013,32451.77142432384,-38723.86697009631,967558.129279773,928834.2623096767
DEHHALKAJ00018JBbt_2,1032.3818359375,"(1979, 1983)",,,,284999.65198448696,5764.328130961291,5527.905444324868,-2322.859130859375,,,,,31944.059032286554,,943.2505716587482,5372.473115959661,-4091.0276424112467,11252.844848914938,-13631.68714975036,339390.6263553225,325758.9392055721
DEHHALKAJ00018JBbt_3,227.9736328125,"(1979, 1983)",,,,74816.21334907046,1290.4601221728954,1253.1950004091889,-512.940673828125,,,,,7521.119560672923,,209.83162865309723,1209.945817380561,-876.8404672079353,2505.2926850180897,-3483.2060071448955,87416.27702234116,83933.07101519627
DEHHALKAJ00018JBbt_4,467.2900390625,"(1979, 1983)",,,,140963.01454973634,2645.1267783004187,2568.742417575013,-1051.402587890625,,,,,15023.674048168636,,430.1033796767988,2473.1623987341763,-1878.1337435416353,5131.64972688095,-6635.155224447424,166305.93696764007,159670.78174319264
DEHHALKAJ00018JBbt_6,805.4248046875,"(1979, 1983)",,,,224653.911862594,4500.421757400198,4318.7927739221,-1812.205810546875,,,,,25183.39756089507,,736.1785727732578,4195.8836821815075,-3186.219919448548,8782.907887827128,-10726.866873611087,267373.0683675978,256646.20149398674
DEHHALKAJ00018IEbt_1,2018.47900390625,"(1979, 1983)",,,,511816.8394005707,9766.702507466873,7355.327326463559,-4844.349609375,,,,,62105.89590453623,,1769.4253709428697,8983.971761671932,-2529.8772763118777,21265.733537385364,-26451.04888671499,615689.6689233507,589238.6200366358
DEHHALKAJ00018Agbt_1,2096.561279296875,"(1979, 1983)",,,,550840.0911054981,10342.948094401283,8007.107403764673,-5031.7470703125,,,,,64509.13960880554,,1855.2743750937946,9533.591410256582,-3077.9261683778154,22285.630448592943,-28135.295701981657,659264.1092077225,631128.8135057408
DEHHALKAJ00018Eb,783.423828125,"(1958, 1968)",-50730.348872253904,348.5046026544025,3970.8108143064255,33813.50013047548,1223.9814344472657,552.553944443769,-2428.6138671874996,,,,,24102.15586597191,,752.870298828125,2949.435820936811,53304.186064293375,371.5068850268179,-28435.75488243229,114641.57657723605,86205.82169480376
DEHHALKAJ00018DZbt_0,155.06689453125,"(1979, 1983)",,,,83384.53472046553,950.3455742381499,1758.8444075277444,,,,,,5754.00104757775,,83.33791846292338,962.9837076161571,-2212.6908022269245,942.2098837111339,-2812.1574277441405,91623.5664573725,88811.40902962835
DEHHALKAJ00018BC,781.921875,"(1958, 1968)",-50633.090398250904,347.83646165812155,3963.1981128577027,44653.518331946674,1221.6348594843748,551.4946070917579,-2423.9578125,,,,,24056.14008494407,,751.426921875,2944.7652733886857,53389.00714634468,374.69627031883385,-28456.327069822706,125518.72568289407,97062.39861307136
DEHHALKAJ00018Aebt_0,1.0,"(1979, 1983)",,,,2518.791966285394,2.303841301452369,4.263815709500545,,,,,,50.97333154222725,,0.20202897107809298,3.6299987985336633,9.746278877248123,2.9544957167755164,-101.1448516755085,2592.86575720221,2491.7209055267012
DEHHALKAJ00018Aebt_1,112.166748046875,"(1979, 1983)",,,,54608.578634747675,558.3876241178194,1033.4313922592323,,,,,,4099.509911036852,,48.966253488096996,567.3777141438613,-1281.8238412234768,554.5420856093846,-1766.2233136989942,60188.96977417945,58422.746460480455
DEHHALKAJ000186hbt_0,337.203125,"(1979, 1983)",,,,115078.29397813899,1489.0871971498075,1636.5940608091043,-505.8046875,,,,,11153.324567099879,,225.90483776107766,1425.0437714632167,-1223.4541310858583,2691.618030935352,-4983.618315331108,131970.60762477157,126986.98930944045
DEHHALKAJ000186hbt_2,134.65625,"(1979, 1983)",,,,66529.7469551593,593.7011993651581,651.8057542703013,-201.984375,,,,,4687.637976955624,,90.1287615189701,579.6662857560151,-351.63696483123255,1079.8969781323751,-2828.464595650911,73658.96257132648,70830.49797567558
DEHHALKAJ00018KPbt_0,365.4599609375,"(1979, 1983)",,,,97829.39314418776,1902.8242421979344,1701.958660308627,-822.2849121093749,,,,,11683.98215578595,,321.82992031688906,1767.3241645083995,-1068.668655305286,3849.532773219965,-4785.492884830419,117165.89149311087,112380.39860828046
DEHHALKAJ00018KPbt_1,1415.4833984375,"(1979, 1983)",,,,352435.7366793308,7379.463951413753,6609.586994436486,-3184.837646484375,,,,,43557.50768792038,,1247.333072536835,6839.506063601467,-4339.4282948800355,14911.385523763889,-17451.216650838796,425456.25403163926,408005.03738080047
DEHHALKAJ000189D,1904.2724609375,"(1969, 1978)",-14092.631829388058,96.81279875332866,1103.070964701742,514572.6562793917,8669.055272856445,2169.3180322091052,-13268.018371582031,,,,,58584.303705485036,,4113.08569519043,16887.225348556796,25155.27345063532,9402.020865176772,-36794.474649333744,626284.9202779197,589490.445628586
DEHHALKAJ00018BIbt_0,569.5986328125,"(1979, 1983)",,,,148854.02793396474,2963.928801493428,2649.3534174130027,-1281.596923828125,,,,,17945.437981787305,,501.44204287355046,2750.7796751543774,-1684.0738516276224,5997.042506394236,-7312.229363346816,178696.3415836249,171384.11222027807
DEHHALKAJ00018BIbt_1,2463.298828125,"(1979, 1983)",,,,606966.1039977662,12826.470518883558,11473.366020445743,-5542.422363281249,,,,,75790.25156018882,,2169.3013607678663,11883.81024279633,-7547.764240999467,25932.608468583818,-30120.1273033327,733951.7255651515,703831.5982618189
DEHHALKAJ00018BIbt_2,540.2412109375,"(1979, 1983)",,,,143850.82797784827,2813.052109658279,2516.294442900712,-1215.542724609375,,,,,17061.33505671452,,475.7628188057289,2611.1846310379506,-1598.4911036984333,5690.051162956468,-6960.646692673724,172204.4743716141,165243.82767894038
DEHHALKAJ00018G0bt_0,862.81982421875,"(1979, 1983)",,,,240814.54245479498,4163.949875433748,3123.885081875561,-2070.767578125,,,,,26858.829355197107,,755.4009078913771,3842.075769701106,-906.0122469849488,9086.077009328648,-12210.607860678727,285667.98062911263,273457.3727684339
DEHHALKAJ00018G0bt_1,270.10009765625,"(1979, 1983)",,,,95611.04643533385,1304.6825217807834,980.1054073108368,-648.240234375,,,,,8801.188067368254,,236.57724823413642,1215.1901476393577,-155.13781681358688,2851.334719292855,-4645.255423848077,110196.74649577147,105551.49107192339
DEHHALKAJ00018Cj,3124.43359375,"(1984, 1994)",,,,687896.7684897783,14937.88129903224,11041.785885832616,-7498.640624999999,,,,,96122.1347500583,,2730.3121519481274,13808.249792719002,-3359.0941956098522,27831.479755407774,-40286.354105589155,843510.8773041666,803224.5231985773
DEHHALKAJ00018FFbt_0,2110.159912109375,"(1979, 1983)",,,,569681.5874373211,10487.480966568492,8202.37692280974,-5064.3837890625,,,,,64928.60607381291,,1874.099469105865,9678.64307972244,-3222.942239819198,22509.414439333035,-28891.97022269763,679074.8823597918,650182.9121370942
DEHHALKAJ00018II,782.5390625,"(1979, 1983)",,,,180075.46635315442,4015.5693216397513,3275.6491173955183,-1878.09375,,,,,24074.585710355746,,706.077961627971,3693.6569721246565,-1765.1306841988398,8460.510445764963,-9367.022775963638,220658.29144786418,211291.26867190053
DEHHALKAJ00018ALbt_1,2274.87548828125,"(1979, 1983)",,,,564984.6002990259,10878.445536146097,8051.132611860536,-5459.701171875,,,,,69993.39061481619,,1982.8851579981806,9994.273846960434,-2554.701656461876,23839.083751296283,-29407.723858416703,681709.4089897666,652301.68513135
DEHHALKAJ00018GKbt_0,2961.810546875,"(1979, 1983)",,,,750998.2807787436,15849.445737316455,14585.951136231275,-6664.07373046875,,,,,91127.37495026836,,2645.778128809111,14712.58720795825,-10176.152366159859,31599.57671661621,-36816.701426272,904678.7685593147,867862.0671330426
DEHHALKAJ0001861bt_0,4.0,"(1979, 1983)",,,,4101.088192296373,20.619676601563732,18.24512211573407,-9.0,,,,,154.30114093463905,,3.504316719168971,20.83864285227099,8.668883524116746,42.81054288926036,-175.8915554106582,4361.0765179331265,4185.184962522469
DEHHALKAJ0001861bt_1,1552.9619140625,"(1979, 1983)",,,,474947.0285864186,8005.393110628542,7083.49494078861,-3494.164306640625,,,,,47840.67773565665,,1360.5175999204666,7465.608323179015,-3921.70966121766,16297.479831779623,-22796.42727994715,555584.3261605133,532787.8988805662
DEHHALKAJ0001861bt_2,4.0,"(1979, 1983)",,,,4546.131578557691,20.619676601563732,18.24512211573407,-9.0,,,,,157.9715379222539,,3.504316719168971,21.08752058103785,11.571672469739728,42.93932664338289,-194.01249108602326,4813.070751610572,4619.058260524549
DEHHALKAJ00018DMbt_0,1620.308837890625,"(1979, 1983)",,,,418256.98763549805,7809.233200215737,5847.273377560795,-3888.7412109375,,,,,49858.61688480444,,1417.6774866049545,7186.149445166428,-1893.0174285186524,17043.126861315533,-21553.59065036881,501637.3062517097,480083.71560134087
DEHHALKAJ00018DMbt_1,4452.340087890625,"(1979, 1983)",,,,1109575.0817829012,21723.130290918416,16557.140481581868,-10685.616210937498,,,,,136975.66837728236,,3918.750647071275,19979.317756869223,-6228.456517911272,47075.85864106438,-57445.807959001264,1338890.87524884,1281445.0672898388
DEHHALKAJ00018Go,856.5146484375,"(1949, 1957)",-48626.43559291291,328.39308665943986,3954.996697040623,13632.10800378363,1057.759394396906,531.3473622275951,-2312.5895507812497,,,,,26350.8663149487,,735.9636844025424,2891.418046837487,51283.18114561077,12.418916126821884,-26912.798301959447,94182.4733175532,67269.67501559376
DEHHALKAJ0004nAHbt_0,74.17138671875,"(1979, 1983)",,,,83144.073406847,528.3567104311891,977.8519209358442,,,,,,3107.877591842308,,46.33277583109859,555.9542088290758,-990.2414922372942,534.4782834722245,-3061.2536434908216,87904.68340595145,84843.42976246063
DEHHALKAJ0004nAHbt_1,119.199951171875,"(1979, 1983)",,,,114406.8822747073,851.3745300625976,1575.6745456647063,,,,,,4821.67585327278,,74.65892733245524,884.9010488873225,-1723.273332057093,855.5760273725982,-4136.019635066111,121747.46987524266,117611.45024017655
DEHHALKAJ0004nAHbt_2,530.823486328125,"(1979, 1983)",,,,288780.6839131587,4037.796769250503,7472.919808168819,,,,,,19213.198755601763,,354.0833850838021,4054.8638314487184,-9828.435086210133,3984.2759332900687,-9281.191366349165,318069.3873097923,308788.1959434431
DEHHALKAJ0004nAD,409.1875,"(1919, 1948)",,,,225571.38233927602,4564.950206116362,9859.156653376178,,,,,,12593.63151729959,,459.8609867912454,5201.413372205752,-10707.346324238235,5019.87021215593,-10246.04287684726,252562.91896298283,242316.87608613557
DEHHALKA10004m2m,939.4140625,"(2010, 2015)",-7781.5390395046925,49.13785169105499,722.7246000323942,299620.0858392601,5514.528574461439,4758.6228086138135,-2705.5125,,,,,28900.761925408242,,995.8967711841256,5317.821023790754,6557.817585568556,27552.20105884221,-27865.058866828505,376512.22308712924,348647.16422030074
DEHHALKA10004m2qbt_0,721.5634765625,"(1979, 1983)",,,,271364.07709822466,3949.7961370128696,3717.284519607804,-1623.517822265625,,,,,23251.828035180584,,652.3330289595649,3719.103270560744,-2159.272740948767,7809.457899593018,-12514.638943649621,310681.0894259248,298166.4504822752
DEHHALKA10004m2qbt_1,1156.0927734375,"(1979, 1983)",,,,410271.56039334764,6369.892392922895,6032.673982452824,-2601.2087402343745,,,,,36349.206787538664,,1048.8113505318786,5985.084223352288,-3739.859045722841,12545.36103499313,-19027.600581834195,472261.52237918216,453233.92179734795
DEHHALKA10004m2qbt_3,4.0,"(1979, 1983)",,,,7423.337825157844,21.89127731989783,20.598526890458395,-9.0,,,,,181.03421510508196,,3.615826216192594,23.92263320613331,26.649812471742955,45.000342727397026,-310.3842530428859,7737.0504590947485,7426.666206051863
DEHHALKA10004m2qbt_4,536.603515625,"(1979, 1983)",,,,210551.1292556971,2941.885131768924,2772.8437302777484,-1207.35791015625,,,,,17518.974474748797,,485.51797094174105,2775.054744907786,-1561.9279889091022,5814.56780001003,-9660.072574447891,240090.68720928676,230430.61463483886
DEHHALKA10004m2qbt_5,214.171875,"(1979, 1983)",,,,118171.45449994627,1176.0488934353298,1110.170288223789,-481.88671875,,,,,7355.101190186651,,193.94625471809994,1128.4850152575464,-406.1791518128009,2332.422724325197,-5244.322187922686,130579.56299553008,125335.24080760739
DEHHALKA10004m2qbt_6,1783.365234375,"(1979, 1983)",,,,463998.535708338,9938.563765916038,9514.083512072713,-4012.57177734375,,,,,54874.05082325714,,1627.7402129255352,9246.502471025022,-7196.843457539683,19412.028091109954,-22406.327343312023,557402.089349761,534995.762006449
DEHHALKA4jt0009d,252.872314453125,"(1979, 1983)",,,,56554.45189990672,1118.1791326623556,950.2718584727007,-505.74462890625,,,,,7779.793301883511,,193.36776552022891,1034.6836123468893,-529.6003608637882,2316.222496961585,-2828.0949268366,68911.62507798396,66083.53015114737
DEHHALKAJ00010Ekbt_0,1471.39453125,"(1979, 1983)",,,,379944.7568879113,7104.151587487355,5007.63346753512,-3678.486328125,,,,,45277.13149191531,,1316.2228767656356,6516.095027194235,-1072.6094956930847,15843.851372511928,-19922.58699967944,456258.7468875029,436336.15988782345
DEHHALKAJ00010Ekbt_1,999.82470703125,"(1979, 1983)",,,,301434.2308882795,5075.788337785851,3862.5613237676976,-2499.561767578125,,,,,31096.769519723635,,916.1721946250138,4691.50325472895,-1167.3708848115791,11018.568884636255,-15146.506412358209,354428.6617511573,339282.1553387991
DEHHALKAJ00010Ekbt_2,844.66259765625,"(1979, 1983)",,,,257764.26704320346,4288.290835521739,3263.5228568007724,-2111.656494140625,,,,,26431.042462331992,,774.010529394549,3965.374004320308,-966.5372079503104,9309.707982081314,-12922.40775170455,302718.02201156324,289795.6142598587
DEHHALKAJ000108Abt_1,178.4765625,"(1979, 1983)",,,,67510.2747577388,1007.6264403859524,1272.4161102022788,-267.71484375,,,,,6094.341213362905,,138.81428836276683,969.5704164631578,-1241.1078652044387,1638.5668253407273,-2771.885056635678,77122.78734290216,74350.90228626647
DEHHALKAJ00010fMbt_0,259.5771484375,"(1979, 1983)",,,,94280.84917008822,1408.9302224193848,1745.9181566414306,-389.36572265624994,,,,,8736.563677319647,,196.9317183633836,1353.420100315575,-1666.4765483667827,2327.3629343511648,-3907.0874482468216,107994.13370847577,104087.04626022895
DEHHALKAJ00010Uobt_1,500.1552734375,"(1979, 1983)",,,,133212.37193706274,2731.2735867634656,2564.537177069211,-1125.349365234375,,,,,15843.299881679652,,451.5937239316922,2540.9090235823473,-1835.7066688396083,5390.957145891758,-6443.8358199957775,159773.88644190689,153330.0506219111
DEHHALKAJ00010Uobt_2,1223.4169921875,"(1979, 1983)",,,,328914.15777703974,6680.898300629195,6273.048643393143,-2752.6882324218745,,,,,37659.48925824794,,1104.6318308834198,6215.552437232505,-4486.753853746126,13186.949737020595,-15783.945825747662,392795.2858982786,377011.3400725309
DEHHALKAJ00010Uobt_3,564.212890625,"(1979, 1983)",,,,154525.81726123707,3079.6759387417546,2890.3878869247073,-1269.47900390625,,,,,17845.08494794351,,509.3084353495916,2867.3585901957613,-2039.0002022891747,6081.27793327484,-7443.134311474036,184490.43178747178,177047.29747599774
DEHHALKAJ00010fabt_0,1952.767333984375,"(1979, 1983)",,,,497853.4573517038,9373.960746958996,6977.464108181123,-4686.6416015625,,,,,60084.6366275389,,1705.263471656177,8620.896063458935,-2212.9891827570364,20501.960357850672,-25745.70392432911,598218.007943029,572472.3040186999
DEHHALKAJ00010eubt_0,2041.06201171875,"(1979, 1983)",,,,517317.5837010628,10999.839639974327,9517.60559973965,-4898.548828125,,,,,62800.22842590781,,1887.7762434220472,10166.19840727216,-5840.825718208998,22588.501166025206,-25915.20301344125,624538.3586370699,598623.1556236286
DEHHALKAJ00010eubt_1,5.0,"(1979, 1983)",,,,5757.498476787601,23.69405732276374,17.296148086135656,-12.0,,,,,196.81780600684604,,4.339293136019037,24.283718598952902,24.464894557591446,53.49459189951511,-248.63542715135245,6089.888986395426,5841.253559244074
DEHHALKAJ00010eubt_2,5.0,"(1979, 1983)",,,,4758.688007579141,23.69405732276374,17.296148086135656,-12.0,,,,,188.89753412458532,,4.339293136019037,23.725162537411514,17.95016795273768,53.20556263663326,-207.96662760698587,5075.795933375429,4867.829305768443
DEHHALKAJ00010eubt_3,707.8662109375,"(1979, 1983)",,,,155934.43073579733,3589.3237179212283,2883.3725511425573,-1698.8789062499998,,,,,21798.523591734756,,634.924878045144,3295.779011144618,-1517.1625312680371,7609.560415726278,-8216.313556340818,192529.87346399386,184313.55990765305
DEHHALKAJ00010eubt_5,5.0,"(1979, 1983)",,,,6029.684545444982,23.69405732276374,17.296148086135656,-12.0,,,,,198.91355264949232,,4.339293136019037,24.43593083861453,26.240224189806906,53.57335532983147,-259.7180909862326,6366.177106997647,6106.459016011414
DEHHALKAJ00010hr,1848.1787109375,"(1969, 1978)",-13677.508162530763,93.96100467371676,1070.5780372475601,510233.8437307685,8464.97970955371,2117.7257612451695,-12991.156188964844,,,,,56858.60066267563,,4027.258418579102,16540.237796324032,24593.14141459667,9189.134884494671,-35998.83258538335,619033.7661892727,583034.9336038894
DEHHALKAJ00010nPbt_0,901.3125,"(1979, 1983)",,,,254890.92677671358,5151.717301185094,5046.734056875883,-2027.953125,,,,,28070.90672143651,,833.95166093345,4808.744155210002,-3877.8209751385443,9941.132043031586,-12075.222795993173,302838.3386152475,290763.11581925437
DEHHALKAJ00010nPbt_2,4.0,"(1979, 1983)",,,,5660.400963057919,20.26462573432692,17.58801458647771,-9.0,,,,,166.7222780339515,,3.473181518431395,21.36829243275253,19.86933601998718,42.918770037517156,-239.60027945115985,5943.605461421363,5704.005181970203
DEHHALKAJ00010mg,2173.253173828125,"(1979, 1983)",,,,526786.7208449743,11512.19738121343,9763.768730760423,-5215.8076171875,,,,,66859.39683689298,,1992.4963218256294,10618.940624658697,-5787.896160853998,23851.535244938445,-26785.8588406719,640381.3522072224,613595.4933665504
DEHHALKAJ00010l9bt_0,851.737060546875,"(1979, 1983)",,,,262627.4312101132,4313.402181933765,3459.344260319887,-2044.1689453125,,,,,26722.420876796572,,763.4939603780883,4002.3317812602954,-1320.5639014255462,9172.622771567272,-12943.37195112848,307696.3141956311,294752.9422445026
DEHHALKAJ00010l9bt_1,1008.153076171875,"(1979, 1983)",,,,303722.97428077034,5087.733927205114,4061.693350300288,-2419.5673828125,,,,,31378.04158517965,,902.1440647441447,4716.184367148252,-1557.9891697534083,10837.858764110344,-15040.76830470241,356729.07378689223,341688.3054821898
DEHHALKAJ00010eVbt_0,537.421875,"(1979, 1983)",,,,122006.58511746526,2768.2116191614123,2268.9507356473177,-1289.8125,,,,,16688.706504480724,,485.8274671966085,2545.828913298405,-1253.3982592111042,5820.013612233202,-6358.824614052586,150040.91321027186,143682.08859621928
DEHHALKAJ00010eVbt_1,1943.592529296875,"(1979, 1983)",,,,538816.0242007164,9811.613562773546,7836.1747179832655,-4664.6220703125,,,,,59806.039255418116,,1739.4924413128165,9069.072831998314,-3317.3583718382647,20883.506255675915,-27092.348764577553,639979.9428237276,612887.5940591501
DEHHALKAJ00010odbt_1,2761.6552734375,"(1979, 1983)",,,,675394.0933144132,13253.873791274727,9862.107273680229,-6627.97265625,,,,,84967.46418500257,,2411.3630743402637,12172.937747584778,-3307.9672916721966,28983.188144704844,-35244.20423690825,817109.0875830784,781864.8833461702
DEHHALKAJ00010lBbt_2,2082.9892578125,"(1979, 1983)",,,,580055.4238432988,11275.697085632957,10496.900906809735,-4686.725830078125,,,,,64095.322008635485,,1872.0468372620505,10500.567049415211,-7192.599615013318,22363.12147682738,-27926.24079043476,688779.7537627901,660853.5129723554
DEHHALKAJ00010lBbt_7,275.041015625,"(1979, 1983)",,,,75447.52957064778,1487.5569384003966,1383.6150425003707,-618.84228515625,,,,,8853.136355979414,,247.07360344925675,1384.6145459017298,-953.4030274521684,2951.2702654989516,-3641.647297995006,90182.55100976948,86540.90371177447
DEHHALKAJ00010ndbt_0,1208.116455078125,"(1979, 1983)",,,,318499.8872246597,5835.163555794121,4382.969708653682,-2899.4794921875,,,,,37198.05055706217,,1058.1316092136535,5373.8540061603835,-1404.4632510822112,12721.532620653601,-16333.376050840598,380765.64653892757,364432.270488087
DEHHALKAJ00010ndbt_1,913.33984375,"(1979, 1983)",,,,249588.87278120508,4398.922624421544,3290.4427586700353,-2192.015625,,,,,28344.579706511766,,798.8564820842016,4055.539760213219,-968.1703753154015,9608.010056458985,-12714.131010247183,296925.0381692494,284210.90715900226
DEHHALKAJ00010pV,756.556640625,"(1969, 1978)",-6998.653300088808,48.07896932870053,547.8047919511438,235545.48999762215,4029.314498121772,1022.7264917011778,-6632.036872889967,,,,,23275.83180258777,,2055.9314305958897,8471.89966764483,12112.021888660778,4988.467296315521,-18350.84931003854,284869.64620036,266518.7968903214
DEHHALKAJ00010kEbt_1,293.02392578125,"(1979, 1983)",,,,98872.43645953014,1490.5983618134962,1786.0405816659797,-439.535888671875,,,,,9749.012449513302,,213.54840074203787,1427.2822195809108,-1640.7979145772622,2528.5761737455264,-4164.107896099521,113987.16084334227,109823.05294724274
DEHHALKAJ00010oibt_0,4517.23681640625,"(1979, 1983)",,,,1067367.6031232118,21737.930752224132,15240.21678325213,-11293.092041015625,,,,,138971.24674987723,,4034.532846078568,19879.747125706625,-3730.0973204455677,48542.916348315746,-57173.169581342634,1300751.0043672048,1243577.8347858621
DEHHALKAJ00010oibt_2,6.0,"(1979, 1983)",,,,5569.861994399433,28.859847225412054,20.217832733083835,-15.0,,,,,225.982278251324,,5.357669878562073,28.71416713799802,22.166811961381686,65.66542690685644,-245.01175077132325,5951.82602849405,5706.814277722727
DEHHALKAJ00010oibt_3,772.9306640625,"(1979, 1983)",,,,212702.26001607842,3717.776813446673,2604.497146714506,-1932.32666015625,,,,,24079.236285536226,,690.1845561774395,3416.7054942339305,-437.0950544541895,8313.056275624525,-11008.086660444613,253154.29487320126,242146.20821275664
DEHHALKAJ00010jrbt_0,780.2587890625,"(1979, 1983)",,,,237367.65598960625,3907.1405932142934,3087.0862543940425,-1872.62109375,,,,,24511.39678006902,,695.5382335570688,3621.9585129341376,-1102.309865984405,8359.144076105025,-11753.214518839613,278574.98948014545,266821.77496130584
DEHHALKAJ00010ii,1091.13671875,"(1958, 1968)",-70656.19454286226,485.3900978729531,5530.464261048773,51077.04756271555,1704.7363614023438,769.5858566310362,-3382.523828125,,,,,33568.87636661121,,1048.58238671875,4108.491373209375,74350.69011307575,519.6091028014466,-39648.7963215046,163765.09529504046,124116.29897353586
DEHHALKAJ00010hvbt_1,106.443359375,"(1979, 1983)",,,,33392.20302694477,244.644729956335,452.77426104686305,,,,,,3650.3207180408795,,21.4534408431683,254.5678272738752,-491.8145049575054,246.00167113834186,-1209.5503590028793,37770.151170286736,36560.60081128385
DEHHALKAJ00010gRbt_0,2119.1376953125,"(1979, 1983)",,,,575067.4812707984,11807.949783393988,11301.975000494702,-4768.059814453125,,,,,65205.49931743225,,1934.0493857561019,10998.910718950721,-8391.873154727553,23072.003401976603,-27591.421816240465,686227.9359096221,658636.5140933817
DEHHALKAJ00010gRbt_1,325.4501953125,"(1979, 1983)",,,,91765.19052984923,1813.9535263239723,1736.6963047416777,-732.2629394531249,,,,,10469.48845929346,,297.07119463336664,1691.613419912242,-1267.8352216106296,3544.8297383247586,-4377.478130794822,109318.74501201494,104941.26688122012
DEHHALKAJ00010dc,119.04443359375,"(1949, 1957)",-853.3772794206894,1.4181330392853095,183.7263277515035,5088.8658417457655,13.426996431934406,28.998971561485185,,,,,,3663.620654412787,,14.971891219760126,67.46394118173806,1345.5512789998877,7.276819078993041,-311.4973050031894,10230.176394632355,9918.679089629166
DEHHALKAJ00010oJbt_0,1021.7568359375,"(1979, 1983)",,,,281356.65651904483,5462.7281641432255,5022.625148462584,-2298.952880859375,,,,,31646.30359151156,,912.2972503394158,5083.174823962734,-3350.8127608091754,10902.778534593393,-13611.124114120132,334736.7983903892,321125.67427626904
DEHHALKAJ00010fObt_1,1421.1953125,"(1979, 1983)",,,,381331.62423393136,7601.832450234146,6992.693254766677,-3197.6894531249995,,,,,43736.253832554736,,1269.2551002754708,7067.005131320648,-4749.946831202888,15165.048615460986,-18437.2565712924,455216.0763342161,436778.8197629237
DEHHALKAJ00010fObt_3,1195.3046875,"(1979, 1983)",,,,368645.73410014505,6058.5808273729435,5261.274826148625,-2689.435546875,,,,,37146.20975066457,,1038.1388860553304,5648.523924543764,-2699.3076469485463,12445.338877918755,-17735.01848155714,430855.05799902556,413120.0395174684
DEHHALKAJ00010dP,1000.4638671875,"(1949, 1957)",-60115.00217953569,408.3747402411555,4826.401000121319,15541.608829757424,1310.4985393330116,646.0403937944637,-2881.3359375,,,,,30779.79635785398,,908.7105232208515,3570.4466710777842,64125.16781333489,29.27937848115193,-33750.08644922149,114030.21256935355,80280.12612013206
DEHHALKAJ00010o1,4276.961669921875,"(1919, 1948)",-422023.96557573945,2899.1973779634254,33033.03374917586,290690.29426613054,13363.241180495019,20392.18904658583,-12317.649609375001,,,,,131579.2654201965,,4606.267562144176,24535.562148211207,414044.4139329791,11327.966282456793,-234276.18400755973,898221.5502298243,663945.3662222645
DEHHALKAJ00010fubt_0,1692.6552734375,"(1979, 1983)",,,,460643.64289019327,9293.772046276277,8772.39844148123,-3808.4743652343745,,,,,52087.08032552427,,1532.7329890267229,8653.215693985443,-6294.753841885,18295.960535439892,-22176.450627989332,549175.5747148077,526999.1240868183
DEHHALKAJ00010okbt_0,182.5927734375,"(1979, 1983)",,,,57510.30326981186,884.0879571508987,1030.1147858748795,-273.88916015625,,,,,6058.598368622011,,129.1445295861282,843.941328587385,-919.3702646816823,1531.2186685315119,-2455.2924430486046,66794.14948332675,64338.85704027815
DEHHALKAJ00010FF,247.3564453125,"(1958, 1968)",-13729.272146929536,94.3166100897199,1074.629753697605,21361.69576602502,372.19674854882805,158.5401877762402,-643.1267578124999,,,,,7609.83643135193,,199.369294921875,782.550721890797,14639.051770902111,234.7151663700065,-7772.751952885231,44714.82932997431,36942.07737708908
DEHHALKAJ00010jM,2604.0625,"(1860, 1918)",-261431.02392869262,1886.9486705704462,23269.66021193957,155639.60598880073,7963.479492348894,12558.95785507034,-7030.96875,,,,,80113.11277826596,,2797.1666486153135,15206.56052947562,283162.17767082585,8114.739651408162,-149975.4160901746,558524.8318648109,408549.4157746363
DEHHALKAJ00010cybt_1,1439.4677734375,"(1979, 1983)",,,,383166.62253958295,7868.436006569509,7395.1264129568535,-3238.802490234375,,,,,44298.09019433359,,1300.382283105406,7320.157484424898,-5307.084954986887,15522.789566884447,-18531.76794122928,458325.7170426364,439793.94910140714
DEHHALKAJ00010hdbt_1,721.689453125,"(1979, 1983)",,,,194363.6077193468,3939.95915701523,3698.451552696326,-1623.80126953125,,,,,22589.496970459808,,651.523820491148,3666.515737335759,-2631.659885692502,7778.356553040362,-9386.106641339547,232432.45035516168,223046.34371382213
DEHHALKAJ00010hdbt_2,1088.9462890625,"(1979, 1983)",,,,351082.7936165209,5685.651941781338,5100.653535034028,-2450.129150390625,,,,,34044.89835391817,,960.3364676209444,5314.660630062243,-2841.70102028193,11502.883669013961,-16675.51164879241,408400.048043279,391724.53639448655
DEHHALKAJ00010hbbt_0,1676.9248046875,"(1979, 1983)",,,,516960.1431909748,8758.974885023252,7860.9511853546255,-3773.080810546875,,,,,51623.310199336454,,1479.165200282656,8174.298305275711,-4540.305373388429,17710.262443411317,-24712.823060241804,604253.7192257235,579540.8961654818
DEHHALKAJ00010hbbt_1,1140.7744140625,"(1979, 1983)",,,,315077.07396785356,6379.495790174,6126.719717563591,-2566.742431640625,,,,,35181.277556329995,,1043.1580062745948,5946.229189480324,-4548.4236998202705,12443.973545202836,-15063.09981200537,375082.7616414179,360019.66182941257
DEHHALKAJ00010eqbt_1,2533.51318359375,"(1979, 1983)",,,,669792.4742087169,12535.197241643262,9743.705043333666,-6080.431640625,,,,,77951.85752422467,,2245.1516724016756,11558.169792160477,-3798.612692938514,26966.854092537174,-34145.56592975251,800914.3652414543,766768.7993117018
DEHHALKAJ00010ff,5173.162841796875,"(1979, 1983)",,,,1271913.3492406607,24906.75555251887,18620.856553204703,-12415.5908203125,,,,,159150.5853140727,,4523.959191026536,22882.871472220413,-6382.90771456573,54370.33709266182,-66246.24089738933,1537570.2158814874,1471323.974984098
DEHHALKAJ00010Gjbt_0,398.98486328125,"(1979, 1983)",,,,156584.524560399,1977.0908732853832,2334.682793329947,-598.477294921875,,,,,13354.628943546772,,286.1639571186029,1905.0373512392543,-1938.5497338527425,3398.551342181574,-6596.217955847342,177303.65279232588,170707.43483647855
DEHHALKAJ00010cBbt_1,1994.390869140625,"(1979, 1983)",,,,502155.23523132614,10537.474325158222,8909.761243312409,-4786.5380859375,,,,,61364.577287131266,,1826.1209626561122,9730.359082801646,-5096.635402045062,21868.12442836268,-25446.323168648763,606508.4790727658,581062.155904117
DEHHALKAJ00010cBbt_3,488.447265625,"(1979, 1983)",,,,158692.38024626335,2402.881464348795,1852.927332740439,-1172.2734375,,,,,15624.436650441417,,431.6395536138539,2231.5414961130123,-499.41656231592117,5194.248341891345,-7795.169041274049,184758.36508559625,176963.1960443222
DEHHALKAJ00010fBbt_1,222.689453125,"(1979, 1983)",,,,73512.45163295262,1140.750266217894,1372.0323759971932,-334.0341796875,,,,,7448.494595003077,,162.98669151286467,1091.4376679560319,-1280.6043592294309,1928.8419109132292,-3093.4532702959273,85042.35660163598,81948.90333134006
DEHHALKAJ00010cdbt_1,229.90234375,"(1979, 1983)",,,,68519.22193967248,1093.721818104687,1261.052171703563,-344.853515625,,,,,7607.909313111538,,160.901663930123,1040.9294393862683,-1135.478577680522,1907.7229018450269,-2889.3967338475886,80111.12715444817,77221.73042060058
DEHHALKAJ00010kabt_0,894.490966796875,"(1979, 1983)",,,,276491.9068535346,4550.6151518428305,3671.29451497336,-2146.7783203125,,,,,28021.368279173857,,803.6333582638704,4223.571090025631,-1442.438577346771,9653.244382391407,-13608.13442255739,323826.41673254623,310218.28230998886
DEHHALKAJ00010kabt_4,1313.609619140625,"(1979, 1983)",,,,384809.35030392173,6693.311718717228,5410.897077305186,-3152.6630859375,,,,,40514.629662548046,,1181.099269282343,6200.779779549632,-2287.2025739554656,14180.305390417077,-19113.26628085079,453550.50754184823,434437.2412609974
DEHHALKAJ00010X6bt_1,4.0,"(1979, 1983)",,,,3401.554597473892,19.259313166420434,15.727440458695654,-9.0,,,,,147.53341847761635,,3.3850234219609545,19.135743275674898,8.05204585266467,41.293938367903536,-148.24305556702382,3646.941520494828,3498.6984649278043
DEHHALKAJ00010X6bt_2,795.9404296875,"(1979, 1983)",,,,215757.55236303576,4409.42245450509,4197.600621726422,-1790.865966796875,,,,,24835.12957907243,,724.1769548452355,4106.334196992822,-3079.237475431666,8640.961079436176,-10369.346394247408,257801.0738073854,247431.727413138
DEHHALKAJ00010X6bt_3,393.59765625,"(1979, 1983)",,,,110714.20475372198,2180.389596402569,2075.5588498557695,-885.5947265625,,,,,12609.111068902528,,358.1015510153218,2032.762481927626,-1496.1930447264253,4274.07945164535,-5291.480764711454,131862.4199821822,126570.93921747076
DEHHALKAJ00010X6bt_4,4.0,"(1979, 1983)",,,,4792.888187780771,19.758478781735114,16.651267195754105,-9.0,,,,,159.6857355325052,,3.4287963656945415,20.395117912318124,15.679122726894938,42.17877197143487,-204.5880763453867,5061.665478267108,4857.077401921721
DEHHALKAJ00010oH,304.0361328125,"(1919, 1948)",-18750.24613708241,128.80942522455447,1467.635878466337,63084.387745468055,1661.7231492937317,3212.6326090379566,-547.2650390624999,,,,,9355.190735915416,,312.2412352456189,2234.447333425316,16235.122243597416,1334.776657305293,-12944.274072593587,96883.2566702263,83938.98259763271
DEHHALKAJ00010iWbt_1,891.79443359375,"(1979, 1983)",,,,258782.86716175106,4411.755917440847,3428.623430472171,-2140.306640625,,,,,27796.965077817913,,790.2368363977276,4080.736691673106,-1185.1776926878672,9498.368059165214,-12956.759621214209,305464.0688414051,292507.30922019086
DEHHALKAJ00010iWbt_2,5.0,"(1979, 1983)",,,,8289.490588469995,24.735273910952603,19.223171289909928,-12.0,,,,,215.83916927288615,,4.430599735934851,26.703636461239526,37.95963090871929,55.23314975580884,-351.0923634228299,8661.615219805444,8310.522856382615
DEHHALKAJ00010iWbt_3,2456.209716796875,"(1979, 1983)",,,,659747.0814973564,12161.047636495789,9461.816153960757,-5894.9033203125,,,,,75574.1794497165,,2177.3771711253685,11219.344870949022,-3639.0878736205636,26155.08484554035,-33521.70987244669,786961.9404312111,753440.2305587644
DEHHALKAJ00010Vabt_1,459.4697265625,"(1979, 1983)",,,,149688.95902150872,2553.087358626482,2437.339669965746,-1033.806884765625,,,,,14872.912706324227,,418.7161687528445,2391.9085884155093,-1635.8332622012379,5002.826817444937,-7004.772209941646,174696.11018407161,167691.33797412997
DEHHALKAJ00010Vabt_2,2372.40234375,"(1979, 1983)",,,,641768.4698804915,13216.196497533,12647.234964320605,-5337.9052734375,,,,,72996.6083291202,,2164.934204156524,12309.438888077202,-9399.454552062723,25825.965553675393,-30808.234240721373,766191.4884918742,735383.2542511529
DEHHALKAJ00010Vabt_3,391.826171875,"(1979, 1983)",,,,117338.40015283905,2188.6010071984347,2099.5765288789325,-881.60888671875,,,,,12633.323193053935,,358.0704603403318,2044.9766576722636,-1495.285296101096,4274.316793927765,-5546.615236889535,138560.37061109088,133013.75537420134
DEHHALKAJ00010Vabt_4,2371.3291015625,"(1979, 1983)",,,,640098.7450943645,13189.523861712281,12603.21462662846,-5335.490478515625,,,,,72963.52009329115,,2162.140131419508,12283.145251464168,-9344.175158298123,25793.891841496,-30750.827270160007,764414.5152635624,733663.6879934025
DEHHALKAJ00010Vabt_5,339.1162109375,"(1979, 1983)",,,,105097.15858094642,1889.1510923752219,1807.82252691478,-763.011474609375,,,,,11030.730565623402,,309.4602760685511,1767.0092288097248,-1256.4282861466909,3695.4846024305552,-4947.834073796251,123577.37711241258,118629.54303861632
DEHHALKAJ00010Jgbt_0,707.08740234375,"(1979, 1983)",,,,207295.91887890635,3452.2324901845986,2633.7883875468015,-1697.009765625,,,,,22217.397680292896,,622.5507867256492,3192.5913983906858,-793.1785469315116,7487.478620723398,-10387.238841514012,244411.76993021386,234024.53108869985
DEHHALKAJ00010Jgbt_1,1378.45947265625,"(1979, 1983)",,,,364902.0177404061,6717.855440687328,5111.897927400014,-3308.302734375,,,,,42422.33301112751,,1212.5832620916567,6190.193290784508,-1766.6094867105146,14573.5918480514,-18660.42219191351,436055.56029946305,417395.1381075495
DEHHALKAJ00010Jgbt_3,471.495361328125,"(1979, 1983)",,,,60587.77185761384,1636.560689151937,524.6983847414906,-1131.5888671875,,,,,14505.92489242545,,356.77180415020126,1443.8120987778075,894.8461286036522,4327.441986527164,-4173.306208047067,83146.23897480404,78972.93276675697
DEHHALKAJ00010ly,98.435546875,"(2002, 2009)",-3642.3777308392605,25.02220923021583,285.0994169156174,27733.113340506698,559.7128917366139,834.0814905166898,-157.496875,,,,,3028.6658225643687,,85.28322371322035,617.4061192643154,2863.145448577428,1031.6633094008969,-3621.118217221011,36595.574771280226,32974.456554059216
DEHHALKAJ00010m8bt_0,1278.497314453125,"(1979, 1983)",,,,368994.24072495813,6427.440894524221,5105.323315521041,-3068.3935546875,,,,,39425.084068288685,,1141.9031097773359,5948.092505154169,-2009.8926745698634,13715.662326456733,-18430.587988314866,435679.46071542293,417248.8727271081
DEHHALKAJ00010m8bt_1,625.82275390625,"(1979, 1983)",,,,200164.12621364882,3147.4097573708978,2501.2438303013396,-1501.9746093749998,,,,,19871.599026879434,,559.0640639726385,2923.655197163177,-859.8176575098579,6720.599217149347,-9816.714406684407,233525.9050396008,223709.19063291638
DEHHALKAJ00010m8bt_2,971.50390625,"(1979, 1983)",,,,289716.4109796927,4883.014799185829,3877.4580227686088,-2331.609375,,,,,30268.295670635114,,867.6153068105211,4524.020782689966,-1463.3609775764508,10423.919557048132,-14385.378326143873,340765.76476625446,326380.38644011057
DEHHALKAJ00010hZ,106.029052734375,"(1949, 1957)",-692.138548293238,1.1501882775270604,149.01272489876686,4127.365821780477,10.890074111940617,23.519850554479895,,,,,,3262.72866130008,,12.143073531420548,54.71717543659801,1091.3202534912873,5.901923000511365,-252.64240996493592,8588.586833206795,8335.94442324186
DEHHALKAJ00010ehbt_0,759.65478515625,"(1979, 1983)",,,,208924.12129706304,3648.3010887298005,2549.3627535509295,-1899.136962890625,,,,,23674.941945811206,,677.8371766681328,3352.5321965615194,-414.10255803419136,8164.806571546954,-10817.378892573972,248678.66350900676,237861.2846164328
DEHHALKAJ00010ehbt_1,1291.32861328125,"(1979, 1983)",,,,333207.9441343695,6207.930711205578,4345.1534951372905,-3228.321533203125,,,,,39740.604045224056,,1152.793647056333,5692.664640513396,-865.085959131781,13878.927374746778,-17491.193041595292,400132.6105559181,382641.4175143228
DEHHALKAJ00010ehbt_2,547.47509765625,"(1979, 1983)",,,,178549.33693446335,2759.9713680123346,2079.152939773248,-1368.687744140625,,,,,17443.658360797726,,499.96961426563746,2557.7866733860083,-494.9890297859779,6018.628655107277,-8855.064735077696,208044.827771879,199189.7630368013
DEHHALKAJ00010ehbt_4,639.02783203125,"(1979, 1983)",,,,202513.93835368846,3226.028065031864,2435.198840639301,-1597.569580078125,,,,,20227.45613442128,,583.9740150414046,2986.575229740998,-629.3006532128313,7027.762777028799,-10093.127561734247,236774.06318230115,226680.9356205669
DEHHALKAJ00010iqbt_1,604.5029296875,"(1979, 1983)",,,,169839.12038508704,3372.467876663222,3231.6602777384137,-1360.131591796875,,,,,19134.13013244096,,552.0683119784585,3144.7752537735496,-2368.074998610672,6587.176128068084,-8104.153086921768,202133.1917753422,194029.03868842043
DEHHALKAJ00010iqbt_4,345.7353515625,"(1979, 1983)",,,,99586.89142779355,1928.395643253207,1847.496405215956,-777.904541015625,,,,,11144.233921426352,,315.70845111951496,1799.5562967996218,-1337.1490488356444,3767.717990391739,-4735.066547729419,118274.94654614868,113539.87999841926
DEHHALKAJ00010iqbt_8,612.8671875,"(1979, 1983)",,,,217697.10431517725,3225.9052225014757,2918.7637790651706,-1378.951171875,,,,,19741.815157520236,,542.7626267022058,3027.4225213515183,-1543.5457065686599,6504.823046996895,-10187.789213872184,250736.09979087109,240548.3105769989
DEHHALKAJ000110R,2387.9169921875,"(1958, 1968)",-154628.76892777695,1062.2603406456742,12103.240003482882,104843.768134596,3730.759724827148,1684.2134559468327,-7402.542675781249,,,,,73463.46433538363,,2294.7882294921874,8990.67223358262,162594.95459096142,1134.6631734638506,-86722.27410753685,351334.7412024724,264612.4670949356
DEHHALKAJ000110Zbt_0,2490.48486328125,"(1979, 1983)",,,,633323.4944056515,14142.18377629565,12395.216961887403,-6226.212158203125,,,,,76625.40972034795,,2413.54555492087,13065.627696035619,-8021.776663243905,28860.289677551496,-32023.94569860567,766577.7789712435,734553.8332726379
DEHHALKAJ000110Zbt_1,352.04150390625,"(1979, 1983)",,,,111451.57565393148,2001.608296597859,1756.8320531092058,-880.103759765625,,,,,11303.195366614224,,341.38899859765263,1861.6039074773073,-998.2709602004659,4088.339412497827,-5418.033662134942,130926.16896885946,125508.13530672452
DEHHALKAJ000110Zbt_4,6.0,"(1979, 1983)",,,,8510.037780154054,31.506771387340443,25.116606279843335,-15.0,,,,,248.77005917317118,,5.589784549229285,32.91062409243541,33.666417050315424,69.0732948598608,-363.1037071366917,8941.671337546251,8578.56763040956
DEHHALKAJ000110Zbt_5,6.0,"(1979, 1983)",,,,8508.303965287716,31.506771387340443,25.116606279843335,-15.0,,,,,248.75098581008123,,5.589784549229285,32.90965450627965,33.65510826833341,69.07279313981657,-363.0331109911566,8939.90566922864,8576.872558237483
DEHHALKAJ000110Zbt_6,6.0,"(1979, 1983)",,,,8508.303963462819,31.506771387340443,25.116606279843335,-15.0,,,,,248.7509469742844,,5.589784549229285,32.90965450525912,33.65510825643054,69.07279313928849,-363.0331109168518,8939.905628554494,8576.872517637643
DEHHALKAJ000110Zbt_7,6.0,"(1979, 1983)",,,,8508.303961120133,31.506771387340443,25.116606279843335,-15.0,,,,,248.7510025326131,,5.589784549229285,32.90965450394904,33.65510824115041,69.07279313861058,-363.0331108214642,8939.905681752867,8576.872570931402
DEHHALKAJ00010rBbt_1,414.8388671875,"(1979, 1983)",,,,123715.6525543929,2185.8249435208545,1842.1523709863698,-995.61328125,,,,,13292.254349588471,,379.31218023562894,2028.9312349910117,-917.0514127412886,4548.410522669865,-6081.04334743752,146079.87346239382,139998.8301149563
DEHHALKAJ00010rBbt_2,3011.002197265625,"(1979, 1983)",,,,729564.2433842013,15902.189889827227,13439.15360935737,-7226.4052734375,,,,,92638.98312029315,,2756.379845396348,14667.926059956193,-7861.6712535038805,33000.43235136086,-37258.49328390157,886881.2317334512,849622.7384495497
DEHHALKAJ00010rBbt_3,1498.038330078125,"(1979, 1983)",,,,361606.9379580324,7896.890329726533,6658.8934669245955,-3595.2919921874995,,,,,46094.34219859725,,1370.0611764275334,7282.582155821146,-3877.3636666591183,16403.740174310296,-18490.316884333886,439840.79180099315,421350.47491665924
DEHHALKAJ00010sRbt_1,1318.09375,"(1979, 1983)",,,,359786.00530883076,7235.872484062618,6828.753378266887,-2965.7109375,,,,,40565.75208341756,,1193.444807309214,6737.7115466936575,-4890.976052680669,14246.355600967472,-17313.74388872321,428737.2082193674,411423.46433064423
DEHHALKAJ00010sRbt_3,708.7021484375,"(1979, 1983)",,,,193782.8762826191,3895.8273761242,3681.4406820375075,-1594.579833984375,,,,,22232.608645120345,,642.1467626266905,3627.9784599268605,-2642.9257889884834,7665.085351585386,-9319.544823742344,231290.45793706723,221970.91311332487
DEHHALKAJ00010sRbt_4,4.0,"(1979, 1983)",,,,5719.455762808315,19.168057114869395,15.558549057215437,-9.0,,,,,166.9703905320257,,3.3770209757039646,20.34397093963433,23.43521874975049,41.87651965963269,-242.67756451585342,6001.185489837147,5758.507925321293
DEHHALKAJ00010xObt_1,1.0,"(1979, 1983)",,,,3630.6932923571553,3.561978012180579,6.592302080727791,,,,,,60.02009453327063,,0.31235777930970093,5.46493293711843,13.349297080536203,4.491672475756266,-145.64654026575505,3724.4859272560557,3578.8393869903007
DEHHALKAJ00010xObt_2,81.954345703125,"(1979, 1983)",,,,37577.338843183956,420.6535363501532,778.5211400698657,,,,,,2973.3996919011697,,36.88804479527629,426.6215099226897,-975.0468343329557,417.2459104178267,-1271.977375306876,41655.621842307984,40383.64446700111
DEHHALKAJ00010wzbt_0,1988.42041015625,"(1979, 1983)",,,,536762.8840528255,9885.609428338405,7735.037172432256,-4772.208984375,,,,,61183.81647712028,,1766.2570303165044,9123.29217417582,-3046.5505940790968,21213.849680779997,-27221.044567774843,639851.9864375347,612630.9418697598
DEHHALKAJ00010wzbt_1,5.0,"(1979, 1983)",,,,7121.468975922182,24.857945980250715,19.450205632883332,-12.0,,,,,210.15502052805897,,4.441357122706542,26.168738223289267,29.98540542959407,55.01366253339717,-303.4584957355968,7479.541311372362,7176.082815636765
DEHHALKAJ00010wzbt_2,486.0595703125,"(1979, 1983)",,,,159887.55649796873,2419.9788069365877,1897.2513603466955,-1166.54296875,,,,,15573.104352711069,,432.05889897977767,2249.5469041806646,-567.7830225317584,5197.291614307992,-7819.618716816812,185922.46244414977,178102.84372733295
DEHHALKAJ00010wzbt_3,1299.879150390625,"(1979, 1983)",,,,369493.96926007385,6466.224739514057,5063.541402612693,-3119.7099609375,,,,,40054.13346304284,,1154.9751922754804,5978.1457051346315,-1881.198677941032,13877.027394999557,-18550.053923009847,437087.10851877456,418537.0545957647
DEHHALKAJ00010wzbt_4,5.0,"(1979, 1983)",,,,7740.766894188482,24.87240732175334,19.476969844046863,-12.0,,,,,211.8096666134117,,4.4426252699275945,26.52900687667276,33.98282054093585,55.2068412959505,-328.6657220280045,8105.087231951181,7776.421509923176
DEHHALKAJ00010wzbt_6,1608.26904296875,"(1979, 1983)",,,,440179.09731030045,7965.33775308775,6200.12702402615,-3859.845703125,,,,,49490.87872811024,,1425.9210225165298,7353.222034681827,-2336.8017032771013,17130.59154060461,-22281.219382324816,523548.5280069254,501267.3086246006
DEHHALKAJ00010wzbt_7,403.917236328125,"(1979, 1983)",,,,138558.77512884326,2012.9446524425134,1580.201303426704,-969.4013671875,,,,,13042.795950788193,,359.21205051338006,1874.4288598395233,-440.3147258392705,4322.482862811805,-6728.692830547714,160341.1247156386,153612.4318850909
DEHHALKAJ00011DGbt_2,105.087890625,"(1979, 1983)",,,,53094.00526332215,546.04819752807,1010.5942980086716,,,,,,3870.8879803875343,,47.88418170821824,556.2082636674444,-1237.558414055816,542.8734381270591,-1826.844388547283,58430.94320869334,56604.09882014606
DEHHALKAJ00011GYbt_1,1205.1611328125,"(1979, 1983)",,,,306638.79064306983,6437.122244457489,5912.780635461227,-2711.612548828125,,,,,37087.840829334404,,1075.513481954782,5975.555631072019,-4098.916811057727,12846.566858497154,-15031.152709922957,369163.6409639611,354132.48825403815
DEHHALKAJ00011GYbt_3,993.84375,"(1979, 1983)",,,,363121.88023308094,5408.524169373938,5061.290831070759,-2236.1484375,,,,,31561.59582057051,,895.7079161083097,5085.963845712353,-2951.472007459867,10722.617876038126,-16823.203731122027,416669.96024699515,399846.75651587313
DEHHALKAJ00011HI,1142.5439453125,"(1919, 1948)",-112739.12741288135,774.4891504997973,8824.41686836856,92685.13756913651,3892.3732663804876,6144.133014096077,-3290.5265624999997,,,,,35150.37296823009,,1263.0050858127986,6896.6418930708105,109970.90428028113,3261.4036812940485,-63356.44730961254,255973.44519580193,192616.9978861894
DEHHALKAJ0001117bt_1,2294.560546875,"(1979, 1983)",,,,616300.7950965789,12625.796494326503,11942.142475741965,-5162.76123046875,,,,,70601.85006882827,,2080.153235165647,11751.931468123184,-8665.119933421356,24825.86743909869,-29713.965784924607,736300.655113973,706586.6893290484
DEHHALKAJ00011Bybt_1,1177.96875,"(1979, 1983)",,,,328309.0582018099,6606.439921844073,6361.53876522408,-2650.4296875,,,,,36318.500649194626,,1078.830862415382,6160.024070366089,-4732.371269663697,12868.859819124591,-15663.086977849478,390320.45133281505,374657.36435496557
DEHHALKAJ00011Bybt_2,1255.4970703125,"(1979, 1983)",,,,336991.72598450613,6910.39483465171,6538.056157870295,-2824.8684082031245,,,,,38642.159981262754,,1138.3598995671473,6432.050302027495,-4748.59563718879,13585.67980119532,-16247.95900805878,402664.9629156889,386417.00390763016
DEHHALKAJ00011Bybt_9,4.0,"(1979, 1983)",,,,6475.1406716826905,19.077299730266724,15.390580559568445,-9.0,,,,,171.81572458495174,,3.3690622586614944,20.679054871257186,28.627412646007024,42.00751873112017,-273.5026427446071,6767.107325064523,6493.604682319916
DEHHALKAJ00011CJbt_0,1104.828125,"(1979, 1983)",,,,294849.30020776927,6074.07178227759,5740.440466117686,-2485.86328125,,,,,34052.01099177913,,1001.1322879947186,5652.432197873495,-4169.448029463429,11948.019407917283,-14233.136202832846,352662.09603101574,338428.9598281829
DEHHALKAJ00011CJbt_1,261.1923828125,"(1979, 1983)",,,,74344.32915746553,1436.6223619643886,1358.3026300584247,-587.682861328125,,,,,8449.249754321867,,236.7347618864439,1339.5135031054483,-957.3301528275388,2826.602436100565,-3553.3436260998324,88446.34159074702,84892.99796464719
DEHHALKAJ00011CJbt_2,285.40625,"(1979, 1983)",,,,81484.4733298754,1570.4094597216545,1485.3436782699455,-642.1640624999999,,,,,9221.575347217109,,258.73432527833586,1464.41519094182,-1046.2161578489156,3089.2990240205654,-3892.4853554771535,96885.8701349759,92993.38477949875
DEHHALKAJ00011CJbt_3,636.2822265625,"(1979, 1983)",,,,173340.432058196,3502.564415488495,3314.2016860201866,-1431.635009765625,,,,,20030.12624950984,,576.9522327322422,3261.554885193805,-2391.0662112549885,6886.304823341031,-8338.167010576302,207089.43512946097,198751.26811888468
DEHHALKAJ00010skbt_1,252.74462890625,"(1979, 1983)",,,,67664.39489451556,1146.3044065342065,1282.545613927291,-379.116943359375,,,,,8247.124959938252,,171.97000093822135,1086.8259032267838,-1125.8304112107805,2041.235672191481,-2959.9104418556835,80135.45409670164,77175.54365484595
DEHHALKAJ00010s4bt_0,995.003662109375,"(1979, 1983)",,,,269945.512435715,4749.569336797813,3505.675650170278,-2388.0087890625,,,,,30811.431643780383,,866.5421568249853,4375.914200962273,-943.7472410211421,10425.294907823783,-13797.316551959953,321348.1843019909,307550.86775003094
DEHHALKAJ00010s4bt_2,831.597900390625,"(1979, 1983)",,,,227452.34553439813,3974.5414617916954,2939.1613566989136,-1995.8349609375,,,,,25884.985845995012,,724.6695332291312,3663.1007286709264,-791.1985615813683,8718.526873612707,-11603.25982830143,270570.2978118777,258967.03798357624
DEHHALKAJ00011Ax,1093.4267578125,"(1958, 1968)",-70804.48525907617,486.4088174023931,5542.071403374686,50949.24116493624,1708.3142016416016,771.201036143693,-3389.62294921875,,,,,33639.261024911626,,1050.7831142578127,4117.092899175195,74502.69986504765,520.6154739767159,-39730.38977480688,163869.58583087177,124139.19605606489
DEHHALKAJ000115e,149.48486328125,"(1919, 1948)",,,,44236.7116164506,887.0564220691853,1915.821165769918,,,,,,4600.075775285996,,89.35971328793262,1021.9845569884752,-2134.053697127452,1028.6348759736309,-1969.539621594306,51645.59042869829,49676.05080710399
DEHHALKAJ00010zfbt_1,256.90185546875,"(1979, 1983)",,,,86193.2774167323,1379.8689835884993,1701.0137501155698,-385.352783203125,,,,,8591.062689833014,,193.62699892338577,1321.4716991953735,-1653.5389668592093,2287.2705141291426,-3586.00104975895,99628.70030245493,96042.69925269598
DEHHALKAJ00010qrbt_0,159.330810546875,"(1979, 1983)",,,,83408.76295261651,987.044731752905,1826.7650773404619,,,,,,5911.137395111737,,86.55614926183509,998.3837465696602,-2318.9820734110704,977.6700875919001,-2790.6292649451775,91877.33806683394,89086.70880188876
DEHHALKAJ00011Abbt_1,1938.90380859375,"(1979, 1983)",,,,545706.0413526595,9864.32654826689,7958.635056631973,-4653.369140625,,,,,59662.58936112203,,1741.9942439665424,9125.424989177203,-3477.491901079858,20909.28610032188,-27313.59938563672,646837.4366104411,619523.8372248043
DEHHALKAJ00011Abbt_2,562.493896484375,"(1979, 1983)",,,,189908.47818043694,2873.569185762398,2330.780702856517,-1349.9853515625,,,,,18002.71182335135,,506.4066247155977,2676.4517347824903,-837.1145926750486,6086.554553445115,-9203.09052292346,220197.85286111286,210994.7623381894
DEHHALKAJ000114Zbt_0,198.94482421875,"(1979, 1983)",,,,69862.52314655078,1041.6855342867188,1267.5077481632927,-298.417236328125,,,,,6700.106773345094,,147.58714963252174,998.0314757227454,-1195.418573605016,1745.6944674224915,-2837.701684764302,80269.30048519051,77431.59880042622
DEHHALKAJ00010r3bt_0,140.15673828125,"(1979, 1983)",,,,45774.204888303255,533.4540620802507,522.0453667540382,-210.235107421875,,,,,4657.88776941973,,86.40048110313624,508.7415300913665,-274.00742673599717,1035.5864331881053,-2040.0795008042996,52634.077996782,50593.9984959777
DEHHALKAJ00010vLbt_1,1336.854248046875,"(1979, 1983)",,,,313696.15580932103,6930.947563360882,5727.2454427050425,-3208.4501953125,,,,,41135.352383631114,,1212.4516706213512,6381.86079856314,-3181.6628244457183,14523.829834721364,-16205.565936587387,383217.7304831657,367012.1645465783
DEHHALKAJ00010wv,2941.11328125,"(1969, 1978)",,,,922420.6955004119,13408.315601000977,3252.6315883300786,-21927.83770751953,,,,,90482.36183576421,,6797.629689331055,28075.774821983232,18445.6597858388,14771.836402375298,-50199.00903429502,1075727.067517516,1025528.058483221
DEHHALKAJ000117Ibt_1,329.611328125,"(1979, 1983)",,,,95424.09799863525,1782.2890827597414,1657.3747095421957,-741.62548828125,,,,,10623.857763552596,,296.0589260985813,1660.710175082093,-1120.6741566587082,3537.427880797276,-4493.551269534234,113119.51689152778,108625.96562199354
DEHHALKAJ000117Ibt_3,1416.3837890625,"(1979, 1983)",,,,363541.3679801407,7658.733632136055,7121.959928839251,-3186.863525390625,,,,,43585.818375432,,1272.2046475728457,7114.69630290283,-5067.646435529186,15189.273017789927,-17736.929639225782,437229.5439238938,419492.61428466806
DEHHALKAJ00011CDbt_0,1044.607421875,"(1979, 1983)",,,,299269.60628968093,5778.675667316189,5493.586072339031,-2350.36669921875,,,,,32412.164694899577,,949.6927890629124,5390.201374997969,-3912.028445644539,11337.171182865328,-14269.803658642282,354368.70292629866,340098.8992676564
DEHHALKAJ00011CDbt_2,1332.087890625,"(1979, 1983)",,,,413641.29234013474,6848.039800641369,6041.296318508201,-2997.19775390625,,,,,41219.40536943008,,1165.36887144108,6389.190756902775,-3268.7712439792913,13963.207243347155,-19819.93133723951,483001.83170251985,463181.90036528034
DEHHALKAJ00011Dtbt_0,504.1650390625,"(1979, 1983)",,,,168655.35698562535,2542.5537185407497,2027.9461610135447,-1209.99609375,,,,,16166.600321940903,,450.99690013233317,2366.1858487404124,-664.6628146226145,5423.03264741844,-8205.498487782112,195758.0136750391,187552.515187257
DEHHALKAJ00011Dtbt_1,1554.345703125,"(1979, 1983)",,,,444090.2463352682,7845.538650678422,6264.801376746317,-3730.4296875,,,,,47836.66386226382,,1391.0259541445323,7259.119434735301,-2563.845659837299,16703.895079097878,-22203.99191113526,525097.0153455972,502893.0234344619
DEHHALKAJ00011Hqbt_0,145.064453125,"(1979, 1983)",,,,50482.55778116154,575.0286835619578,582.6984478816771,-217.59667968749997,,,,,4850.6786609319115,,91.43360705254773,550.3685724620116,-329.75606155310163,1094.8650195690404,-2223.9171592202333,57680.27803138007,55456.360872159836
DEHHALKAJ00011Hqbt_2,2.0,"(1979, 1983)",,,,5176.330950399207,7.889508774625125,7.962585384024367,-3.0,,,,,105.31464862485981,,1.2572257122461838,10.056389234193592,24.787917728785292,16.354271458335354,-213.11125851579607,5346.953497316276,5133.84223880048
DEHHALKAJ00011a1,2523.326171875,"(1969, 1978)",-23342.449318010607,160.35669388039807,1827.080874562062,856356.1993965285,12956.066803520996,3264.4998965995264,-21086.07001668294,,,,,77629.2972607369,,6536.681705171712,26981.25126132118,41240.817254958114,14965.675088698266,-59057.91331669499,1018844.4186508523,959786.5053341573
DEHHALKAJ00011Y3bt_1,836.881103515625,"(1979, 1983)",,,,245617.9575808222,4123.654062398051,3187.0707457654403,-2008.5146484375,,,,,26174.044807155213,,740.1351508089169,3815.154894843929,-1046.4386099045919,8898.411649058322,-12281.803916800647,289501.47563251,277219.6717157093
DEHHALKAJ00011WCbt_0,2063.052734375,"(1979, 1983)",,,,550263.3811919027,11338.552977272848,10712.497772730867,-4641.86865234375,,,,,63479.74954373708,,1869.1050694999676,10551.177721913524,-7777.219271564445,22307.045892010203,-26567.188609830388,658102.422245159,631535.2336353287
DEHHALKAJ00011WCbt_1,413.025390625,"(1979, 1983)",,,,118517.14515164949,2269.990579750798,2144.6536501123496,-929.30712890625,,,,,13252.899495595528,,374.19685817350904,2117.028835494426,-1502.5200447953898,4468.312108549748,-5658.9243853551,140712.3995056242,135053.4751202691
DEHHALKAJ00017sUbt_0,373.480224609375,"(1979, 1983)",,,,130169.31126399577,1858.0194484159647,1455.12836347767,-896.3525390625,,,,,12099.90178835549,,331.85960233105715,1731.2046495802888,-384.3539335081805,3994.227080684209,-6307.177544167437,150358.94572426978,144051.76818010234
DEHHALKAJ00017sUbt_1,1653.33251953125,"(1979, 1983)",,,,458473.8324000929,8213.094393322728,6419.324561524211,-3967.998046875,,,,,50877.70161030448,,1468.0296409051505,7586.281991247204,-2434.6627624428793,17636.048139885737,-23133.177700736887,544271.6519279645,521138.4742272276
DEHHALKAJ00017sUbt_3,5.0,"(1979, 1983)",,,,7601.747236935052,24.832015298935662,19.402214633555616,-12.0,,,,,212.0720362561809,,4.439083203551549,26.412316859349843,33.193227666532415,55.127592011170734,-323.03000633598066,7965.2257228643275,7642.195716528347
DEHHALKAJ00017sUbt_4,2488.223876953125,"(1979, 1983)",,,,674086.6311564487,12357.522675935401,9655.410743396482,-5971.7373046875,,,,,76559.3269764867,,2209.086563771707,11405.397891462373,-3759.208423557027,26534.329799000006,-34169.071795647724,803076.7600782571,768907.6882826093
DEHHALKAJ00017sUbt_6,1356.22802734375,"(1979, 1983)",,,,383833.488533,6740.714951065867,5272.278132856674,-3254.947265625,,,,,41761.0084266894,,1204.5325428497167,6230.747801949299,-1956.8202210680267,14472.482817396654,-19289.43927083376,454303.4857191146,435014.04644828086
DEHHALKAJ00017yRbt_1,1847.21923828125,"(1979, 1983)",,,,464862.45246931084,9769.649044020116,8270.356203120557,-4433.326171875,,,,,56837.23023509591,,1692.222675586237,9021.611090620461,-4750.410547191088,20263.778881294376,-23552.913723365036,561533.5638799826,537980.6501566175
DEHHALKAJ00017yRbt_3,706.64306640625,"(1979, 1983)",,,,211693.89787660996,3481.4953515815455,2690.3062993257486,-1695.943359375,,,,,22238.647891630404,,624.9159382666297,3223.425430448317,-854.3168655552639,7514.448925414154,-10545.805592183537,248916.8774883465,238371.07189616296
DEHHALKAJ00017vfbt_0,248.3125,"(1979, 1983)",,,,79660.6479695317,1295.5338276441194,1573.4429018251851,-372.46874999999994,,,,,8275.077152012882,,183.80334883690412,1238.4137629580869,-1511.2633852520046,2172.8374209544945,-3340.889893942017,92516.02424851136,89175.13435456934
DEHHALKAJ000180Rbt_1,214.2158203125,"(1979, 1983)",,,,62501.91698738452,976.7941650030546,1096.7195721253029,-321.32373046874994,,,,,7072.83923908615,,146.21361700543383,929.0767694064285,-935.7831058105768,1736.6138885983073,-2715.276843368344,73203.06740232986,70487.79055896153
DEHHALKAJ0001806bt_0,556.5517578125,"(1979, 1983)",,,,148487.28623360922,3061.0328194713697,2894.030171719868,-1252.241455078125,,,,,17547.80614429308,,504.42500677248216,2848.5660060029313,-2104.232953420184,6019.950731587285,-7167.412434777327,178006.62270495793,170839.2102701806
DEHHALKAJ0001806bt_1,366.37890625,"(1979, 1983)",,,,142973.13519245986,1890.2979495875388,1674.2001637630028,-824.3525390625,,,,,12054.19524040197,,321.12112483675907,1780.1841186461504,-728.2989530562551,3855.4813969326174,-6636.258318351655,162995.96369450918,156359.7053761575
DEHHALKAJ00018Lp,2077.3017578125,"(1969, 1978)",-19216.42613642842,132.01196333141087,1504.1251324132768,578938.5410666277,10797.288189335583,2731.160042235097,-17635.171933568683,,,,,63907.491052372505,,5466.903299406292,22534.532365179006,32133.272308541058,12881.23869969874,-48621.15764565247,711755.2550898273,663134.0974441749
DEHHALKAJ000180bbt_1,1550.853515625,"(1979, 1983)",,,,415878.4163023017,8466.853734588847,7948.03748968725,-3489.4204101562495,,,,,47724.38745608119,,1400.0900788553945,7878.235536683525,-5667.488295235972,16714.74036078013,-20096.851516622228,496853.8522535858,476757.0007369636
DEHHALKAJ000180bbt_2,955.904296875,"(1979, 1983)",,,,256734.82721883687,5218.740380289178,4898.956033931924,-2150.78466796875,,,,,29624.589813859933,,862.9777789493987,4856.154888162166,-3490.6872393469926,10302.630677621204,-12403.386682771868,306857.404884335,294454.01820156316
DEHHALKAJ00018E7,136.772216796875,"(1949, 1957)",-783.531163191486,1.302063526446117,168.68893367978933,4672.358953609858,12.328041050756894,26.6255013659981,,,,,,4208.79563915549,,13.746491294634108,61.942240064667565,1235.4223438949145,6.681235433368844,-286.0022777801704,10237.900445869687,9951.898168089518
DEHHALKAJ00018EGbt_0,1460.2978515625,"(1979, 1983)",,,,408129.0151579125,8072.594711324332,7669.255520070174,-3285.670166015625,,,,,44941.213055688735,,1327.11805162226,7524.01124724413,-5519.145386199437,15840.265291011408,-19535.17409837492,484698.65748265845,465163.48338428355
DEHHALKAJ00018EGbt_1,663.84765625,"(1979, 1983)",,,,179198.5955494762,3668.4566862486977,3483.9732102111802,-1493.6572265625,,,,,20832.172986518937,,603.1883427853385,3415.576295621671,-2546.473706350095,7197.831341644578,-8623.475822375927,214359.663479594,205736.18765721808
DEHHALKAJ00018EGbt_2,472.4892578125,"(1979, 1983)",,,,135471.30349065145,2611.0002207346806,2479.695304838721,-1063.100830078125,,,,,15107.628302208966,,429.3153854210002,2435.44767694861,-1760.7267260789122,5125.303823775565,-6460.503722911278,160835.86664842194,154375.36292551068
DEHHALKAJ00018Hd,246.56689453125,"(1969, 1978)",-4561.816306782303,31.33851855387224,357.0665277596341,77419.42319158872,1306.2727739888667,346.9119818307473,-2267.5956069002395,,,,,7586.114437222285,,702.9546381390743,2903.0804473357016,6297.952563298723,1855.9810278442192,-7305.037218286039,96151.09545434809,88846.05823606205
DEHHALKAJ00018G8bt_0,769.710693359375,"(1979, 1983)",,,,219292.44325254692,3720.441421770914,2797.5761275465848,-1847.3056640625,,,,,24075.995936898245,,674.3952460481892,3435.5897327216967,-796.0430100559022,8112.502943417627,-11071.145466284119,259465.59598683182,248394.4505205477
DEHHALKAJ00018G8bt_1,1081.70166015625,"(1979, 1983)",,,,291867.36745177535,5214.659045930257,3905.9760262642267,-2596.083984375,,,,,33403.97949968765,,946.5405606994468,4805.7187625603965,-1185.048665083989,11382.726983127919,-14902.962005804497,347745.83568058634,332842.8736747819
DEHHALKAJ00018G8bt_2,958.86962890625,"(1979, 1983)",,,,262029.249896863,4623.180753380848,3463.674010190289,-2301.287109375,,,,,29719.15956181278,,839.115375892774,4262.5015820671015,-1030.8678516836512,10091.770732487403,-13344.812775386132,311696.4969516356,298351.68417624943
DEHHALKAJ00018B7,104.38818359375,"(1969, 1978)",-3862.6411632320724,26.535363026548893,302.34007145052027,52470.911584670685,675.4130042751948,194.49646924372558,-1328.0453437366064,,,,,3212.0420957043484,,411.694056558348,1702.646868506387,4994.254240968106,1333.6915553035378,-4968.707738936359,63667.10453149372,58698.39679255736
DEHHALKAJ00018K3bt_0,124.58349609375,"(1979, 1983)",,,,38982.559765294485,437.67535792876254,810.0241390852215,,,,,,4320.253392884551,,38.38072621271308,443.82031883572444,-1015.254668800903,434.09646172415484,-1318.7513191303299,44451.55549316471,43132.80417403438
DEHHALKAJ0001813bt_1,774.5078125,"(1979, 1983)",,,,214621.91681478554,4252.355633485154,4013.6265677357646,-1742.642578125,,,,,24235.735971319664,,701.3152820652223,3959.8358816803416,-2873.0264042940985,8371.912749826733,-10189.077678848202,255541.02991847933,245351.95223963112
DEHHALKAJ00018yQbt_0,330.62255859375,"(1979, 1983)",,,,118540.82836522101,1636.8609257131745,1273.441824713932,-793.494140625,,,,,10752.52282200953,,293.0811239323156,1526.7329535456329,-295.6170437752403,3529.161354564302,-5723.012768722261,136463.51818529968,130740.50541657742
DEHHALKAJ00018yQbt_1,1061.65771484375,"(1979, 1983)",,,,300339.0501135802,5247.631800919118,4073.4552337524906,-2547.978515625,,,,,32872.98462923372,,940.3661043611341,4849.395579535712,-1448.4757713692468,11301.021827510034,-15112.455731484191,355627.45100189815,340514.995270414
DEHHALKAJ00018yQbt_3,1544.0771484375,"(1979, 1983)",,,,418920.34159301297,7623.234636455765,5907.911207468178,-3705.7851562499995,,,,,47515.933035934,,1366.8871356088846,7034.352175159667,-2197.468041308475,16422.422821545108,-21256.49686146822,498887.8294076261,477631.3325461579
DEHHALKAJ00018yQbt_4,515.04638671875,"(1979, 1983)",,,,164584.39487298863,2546.318936163374,1977.1228178073582,-1236.111328125,,,,,16436.847640471766,,456.24873252489317,2363.660496562852,-581.0525961745554,5488.470847988134,-8099.980899371756,192035.90042020747,183935.9195208357
DEHHALKAJ000181abt_0,243.458984375,"(1979, 1983)",,,,75507.97472019834,1263.7768637717595,1530.779860849003,-365.18847656249994,,,,,8070.164819717032,,179.64647663246348,1206.551888223146,-1479.9904163368572,2123.400032316803,-3173.8496364331145,88037.11576880916,84863.26613237605
DEHHALKAJ00018BE,623.3798828125,"(1995, 2001)",,,,156223.11242405494,3125.687577317397,3674.220440027426,-997.4078125,,,,,19178.72739651071,,464.4961440846939,3042.7287662324957,-2897.1939097139075,7155.193074738115,-11553.488938822025,188969.5641007519,177416.07516192985
DEHHALKAJ00018L7bt_0,206.03759765625,"(1979, 1983)",,,,64167.17859578809,1017.536788469266,1199.2706889388564,-309.056396484375,,,,,6852.699463721696,,147.47453830909453,971.115616118797,-1099.9772122171732,1746.8715565881048,-2728.7039217982237,74693.11363923235,71964.40971743413
DEHHALKAJ00019u9bt_1,2924.953125,"(1979, 1983)",,,,776614.545916562,15981.85025205019,15014.516154154271,-6581.14453125,,,,,89995.10179283528,,2641.760217855125,14866.899834033364,-10777.62687288298,31534.908689524884,-37579.865387851474,929290.8114528821,891710.9460650306
DEHHALKAJ00019u9bt_3,4.0,"(1979, 1983)",,,,4679.859276218422,19.186507791958952,15.592696499044772,-9.0,,,,,158.66595025879818,,3.3786389566411703,19.780397196773357,16.60094805120506,41.593512267305115,-200.33675180216613,4945.657927240149,4745.321175437983
DEHHALKAJ0001A8nbt_0,776.5625,"(1979, 1983)",,,,221255.1690088993,4261.313207956944,4019.9741404515767,-1747.265625,,,,,24362.324796898472,,702.9720466964018,3973.073631212991,-2815.9295872278058,8394.325630795669,-10579.62747046897,262405.9572506835,251826.32978021455
DEHHALKAsT0000Edbt_1,241.58935546875,"(1979, 1983)",,,,59150.26201315266,1041.6785231273143,1125.9392496758596,-362.384033203125,,,,,7828.156427113894,,159.64165613474864,983.6666431015682,-955.4695037441946,1897.3454878057778,-2637.3474131733637,70868.8364631645,68231.48904999113
