building_name,net_leased_area ,building_age_group,a1,a2,a3,a1_a3,a4,a5,b1,b2,b3,b4,b5,b6,b7,c1,c2,c3,c4,d,sum,sum with d
DEHHALKA10000t7C,1350.308837890625,"(2002, 2009)",0.5136093469341585,0.28158777734832957,8.562089166016913,434.5639907283842,19.963465590396023,1.7886859794863956,,,,,,51.26556804822569,,12.3675548640636,22.89357294400471,16.151896161755783,49.21042704904755,-42.769687434915454,608.205161365364,565.4354739304486
DEHHALKA10000t7F,1348.009033203125,"(2002, 2009)",0.5127345832130914,0.28110818566373386,8.547506477785706,477.7008498110071,20.039945863123126,1.791048298602008,,,,,,51.17825519535514,,12.352723098618183,23.032423524612593,16.244456330403857,49.35436924120088,-56.87548234132057,651.6940713629228,594.8185890216023
DEHHALKA10000t79,1348.662109375,"(2002, 2009)",0.5129829901084051,0.2812443754467799,8.551647527787669,475.8895192737676,19.945071629147893,1.7867960230341766,,,,,,51.20304970832069,,12.352808131287144,22.95739930640542,16.20759482000227,49.27375200554226,-56.675974709158595,649.6159908975073,592.9400161883487
DEHHALKA3Aw000Dnbt_1,603.001953125,"(1979, 1983)",,,,263.55915112389096,8.473687877080023,0.6439224354834882,,,,,,23.14488713718147,,4.400036068020662,9.23843836181849,6.607122093415633,20.22279397184376,-24.02539208852047,336.2900390687345,312.264646980214
DEHHALKA3gi00005bt_1,759.09765625,"(1979, 1983)",,,,372.12172810088015,16.778039285114854,1.109773479996447,,,,,,29.18828369415041,,5.883760600281193,16.57202182383045,10.850855806801924,31.43019639297595,-28.480397696245248,483.9346591840314,455.45426148778614
DEHHALKA900014M0bt_1,852.228515625,"(1979, 1983)",,,,372.03703775783305,12.295633247329693,0.9257125437360046,,,,,,32.56732349136365,,6.23664734517569,13.31338211335002,9.468733670634942,28.890486131694864,-33.551807726187455,475.7349563011179,442.18314857493044
DEHHALKA900014M0bt_2,4.0,"(1979, 1983)",,,,13.728978642043392,0.05771049910627516,0.004344902930440497,,,,,,0.18688867940107357,,0.029272183367870113,0.07154483805589824,0.05243626862215877,0.14977887011467533,-1.6119895659602173,14.280954883641785,12.668965317681568
DEHHALKAJ000109w,1832.744140625,"(1949, 1957)",5.228329038975331,2.866446185449819,87.15849835715888,362.05752922610674,8.280211192530288,1.1666498128029306,,,,,,69.5816233359806,,19.19333156107666,20.871375541221305,10.374106251467374,15.548914592730524,-77.4541305072527,507.0737415139164,429.6196110066637
DEHHALKAJ00010D9bt_1,1199.3701171875,"(1979, 1983)",,,,478.3553850184199,21.902382525424684,1.5279031091181559,,,,,,45.541415642527575,,9.036437494458973,22.398108273969118,15.181594552389631,45.0633270921763,-36.71709465112297,639.0065537084843,602.2894590573613
DEHHALKAJ00010A0,590.72265625,"(1958, 1968)",2.4226729303604184,1.1746359363512235,34.906388782411305,96.94003493902417,1.8578832134665482,0.3028381506979153,,,,,,22.427523899770982,,4.784853515625,5.264842462450189,1.9922110872261793,0.29017484396835697,-25.665522272945303,133.86036211222932,108.19483983928401
DEHHALKAJ00010D6,620.953125,"(1969, 1978)",,,,202.4785986517573,6.7058919446135965,0.8979950534876738,,,,,,23.575205626520425,,14.801323998567305,16.804421229760703,7.340673238883407,17.984278184152192,-24.837288239786744,290.5883879277426,265.75109968795584
DEHHALKAJ00010Ax,810.3994140625,"(1949, 1957)",2.3118528635790128,1.2674798721975709,38.5395835859127,165.11691635497834,3.764017680268953,0.5277090922801313,,,,,,30.76790585765876,,8.656064416092836,9.414087676008496,4.754519081885675,7.50156408189499,-34.55425403837602,230.5027842410682,195.94853020269218
DEHHALKAJ000108c,718.572265625,"(1969, 1978)",,,,233.77884426137408,7.747841377717048,1.0364816071649523,,,,,,27.281362236002273,,17.102382174755924,19.417414826745105,8.484905473362788,20.803435772037293,-28.67191814867465,335.6526677291595,306.9807495804848
DEHHALKAJ000107hbt_0,947.62060546875,"(1979, 1983)",,,,382.45843397550635,17.293041656898712,1.1666061069436189,,,,,,36.10222754091982,,6.454166487242592,17.30136261726193,11.47695436010724,33.55603704364598,-29.349017054082474,505.8088297885263,476.4598127344438
DEHHALKAJ00010AW,669.5283203125,"(1949, 1957)",1.9099852957720984,1.047154841349496,31.840278035824575,141.09572114496694,3.1598646644137354,0.4417603105703084,,,,,,25.419725436106944,,7.234004398929793,7.869912158732268,4.010225871733132,6.5219231388807115,-28.774926399337865,195.75313712433382,166.97821072499596
DEHHALKAJ00010Em,1410.43359375,"(1958, 1968)",5.507434175006901,2.7104212850357055,80.78433762691978,225.568448343952,4.421067807066729,0.7137156262456782,,,,,,53.54825859603761,,11.424512109375,12.549088874960919,4.744042232931496,0.589022301372889,-60.110246946845564,313.55815589194236,253.4479089450968
DEHHALKAJ00010CR,1537.02734375,"(1949, 1957)",4.3847280790033185,2.403939572777351,73.09530678377075,312.2871653495668,7.120988043714226,0.9987976124073858,,,,,,58.35458718603509,,16.38775740011098,17.822643427720188,8.988300048993914,14.118180320742953,-65.48314697605717,436.0784193892915,370.59527241323434
DEHHALKAJ00010DZbt_1,109.232421875,"(1979, 1983)",,,,62.596528129678106,1.777775223539123,0.08703316831665303,,,,,,4.3742069512228365,,0.10028458476397174,1.476208708240542,0.7709506071353184,1.7977035081065622,-5.660487064047605,72.98069088100311,67.32020381695551
DEHHALKAJ00010CC,654.6484375,"(1949, 1957)",1.867536968326559,1.0238824257501828,31.13264612315305,134.29648022459492,3.05928405861037,0.428441993421392,,,,,,24.854713919784384,,7.023220309057088,7.638473692795101,3.871173214148895,6.1737074675423615,-27.968856645204852,187.34549487995446,159.3766382347496
DEHHALKAJ000109u,1563.70703125,"(1949, 1957)",4.460838094479602,2.4456671040612803,74.36409354325005,312.5454414038294,7.139054711379609,1.0039640151289835,,,,,,59.367443584517126,,16.49832733191763,17.941646331629318,8.972359043304209,13.71969051992779,-66.30558680006557,437.18792694163403,370.8823401415685
DEHHALKAJ000106X,691.1787109375,"(1958, 1968)",2.804911598652433,1.3642750301868254,40.56755660170643,112.79279636512369,2.1722286908165302,0.3533332010740101,,,,,,26.241430076956963,,5.59854755859375,6.1578564797123425,2.3296412391113868,0.32837234927754466,-29.904475398992727,155.9742059606662,126.06973056167348
DEHHALKAJ0001087bt_0,1165.005859375,"(1979, 1983)",,,,479.78418546773304,16.990051742481626,1.274358818647459,,,,,,44.28392994582694,,8.535820768819459,18.32388627873838,12.999217168156314,39.635791580378694,-42.17237559601511,621.8272417707819,579.6548661747669
DEHHALKAJ0001087bt_1,1333.10546875,"(1979, 1983)",,,,542.0500418459126,19.431053871835893,1.4577227296819975,,,,,,50.62367965863512,,9.766868411865943,20.954147337067365,14.865930335162426,45.336446455749304,-47.42377030057523,704.4858906459106,657.0621203453353
DEHHALKAJ00010Eh,1836.6298828125,"(1958, 1968)",7.106462826744853,3.507281996464451,104.59310754296884,292.88551654193384,5.753496347693552,0.9271815331618184,,,,,,69.7291449357988,,14.87670205078125,16.33649048489079,6.174710846100526,0.7471066572142111,-78.01774026946231,407.4303493975748,329.4126091281125
DEHHALKAJ00010Apbt_0,4522.6318359375,"(1979, 1983)",,,,1718.6263484257192,78.29914117653098,5.5513949187630605,,,,,,171.70655753348453,,33.83288413317031,80.94455316978174,55.42905892372462,165.6632177135604,-132.52862793860604,2310.053155994735,2177.524528056129
DEHHALKAJ00010ED,2555.748046875,"(1949, 1957)",7.290865884435052,3.9972378454514637,121.54187647213158,513.7794502213716,11.356742467078124,1.6049795523176318,,,,,,97.03105588160065,,26.451992285156248,28.73525105975032,14.163621165580036,20.081712486316103,-108.4978517119333,713.2048051191707,604.7069534072374
DEHHALKAJ00010Dw,1936.94921875,"(1949, 1957)",5.525598267065095,3.029424880661495,92.114104504926,388.85400672354933,8.761429456197193,1.2341849204521667,,,,,,73.537856775939,,20.301794209328325,22.081542036951333,10.982169644771732,16.54412528755685,-82.08837746774716,542.297109054746,460.20873158699885
DEHHALKAJ00010CLbt_0,1726.1591796875,"(1979, 1983)",,,,700.2665195169938,32.22430823522487,2.2333547410029193,,,,,,65.54064010776456,,13.045030502357745,32.80894108358992,22.145464032793264,65.550630339936,-53.512157128114566,933.814888559663,880.3027314315484
DEHHALKAJ00010CLbt_1,911.1748046875,"(1979, 1983)",,,,385.722871451243,17.01000586037288,1.1789043524361666,,,,,,34.74129437239035,,6.885983204793527,17.33076485715915,11.70048767382879,34.62074903104322,-30.198713361541493,509.1910608032671,478.9923474417256
DEHHALKAJ00010AK,860.0478515625,"(1969, 1978)",,,,283.00440141752074,9.357093130101513,1.2559610135438608,,,,,,32.65257122835865,,20.665683140614867,23.463014671025665,10.229529214063536,25.042769282479597,-34.73700594208601,405.6710230977084,370.9340171556224
DEHHALKAJ00010D1,682.2548828125,"(1949, 1957)",1.9462907760681063,1.0670594236222695,32.445506039101815,139.76966448577963,3.184407687936604,0.4460612090174171,,,,,,25.90284725365648,,7.31298600154852,7.953577974377106,4.028088477540369,6.410356028483125,-29.13673038185229,195.00798911833928,165.871258736487
DEHHALKAJ00010C2,689.3984375,"(1958, 1968)",2.9241387714134564,1.4037520865339714,41.63136509921806,115.19050382844077,2.173430160224769,0.3566922708290993,,,,,,26.173856781462135,,5.58412734375,6.15179291513784,2.329411320170781,0.37491013245974775,-30.36139659484321,158.33472475247513,127.97332815763191
DEHHALKAJ00010EY,856.015625,"(1958, 1968)",3.4636482897801146,1.686169556288418,50.14816416538207,139.4755908163056,2.689728208864963,0.4372541881339625,,,,,,32.49949768868101,,6.9337265624999995,7.625633136301813,2.8847642868179135,0.40286366250707617,-36.993235742202614,192.94905855011234,155.95582280790973
DEHHALKAJ00010Dybt_0,1084.08984375,"(1979, 1983)",,,,400.6974454877803,18.12354041228874,1.2991098580508988,,,,,,41.163285305970206,,8.073468616772448,18.876118498951996,13.014766669001332,39.07180051147614,-31.166748208885313,540.3195353602921,509.15278715140676
DEHHALKAJ00010Dybt_1,522.205078125,"(1979, 1983)",,,,208.73967907450566,9.310765226402825,0.6542075568013352,,,,,,20.01794978591075,,3.921738218181666,9.569868063345428,6.51677177559569,19.40079183663603,-16.072901091142725,278.1317715373794,262.05887044623665
DEHHALKAJ00010Kr,830.3896484375,"(1958, 1968)",3.390320769067147,1.6460140765454572,48.92742340808425,135.9456531949168,2.6108394425014234,0.4251894328796554,,,,,,31.526635474982477,,6.72615615234375,7.399701925830744,2.799790522619743,0.40218032975142437,-36.01399562776831,187.83614647582598,151.82215084805767
DEHHALKAJ00010mObt_0,1644.840087890625,"(1979, 1983)",,,,684.1048503454274,24.47082536491392,1.864538766684579,,,,,,62.453973195430265,,12.791963717544736,26.66955515831775,19.093327401864908,58.5637522257461,-60.06098197692869,890.0127861759297,829.951804199001
DEHHALKAJ00010mObt_1,1554.635009765625,"(1979, 1983)",,,,650.8417820218843,23.153317970069956,1.7634847204376805,,,,,,59.029657905880676,,12.091818727846437,25.22987358923632,18.059114035910255,55.380833879440694,-57.256831785310006,845.5498828507064,788.2930510653963
DEHHALKAJ00010bibt_0,445.697021484375,"(1979, 1983)",,,,181.1008153952155,5.827950435830643,0.4358228461012299,,,,,,17.23514844037771,,2.9055504582477614,6.285236782750296,4.453138600294926,13.548625904944455,-16.464578879428043,231.79228886376254,215.3277099843345
DEHHALKAJ00010is,531.865234375,"(1949, 1957)",1.5172693165757114,0.8318471948450417,25.293533411976917,99.53035465957896,2.0002409008984374,0.2921257967053491,,,,,,20.192697301676844,,4.906456787109375,5.350902369727221,2.3569795264311852,2.298662775489507,-21.686489974639606,136.92842011761687,115.24193014297725
DEHHALKAJ00010Kj,732.373046875,"(1958, 1968)",2.9602187632199355,1.4415518221582582,42.875757823685966,119.26300442813586,2.3010560218483533,0.3739912969523672,,,,,,27.805362963779483,,5.932221679687499,6.523946130956486,2.4679466488732213,0.34349702927645154,-31.636681653266407,165.0110261995097,133.3743445462433
DEHHALKAJ00010JX,538.5830078125,"(1860, 1918)",5.539339270858587,2.4165921241886936,70.20803131391996,204.2147832111616,8.532231395487287,0.6752818312719071,,,,,,20.448081356952734,,4.808000265024465,11.538410909157099,5.317885535483782,10.881508914421067,-45.41111768778772,266.41618341896,221.00506573117224
DEHHALKAJ00010Hc,839.201171875,"(1949, 1957)",2.3940165783096874,1.3125263612223488,39.9092881209538,160.1944074373402,3.677186178366478,0.5210239393821389,,,,,,31.861205090248838,,8.60022923142765,9.350758233259691,4.564053659719654,6.4229729198385845,-35.12552498348258,225.1918366895832,190.06631170610063
DEHHALKAJ00010I1,1226.453125,"(1958, 1968)",4.621423467544619,2.299884134435896,68.69809002831073,212.67246999777802,3.8353642125,0.6149581765393825,,,,,,46.56367461954526,,9.9342703125,10.915616349851323,4.121902170511159,0.6169915364893999,-52.26418829352909,289.27524737571457,237.01105908218548
DEHHALKAJ00010lF,656.58984375,"(1958, 1968)",2.4741098135794672,1.2312582794164015,36.777979751661505,112.29084318002626,2.0532877593750003,0.3292219529766195,,,,,,24.928150268521385,,5.318377734375,5.842466830808396,2.2063502651495424,0.3172563705668925,-27.92525918686806,153.2859543617991,125.36069517493104
DEHHALKAJ00010h2,599.4443359375,"(1949, 1957)",1.7100544256889734,0.9375421762644855,28.50734426639591,124.42777177250059,2.831072533537192,0.3957457206604135,,,,,,22.758878101426877,,6.480022009011458,7.04803964654008,3.593231511440315,5.834611313803554,-25.698967937545106,173.3693726089205,147.67040467137537
DEHHALKAJ00010Kz,1310.1083984375,"(1969, 1978)",,,,409.591283960256,13.63679245002719,1.813626251368689,,,,,,49.739613340231635,,29.943954677410936,33.98064038803083,15.00319409714237,36.67632985869014,-50.09794182899484,590.3854350231578,540.287493194163
DEHHALKAJ00010PF,677.8642578125,"(1949, 1957)",1.9337654968008526,1.0601924038326447,32.23670423563846,138.545775980042,3.1572824428056663,0.4424257895345026,,,,,,25.736138501696438,,7.254996376143858,7.890430630028436,3.9913598824398444,6.328661425124517,-28.92947672230227,193.34707102781528,164.417594305513
DEHHALKAJ00010pq,1350.03662109375,"(2002, 2009)",0.5135058053684484,0.2815310103920319,8.56036308349273,475.40377995546254,19.916884261382872,1.7862419684655988,,,,,,51.25523413050424,,12.36266098056179,22.940769491560353,16.20332230273442,49.275415850467965,-56.62067493667088,649.1443089411399,592.523634004469
DEHHALKAJ00010KY,562.689453125,"(1949, 1957)",1.6052025716450167,0.880056850681277,26.759418670988797,119.06793740868267,2.7038817311721433,0.3768309733256813,,,,,,21.363457701547443,,6.159143150168603,6.699574864885898,3.4485081175339816,5.759775235225224,-24.261370062163188,165.57910918254163,141.31773912037843
DEHHALKAJ00010Po,760.1845703125,"(1949, 1957)",2.1686033395749673,1.1889429154398967,36.15155228384735,157.53520252080747,3.584952283558358,0.50125684425487,,,,,,28.86150638962262,,8.208950778656186,8.928459217761077,4.54816737378137,7.367027404617771,-32.574427147375886,219.53552281305974,186.96109566568384
DEHHALKAJ00010Nibt_0,4.0,"(1979, 1983)",,,,8.647152342212049,0.05868770224940752,0.004392743109845455,,,,,,0.17403859847352915,,0.029327307553504774,0.06848905959683156,0.04944686734418821,0.14471302421748372,-0.9940754153375809,9.176247644756842,8.18217222941926
DEHHALKAJ00010Nibt_1,936.0869140625,"(1979, 1983)",,,,373.0749466364167,16.963844855994015,1.1861086851222042,,,,,,35.60305327625501,,7.045412129104861,17.37616807350049,11.795223751385507,35.044201308596755,-28.766231267921093,498.08895871637554,469.32272744845443
DEHHALKAJ00010FV,674.16015625,"(1949, 1957)",1.9231986853549687,1.0543991195661753,32.06055093480738,138.06918254637276,3.1457638096988756,0.4406694429786292,,,,,,25.59551640656695,,7.224799709161574,7.857656730214931,3.9788921499628587,6.3290433718242705,-28.788466588934753,192.64152416678084,163.85305757784607
DEHHALKAJ00010Gn,1125.1611328125,"(1949, 1957)",3.2097838938957723,1.759773099624768,53.5084808468325,229.6300633894798,5.22245052562571,0.7322666452409549,,,,,,42.71801437355254,,12.012301858112401,13.064646951041528,6.59556765268401,10.398327371691517,-47.984104668299594,320.3736387674284,272.3895340991288
DEHHALKAJ00010kcbt_1,1111.580078125,"(1979, 1983)",,,,446.6366277732864,20.14852655876095,1.4086891809755993,,,,,,42.21952571758486,,8.366499875408739,20.640026395874266,14.01074783311079,41.62265240599628,-34.59374332538517,595.053295740998,560.4595524156128
DEHHALKAJ00010Knbt_1,617.4208984375,"(1979, 1983)",,,,252.58046585315518,11.477488292602988,0.7964549820151596,,,,,,23.650419907467434,,4.6632643633179685,11.697743001117626,7.902543037145974,23.401780686381034,-19.44912503596835,336.17016012320335,316.721035087235
DEHHALKAJ00010K2,1443.42578125,"(1958, 1968)",5.841106640461094,2.843465344517059,84.56658787788336,235.19962503765026,4.535493266268938,0.7373263205702557,,,,,,54.80083574452522,,11.691748828124998,12.858502205356281,4.864360587265487,0.6795593019030662,-62.38128178647251,325.3674512916645,262.986169505192
DEHHALKAJ00010JBbt_0,1263.5400390625,"(1979, 1983)",,,,465.7168941409595,20.88854548079174,1.502647859735019,,,,,,47.976065708195016,,9.396619585342751,21.809652931124905,15.070893029504457,45.308551497372775,-36.2346072393124,627.6698702330261,591.4352629937138
DEHHALKAJ00010SBbt_1,742.314453125,"(1979, 1983)",,,,348.6178039495717,14.651521016158364,0.9992911676520662,,,,,,28.519455116636678,,5.654642369953319,14.783034310595818,9.880677276624944,29.015116281073027,-27.9098776756281,452.1215414882659,424.2116638126378
DEHHALKAJ00010k2,2309.94921875,"(1949, 1957)",6.589667543463248,3.612803871472602,109.85259792940025,459.7324019719895,10.505767055582893,1.4784424966634848,,,,,,87.69909884814321,,24.30547575558305,26.43130464614695,13.18865237908124,20.021759500650933,-97.82857751845465,643.3629026538412,545.5343251353866
DEHHALKAJ00010Jw,2018.2841796875,"(1949, 1957)",5.757625165270558,3.1566342839574193,95.98209289572954,400.1647225040815,9.14819089782548,1.2881845897452116,,,,,,76.62579971529004,,21.185362938943324,23.03792514525056,11.472769667849224,17.30426897924649,-85.38378309266704,560.2272244382318,474.84344134556477
DEHHALKAJ00010FJ,306.08154296875,"(1919, 1948)",1.530554372777598,0.722421339884565,21.350719950032346,95.95671714994418,4.4697690673595005,0.3303160828039765,,,,,,11.621229446433343,,1.900757165390796,5.607977097863666,2.606383168584901,6.573391839075221,-17.038753295448952,129.0665410174556,112.02778772200664
DEHHALKAJ00010SZ,720.0390625,"(1949, 1957)",2.054078938908256,1.1261545888091846,34.24238116761622,145.61586697238675,3.3220350284355984,0.4662984297374808,,,,,,27.33727136109935,,7.6541776480092345,8.324201140353889,4.188065907440945,6.529207731812793,-30.635054682708695,203.43712421927606,172.80206953656736
DEHHALKAJ00010ki,458.909912109375,"(1958, 1968)",1.9396990995833185,0.9018228356017521,26.56879965194564,72.61189148055135,1.2972864087282208,0.2181283741182959,,,,,,17.423268103429375,,3.3041513671874996,3.6562711299057717,1.387881586549847,0.3003292555004228,-18.849474681307413,100.1992077059708,81.3497330246634
DEHHALKAJ00010Rb,1708.4765625,"(1958, 1968)",6.522969231844735,3.23276406713919,96.48535651848113,270.0822033670903,5.347328459338754,0.8595276891268736,,,,,,64.86370053661791,,13.838660156249999,15.189387894956536,5.739754438679247,0.6579358716019758,-72.18630291840053,376.57849841366163,304.3921954952611
DEHHALKAJ00010h6,653.5068359375,"(1860, 1918)",6.721333624664563,2.9322489754073935,85.18914955693091,238.3696242101841,9.56068084116119,0.7741176544396625,,,,,,24.811180366764223,,5.782605917196504,13.227154779234878,6.069725801431549,11.886031710698715,-54.37069772473697,310.48112128111086,256.1104235563739
DEHHALKAJ00010Io,1474.216796875,"(1958, 1968)",5.800419934182177,2.847927114473352,84.84343882206748,237.72672597557184,4.623360076959638,0.7474745665385789,,,,,,55.96984113569068,,11.941156054687498,13.120830298869574,4.960804593097374,0.6406594591606753,-63.04985712590484,329.73085216057586,266.680995034671
DEHHALKAJ00010gfbt_1,345.5048828125,"(1979, 1983)",,,,190.1753628294262,8.122798067217243,0.48516726131589544,,,,,,13.589630499340538,,1.9563592519605242,7.523713637734759,4.587606691240183,12.567861864855193,-14.715635284408108,239.00850010309054,224.29286481868243
DEHHALKAJ00010Ezbt_0,1507.0732421875,"(1979, 1983)",,,,606.9558525600819,27.877827412797025,1.937335889309933,,,,,,57.223292193285815,,11.374870183522297,28.435252477464896,19.226557490375562,56.976906007077915,-46.46196795891622,810.0078942139153,763.545926254999
DEHHALKAJ00010Ezbt_1,395.2939453125,"(1979, 1983)",,,,97.85479944490125,2.9982407642731097,0.29695617025542037,,,,,,15.036361466286515,,2.740194696734147,3.944666782611874,3.232620618201222,10.689499283353776,-9.442290109633095,136.79333922661732,127.35104911698423
DEHHALKAJ00010iY,725.8193359375,"(1949, 1957)",2.070568513637543,1.135195044800018,34.517269484942645,153.55859285233436,3.487185183261268,0.4860113498797278,,,,,,27.556878469075983,,7.943788301006796,8.640806335629222,4.447320885770238,7.426050555119038,-31.293277143572183,213.54663393207665,182.25335678850445
DEHHALKAJ00010NBbt_0,1350.72265625,"(1979, 1983)",,,,538.1201747810658,24.605643439248155,1.7177439477092573,,,,,,51.28733475851741,,10.173353217272531,25.175379676090447,17.072123536853354,50.6904825819785,-41.34379155261163,718.8422359387354,677.4984443861238
DEHHALKAJ00010NBbt_1,1340.203125,"(1979, 1983)",,,,554.2191081119779,25.71415798499469,1.768016229681872,,,,,,50.888613545689736,,10.167463762533714,26.03964517202303,17.485981522435615,51.580259622670084,-42.06755819575363,737.8632459520067,695.7956877562531
DEHHALKAJ00010MC,1302.25,"(1958, 1968)",5.1525442674427575,2.525488909495329,75.2120261324648,209.7027127106856,4.085591743894218,0.6612522862062511,,,,,,49.440985263506406,,10.548224999999999,11.591777206295136,4.383245268713583,0.5691524939550556,-55.78485240097075,290.9829419732563,235.19808957228554
DEHHALKAJ00010JFbt_1,587.47119140625,"(1979, 1983)",,,,258.9797941135994,9.116002602802158,0.5950733979844822,,,,,,22.694873921592205,,3.0615812255584194,8.970155524336263,5.83156290185925,16.74088008736303,-22.32443946488641,325.98992377509524,303.66548431020885
DEHHALKAJ00010Nv,1889.986328125,"(1969, 1978)",,,,615.9737950371662,20.43661976400448,2.7291192328561316,,,,,,71.75486582646845,,45.17093961094998,51.294828319980496,22.38765463813607,55.049390838129206,-75.55138419715196,884.7972132676908,809.2458290705389
DEHHALKAJ00010pAbt_0,627.797607421875,"(1979, 1983)",,,,252.0106743518908,8.62205281249694,0.6341054933511163,,,,,,24.065958835651138,,4.115979741417336,9.182804678601414,6.439901215545093,19.480977179655376,-22.36722712703749,324.55245430860924,302.18522718157175
DEHHALKAJ00010LObt_1,310.868408203125,"(1979, 1983)",,,,108.87191144575038,4.8073949199938415,0.3403297358384791,,,,,,11.947139747675585,,2.068469883264181,4.9672035989809,3.3987083077777207,10.148912927905483,-8.516844441952681,146.55007056718657,138.03322612523388
DEHHALKAJ00010LObt_2,3.0,"(1979, 1983)",,,,9.001719441592723,0.043902922673608055,0.003162397875116695,,,,,,0.13698447721595433,,0.01982105414543417,0.05194625884303801,0.03708374145640036,0.10493789199435663,-1.0504213349912472,9.399558185796632,8.349136850805385
DEHHALKAJ00010Lg,759.1484375,"(1949, 1957)",2.1656475296767117,1.1873223843018201,36.1022776589642,144.78558231783444,3.3238043774537154,0.47102175061047324,,,,,,28.821963455697777,,7.775540783891394,8.454068363344815,4.12443010004368,5.794365275263999,-31.76707720286757,203.55077642414028,171.7836992212727
DEHHALKAJ00010JN,1330.7109375,"(1949, 1957)",3.7961625317982115,2.081256846595315,63.28366545501262,271.3497916878427,5.9131577675625,0.8356707334059775,,,,,,50.521848058553644,,13.772858203124997,14.986700884064497,7.3741106005377315,10.797615683189958,-56.40844222161249,375.551753618282,319.14331139666956
DEHHALKAJ00010MGbt_0,556.2841796875,"(1979, 1983)",,,,244.11393367970297,7.795266677137768,0.5929612401470404,,,,,,21.37319265694463,,4.057905354956834,8.50580578237477,6.086892291927224,18.635927150686832,-22.306149333827374,311.16188483387805,288.8557355000507
DEHHALKAJ00010MGbt_1,28.51171875,"(1979, 1983)",,,,48.6492011711019,0.39953760900526514,0.03039156015226064,,,,,,1.2102132489280493,,0.20798336609112805,0.46327074495132314,0.3360850340645561,0.9979245905439347,-5.529756851926807,52.29460732483841,46.764850472911604
DEHHALKAJ00010os,654.0126953125,"(1949, 1957)",1.8657233658347925,1.022888113053776,31.10241258799855,133.41494997447677,3.0409575001073614,0.4262551265099873,,,,,,24.83056437943254,,6.99109971624315,7.603358737764379,3.8423942545593226,6.07407718741677,-27.895978225652144,186.2236568765103,158.32767865085816
DEHHALKAJ00010P7,576.5947265625,"(1949, 1957)",1.6448705991108588,0.9018049589518434,27.42070178475987,121.0536010778772,2.7511405855294933,0.3838876487015743,,,,,,21.89138605026331,,6.279121641481613,6.829855463774499,3.501858403017515,5.782840164878232,-24.802686545380276,168.47369103552344,143.67100449014316
DEHHALKAJ00010u5,53.537841796875,"(1949, 1957)",,,,8.563005714195686,0.14622341012109374,0.016862364312890624,,,,,,2.0327591066477497,,0.2409202880859375,0.26489925461360525,0.23855235609025016,0.9034023585620077,-0.4846702987161978,12.406624852629221,11.921954553913023
DEHHALKAJ00010u1,759.708984375,"(1949, 1957)",2.1672466200457965,1.1881990901201576,36.1289351845843,154.47669916127444,3.5221967688396605,0.49396497321782334,,,,,,28.84338624063903,,8.10411330275497,8.813726106930991,4.446725996419527,6.9934267499139455,-32.373887457161686,215.6942392999904,183.3203518428287
DEHHALKAJ00010rf,1804.3740234375,"(1949, 1957)",5.1473966795462855,2.822074790452402,85.8093210456789,357.22254265376523,8.167768783837877,1.1504047391723793,,,,,,68.50452857294954,,18.92214679149958,20.576670946023267,10.239151930402453,15.404152649900423,-76.30201008671622,500.1873670675507,423.8853569808345
DEHHALKAJ00010uw,1118.2529296875,"(1949, 1957)",3.1900766373262543,1.7489685404628899,53.17995238649002,230.67562232678955,5.251831979484375,0.7348566136093644,,,,,,42.45574567462946,,12.039788854786316,13.09481358334093,6.655070459376747,10.704577080831443,-47.85319363609189,321.6123065728481,273.75911293675625
DEHHALKAJ00010tJ,721.7001953125,"(1958, 1968)",2.944430257863641,1.4298428001980041,42.50362579681644,118.10643391357645,2.2689928338520167,0.36946452151049364,,,,,,27.400169247122747,,5.845771582031249,6.430991932751999,2.4332294645992545,0.34874000678184314,-31.29113021318902,163.20379350222606,131.91266328903703
DEHHALKAJ00010uN,808.54296875,"(1949, 1957)",2.3065569214333164,1.264576356935098,38.45129794792697,164.77069894835915,3.756049943147561,0.5265757379349869,,,,,,30.69743250425264,,8.63731414022235,9.393703144294527,4.744694414977115,7.488372427729399,-34.47704737746285,230.01484126091773,195.53779388345487
DEHHALKAJ00010z0,542.968505859375,"(1949, 1957)",1.3768390947554876,0.7548559284848543,22.952501092363725,113.20801661666924,2.4742046791640626,0.34109454092756636,,,,,,20.614979325752866,,5.538278759765625,6.013020071913732,3.212167457948946,5.6900736291890395,-21.551573265423123,157.09183508133108,135.54026181590797
DEHHALKAJ00010yl,647.953125,"(1949, 1957)",1.8484370317926864,1.0134108315158263,30.81424194954434,132.8171365960128,3.0258317823043743,0.4238106278705508,,,,,,24.600512499445642,,6.9478261031788335,7.556449309726236,3.828055612266505,6.0973717017088305,-27.676367077371545,185.29699423251378,157.62062715514224
DEHHALKAJ00010xG,1587.3701171875,"(1949, 1957)",4.528342552203095,2.4826766139639487,75.48942194621281,325.49604209371194,7.415155629114572,1.0385381337958437,,,,,,60.26590342851577,,17.024902900365603,18.516297095446618,9.381975138875346,14.952143082534349,-67.80934579114233,454.09095750236,386.2816117112177
DEHHALKAJ00010wi,1759.9853515625,"(1949, 1957)",5.0207676662425165,2.752650075702046,83.69836082000643,355.8338713871427,8.118105275239298,1.1395482541390054,,,,,,66.81928891644571,,18.70588333727723,20.343316881546123,10.23373093928626,15.947599508957458,-74.87529702805507,497.1413445000338,422.26604747197877
DEHHALKAJ000114D,1038.564453125,"(1949, 1957)",2.9627467188460113,1.624334269588075,49.39026467198526,210.56590437587545,4.802520402708709,0.6738339731646861,,,,,,39.43027882208083,,11.058148007460941,12.02627415824551,6.0585248276793315,9.484068356961291,-44.219634797066874,294.0995529241767,249.87991812710982
DEHHALKAJ0001108,1780.3466796875,"(1969, 1978)",,,,553.2931454681867,18.442761220469276,2.448769330383729,,,,,,67.59230656624783,,40.48099659726853,45.9374954685119,20.308715700165365,49.67422756053762,-67.64479017290205,798.1784179117709,730.5336277388689
DEHHALKAJ00010zs,2251.7880859375,"(1949, 1957)",6.4237493812479824,3.5218387696908673,107.08667065874474,446.49541372068956,10.207277734764427,1.4373001463239852,,,,,,85.49096389873999,,23.637530749815028,25.704532046417796,12.801233456284015,19.31050312605482,-95.26426221870537,625.0847548790896,529.8204926603842
DEHHALKAJ00010rm,644.9228515625,"(1949, 1957)",1.8397924718357717,1.0086714270658252,30.6701334094761,130.72966305682004,2.981703496156567,0.41837162690086616,,,,,,24.485428127044095,,6.865941970328482,7.467039627213697,3.7613094910771867,5.8860612022370224,-27.45768357848164,182.59551859777795,155.13783501929632
DEHHALKAJ000116jbt_0,1266.5126953125,"(1979, 1983)",,,,496.3288443419144,22.54761907138686,1.5849991668668024,,,,,,48.09001948846254,,9.50954288695819,23.17843827017733,15.78734415640152,47.01242015907516,-38.336864215726095,664.039227541243,625.7023633255169
DEHHALKAJ000116jbt_1,1430.556640625,"(1979, 1983)",,,,570.0478934369036,26.130975879944938,1.8227476918941918,,,,,,54.31817501729587,,10.778652166178812,26.72054033011885,18.11037914296987,53.75553190298521,-43.72483551175337,761.6848955682914,717.960060056538
DEHHALKAJ000116jbt_2,4.0,"(1979, 1983)",,,,5.239333973417432,0.058388236770060505,0.004378082409705226,,,,,,0.16520637477508068,,0.029310414657907055,0.06567248918247637,0.04705058945266354,0.14039023190367295,-0.5807494443533247,5.749730392568997,5.1689809482156726
DEHHALKAJ00010yDbt_0,1147.109375,"(1979, 1983)",,,,445.6754677268233,20.04492416940987,1.417114908450272,,,,,,43.557004953808175,,8.591744633553567,20.685663601962048,14.140402602141583,42.208111926411135,-34.39694535831402,596.3204345225598,561.9234891642458
DEHHALKAJ00010yDbt_1,4.0,"(1979, 1983)",,,,6.11580320461529,0.05687514803230717,0.004304007293207226,,,,,,0.1675861753249774,,0.029225061080150157,0.06511883661133343,0.04701468108418044,0.13996034367988203,-0.6887873997063896,6.625887457721327,5.937100058014938
DEHHALKAJ00010yDbt_2,2102.55078125,"(1979, 1983)",,,,806.3433150940971,36.73727238473005,2.597284984517179,,,,,,79.82902968494075,,15.747726718337582,37.90743171318605,25.912213873585912,77.35183802545531,-62.261687190313324,1082.42611247885,1020.1644252885367
DEHHALKAJ00010w4bt_0,783.0673828125,"(1979, 1983)",,,,303.5337241079984,13.794627827885757,0.9728230965684074,,,,,,29.829434111756584,,5.87136932806178,14.210832342710239,9.698880405759333,28.921380374584626,-23.457197996477753,406.8330715953251,383.37587359884736
DEHHALKAJ00010yw,1389.83984375,"(1949, 1957)",3.9648414928911118,2.173735564171426,66.09561643279272,278.9621736765404,6.369155795986384,0.8950886903429052,,,,,,52.76654392604453,,14.703248383696573,15.989814457677973,8.013649274319276,12.339862609781697,-59.00424267173271,390.0395368143897,331.035294142657
DEHHALKAJ00010rK,757.517578125,"(1979, 1983)",,,,302.99848693369404,13.488409676846988,0.9481253469999168,,,,,,28.759904033724318,,5.687914953344794,13.867849459029884,9.446034244254186,28.125813688469684,-23.34586911216236,403.3225383363637,379.9766692242014
DEHHALKAJ00010vN,653.1806640625,"(1958, 1968)",2.658348361222075,1.291870063318046,38.4079014546201,106.75432377642937,2.053219423465009,0.33416634832102887,,,,,,24.798769955021505,,5.29076337890625,5.819915730321581,2.2019161279272668,0.3131822257346732,-28.292710382958575,147.5662569661267,119.27354658316813
DEHHALKAJ00010qW,689.431640625,"(1984, 1994)",,,,273.2179374290429,12.689180652858074,0.8585282448658003,,,,,,26.175047256778566,,5.202857192240575,12.994601047395538,8.800951727591299,25.987844340058103,-23.01927787457641,365.9269478908308,342.9076700162544
DEHHALKAJ00010wLbt_0,194.54248046875,"(1979, 1983)",,,,86.95399466355607,3.765111257192191,0.23359724246987065,,,,,,7.610476988665478,,1.0559502270187413,3.5712513737931935,2.2380518448149824,6.268789126539695,-6.7240485483765,111.69722272405022,104.97317417567372
DEHHALKAJ00010yS,538.2734375,"(1958, 1968)",2.1286322698920896,1.0435055255345713,31.07781777702202,86.65481066950889,1.6886824340539937,0.2732847270898404,,,,,,20.436202624640515,,4.36001484375,4.791270611630216,1.8117240027518449,0.23483218057595612,-23.053417235184227,120.25082209400124,97.19740485881701
DEHHALKAJ000113H,695.6376953125,"(1949, 1957)",1.9844683621620665,1.0879903931945598,33.081942852861125,143.03381828051192,3.257553408545802,0.45604276374585073,,,,,,26.41093007213542,,7.474033811376227,8.128858686043113,4.124505973782617,6.601233629444439,-29.74006585831834,199.48697662558536,169.74691076726702
DEHHALKAJ00010zB,872.6298828125,"(1958, 1968)",3.4737304653654997,1.6994686170460023,50.59353067847197,141.50203513752766,2.738861360468706,0.44381156188191073,,,,,,33.13030184397843,,7.0683020507812495,7.769647689033585,2.938261694381752,0.3937267517305494,-37.48862344995937,195.98494808978387,158.4963246398245
DEHHALKAJ00010z2,1937.244140625,"(1958, 1968)",7.276831077366598,3.4970935163415438,103.73692995791589,305.102516372506,5.427383184375,0.890037363761589,,,,,,73.54906323955649,,13.9481578125,15.378680745597437,5.821089099719243,1.076069203183925,-76.35061825795486,421.1929970211996,344.8423787632447
DEHHALKAJ000113y,2227.1494140625,"(1949, 1957)",6.35346183767307,3.4833034250973998,105.91494701519926,444.1560321725369,9.896578953523438,1.3986234965129702,,,,,,84.55595119867213,,23.050996435546875,25.037772154622807,12.34180151698914,17.470013026323368,-94.42333226947889,617.9077689547275,523.4844366852486
DEHHALKAJ00010ub,1699.013671875,"(1949, 1957)",4.846831765208044,2.657289225932202,80.7987743877923,346.13487280929485,7.890599103187437,1.1062668500413242,,,,,,64.50446512290286,,18.1463793147218,19.7354738176897,9.966748210800183,15.722764966727455,-72.44134238171083,483.2075701953656,410.7662278136547
DEHHALKAJ000112abt_0,142.30029296875,"(1979, 1983)",,,,82.9201153540874,3.4813872516173325,0.20647585363774518,,,,,,5.6407262844798,,0.8134168739141365,3.2098216714645456,1.9469513211048368,5.311437945826901,-6.209353705993678,103.53033255613268,97.320978850139
DEHHALKAJ000114z,1425.2294921875,"(1949, 1957)",4.065798698266113,2.229085637604747,67.77861655639339,287.1591034757935,6.553693450786001,0.9204588703368887,,,,,,54.11011033431432,,15.114478142115592,16.437294254136525,8.254132414300658,12.790414408581297,-60.57324270441467,401.3396853503648,340.7664426459501
DEHHALKAJ000113Pbt_0,2650.8984375,"(1979, 1983)",,,,1015.7867217967015,37.94533963423931,2.8647466765548084,,,,,,100.64766871660498,,19.382426513081782,41.06321351932637,29.23520101359002,89.40622209105817,-87.52242907311881,1336.3315399611572,1248.8091108880385
DEHHALKAJ000113Pbt_1,4.0,"(1979, 1983)",,,,7.039083550053258,0.057256572484949156,0.004322680395491097,,,,,,0.169581943524992,,0.029246577294543042,0.06612328959423142,0.04778707491502485,0.14142266293618377,-0.80044251716318,7.554824351198674,6.7543818340354935
DEHHALKAJ000110n,1468.6025390625,"(1949, 1957)",4.189530404977814,2.296921895820137,69.84127743251028,294.37554686639635,6.722012312674076,0.9448812333962593,,,,,,55.75678665068702,,15.523164309353952,16.88137841253672,8.454611112280784,12.989862165989393,-62.32396008200392,411.6482430633145,349.3242829813106
DEHHALKAJ00010ye,1470.9853515625,"(1949, 1957)",4.196327931982285,2.300648659229097,69.95459513723685,292.3282513446642,6.681299696204419,0.9404616334185637,,,,,,55.84722023352435,,15.463302142652944,16.815662667656678,8.38422351075307,12.696177543114917,-62.2713987296656,409.15659877198914,346.88520004232356
DEHHALKAJ00010robt_0,231.98291015625,"(1979, 1983)",,,,133.4265302753179,6.050256231734071,0.35495182372024325,,,,,,9.178979764395505,,1.3472018470382823,5.535316380097082,3.3286976347408377,9.023439210149194,-9.926896638436364,168.24537316719315,158.31847652875678
DEHHALKAJ00010robt_2,2.0,"(1979, 1983)",,,,5.989299454782395,0.028547582552947457,0.0019041201485418145,,,,,,0.09129121585810912,,0.010282615325751067,0.03239985717648833,0.02224038213276644,0.060625443893337363,-0.6986930015372004,6.236590671870337,5.537897670333137
DEHHALKAJ000113V,768.6767578125,"(1949, 1957)",2.1928292800794242,1.2022248558515019,36.55540915282363,159.11141364142378,3.621246074941756,0.506423528765445,,,,,,29.183915679787404,,8.294468789315282,9.02142897106005,4.592858586912577,7.426432096835717,-32.927145168692036,221.75818736904202,188.83104220035
DEHHALKAJ000111f,714.564453125,"(1949, 1957)",2.0384613420283126,1.1175921971408935,33.98202909683873,146.10058291629963,3.32932072668435,0.4665059924243987,,,,,,27.129504380774556,,7.649601113875953,8.3196100801009,4.209248230284889,6.678009151428421,-30.499020507890094,203.8823825918731,173.383362083983
DEHHALKAJ000116Vbt_0,599.603515625,"(1979, 1983)",,,,251.7437693515147,10.366602886544346,0.7353013345403528,,,,,,23.004884032256786,,4.484711653162847,10.73689551596447,7.357786738218115,21.976333493641373,-20.281516929473295,330.40628500584296,310.12476807636966
DEHHALKAJ000116Vbt_1,4.0,"(1979, 1983)",,,,3.824404704080357,0.06439645996622269,0.004672222351466033,,,,,,0.16069117355409746,,0.02964933948958341,0.0694321168052269,0.0485710480205179,0.14454120040153234,-0.4024519334136669,4.3463582646690035,3.9439063312553366
DEHHALKAJ000116Vbt_2,703.4443359375,"(1979, 1983)",,,,271.85869595225006,12.180210745414179,0.8635382403190206,,,,,,26.84737920793988,,5.262417075987581,12.595040106034139,8.625287410369644,25.774349631745554,-21.204368507467173,364.0069183700601,342.8025498625929
DEHHALKAJ00010z8bt_0,1239.7236328125,"(1979, 1983)",,,,487.36423235104974,22.167417192547777,1.556208654519454,,,,,,47.073023163089516,,9.313854720929173,22.767071426925597,15.494108378722782,46.11361206857251,-37.60670733923752,651.8495279563565,614.2428206171189
DEHHALKAJ00017t6,344.34716796875,"(1949, 1957)",0.6548869380701717,0.3590436163329262,10.917247497319035,73.16651309909311,1.7038865792118623,0.22301815099112043,,,,,,13.074066904713701,,3.5026211507508034,3.805407425246523,2.3851925517699915,5.866340275740979,-11.59410806884793,103.7270461375181,92.13293806867017
DEHHALKAJ00018HV,703.094970703125,"(1949, 1957)",1.7828817556514862,0.9774699659294707,29.721407243606304,152.9649358830733,3.2038706621796877,0.44168649502219065,,,,,,26.694569092425734,,7.171568701171874,7.8069364297296575,4.159893421170427,7.639366589990151,-27.976710923033068,210.08282727476305,182.10611635172998
DEHHALKAJ00018M0,241.99755859375,"(1949, 1957)",0.4602362235263114,0.25232581145875543,7.672336196343262,52.36603138196536,1.1575265942265625,0.15212769565560855,,,,,,9.188056673674232,,2.395775830078125,2.6047082993275117,1.6118330401421739,3.9034806847489296,-8.130559198232023,73.37954019981849,65.24898100158647
DEHHALKAP0006abHbt_0,593.348388671875,"(1979, 1983)",,,,231.32776539346736,10.223500078322116,0.7409468966314603,,,,,,22.674017093593005,,4.693237751375852,10.731003828153607,7.449911630629955,22.461149416762495,-18.268788859344706,310.3015320889359,292.03274322959123
DEHHALKAP0006abHbt_1,868.353271484375,"(1979, 1983)",,,,434.0439287388288,14.094165436686783,1.0418804536682205,,,,,,33.28795583085722,,6.819509637337349,15.079359317538218,10.610592227585958,32.14314695704398,-39.27393580287983,547.1205385995466,507.84660279666684
DEHHALKAbr0000Mkbt_1,1208.04443359375,"(1979, 1983)",,,,499.4263772602928,17.47894600619805,1.3452397817242336,,,,,,45.88725647290799,,9.36715271983854,19.188368810950863,13.818558232308524,42.5297900964832,-44.28392416141757,649.0416893807043,604.7577652192867
DEHHALKAbr0000Mkbt_2,675.5908203125,"(1979, 1983)",,,,308.4144746830733,9.794577101336595,0.7532755925465588,,,,,,25.903204231806868,,5.239623128967496,10.768721592548149,7.75539565121438,23.83794837342684,-28.278040238241807,392.4672203549202,364.18918011667836
DEHHALKA10000t7Ibt_0,584.130859375,"(1979, 1983)",,,,275.0613125077554,8.495124607324994,0.6525969292657086,,,,,,22.46108937763111,,4.5317905015427105,9.338536889017218,6.721966850776788,20.646467269937162,-25.440456914089342,347.9088849332511,322.46842801916176
DEHHALKA10000t7Ibt_1,2172.493896484375,"(1979, 1983)",,,,636.6313315276209,31.518285285759227,2.4233772671842786,,,,,,82.4816628673031,,16.850265117926487,34.37809912386035,24.711053942544968,76.2565847598633,-47.80212923903019,905.2506598920625,857.4485306530323
DEHHALKA1000143I,389.1025390625,"(2002, 2009)",0.37000183841368944,0.20285455456686388,6.168090107780508,192.25731017832175,9.727708177261853,0.6696041553499884,,,,,,14.772865681936862,,3.2524507850964635,9.611742515064588,5.835760448530478,15.743219659907478,-19.2671239670992,251.87066160146944,232.60353763437024
DEHHALKA2Rp000FHbt_0,1538.765869140625,"(1979, 1983)",,,,646.4316935418376,21.32889011099807,1.6677369543136136,,,,,,58.428413768962976,,11.878805642918834,23.697593185705408,17.224876824283523,53.278447106025894,-58.67441850487048,833.9364571350458,775.2620386301753
DEHHALKA4Eq0000Ubt_0,3080.425537109375,"(1979, 1983)",,,,1044.1691222551747,38.61134355147557,3.227711330825737,,,,,,116.95172383679858,,25.075953128137108,44.833630460093076,33.78963134652433,106.95129990317484,-92.07256970120218,1413.610415812204,1321.537846111002
DEHHALKA4Eq0000Ubt_1,732.0810546875,"(1979, 1983)",,,,309.15024634384304,9.141265073251454,0.7653735851590409,,,,,,27.959392929603787,,5.957474908129136,10.672991866263795,8.05666191492859,25.45589540185546,-29.323736239352673,397.15930202303434,367.83556578368166
DEHHALKA70001vybbt_0,880.7734375,"(1979, 1983)",,,,320.92152387584264,14.857816881149066,1.0619917087049966,,,,,,33.45532448858364,,6.566841878643478,15.439601389001647,10.625479183754372,31.867786966177125,-24.61468119740131,434.79636637185695,410.18168517445565
DEHHALKA70001vybbt_1,4.0,"(1979, 1983)",,,,8.746496044413822,0.06344762723692321,0.004625771080495412,,,,,,0.17429363521889732,,0.029595815683531687,0.0723899589404482,0.051465522575184046,0.14944553946838857,-1.000945998856035,9.29175991461769,8.290813915761657
DEHHALKA70001xCY,750.6943359375,"(1979, 1983)",,,,278.7544802958203,13.057509083375303,0.9244379048866697,,,,,,28.50078403039444,,5.619228178235649,13.480002099907159,9.22132740090909,27.54950978381897,-21.184673347068728,377.1072787773475,355.9226054302788
DEHHALKA70001xUI,657.490234375,"(1979, 1983)",,,,281.19952280205945,12.033748195490752,0.8389098554161081,,,,,,24.962368249067655,,4.955261295740547,12.314552157727068,8.346198412163442,24.752114618151086,-22.401070771546244,369.40267558581616,347.0016048142699
DEHHALKA7000Cli9,958.3779296875,"(2010, 2015)",0.7046552727866094,0.25736751073880404,8.801440366178577,455.73998432907007,15.707549058018575,1.560614264388307,,,,,,36.38559652878564,,8.618635828033872,17.465519103818885,11.817348849499064,38.189693063781164,-53.75675494890217,585.4849410253956,531.7281860764934
DEHHALKAJ00010AMbt_0,304.939453125,"(1979, 1983)",,,,118.24397695651831,5.252181594924643,0.3729746088554915,,,,,,11.743462397070065,,2.279657868322219,5.437776875721998,3.727846392244966,11.146485897820618,-9.270270856726452,158.20436259147831,148.93409173475186
DEHHALKAJ00010AMbt_1,916.00390625,"(1979, 1983)",,,,347.5136147598268,15.83038283746506,1.1229890526602604,,,,,,34.811725597362525,,6.850849833051466,16.371603450080954,11.214820837867132,33.52549948209498,-26.856645516315787,467.24148585040916,440.3848403340934
DEHHALKAJ000107G,943.96875,"(1969, 1978)",,,,301.02003285236447,9.530066372015623,1.2587864343890627,,,,,,35.838903521321924,,20.841060058593747,23.655873794474413,10.536678249132407,25.86454316699608,-35.309913846525234,428.54594444928773,393.2360306027625
DEHHALKAJ000109Xbt_2,310.957763671875,"(1979, 1983)",,,,147.48300402550962,6.468293054113677,0.4216712174130519,,,,,,12.101662794296043,,2.1626780208600938,6.331886883752368,4.106311995976153,11.80676666857201,-11.43382445637311,190.88227466049298,179.44845020411987
DEHHALKAJ00010Cq,1121.9658203125,"(1949, 1957)",3.2006685216176463,1.7547755709878348,53.356523662461484,232.2965008861725,5.286748418841265,0.7393121917050327,,,,,,42.59673146090553,,12.108562781834653,13.169818782676632,6.705646299783032,10.846701689539309,-48.064117745053565,323.75002251145804,275.68590476640446
DEHHALKAJ00010EB,596.498291015625,"(1969, 1978)",,,,175.3538749690593,5.572932022393067,0.7487376718010743,,,,,,22.64685230919668,,12.004031024780273,13.599308605234976,6.2130210771159415,15.335712038775215,-20.68837183359917,251.47446971835652,230.78609788475734
DEHHALKAJ00010DH,1074.5458984375,"(1949, 1957)",3.0653921624852383,1.6806099244254245,51.10140845503851,215.18271862340683,4.914150335161048,0.6908648791671541,,,,,,40.79629274940079,,11.351046042640563,12.344166484910506,6.179209715241045,9.478763851403821,-45.58862130676977,300.93721268133174,255.34859137456198
DEHHALKAJ00010Bibt_0,534.6513671875,"(1979, 1983)",,,,250.23400182823997,10.347974033101668,0.7097137777869295,,,,,,20.612372116628933,,4.06120025247948,10.482233742905953,7.031986075623141,20.698562960463384,-20.221149233818966,324.17804478722945,303.9568955534105
DEHHALKAJ00010Bibt_1,982.666015625,"(1979, 1983)",,,,432.7256728299954,18.99357187718426,1.303172033736268,,,,,,37.448115841141025,,7.462868272718739,19.224795700759433,12.895861679115882,37.98610557186599,-33.892603323081545,568.0401638065171,534.1475604834355
DEHHALKAJ000107r,2700.552490234375,"(1949, 1957)",8.804519139514122,4.827102524351903,146.77512858052856,536.7513323154219,11.607141265695313,1.695168511047732,,,,,,102.52866464759991,,28.471539111328127,30.99183064613153,13.67000511205822,12.639382946849054,-124.66927409090584,738.3550645561319,613.6857904652261
DEHHALKAJ00010Adbt_1,839.4833984375,"(1979, 1983)",,,,399.720571270419,17.393720020295298,1.1704537231331422,,,,,,32.175888901264635,,6.441334683757621,17.384813386661282,11.515815750207466,33.61887633138592,-31.328626140549247,519.4214740671243,488.0928479265751
DEHHALKAJ00010Adbt_4,551.091796875,"(1979, 1983)",,,,354.90838463452474,10.941082484755944,0.7449959093589836,,,,,,21.50588338347861,,4.201589129147207,11.098824850339167,7.425676110678014,21.71633318417691,-32.315031031929074,432.5427696864595,400.2277386545304
DEHHALKAJ00010Dfbt_0,271.61328125,"(1979, 1983)",,,,123.03718005598932,5.413870106849297,0.3682295340453474,,,,,,10.54309381264155,,2.072019281895049,5.448197062440947,3.634014316217574,10.662556472740391,-9.605685571764493,161.1791606428195,151.57347507105501
DEHHALKAJ00010Dfbt_1,2431.568359375,"(1979, 1983)",,,,1035.768746967579,48.3747051990227,3.2920047724270285,,,,,,92.32195309615155,,18.54418611788445,48.65040147213699,32.45129342589253,95.28767241589492,-78.1186170203808,1374.6909634669892,1296.5723464466084
DEHHALKAJ00010Dfbt_2,287.0009765625,"(1979, 1983)",,,,128.37586421597143,5.724879196867111,0.389301207453737,,,,,,11.129057150058058,,2.189647713291537,5.759074155776236,3.840566039172084,11.268857465402458,-9.947126617679125,168.67724714399264,158.73012052631353
DEHHALKAJ00010Bo,1804.3603515625,"(1949, 1957)",5.147357677342162,2.8220534073836623,85.8086708621272,360.44762246811433,8.233695280925057,1.1580057491571205,,,,,,68.50451215829732,,19.030727052159506,20.69553887286164,10.34659207429104,15.806417023772914,-76.49789484707583,504.2231106795789,427.72521583250307
DEHHALKAJ00010AY,659.5224609375,"(1949, 1957)",1.8814412540967689,1.0315054897559697,31.364436559337573,136.4905854193841,2.930659283601562,0.414172306770685,,,,,,25.039816430019236,,6.826057470703123,7.42929960935467,3.655164264062499,5.368205498351495,-28.027082613616003,188.1539602822474,160.12687766863138
DEHHALKAJ000107X,722.7646484375,"(1958, 1968)",2.9049170672762967,1.4170415655457829,42.16112620783194,117.34830076453568,2.269982267423572,0.368528826670929,,,,,,27.44055298613723,,5.85439365234375,6.437079271915906,2.434816951122238,0.33282080511270495,-31.15209903790437,162.486475525262,131.33437648735762
DEHHALKAJ00010ET,2587.2734375,"(1949, 1957)",7.380799395401574,4.046544147241647,123.04110685900972,522.2805697984325,11.4968289450625,1.6247771248497984,,,,,,98.22793698553144,,26.778280078125,29.133990755480603,14.33618603464255,20.949370150777018,-109.48843747506369,724.8279398729012,615.3395023978375
DEHHALKAJ000109lbt_0,287.72607421875,"(1979, 1983)",,,,136.60927387014172,3.999645579510572,0.2929703911846314,,,,,,11.174725042620324,,1.8891073389961117,4.263166869223319,2.985272947000396,8.99991742216923,-12.761161465315501,170.21407946084628,157.45291799553078
DEHHALKAJ00010C0,580.3701171875,"(1949, 1957)",1.6556407791925318,0.907709740648171,27.600245328396287,125.25793449545094,2.838902743456438,0.3944445741149333,,,,,,22.03478510658441,,6.4351544027507686,7.000381394986883,3.6384317537136694,6.246013508545637,-25.172745405899796,173.84604797960364,148.67330257370384
DEHHALKAJ000108Kbt_0,1100.91796875,"(1979, 1983)",,,,480.88049868782645,16.68702634874461,1.2351766148613295,,,,,,41.91973146813133,,8.101887803234522,17.844313074582487,12.561527081438014,38.10029889649412,-42.50079677823186,617.3304599753128,574.8296631970809
DEHHALKAJ000108Kbt_2,2633.3828125,"(1979, 1983)",,,,1019.6544295794732,37.45181045057561,2.8339310996570974,,,,,,99.98280351283772,,19.240661653692214,40.604730037968075,28.949496641797534,88.59258199198263,-88.49294833481355,1337.3104449679843,1248.8174966331708
DEHHALKAJ00010Bs,570.626953125,"(1969, 1978)",,,,187.89064287765538,6.207341563981146,0.8342138607261764,,,,,,21.664550866587813,,13.701931379118832,15.555330745627668,6.78363046840539,16.58155251382687,-23.06406400905835,269.2191942759293,246.15513026687094
DEHHALKAJ00010B5bt_0,746.830078125,"(1979, 1983)",,,,328.857851863164,15.004908636588357,1.018307194825752,,,,,,28.58981677933668,,5.703947465478441,15.068822997385247,10.034577556293247,29.42194089751108,-25.135680948670313,433.70017339058285,408.56449244191253
DEHHALKAJ00010B5bt_3,1702.4951171875,"(1979, 1983)",,,,707.9785853141541,30.992292762013307,2.164049847438905,,,,,,64.64310017910196,,12.821616961512326,31.737079968968153,21.52928228790978,63.906293624506304,-55.74128612694379,935.7723009456049,880.0310148186611
DEHHALKAJ00010DP,1558.0380859375,"(1949, 1957)",4.444666109126754,2.436800767344472,74.09449957770184,309.5217547636212,7.074522014349492,0.9958670826127796,,,,,,59.15261620657625,,16.37483296177219,17.806886334950214,8.876855085407392,13.434265935060525,-65.95013352367738,433.23760038435,367.2874668606726
DEHHALKAJ00010Cgbt_2,284.637451171875,"(1979, 1983)",,,,155.35000101109702,4.50941921124809,0.3168839813718968,,,,,,11.118268661313357,,1.9000068942100177,4.676918904213201,3.1934125461111007,9.46309355783671,-14.474564554767941,190.52800476740137,176.05344021263343
DEHHALKAJ00010Cgbt_3,3.0,"(1979, 1983)",,,,4.52361517456105,0.04859034549243974,0.0033918764131011235,,,,,,0.12499005958033807,,0.020085472416526896,0.05232892036305425,0.036018921505690256,0.10418365182526879,-0.5017450217470855,4.913204422157468,4.411459400410383
DEHHALKAJ00010Cgbt_4,21.325927734375,"(1979, 1983)",,,,26.77136998598886,0.33785978558741886,0.02374193859274498,,,,,,0.8781184068369255,,0.1423544567094579,0.3618472856555375,0.24935545188311165,0.7269102153256775,-2.921259874996343,29.491557526579737,26.570297651583395
DEHHALKAJ00010E0,608.939453125,"(1949, 1957)",1.7371414564530987,0.9523927175043702,28.958896743058325,124.11049294821662,2.829136763841846,0.3966196968561906,,,,,,23.119312196909416,,6.5055898211802194,7.0753029036660156,3.573927828652022,5.641780313758203,-25.9667623393238,173.25216247308055,147.28540013375675
DEHHALKAJ00010C8,2470.76171875,"(1949, 1957)",7.048422611856755,3.8643176354399245,117.5002426313393,498.3836707104617,10.97909653953125,1.5516091431984838,,,,,,93.80448153689252,,25.5723837890625,27.781100005464648,13.693002334476056,19.42802493422698,-104.94903480535405,691.1933689933142,586.2443341879601
DEHHALKAJ00010At,606.01171875,"(1949, 1957)",1.7287894130271142,0.9478136860699184,28.81966457962791,124.5193984343442,2.793130297697544,0.3921291464344953,,,,,,23.0082177697036,,6.437397896386242,7.002595185913105,3.5206937983951705,5.4955715699509655,-25.84870543106983,173.1691340988253,147.3204286677555
DEHHALKAJ00010Cv,1684.3408203125,"(1860, 1918)",17.323486103585637,7.557543965876009,219.56551049783982,661.7356889570628,27.042680694548423,2.13237675693114,,,,,,63.94761553492803,,15.059615505769791,36.450931253008484,16.808674019174905,34.7848844972737,-143.00582821222707,857.9624672186972,714.9566390064701
DEHHALKAJ00010CW,1060.134765625,"(1979, 1983)",,,,426.27345172435537,19.551045986778178,1.3598945240842795,,,,,,40.24889696682907,,7.998186265328595,19.954285147772758,13.499932862258753,40.02148372503041,-32.66490059055601,568.9071772024374,536.2422766118814
DEHHALKAJ00010DT,1031.4501953125,"(1958, 1968)",3.8866288821439205,1.9342084025103077,57.7752683187927,172.74928420276268,3.22555105078125,0.5171813894644892,,,,,,39.160053983527696,,8.354746582031249,9.175060004353261,3.465212632840392,0.46792881542557424,-43.74068424332451,237.11501866118664,193.37433441786214
DEHHALKAJ0001078,478.849609375,"(1958, 1968)",2.057158774242807,0.9838994524406229,29.157703862714147,80.56465751986018,1.5110456804504593,0.2486355458009146,,,,,,18.18018756259575,,3.8786818359375,4.2749975656787,1.6191771207451326,0.2701815291698211,-21.198860289440177,110.54756436023845,89.34870407079828
DEHHALKAJ000107v,685.254638671875,"(1969, 1978)",,,,221.9001678690325,6.985406753919433,0.9087604285645507,,,,,,26.016684626227853,,14.8294814263916,16.801664874643965,8.157436043078974,22.11357385566803,-25.10615396784755,317.7131758775269,292.60702190967936
DEHHALKAJ000109H,1071.4990234375,"(1949, 1957)",3.05670024270903,1.6758445548205247,50.95651040637176,214.6317096642855,4.892008945505476,0.6879594707636929,,,,,,40.680633978201264,,11.305337631002644,12.294738068309226,6.1484153745450465,9.405683138396995,-45.451027236517305,300.0464862710098,254.59545903449254
DEHHALKAJ000108E,598.4482421875,"(1969, 1978)",,,,195.2512218378093,6.460831546345673,0.866362657286502,,,,,,22.720798281988365,,14.251533413819828,16.17866148079631,7.069659070283209,17.290446768615965,-23.952439163934624,280.0895150569452,256.13707589301055
DEHHALKAJ000108obt_0,823.3544921875,"(1979, 1983)",,,,332.2599852616174,15.157083048374,1.054828984284597,,,,,,31.383096926233367,,6.210260305225807,15.476509963260519,10.474352193802472,31.05770772876599,-25.543901355941344,443.0738244115641,417.52992305562276
DEHHALKAJ000108obt_1,1615.3154296875,"(1979, 1983)",,,,842.5273378327502,30.338362105333687,2.0989159878103187,,,,,,61.417813838764566,,12.217696142332201,30.990999888872878,20.923505519077658,61.74062727367576,-72.6024603514993,1062.2552585886174,989.6527982371181
DEHHALKAJ000108obt_2,460.986328125,"(1979, 1983)",,,,203.77787334963838,8.710054924825577,0.6015418199389536,,,,,,17.747541842094524,,3.4896742098938702,8.858397534953097,5.968095799237038,17.62681192071726,-16.212300972899286,266.77999140129873,250.56769042839943
DEHHALKAJ00010Dn,1353.4423828125,"(1958, 1968)",5.381654693933997,2.633797621222117,78.41405687354136,218.5109183252211,4.247626839815549,0.6881432905244486,,,,,,51.384542675046745,,10.96288330078125,12.04951613277964,4.5567658478499435,0.601478835907394,-58.089946263357945,303.001875247926,244.91192898456808
DEHHALKAJ000107Tbt_0,558.22998046875,"(1979, 1983)",,,,279.0794415213807,8.530562811881593,0.6438360223649031,,,,,,21.51817359620726,,4.3540946321504155,9.267956743491197,6.603765323633284,20.14973979682275,-25.8313954787726,350.1475704479321,324.3161749691595
DEHHALKAJ000107Tbt_1,1430.43212890625,"(1979, 1983)",,,,491.45631020962594,22.46149172708687,1.6792847143178382,,,,,,54.3101268377938,,11.191098783940785,24.063734410861862,17.01964590760503,51.951950633654704,-38.3852071535219,674.133643224887,635.7484360713651
DEHHALKAJ00010BU,1223.6181640625,"(1949, 1957)",3.4906554810231123,1.9137617417933541,58.19073125278794,245.57212474137924,5.606871203793267,0.7879749191938428,,,,,,46.455855231730325,,12.943870363245829,14.07648051693468,7.0543420861760495,10.86070117536445,-51.945837920630105,343.3582202378177,291.4123823171876
DEHHALKAJ00010Dl,750.333984375,"(1949, 1957)",2.1405022515036176,1.1735364144127738,35.68309503484048,158.87472996171107,3.607616389111862,0.5027321666669409,,,,,,28.487590357787898,,8.216458756657156,8.937432476291313,4.60184922432526,7.693031860330011,-32.358104686630796,220.9214411928815,188.56333650625072
DEHHALKAJ000108Y,2588.2119140625,"(1949, 1957)",7.383476618127514,4.048011942174439,123.08573731566636,526.0685695999359,11.95367219138614,1.6775683607478928,,,,,,98.2635683944607,,27.5338254269493,29.945867678110474,15.074946315218412,23.562558202454504,-110.22737399031507,734.0805761692633,623.8532021789482
DEHHALKAJ00010Cs,598.256103515625,"(1949, 1957)",1.5170353033509674,0.8317188964326021,25.28963231066666,128.17315951000862,2.7261397938984375,0.3758263854784744,,,,,,22.71406908245128,,6.102212255859374,6.641216465425543,3.5391817672149437,6.483712617421176,-23.735737855379888,176.75551787775782,153.01978002237794
DEHHALKAJ000109s,1131.0458984375,"(1949, 1957)",3.226571556899436,1.768976983355257,53.78833842416128,225.06979450266928,5.143358433628814,0.7238258234084761,,,,,,42.9413206008076,,11.899811114866614,12.940595493296714,6.456571065627809,9.79923018935668,-47.8988123338618,314.97450722366204,267.0756948898003
DEHHALKAJ00010By,599.380859375,"(1949, 1957)",1.7098733440269689,0.93744289773105,28.504325557048684,120.23071791992132,2.74523817038311,0.3858400369268259,,,,,,22.75639073755379,,6.338407540301734,6.893013839379055,3.4534858381316416,5.312424480607216,-25.441590114982194,168.1155185632047,142.67392844822248
DEHHALKAJ00010Hy,580.6455078125,"(1949, 1957)",1.6564263950184586,0.9081404567470756,27.613341882795016,119.82824147006667,2.7280308949065826,0.38169074577344336,,,,,,22.045158413190602,,6.253314032511616,6.8012928480501325,3.4573150656751284,5.564693589344402,-24.8505879961497,167.05973705951857,142.20914906336887
DEHHALKAJ00010pb,902.23828125,"(1969, 1978)",,,,280.66432651001713,9.34476757286462,1.2429341183264897,,,,,,34.25427190822898,,20.496011384613066,23.255953453688825,10.285007187036408,25.103528230377627,-34.31733638919735,404.6468003651531,370.3294639759558
DEHHALKAJ00010Nn,809.625,"(1949, 1957)",2.3096436673025593,1.2662686740896587,38.502755331876564,164.19848052263853,3.7448701696600395,0.5254115296234589,,,,,,30.73846161916316,,8.622171221855092,9.377042802136426,4.7246383678572474,7.399571655157956,-34.47493626661222,229.3306478880919,194.85571162147968
DEHHALKAJ00010fSbt_0,1030.7373046875,"(1979, 1983)",,,,391.43086760046964,17.514283086581695,1.249014093389466,,,,,,39.14303864556659,,7.6920857309401764,18.180528900585582,12.495774082683951,37.433235593651474,-30.317141196281742,525.1388277338685,494.8216865375868
DEHHALKAJ00010fSbt_1,207.1416015625,"(1979, 1983)",,,,91.10160331618056,3.5197490498061086,0.2510074860997369,,,,,,8.046606403985848,,1.5458361217905812,3.663388314326583,2.5197862516809266,7.537894541966309,-7.6579944948917325,118.18587148583666,110.52787699094492
DEHHALKAJ00010hJbt_1,846.0361328125,"(1979, 1983)",,,,330.9571485706957,14.945898591060786,1.0531070280404926,,,,,,32.21198735643471,,6.345872857201018,15.38960742015259,10.498036408459141,31.291326629568577,-25.663695272569072,442.69298486161296,417.02928958904386
DEHHALKAJ00010Mlbt_0,379.3408203125,"(1979, 1983)",,,,156.33923119777523,6.698366678277121,0.4720397259000756,,,,,,14.620518443086855,,2.845157375451298,6.903907549250001,4.71112442530459,14.036729947478452,-12.474779372966431,206.62707534252363,194.1522959695572
DEHHALKAJ00010Mlbt_1,2192.3134765625,"(1979, 1983)",,,,865.829083551891,39.91933292995542,2.787167840260387,,,,,,83.23726425058604,,16.51106009988036,40.84171705638312,27.69706102387913,82.24833808061639,-66.20297090545114,1159.071024833452,1092.8680539280008
DEHHALKAJ00010iu,602.981689453125,"(1969, 1978)",,,,175.1327144623283,5.579467558141602,0.7492916053079752,,,,,,22.89280860147037,,11.992300833740234,13.582495033581289,6.226882668440414,15.335902424641205,-20.674704153652485,251.4918631876514,230.8171590339989
DEHHALKAJ00010HQ,661.7978515625,"(1969, 1978)",,,,209.3643111386172,6.952362275033675,0.9280600404356378,,,,,,25.12586760796615,,15.274062766512602,17.332953875006403,7.634722863154113,18.63052010686287,-25.630085256031887,301.2428606735887,275.61277541755686
DEHHALKAJ00010LW,648.451171875,"(1949, 1957)",1.8498578263714895,1.014189786162781,30.837927207499476,132.7673768796717,3.025053196116709,0.42377839371731946,,,,,,24.619423613563153,,6.948051691707628,7.556658147927747,3.8259399314422895,6.0831286655093155,-27.688397948005957,185.2494105196559,157.56101257164994
DEHHALKAJ00010ZK,694.1630859375,"(1969, 1978)",,,,219.25761896417754,7.2232983130785,0.9613824317517923,,,,,,26.354679732087263,,15.85518609950823,17.99337477767064,7.945959296270374,19.42268904825373,-26.626818471854712,315.014188662798,288.3873701909433
DEHHALKAJ00010kz,1332.9111328125,"(1949, 1957)",3.8024391007904543,2.0846979933003915,63.38829856515562,272.65707318272456,6.212971602616884,0.8704992635767841,,,,,,50.605337592439945,,14.273500386848422,15.52371071666355,7.8559980952810164,12.47285174985073,-56.899109633750534,380.4719425900019,323.5728329562514
DEHHALKAJ00010Qw,715.884765625,"(1958, 1968)",2.8582897860394043,1.3971015746045508,41.584481802320504,115.82787507628828,2.247354756578676,0.36438021376171004,,,,,,27.179361541310424,,5.7986666015625,6.374335513933911,2.410774361288238,0.322542178827563,-30.775441116844114,160.52529024355132,129.7498491267072
DEHHALKAJ00010MKbt_0,334.86328125,"(1979, 1983)",,,,166.16165232783106,7.150634547510831,0.46314878806954024,,,,,,13.046903894811607,,2.339378630098753,6.972969547774703,4.502803864039885,12.902563853072229,-13.00212224088009,213.54005545320862,200.53793321232854
DEHHALKAJ00010OW,1385.126953125,"(1969, 1978)",,,,431.6243819845197,14.395297647858818,1.9094883615074554,,,,,,52.587470909803145,,31.632305662267505,35.90131497632122,15.852145601711772,38.854622212343,-52.77778848050875,622.7570273563325,569.9792388758237
DEHHALKAJ00010f9bt_1,396.541015625,"(1979, 1983)",,,,174.3551611377058,5.20520598161122,0.405474628121701,,,,,,15.28924278664404,,2.872801129015948,5.780956824295861,4.195000445866886,12.943961302339737,-16.325300381252834,221.04780423560123,204.7225038543484
DEHHALKAJ00010NS,425.843994140625,"(1958, 1968)",1.8435022444634108,0.8516547177751858,25.05693039423536,68.30611083446753,1.2061542975829989,0.2038823213793346,,,,,,16.167894956568357,,3.0660767578124997,3.3962004842001674,1.2898683524726535,0.295013963116663,-17.675263010120375,93.9312019676002,76.25593895747983
DEHHALKAJ00010LF,579.9189453125,"(1984, 1994)",,,,237.64264616669013,10.79330704087321,0.7280173350251397,,,,,,22.017277601920664,,4.383164333268216,11.036965546689558,7.460828001492972,21.990490910845455,-20.87840334597412,316.0526969368053,295.1742935908312
DEHHALKAJ00010KN,390.866455078125,"(1949, 1957)",0.9911444409253302,0.5433977434742724,16.522804988384575,82.85797109433585,1.7811044317421874,0.24554354924848598,,,,,,14.840063529007043,,3.9868378417968744,4.338269543399489,2.3121092741124065,4.228721447191111,-15.476697066460456,114.59062071083343,99.11392364437297
DEHHALKAJ00010n9,364.85595703125,"(1969, 1978)",,,,120.66137201211482,3.9427240532705574,0.5388320504837093,,,,,,13.852313997223316,,8.70791444789342,9.885736253169103,4.31412022853515,10.777214049156514,-14.831905584455683,172.6802270918466,157.84832150739092
DEHHALKAJ00010Zr,287.15478515625,"(1949, 1957)",0.7281562930127566,0.3992137474436305,12.138679221448804,62.90650281414448,1.3085099879843751,0.18039154860925324,,,,,,10.902544373886101,,2.9289788085937496,3.1888274555138603,1.699057816707262,3.1236492318748135,-11.441270454274404,86.2384620373139,74.79719158303949
DEHHALKAJ00010Ir,1416.34765625,"(1949, 1957)",4.040461194944122,2.2151942797340536,67.35622945619339,280.8658823525975,6.420779069291166,0.9041049524360021,,,,,,53.77286463669234,,14.868586228852916,16.168787004571954,8.052675827523053,12.14926966022924,-59.921636606198184,393.2029497321942,333.281313125996
DEHHALKAJ00010IZbt_1,169.8310546875,"(1979, 1983)",,,,86.91067314930893,3.9402528182664867,0.2359128719889205,,,,,,6.682426148349025,,0.9586782628367312,3.651106763561719,2.2291114554151528,6.119024614237164,-6.49320793808253,110.72718608396411,104.23397814588158
DEHHALKAJ00010k6,488.178955078125,"(1949, 1957)",1.2379058146744997,0.6786853646677329,20.636423436687583,104.83249946279159,2.2245390697421876,0.30667557100631976,,,,,,18.53459090432215,,4.979425341796874,5.419453310921268,2.8880363667955367,5.292756271242797,-19.376930629751918,144.47797629861876,125.10104566886685
DEHHALKAJ00010Ji,624.638671875,"(1949, 1957)",1.7819271302743556,0.9769465898660264,29.705493227150168,131.0271925547707,2.9780647460274117,0.4156080722948813,,,,,,23.715411529519347,,6.798513374708225,7.394775629214681,3.789880807900455,6.2505967274179985,-26.862455864320193,182.37004344185365,155.50758757753346
DEHHALKAJ00010JR,660.173828125,"(1958, 1968)",2.7221382166901806,1.3177122845759357,39.145513820445885,108.64832049454371,2.0771006936257406,0.3389367780610103,,,,,,25.06429609426742,,5.3474080078125,5.884962843438049,2.2271027612070373,0.3297735081858525,-28.744797828741454,149.91790118114133,121.17310335239988
DEHHALKAJ00010fI,2724.6953125,"(1949, 1957)",8.883231159179822,4.870256611793197,148.08729187124334,541.9977395482907,11.71090860575,1.7103232440960636,,,,,,103.44526657166287,,28.7260734375,31.26926292973544,13.792310964525264,12.756114863786243,-125.79947458531649,745.4080001653466,619.6085255800301
DEHHALKAJ00010m0,777.3193359375,"(1984, 1994)",,,,293.71323934674416,13.488984097448085,0.9279360097858423,,,,,,29.511620269820362,,5.819977612451636,13.98402083707315,9.578722586004616,28.49214934249902,-25.270206816780146,395.51665010182694,370.2464432850468
DEHHALKAJ00010n5,589.107421875,"(1949, 1957)",1.680565973499498,0.9213750489350422,28.01575905962108,112.65970227824096,2.5855338096708915,0.36623591407009826,,,,,,22.366253773716274,,6.044161331623995,6.571677847957642,3.2107460685341294,4.534452251821889,-24.67013143517447,158.33876327563584,133.6686318404614
DEHHALKAJ00010L9,630.291015625,"(1969, 1978)",,,,203.60977093174364,6.6899745277133205,0.8928709207828736,,,,,,23.929758722065227,,14.731677506138553,16.72367717288653,7.341298027604136,17.987353524660392,-24.75628571670789,291.9063813335947,267.1500956168868
DEHHALKAJ00010XQbt_0,2723.8212890625,"(1979, 1983)",,,,1249.6047155220044,46.832675391829724,3.327540765506643,,,,,,103.41942709367589,,20.358065986599765,48.6526752967561,33.39394374020601,99.71391958006787,-106.37081188005247,1605.3029633766464,1498.9321514965939
DEHHALKAJ00010XQbt_1,1487.9638671875,"(1979, 1983)",,,,643.1200044969833,28.654743510224254,1.9681110491958633,,,,,,56.49954525531321,,11.294405306862064,29.016416425427053,19.475686171796458,57.402325227123434,-49.96465826465436,847.4312374429256,797.4665791782713
DEHHALKAJ00010XQbt_2,396.0400390625,"(1979, 1983)",,,,173.02209027651628,7.624318552637511,0.5237149307112963,,,,,,15.29230172071882,,3.0060052138016644,7.722468924514406,5.183903971633597,15.278106434069956,-13.525717906990172,227.65291002460353,214.12719211761336
DEHHALKAJ00010XQbt_3,433.8203125,"(1979, 1983)",,,,185.09743528031348,8.204974770748684,0.5664945324685617,,,,,,16.724869505440207,,3.284489868944436,8.337922299867436,5.615309311054639,16.588120971336267,-14.438122261841297,244.4196165401737,229.9814942783324
DEHHALKAJ00010F7,855.0908203125,"(1949, 1957)",2.4393454971169573,1.3373780691843113,40.66494073308732,169.90125559127623,3.8832468055958955,0.5466228099063936,,,,,,32.464586878930334,,8.987862287401345,9.773898424276624,4.872771436205397,7.376539685151149,-36.19680214507792,237.80678391874338,201.60998177366545
DEHHALKAJ00010FPbt_1,393.203125,"(1979, 1983)",,,,163.92333286574154,7.097461501984458,0.496844243059479,,,,,,15.153665518320128,,2.9578333201203186,7.279750300334591,4.946286209512589,14.699177062517407,-12.685469827509806,216.55435102159055,203.86888119408076
DEHHALKAJ00010FT,738.9658203125,"(1958, 1968)",2.7845124400539545,1.3857323458873534,41.39215712110695,125.04799318130591,2.31089391328125,0.37052624688310365,,,,,,28.05575246107411,,5.9856231445312496,6.574375066946612,2.4828726386415276,0.34595647230831805,-31.382228582619483,171.1739931249721,139.7917645423526
DEHHALKAJ00010Sj,884.236328125,"(1958, 1968)",3.579383234965814,1.7422843451408065,51.815717908195076,146.35616544327078,2.7784850011541122,0.45172160106253917,,,,,,33.57098032782993,,7.1623142578125,7.878992748391791,2.9804235660007574,0.43549141195140084,-38.298011248249125,201.6145743574738,163.31656310922466
DEHHALKAJ00010H5bt_0,784.65625,"(1979, 1983)",,,,300.72002034469125,13.551156738653159,0.9615072869765857,,,,,,29.888832467867708,,5.86796936509063,14.018886545649274,9.60492656882586,28.712810995517355,-23.38437821893786,403.32611031327184,379.941732094334
DEHHALKAJ00010H5bt_2,213.65234375,"(1979, 1983)",,,,87.96169228683048,3.8214821909853547,0.26825265713973556,,,,,,8.268999236854636,,1.6052039836206973,3.9275953138519224,2.673366210680335,7.952999741483837,-6.961695407979998,116.47959162144701,109.51789621346701
DEHHALKAJ00010Hwbt_0,881.7412109375,"(1979, 1983)",,,,403.3783803259672,18.720949245740336,1.2514837563347667,,,,,,33.70147521358883,,6.791056367162154,18.610512396003145,12.269774529871393,35.72960921878189,-30.414980972418547,530.4532410534497,500.0382600810311
DEHHALKAJ00010Hwbt_1,396.0859375,"(1979, 1983)",,,,272.6856189258625,8.390575023450072,0.5612453938163382,,,,,,15.5899482260158,,3.0495283956592614,8.413853021459747,5.564912863251525,16.139848083058865,-24.78812417534081,330.39552993257416,305.6074057572334
DEHHALKAJ00010Llbt_0,1279.119140625,"(1979, 1983)",,,,499.6767910485762,22.498873980927506,1.5874020257349564,,,,,,48.568628886863415,,9.588787773462615,23.18837837468865,15.831374873199222,47.21362486536419,-38.8229215941059,668.1538618288168,629.330940234711
DEHHALKAJ00010cJ,1133.9541015625,"(1969, 1978)",,,,360.76964604660003,12.004231496141278,1.597041348472823,,,,,,43.051495862521485,,26.453049789605934,30.03113459850367,13.187539613640855,32.379788612420214,-44.17727170402729,519.4739273679063,475.296655663879
DEHHALKAJ00010kC,1404.9287109375,"(1969, 1978)",,,,435.39699687306177,14.51048600617858,1.9273616629742838,,,,,,53.339260701506355,,31.82399184106027,36.10999577659707,15.980773730107355,39.03782193225195,-53.221558784698765,628.1266885237377,574.9051297390389
DEHHALKAJ00010mrbt_1,210.458984375,"(1979, 1983)",,,,107.19686008734334,4.223619010504825,0.2867265898816645,,,,,,8.231987363852067,,1.60711839786635,4.253552249140883,2.835490746372333,8.303714784463791,-8.851491167169302,136.93906922942523,128.08757806225591
DEHHALKAJ00010mrbt_2,786.5283203125,"(1979, 1983)",,,,337.0398551077971,15.794446505921933,1.072041497555908,,,,,,30.054202264600438,,6.006689984307773,15.856311015840843,10.558463620160465,30.96706793750576,-25.351865884689737,447.3490779336903,421.99721204900055
DEHHALKAJ00010mrbt_4,268.2744140625,"(1979, 1983)",,,,114.69881246171731,4.751753750573115,0.33454636722864717,,,,,,10.391941531411256,,2.012952595055992,4.897376565723437,3.340505434770132,9.945980217129518,-9.30819137770035,150.37386892360942,141.06567754590907
DEHHALKAJ00010lN,589.67431640625,"(1949, 1957)",1.4952739306975846,0.8197881623170871,24.926860849934133,125.75271598410015,2.687034214859375,0.3704352795435594,,,,,,22.388211710790014,,6.014678027343749,6.545474062869069,3.488287874656515,6.385851882949045,-23.374908916039637,173.6326890371115,150.25778012107187
DEHHALKAJ00010O9bt_0,974.098388671875,"(1979, 1983)",,,,436.3117410309588,19.932830641074883,1.3047815561800467,,,,,,37.20858108185716,,6.756158561936249,19.55078872043584,12.711006396555668,36.63563618667335,-33.058223886275485,570.4115241756721,537.3533002893965
DEHHALKAJ00010O9bt_1,463.212890625,"(1979, 1983)",,,,208.74930251187118,9.240161937974225,0.6087868199754056,,,,,,17.908745837844666,,3.199301754623483,9.106253215345482,5.9474871826756335,17.191611187398635,-16.13428158949837,271.9516504477087,255.81736885821033
DEHHALKAJ00010O9bt_2,464.256591796875,"(1979, 1983)",,,,218.59030858203363,9.890270024956049,0.640966109068668,,,,,,17.979775325900214,,3.2420086083120605,9.639647207376987,6.225254811289743,17.851558704181546,-16.622182891801277,284.0597893731189,267.43760648131763
DEHHALKAJ00010UZ,1314.66015625,"(1949, 1957)",3.7503739441566233,2.0561531238946316,62.520349965305385,266.23945064217367,6.029732564069899,0.8472592969332071,,,,,,49.912347264652276,,13.91631699064704,15.135819236726203,7.588937478120984,11.72113062890414,-55.90180032420097,371.3909941022274,315.48919377802645
DEHHALKAJ00010gr,2024.767578125,"(1949, 1957)",5.7761205676405085,3.1667744406263063,96.29041922428674,411.76800273724984,9.388513858260701,1.3166476260353388,,,,,,76.87195030686236,,21.600959149104064,23.492397631902058,11.85331104518745,18.64609197365852,-86.2860699123743,574.9378743282601,488.65180441588586
DEHHALKAJ00010ZQ,2617.6005859375,"(1949, 1957)",7.4673146417637986,4.09397637579298,124.48335330174872,528.8903600528247,12.067067045024306,1.6940409685651918,,,,,,99.3793325289809,,27.80966428958978,30.243922586021682,15.209280988428976,23.67672435138388,-111.34047729271947,738.9703928108194,627.6299155180999
DEHHALKAJ00010G5bt_0,313.968017578125,"(1979, 1983)",,,,144.33136638340676,6.710047695555474,0.43452315171019124,,,,,,12.191880161804255,,2.193719205014822,6.533704535621139,4.21648550791786,12.089326548991963,-10.79340115995786,188.70105319002244,177.90765203006458
DEHHALKAJ00010le,1411.2080078125,"(1969, 1978)",,,,433.7127590515436,14.489211068692988,1.9177890038480714,,,,,,53.57765871016587,,31.780496405830004,36.06342052949183,15.981904656533022,39.135453825534505,-52.98128749007521,626.65869325164,573.6774057615647
DEHHALKAJ00010da,1340.302734375,"(1969, 1978)",,,,417.18144644633367,13.898015512531334,1.8468629231771594,,,,,,50.88568353281635,,30.501907137942275,34.61230616994209,15.299118051239192,37.39492028175268,-51.01030853785936,601.6202600557348,550.6099515178754
DEHHALKAJ00010al,1089.498046875,"(1949, 1957)",3.1080466444382906,1.7039953648166486,51.81247705219764,218.58129819201756,4.990796356343699,0.7014314302012039,,,,,,41.36396644849052,,11.522613951730802,12.530843821755063,6.27866121733277,9.661065590047016,-46.24759111586806,305.63067700791873,259.38308589205064
DEHHALKAJ00010HUbt_0,828.4677734375,"(1979, 1983)",,,,341.06025809105586,15.61030161888689,1.0789594099554556,,,,,,31.59490421406756,,6.269084145173217,15.866334740132244,10.691182895808684,31.60670969751966,-26.12888757724843,453.7777348125996,427.6488472353512
DEHHALKAJ00010HUbt_1,357.841796875,"(1979, 1983)",,,,152.87234322102628,6.943094194177469,0.47585310433985845,,,,,,13.813279230104719,,2.719128949278777,7.017071531622413,4.702621475970837,13.851124959564103,-11.506831164637955,202.39451666608443,190.88768550144647
DEHHALKAJ00010HUbt_2,579.6181640625,"(1979, 1983)",,,,231.1322189809842,10.497493650249755,0.7341167445124746,,,,,,22.1987625807342,,4.362106873770642,10.754152093371692,7.300977885485601,21.693062964858427,-17.834218727432937,308.672891773967,290.8386730465341
DEHHALKAJ00010HUbt_3,338.2734375,"(1979, 1983)",,,,131.06810607436364,6.185135271663515,0.4313122037002073,,,,,,13.012257288351504,,2.549096209645859,6.320524926421321,4.282459593079098,12.712718421451566,-9.880216443603606,176.56160998867668,166.68139354507306
DEHHALKAJ00010HUbt_4,846.8369140625,"(1979, 1983)",,,,333.4481713370607,15.370474052015869,1.074196860625852,,,,,,32.23967620363647,,6.375031653243797,15.735703871175868,10.677771591300544,31.721450609722865,-25.504983355964786,446.64247617878203,421.13749282281725
DEHHALKAJ00010Ok,1045.513671875,"(1958, 1968)",4.219272526194868,2.05565622907345,61.146731144083326,170.11497063217112,3.284560938584869,0.5336743022275816,,,,,,39.69390676630848,,8.468660742187499,9.312873762412444,3.522862888886536,0.4878754475885841,-45.135507491342025,235.4193854803671,190.2838779890251
DEHHALKAJ00010Nr,1493.20703125,"(1969, 1978)",,,,469.61599132012367,15.63930601384644,2.078672359715377,,,,,,56.69081867000506,,34.39658421940196,39.04116882206427,17.200783280571116,42.153574565365744,-57.4611945352355,676.8168992510936,619.3557047158581
DEHHALKAJ00010FD,632.396484375,"(1949, 1957)",1.8040580952430085,0.9890799540138865,30.07442595106318,132.91772676643737,3.020432555021247,0.42139034690909727,,,,,,24.009924125796495,,6.891814892675777,7.496322490933018,3.8457177327703747,6.361040370243881,-27.212100061130073,184.96436928078722,157.75226921965714
DEHHALKAJ00010LB,764.4580078125,"(1969, 1978)",,,,239.3024810509911,7.971172315741701,1.05925877076044,,,,,,29.02338377294025,,17.515883903750453,19.879108018776982,8.770764189366043,21.47231531576103,-29.27139114162352,344.99436733808807,315.7229761964646
DEHHALKAJ00010Fv,605.6279296875,"(1949, 1957)",1.7276945654399187,0.9472134327831474,28.80141299849777,127.33724451720946,2.8935169092459825,0.40366129982907983,,,,,,22.99363499983365,,6.60163430484491,7.1806998731911325,3.6844575439117437,6.097489903177507,-26.06303099255189,177.1923393512435,151.12930835869162
DEHHALKAJ00010NO,2445.3046875,"(1949, 1957)",6.975800507777847,3.8245023614461666,116.28960085805576,495.5198412962151,11.302270593983058,1.5859356259972588,,,,,,92.83797985861011,,26.027751109432117,28.306383500532604,14.256212378016226,22.298052946367452,-104.09959378475767,692.1344273091539,588.0348335243963
DEHHALKAJ00010kp,598.71484375,"(1969, 1978)",,,,186.62243090418173,6.210012777390022,0.8266851349813361,,,,,,22.730859001102502,,13.62016569609335,15.453933130375312,6.832297295167034,16.66631775816736,-22.822221601277082,268.9627016974586,246.14048009618153
DEHHALKAJ00010c0bt_0,1328.0634765625,"(1979, 1983)",,,,571.7204654770496,20.186472525361342,1.492789705911144,,,,,,50.455793314579566,,9.776687668062882,21.565111806238928,15.17086111434823,46.00617770060678,-50.19127997422405,736.3743593121585,686.1830793379345
DEHHALKAJ00010c0bt_2,2534.205078125,"(1979, 1983)",,,,993.4216097121166,36.25100870457965,2.7374663927387815,,,,,,96.2177765872751,,18.5278542777129,39.253229794279285,27.953338962763063,85.4737439997108,-86.4087196054922,1299.8360284311764,1213.4273088256841
DEHHALKAJ00010pZbt_1,1065.1142578125,"(1979, 1983)",,,,458.2744375722916,20.869214274013792,1.4263187979239087,,,,,,40.517238169979294,,8.104931868861089,21.056358959205212,14.086362387849897,41.433951945369,-35.12303200784477,605.7688139754939,570.6457819676491
DEHHALKAJ00010pZbt_2,352.798828125,"(1979, 1983)",,,,169.06827045806915,6.897238472100328,0.47169233893425966,,,,,,13.70046305580731,,2.683741838022587,6.975284120560186,4.671090972188675,13.729821876573864,-13.747228383708148,218.19760313225635,204.4503747485482
DEHHALKAJ00010pZbt_3,1482.970703125,"(1979, 1983)",,,,641.2740334246624,29.05644454442052,1.9858798951595449,,,,,,56.30989020058974,,11.284588882539406,29.319437076322732,19.61474635819896,57.692765146322785,-49.29224051612519,846.5377855282162,797.245545012091
DEHHALKAJ00010pZbt_5,372.3369140625,"(1979, 1983)",,,,160.14490961878394,7.268059031088257,0.4972689047793418,,,,,,14.380302478378603,,2.831739136711895,7.338792874237172,4.91300431103163,14.457733993599604,-12.301041761567843,211.83181034861047,199.53076858704264
DEHHALKAJ00010pZbt_8,828.7158203125,"(1979, 1983)",,,,365.2623744298004,16.24650728415378,1.1101998731650653,,,,,,31.66897502702129,,6.306585950355658,16.396897903226193,10.969497323796118,32.256988957241084,-28.373710295647783,480.21802674875966,451.8443164531119
DEHHALKAJ00010pZbt_9,4.0,"(1979, 1983)",,,,8.71367503759579,0.06120321227592244,0.004515892991023379,,,,,,0.17427352398028026,,0.02946920787652562,0.07056119320409017,0.050523034192710474,0.14723064078957057,-0.9994083786278568,9.251451742905914,8.252043364278057
DEHHALKAJ00010b5,674.4716796875,"(1949, 1957)",1.9240873784346515,1.0548863480610353,32.075365831449915,139.52984017783672,2.9970877516328125,0.42356023937468745,,,,,,25.607379796386564,,6.980781884765625,7.597652900374254,3.7380031286428266,5.489430167156288,-28.660457634953566,192.36373604616978,163.70327841121622
DEHHALKAJ00010oz,697.059814453125,"(1969, 1978)",,,,227.31276810148248,7.4532868548598366,1.0135919333358137,,,,,,26.464695060128474,,16.459470750480634,18.68732207083636,8.175200202041408,20.49222983944355,-27.913921592477344,326.05856481260855,298.14464322013123
DEHHALKAJ00010l3bt_0,1781.9599609375,"(1979, 1983)",,,,699.4752103146893,25.067682786688962,1.9041922778494444,,,,,,67.65895895734852,,13.004262509386553,27.26239547892483,19.483009900842887,59.69328546598971,-61.33396671607787,913.5489976917202,852.2150309756423
DEHHALKAJ00010Jq,1178.029296875,"(1969, 1978)",,,,374.7207652018559,12.468643252137893,1.658794773737845,,,,,,44.724843156808944,,27.47562376247276,31.191928253096776,13.6980027901827,33.63225773338544,-45.885036531903424,539.5708589236783,493.6858223917749
DEHHALKAJ00010bo,673.759765625,"(1949, 1957)",1.9220564779484797,1.0537729011245058,32.04150984507874,139.3153039983133,2.9939242846093754,0.4231131657616539,,,,,,25.58034654243475,,6.97341357421875,7.58957840992894,3.7340431083329175,5.483074878387279,-28.627853963080064,192.09279796198695,163.46494399890688
DEHHALKAJ00010jv,604.2275390625,"(1949, 1957)",1.7236996253889307,0.945023195599357,28.73481562612979,122.67538026429673,2.7975393021574666,0.39243141847610746,,,,,,22.940396196804656,,6.439258625832495,7.003048322540264,3.530458918310682,5.538940692208569,-25.736937391560467,171.31745374062695,145.58051634906647
DEHHALKAJ00010j8,617.4033203125,"(1969, 1978)",,,,193.4317451164277,6.432734993630726,0.8569944825945113,,,,,,23.44038364112808,,14.118282712407627,16.020134730090426,7.0730810805974045,17.26015133324067,-23.663373510088096,278.6335080901171,254.97013458002903
DEHHALKAJ00010K6,476.650390625,"(1949, 1957)",1.359756129349171,0.7454901443767629,22.66772069671486,100.033873422392,2.118047488984375,0.29933080903367826,,,,,,18.09689963115803,,4.93333154296875,5.370444395096322,2.6419617335334364,3.891302550341238,-20.304332962359723,137.38519157350783,117.0808586111481
DEHHALKAJ00010Lc,1457.19140625,"(1969, 1978)",,,,458.3047166924774,15.18229490731835,2.018743618172642,,,,,,55.32345737627435,,33.34751421062914,37.84638407519776,16.70380449247203,40.873342377121986,-55.85407939571508,659.6002577496637,603.7461783539486
DEHHALKAJ00010IB,581.041015625,"(1949, 1957)",1.6575546730663315,0.9087590383784807,27.632150764112332,125.64268321002886,2.8470900235207313,0.3954662501900147,,,,,,22.060263709806616,,6.450675815653006,7.017321914754057,3.650630553783815,6.283146675234367,-25.216449678142553,174.34727815297148,149.13082847482895
DEHHALKAJ00010HS,1681.4013671875,"(1969, 1978)",,,,529.0676513877281,17.625374273119327,2.3413094026644132,,,,,,63.835768336444886,,38.780883091933475,44.02005056864878,19.3871134132349,47.55509066780753,-64.73672634414967,762.6132411415814,697.8765147974317
DEHHALKAJ00010Fcbt_4,199.026123046875,"(1979, 1983)",,,,113.43411182902452,2.9847586244466684,0.21333207865089815,,,,,,7.804796693460573,,1.3190391309267149,3.13855168923658,2.1670765238913234,6.459318023451431,-10.888254845672208,137.5209845930887,126.6327297474165
DEHHALKAJ00010OG,782.2734375,"(1958, 1968)",3.0631092073336745,1.5061806848757628,44.8842419649624,125.82617174594995,2.4525284311098927,0.3961375171206992,,,,,,29.699849852474802,,6.336414843749999,6.9612414971535514,2.631707776448187,0.33436277126221453,-33.39384973143355,174.6384144352693,141.24456470383575
DEHHALKAJ00010Wy,601.388671875,"(1949, 1957)",1.715601096289752,0.9405831541117148,28.599809655785485,129.4983161042854,2.935665826351303,0.4080320114205383,,,,,,22.83278017625078,,6.658240455340995,7.2429932330550635,3.7603428835777377,6.4353264027474335,-26.06638371109036,179.7716970930293,153.70531338193894
DEHHALKAJ00010IL,732.69921875,"(1979, 1983)",,,,300.5646167181486,12.738729488635379,0.9019952477898038,,,,,,27.81768610476872,,5.484202267032101,13.173764439584211,9.016919760154614,26.917228647403643,-24.141626396760074,396.6151426735171,372.473516276757
DEHHALKAJ00010I3,2117.5283203125,"(1969, 1978)",,,,690.5950319088546,22.93904281336767,3.057620151131647,,,,,,80.39368075879104,,50.7597140147035,57.65071520682161,25.139377044838795,61.98261586409836,-84.70344766635964,992.5177977626072,907.8143500962476
DEHHALKAJ00010MPbt_1,1095.7197265625,"(1979, 1983)",,,,423.6449095497427,19.347258589413258,1.3634367184934941,,,,,,41.60669377617159,,8.218141620293963,19.92001163422561,13.589012870523423,40.51096731705002,-32.64288122612315,568.2004320759141,535.557550849791
DEHHALKAJ00010MPbt_2,388.6474609375,"(1979, 1983)",,,,127.01158962548783,5.026552366872728,0.3937296308626236,,,,,,14.86821280991663,,2.8113821398687233,5.572406091763678,4.051447285411042,12.561630696944704,-10.756683583924193,172.29695064712791,161.54026706320371
DEHHALKAJ00010Yebt_0,788.1611328125,"(1979, 1983)",,,,353.2388509097431,16.12040581220244,1.0886195469462827,,,,,,30.166171217802063,,6.035697509319877,16.13658068459073,10.710972561331939,31.333936997568088,-26.966312153004708,464.8312352395045,437.8649230864998
DEHHALKAJ00010NW,530.296875,"(1949, 1957)",1.5127952065883425,0.8293942513881606,25.218948070259355,110.4200505879228,2.4782374315409488,0.34706673484181794,,,,,,20.13362113026834,,5.689262378107139,6.188992641709481,3.1363021828970705,5.015023482238881,-22.71333569068922,153.40855656952652,130.6952208788373
DEHHALKAJ000110T,498.8759765625,"(1949, 1957)",1.4231597838961965,0.7802513773376323,23.724686943383574,104.75066705142747,2.216809280460937,0.3132882141900991,,,,,,18.940732342834995,,5.163366357421874,5.620904064556116,2.765164252675226,4.073185596508662,-21.252928064856675,143.84411716007537,122.5911890952187
DEHHALKAJ00010y9,1255.5927734375,"(1979, 1983)",,,,547.3038748767657,23.81469126140586,1.6428817230864141,,,,,,47.669624924218375,,9.50999348111457,24.192863152949315,16.285780528375327,48.086767503739345,-42.772816937775445,718.5064774516549,675.7336605138794
DEHHALKAJ000115n,1289.1806640625,"(1949, 1957)",3.677687765028083,2.0163027205736577,61.30864003332975,263.19954901429827,5.728613512273437,0.8095902127729484,,,,,,48.94512822254565,,13.343019873046874,14.51924024449271,7.144040001151241,10.463287675691259,-54.65911878760942,364.15246875627247,309.49334996866304
DEHHALKAJ00010zU,658.533203125,"(1969, 1978)",,,,206.49771365370657,6.85827166516278,0.9155451429414401,,,,,,25.00191050806318,,15.03830538568095,17.06163092460977,7.5366439972815105,18.34449032909033,-25.26457698625279,297.25451160653654,271.98993462028375
DEHHALKAJ00010xp,676.0947265625,"(1949, 1957)",1.9287174972385162,1.057424823792876,32.15255190737432,139.9051570871751,3.0042999357109377,0.42457949362003966,,,,,,25.6689932979531,,6.997580419921874,7.615968252870733,3.7470067803973617,5.5029698852236155,-28.730809281024055,192.86655515287276,164.1357458718487
DEHHALKAJ000116v,672.5458984375,"(1949, 1957)",1.918593639396612,1.05187439009281,31.98378283402337,141.5262912116875,3.215666772886995,0.44854406019689713,,,,,,25.534271720618694,,7.335084079385647,7.978512723344815,4.095533658166348,6.786070899675701,-28.950076782103032,196.9199751259626,167.96989834385957
DEHHALKAJ00010vT,720.9482421875,"(1958, 1968)",2.8555017192021124,1.3991621430422128,41.666066557517794,116.71128676314343,2.2620139135414563,0.3661808180903714,,,,,,27.371622634648073,,5.83968076171875,6.418091924332991,2.4268953549388597,0.32081843025409995,-30.915324707593143,161.716590600668,130.80126589307486
DEHHALKAJ00010t9,436.673828125,"(1979, 1983)",,,,148.62610830455915,6.6281203698475855,0.4903817506633901,,,,,,16.578779584703486,,3.214099042668041,7.053497277519643,4.958185919314313,15.071477364130528,-11.73581345630797,202.62064961340613,190.88483615709816
DEHHALKAJ0001119,1958.2861328125,"(1979, 1983)",,,,922.8726806350472,33.591556558852105,2.3884759381158363,,,,,,74.34792564511183,,14.631952968246313,34.933985337086526,23.99255506569193,71.64178067027288,-79.53134135317087,1178.4009128184248,1098.869571465254
DEHHALKAJ000113R,597.1162109375,"(1949, 1957)",1.7034129075009987,0.9339009451304853,28.39662729587619,128.8447721498286,2.9202572512665186,0.4057614032042848,,,,,,22.67055272068404,,6.6199132991664555,7.201362085981872,3.742503787390505,6.422824366517561,-25.897417675560686,178.82794706403988,152.9305293884792
DEHHALKAJ0001115,673.69140625,"(1949, 1957)",1.9218614669278595,1.0536659857808062,32.03825892732019,139.411047648573,2.99362052234375,0.4230702368824874,,,,,,25.577757462545787,,6.9727060546874995,7.588898328739317,3.733687952928527,5.483435228474056,-28.62879195471293,192.18422343517443,163.5554314804615
DEHHALKAJ00010zH,749.181640625,"(1949, 1957)",2.1372149228703083,1.171734127190408,35.6282938497678,156.47683670549162,3.5580419455223717,0.49688212329471704,,,,,,28.443786550797693,,8.131288996982267,8.844282152545686,4.523035390619288,7.412708748591961,-32.17731050924099,217.8868626138456,185.70955210460463
DEHHALKAJ0001158,2768.60595703125,"(1949, 1957)",9.026391535288726,4.948744692965179,150.4738370394762,549.6322321811989,11.899639265859374,1.7378864713165516,,,,,,105.11236928023074,,29.189017089843748,31.77229138703458,14.014347786061258,12.952511163157205,-127.78835745266306,756.3102946247024,628.5219371720393
DEHHALKAJ0001104,2688.719482421875,"(1949, 1957)",8.76594038789203,4.805951614644002,146.1320041645231,534.0430304282349,11.556282267851564,1.687740793087326,,,,,,102.0794147941285,,28.346785400390623,30.85574198720746,13.610030392236418,12.58102755325173,-124.11054653897344,734.7600536163886,610.6495070774151
DEHHALKAJ000115cbt_0,424.447265625,"(1979, 1983)",,,,177.48164292528938,7.808941140710228,0.5435453652384976,,,,,,16.35251604686251,,3.2011855530568107,7.979213012052988,5.401844962949667,16.013345258080747,-13.925614569857402,234.7822342642408,220.8566196943834
DEHHALKAJ000110O,607.013671875,"(1949, 1957)",1.7316477174150595,0.9493807595361451,28.86731374563178,127.21012463016332,2.8915822202715393,0.403598322413425,,,,,,23.046250369457923,,6.602643580777089,7.181698696476317,3.6789483495560598,6.059273066684823,-26.097194685890294,177.07411923580048,150.9769245499102
DEHHALKAJ00010wG,871.703125,"(1949, 1957)",2.4867359609993533,1.3633600250653848,41.45496019009692,176.44693657807738,4.0250273442880555,0.5648924595741168,,,,,,33.09519408631296,,9.27177498782456,10.083436740892422,5.075525766313108,7.92436448314506,-37.09752237836683,246.48715244642764,209.3896300680608
DEHHALKAJ000111u,758.015625,"(1949, 1957)",2.1624159184778655,1.1855506443205115,36.048405307536825,157.0469554554793,3.573931144540118,0.4997352631802492,,,,,,28.77917714174422,,8.184223215915743,8.901555045809404,4.533899178890643,7.341174752317822,-32.47912655837523,218.86065119787747,186.38152463950223
DEHHALKAJ00010tmbt_2,363.2197265625,"(1979, 1983)",,,,180.15625727466178,5.265300936682534,0.39575777102633997,,,,,,14.074651646338165,,2.6594633924913573,5.710500677127085,4.060194023834951,12.36281966429964,-16.89379883709804,224.68494538646186,207.79114654936382
DEHHALKAJ0001127bt_0,396.10888671875,"(1979, 1983)",,,,208.7174814950805,9.578455645319917,0.5692471954727436,,,,,,15.51387381253684,,2.2578982033973216,8.832394754921694,5.36240270002774,14.655442714917143,-15.450774141356947,265.4871965216739,250.03642238031696
DEHHALKAJ0001127bt_1,2.0,"(1979, 1983)",,,,6.050265151253764,0.03293553989243213,0.0021189379863860137,,,,,,0.09163772449477836,,0.010530140701246075,0.03597277722195574,0.024080864253372997,0.06495190726736177,-0.7013105612103179,6.312493043071297,5.611182481860979
DEHHALKAJ00010se,723.5107421875,"(1958, 1968)",2.8875314215892454,1.2682832849847858,36.90359071921019,98.48599078566741,1.5658859911908498,0.2779761178710488,,,,,,27.469305996087886,,3.9069580078125,4.369336827190919,1.6681903486927516,0.5776858869248339,-24.79635014273569,138.32132996143818,113.52497981870249
DEHHALKAJ00010r1,2258.4638671875,"(1949, 1957)",6.442793600347393,3.5322798166841674,107.40414599870816,455.012050007167,10.035728107945314,1.4182886027894233,,,,,,85.74441659794977,,23.375101025390624,25.430699501063103,12.514046329327059,18.27951914071159,-95.54260914158682,631.8098493123439,536.2672401707571
DEHHALKAJ000112q,619.58203125,"(1949, 1957)",1.7675018864919179,0.9690379091563565,29.465018196382093,130.85829775549325,2.972188439737662,0.4143461017093292,,,,,,23.523474149497808,,6.7735167618313525,7.367797950932955,3.7889068112017243,6.3111707556182735,-26.69927713911749,182.00969872602235,155.31042158690485
DEHHALKAJ00010yH,1040.1845703125,"(1949, 1957)",2.967368480034707,1.6268681632337574,49.46731142286287,216.30824644769785,4.909417477873619,0.686348469151127,,,,,,39.49192934026281,,11.239180267066725,12.224784451613779,6.230060246723581,10.109613630827399,-44.60385543079762,301.1995803312169,256.59572490041927
DEHHALKAJ000110K,675.41796875,"(1958, 1968)",2.54505646204992,1.266565381731197,37.83261135555121,115.05586852444577,2.112167071875,0.33866259867406967,,,,,,25.643139370421117,,5.4708855468749995,6.009630744261173,2.269520608072529,0.322558188460567,-28.71012220831728,157.2224326530852,128.51231044476793
DEHHALKAJ000110I,1477.1123046875,"(1969, 1978)",,,,469.4412705927847,15.321866646395563,2.0353383836366845,,,,,,56.07977746151955,,33.63430916924444,38.17593522700332,16.869934875205722,41.33127960565949,-56.5600280671711,672.8897119614495,616.3296838942784
DEHHALKAJ00010tRbt_1,596.6630859375,"(1979, 1983)",,,,233.32640525236928,10.381124776769578,0.734895191526849,,,,,,22.829292637791177,,4.466405747760798,10.725270115352794,7.3382569971065585,21.91342295874343,-18.26328058098932,311.71507367742043,293.4517930964311
DEHHALKAJ0001149,1531.3896484375,"(1969, 1978)",,,,472.95565171041346,15.772800504481502,2.0930594728763934,,,,,,58.14045203154961,,34.58426356799836,39.24164183274025,17.379865028807174,42.46873172861592,-57.79790990386806,682.6364658774827,624.8385559736146
DEHHALKAJ00010vxbt_0,529.48828125,"(1979, 1983)",,,,274.78985365948733,8.650308951550851,0.6246410246070269,,,,,,20.477607022914757,,3.931853047047798,9.117209134036274,6.32672886608041,18.981517908312764,-25.041322143086354,342.8997196140372,317.8583974709509
DEHHALKAJ00010xi,1624.2900390625,"(1860, 1918)",16.70586236499998,7.288099436592515,211.73747457901428,626.4316437063969,26.939888769928075,2.1055612063481957,,,,,,61.66749490879886,,14.578520797380936,35.974264180495126,16.621002970369297,34.79398515311871,-137.93363508655975,819.1123616928361,681.1787266062763
DEHHALKAJ000116f,1221.1708984375,"(1949, 1957)",3.4836740864849145,1.909934172488906,58.074348397031905,250.6574518409195,5.709661993743233,0.7995458755951419,,,,,,46.36307157446733,,13.105818426523724,14.253958451867895,7.2259859623061615,11.534152191616107,-52.18136364537136,349.64964631703907,297.4682826716677
DEHHALKAJ00010tt,399.333984375,"(1949, 1957)",1.0126160829195059,0.5551696319362907,16.880746514161544,85.2682686663824,1.8196893595625,0.2508628780624786,,,,,,15.161583798738304,,4.073206640625,4.43275530879022,2.3623303282366086,4.325463465537741,-15.833494086250274,117.69416044593525,101.86066635968498
DEHHALKAJ00010zLbt_0,1165.072265625,"(1979, 1983)",,,,465.26089755542444,21.315530542452212,1.4861431708731716,,,,,,44.239628955242374,,8.780253638189468,21.788216853741105,14.762769465858602,43.811726070281885,-35.44495135387541,621.4451662520632,586.0002148981878
DEHHALKAJ00010zLbt_1,448.126953125,"(1979, 1983)",,,,189.04072153411065,8.158781376165493,0.5696682231481092,,,,,,17.266944829817835,,3.374937075443728,8.35664660402117,5.669117401605973,16.82547963624893,-14.99724244935615,249.2622966805619,234.26505423120574
DEHHALKAJ00010xgbt_0,1618.5771484375,"(1979, 1983)",,,,623.1153597091982,28.247774383916212,1.997807838540929,,,,,,61.45537396432884,,12.12098056435934,29.155075116236546,19.93414407957105,59.515110488671134,-47.96378780895158,835.5416261448221,787.5778383358705
DEHHALKAJ00010xgbt_1,829.486328125,"(1979, 1983)",,,,336.0359795222002,14.476382960205166,1.023833982760969,,,,,,31.641139206744363,,6.211744476505658,14.954909677243737,10.227723665723781,30.521134082148222,-26.7570846215766,445.092847573532,418.3357629519554
DEHHALKAJ00010xgbt_2,916.66015625,"(1979, 1983)",,,,370.948092349532,16.59084223601903,1.1604675877641901,,,,,,34.896654652380924,,6.898015838306101,17.002964359258876,11.545589183463951,34.30325716831533,-28.87371861634449,493.3458833750404,464.4721647586959
DEHHALKAJ000110C,1499.03515625,"(1949, 1957)",4.276346525486138,2.3445190794731783,71.2885395769339,300.8672265876065,6.869312382401684,0.9653843960855606,,,,,,56.91216634323643,,15.858027735052842,17.245636548935906,8.642852549645172,13.307855474975687,-63.63928128433019,420.66846201793976,357.02918073360956
DEHHALKAJ00010uC,1841.9482421875,"(1969, 1978)",,,,580.4914918455246,19.337142641663227,2.56884541577695,,,,,,69.93105987575744,,42.56015093294965,48.31150151366984,21.267022882189032,52.18486400744521,-71.03631883811624,836.6520791149761,765.6157602768599
DEHHALKAJ000112P,678.5439453125,"(1949, 1957)",1.9357044635201606,1.06125544782143,32.26902764649489,140.72041525485753,3.0151833037421873,0.42611757403360373,,,,,,25.761997329295447,,7.022929833984374,7.643810345681578,3.7606472011004706,5.525478069971002,-28.84567581522016,193.8765789126662,165.03090309744601
DEHHALKAJ00010zl,1774.623046875,"(1949, 1957)",5.062525097500715,2.775543705512251,84.39447519547623,359.84673088000056,8.195878954211748,1.150208509140995,,,,,,67.37503049433268,,18.87835683241333,20.53146136688286,10.335673619878179,16.147375534440624,-75.5478598643437,502.46071619130106,426.91285632695735
DEHHALKAJ00010uLbt_0,1569.4658203125,"(1979, 1983)",,,,643.8739604446336,29.64667638467818,2.047635230277405,,,,,,59.592325720474406,,11.8804638719243,30.115455899741633,20.2825358290254,59.94568232874875,-49.14661827535362,857.3847357095035,808.2381174341499
DEHHALKAJ00010uLbt_1,512.3603515625,"(1979, 1983)",,,,223.82363099985898,9.67387153566887,0.6682438243210387,,,,,,19.7248151622025,,3.878189217550158,9.8380794160025,6.628609791086065,19.58140170065576,-17.703175833690807,293.8168416473459,276.1136658136551
DEHHALKAJ000116sbt_1,1953.9296875,"(1979, 1983)",,,,805.0901919490824,37.566574667147755,2.5814227995255914,,,,,,74.18781730247792,,14.827849265860438,38.023793416495145,25.523060780496543,75.27187550655842,-60.89276065965095,1073.072585687644,1012.179825027993
DEHHALKAJ000115l,1479.5048828125,"(1949, 1957)",4.2206318768949895,2.3139733657781814,70.35975237331654,295.73206233295707,6.754969770767207,0.9499416801052571,,,,,,56.17067920162609,,15.610484795615966,16.976136922773286,8.489767009751128,12.98297238659963,-62.736182499550154,413.6670141001956,350.93083160064543
DEHHALKAJ000112T,1371.8896484375,"(1969, 1978)",,,,430.4416666139139,14.10273570347951,1.8711441031850888,,,,,,52.084914498093205,,30.911015789052648,35.07859544739917,15.544512385146426,38.02942710671685,-51.929832405244895,618.0640116469867,566.1341792417418
DEHHALKAJ00010sN,676.6240234375,"(1984, 1994)",,,,265.63540513271664,12.175109403060757,0.8289526610882204,,,,,,25.688701205768037,,5.090501968608473,12.530097908895817,8.523660660886144,25.23532399829029,-22.99428666733896,355.7077529393144,332.71346627197545
DEHHALKAJ000112c,1052.1044921875,"(1969, 1978)",,,,325.96482586060745,10.859897768151583,1.4432263619874623,,,,,,39.94401349418757,,23.809363547424322,27.014631828386754,11.959009310285857,29.19028242453352,-39.84473018684652,470.1852505955645,430.340520408718
DEHHALKAJ00010zdbt_1,653.140625,"(1979, 1983)",,,,392.8553928262894,12.98254702553617,0.8837070343228567,,,,,,25.351439207389824,,4.980492541917734,13.145475963960525,8.788536427051868,25.7197783363634,-34.910930523185826,484.7073693628318,449.796438839646
DEHHALKAJ00010zdbt_2,406.7548828125,"(1979, 1983)",,,,176.93247269842536,7.828670814819887,0.5377898548183573,,,,,,15.703164400636313,,3.0872240430995443,7.929271513633983,5.3228511883039324,15.68867813462353,-13.800199068299808,233.03012264836093,219.22992358006113
DEHHALKAJ00010zdbt_3,298.87109375,"(1979, 1983)",,,,132.93227077677722,5.767813779439605,0.39591262351006057,,,,,,11.577299717873927,,2.2692750532558303,5.8408944114052135,3.919398098829544,11.546098541721726,-10.478394176749383,174.2489630028131,163.7705688260637
DEHHALKAJ000115G,1403.6142578125,"(1969, 1978)",,,,443.82278600561136,14.770137923948962,1.9649243313060711,,,,,,53.289356965376804,,32.506406229289965,36.89791485740483,16.234216451399256,39.79530292509767,-54.32558486871715,639.2810456894349,584.9554608207178
DEHHALKAJ00010uybt_0,259.579833984375,"(1979, 1983)",,,,141.87664694480787,4.073435497607098,0.2870781032551276,,,,,,10.143029736655546,,1.7305425092785622,4.233997165098926,2.8964223290740296,8.592448437815314,-13.267428565104026,173.83360072359247,160.56617215848843
DEHHALKAJ00010wabt_1,613.4130859375,"(1979, 1983)",,,,251.54663635356206,10.55024906354319,0.7495382647517647,,,,,,23.506332396609622,,4.58489111127256,10.936878094856525,7.501882784960316,22.423824938954688,-20.325842657262292,331.80023300851076,311.4743903512485
DEHHALKAJ00010xY,761.6005859375,"(1969, 1978)",,,,239.2967913496932,7.965247482831821,1.0595384471212648,,,,,,28.914910234039052,,17.507264203031518,19.86952163134452,8.759447125173311,21.43741005989533,-29.278622517175755,344.81013053313006,315.53150801595433
DEHHALKAJ00010xEbt_1,415.5927734375,"(1979, 1983)",,,,201.70774038260328,8.39997648467276,0.5691163720933323,,,,,,16.107044472346992,,3.176934729561557,8.43984901924949,5.617031392751575,16.443313275424252,-16.20341641507,260.4610061287032,244.25758971363322
DEHHALKAJ00010xEbt_2,1365.3935546875,"(1979, 1983)",,,,646.8566459440304,28.694927057116633,1.92351337477242,,,,,,51.8735589151329,,10.499452542451095,28.595997553752515,18.891786986289127,55.06528020035901,-49.70388100503231,842.4011625739041,792.6972815688719
DEHHALKAJ00010qz,1463.5859375,"(1984, 1994)",,,,631.2761174984219,24.168382650979957,1.6869834458867827,,,,,,55.56646612688527,,10.888863511039048,25.44830330039499,17.62189001656906,52.60561934556944,-66.03007493824096,819.2626258957464,753.2325509575054
DEHHALKAJ000113t,1581.9609375,"(1969, 1978)",,,,496.268227691427,16.527935143869225,2.196754618316716,,,,,,60.06043227274879,,36.33145570625458,41.234783276061044,18.181886679600076,44.52725499756349,-60.71217377249751,715.328730385841,654.6165566133435
DEHHALKAJ000113Y,652.1806640625,"(1949, 1957)",1.8604970704821753,1.0200227818426248,31.015287992069446,133.17529242439687,3.0351799574458367,0.42537716476761656,,,,,,24.760988852398214,,6.976031984895881,7.5870037568158315,3.836096641769646,6.073775344262179,-27.825995665254887,185.86974612675206,158.04375046149718
DEHHALKAJ00010yu,7984.75830078125,"(1919, 1948)",46.342221166944135,24.189412956900828,729.0913095575213,2712.8796922568476,114.26977029584728,9.619467288965748,,,,,,303.1478065455741,,82.0789240577966,166.40068975508814,76.93253072396163,160.03217752627856,-581.5167774896239,3625.361058450359,3043.844280960735
DEHHALKAJ00010qZ,79.50537109375,"(1949, 1957)",,,,18.8195974033441,0.434292683234375,0.0500822777765625,,,,,,3.0187280511480856,,0.71554833984375,0.7761274418102424,0.7074100873377543,2.5540082588891706,-1.260280023106652,27.075794543384042,25.81551452027739
DEHHALKAJ0001131bt_0,2458.0908203125,"(1979, 1983)",,,,977.4869861470229,45.779684565082405,3.175038331619649,,,,,,93.32767529959708,,18.57030748112267,46.6186067441192,31.47801235042815,93.21712479166686,-73.92847115746558,1309.653435710659,1235.7249645531936
DEHHALKAJ00010qj,602.71142578125,"(1969, 1978)",,,,177.62401167913572,5.643767289789063,0.7583312748333985,,,,,,22.882741957614783,,12.162716572265627,13.779867853746438,6.29042335249509,15.53435073524979,-20.95822076311461,254.67621071512988,233.71798995201527
DEHHALKAJ000111hbt_0,1329.779296875,"(1979, 1983)",,,,528.108521424562,24.496593932152532,1.70444883652753,,,,,,50.49199043533771,,10.03098231239649,25.00276463413028,16.918060883969435,50.1667082089077,-40.20330642181469,706.9200706679837,666.7167642461691
DEHHALKAJ000111hbt_1,523.29296875,"(1979, 1983)",,,,208.70173364254097,9.086439542546307,0.6436387112055761,,,,,,20.081808808326024,,3.91615980824103,9.394901169959676,6.4311610171322755,19.206005738831884,-16.530920177830346,277.46184843878376,260.9309282609534
DEHHALKAJ000115x,903.091796875,"(1949, 1957)",2.5762794499246358,1.412452496168169,42.94768874145796,185.16596535998784,4.218321204051189,0.590810065421835,,,,,,34.28705252711269,,9.685314137356437,10.533750961198166,5.337080779596466,8.50458925855444,-38.57732215578637,258.3228842932791,219.74556213749275
DEHHALKAJ000114Jbt_0,1505.09765625,"(1979, 1983)",,,,512.1792621457307,23.309412170174504,1.7510524540252668,,,,,,57.14462452309749,,11.75694410724752,25.055248209886624,17.771637161326126,54.34326014187395,-40.1441236202178,703.3114409133622,663.1673172931444
DEHHALKAJ000114Jbt_1,565.7666015625,"(1979, 1983)",,,,276.06675765006673,8.46845856249331,0.643849701800715,,,,,,21.786653014497457,,4.402878840847853,9.2454722716732,6.615685949830802,20.24188071185649,-25.550322566420505,347.4716367030665,321.921314136646
DEHHALKAJ000114Jbt_3,5.0,"(1979, 1983)",,,,7.641289469859256,0.0702256455754446,0.0054641354904222585,,,,,,0.20871173100904275,,0.038650406409305366,0.08192990695452833,0.060043740373579145,0.18056952823743636,-0.8622119334494676,8.286884563909014,7.424672630459547
DEHHALKAJ00010t3,414.017578125,"(1979, 1983)",,,,189.4143686435328,8.417601270356997,0.5519044826905819,,,,,,15.718831091129285,,2.868478551162522,8.268896071674337,5.382857987057744,15.523089554579675,-14.591822894017463,246.14602765218396,231.5542047581665
DEHHALKAJ000112ebt_1,815.400390625,"(1979, 1983)",,,,314.92123772078384,14.150870811408515,1.002546836853691,,,,,,31.04951330952393,,6.101764793960637,14.62526180955776,10.011079209779737,29.907351787421728,-24.519241473045593,421.7696262792898,397.2503848062442
DEHHALKAJ00010xe,482.2607421875,"(1949, 1957)",1.375760962398631,0.7542648393704005,22.93452816132718,101.25050552926521,2.1429776920703123,0.3028540434738399,,,,,,18.30990780558965,,4.991398681640624,5.433688602735668,2.6730670552583136,3.9374316174313804,-20.544693214905877,139.04183102746498,118.4971378125591
DEHHALKAJ00010tF,1766.76953125,"(1949, 1957)",5.040121117103194,2.763260659883212,84.02099118670125,351.0669951107667,8.023903356318513,1.1294689111244431,,,,,,67.07684516832333,,18.571221369454413,20.195378097319406,10.068704896580297,15.243836817869015,-74.79029039662981,491.37635372775605,416.58606333112624
DEHHALKAJ00010wg,700.6640625,"(1979, 1983)",,,,302.0264706757643,13.531416057132017,0.8990558260789259,,,,,,26.601557751033624,,4.814194710727138,13.40589555163351,8.804417339418379,25.556236479060626,-23.223716744650567,395.6392443908485,372.4155276461979
DEHHALKAJ00010yg,2747.956298828125,"(1949, 1957)",8.959068159227238,4.911834461595946,149.35152734586066,545.8283592746294,11.810885760523439,1.7249244383709161,,,,,,104.3283884197449,,28.971310693359374,31.53555959610825,13.909885466789758,12.858370525300668,-126.84558356616272,750.9676841748266,624.1221006086638
DEHHALKAJ0001154bt_0,158.73974609375,"(1979, 1983)",,,,98.23207535790989,2.7134170854646724,0.17304253697193872,,,,,,6.281641676472499,,0.8413790088410752,2.6462641740125092,1.6972095385968884,4.79953681812001,-9.189060474970747,117.38456619638949,108.19550572141874
DEHHALKAJ000113a,675.1015625,"(1949, 1957)",1.9258842656960793,1.0558714965851252,32.105320716510825,139.50025749447164,2.9998867039375003,0.42395579833272123,,,,,,25.63128520670843,,6.987301171875,7.604617381947637,3.741459529621329,5.493222828206615,-28.68163191595402,192.3819861151009,163.70035419914686
DEHHALKAJ000114L,911.2431640625,"(1949, 1957)",2.5995331211977155,1.4252013872233285,43.33533746332376,189.38582695002614,4.279575733588514,0.5988158184178032,,,,,,34.596610624205965,,9.810925684128035,10.671796885707973,5.423326413650441,8.734498571931471,-39.04400915193564,263.5013766816563,224.45736752972067
DEHHALKAJ000110dbt_0,1138.5234375,"(1979, 1983)",,,,459.5671205532328,20.959906333322817,1.458647154432239,,,,,,43.23733335927351,,8.587514430350977,21.401522070404823,14.484242064368532,42.94719237468689,-35.335653982927525,612.6434783400726,577.3078243571451
DEHHALKAJ000110dbt_2,535.2509765625,"(1979, 1983)",,,,218.88184664740425,9.852981040714344,0.6857085820236295,,,,,,20.540726643230364,,4.037177586627491,10.062898911890853,6.810977749634768,20.19317558955265,-16.95630070133559,291.06549275107835,274.1091920497428
DEHHALKAJ0001133,689.73828125,"(1949, 1957)",1.9676389110825558,1.078763599033278,32.80138865029837,138.69085612982627,3.165939185769186,0.4447961799838541,,,,,,26.186871121412295,,7.305221433172564,7.944505008441663,3.985268905698569,6.155066452440349,-29.297344639769722,193.87852441674477,164.58117977697503
DEHHALKAJ00010vG,1154.033203125,"(1969, 1978)",,,,360.09672175806054,11.994737002883253,1.5941311089263717,,,,,,43.81381138922517,,26.33726070089205,29.887990196665427,13.200935528933304,32.28371633174726,-44.03772258645566,519.2093040173334,475.1715814308777
DEHHALKAJ00010uo,800.193359375,"(1969, 1978)",,,,254.47711722449304,8.450251008758844,1.1278465584163504,,,,,,30.380124107314284,,18.587120078873696,21.09554673713361,9.27608986900681,22.673351180061047,-31.16321758014653,366.06744676405765,334.9042291839111
DEHHALKAJ00010tH,2882.0947265625,"(1949, 1957)",8.221845711003464,4.50765016891165,137.06171140976085,579.817708789948,12.806899183710938,1.8099214081886092,,,,,,109.42106994789538,,29.82968041992187,32.40484595447788,15.972285166182134,22.64958484587095,-122.36722519790185,804.7119957161958,682.344770518294
DEHHALKAJ00010zJbt_0,849.7275390625,"(1979, 1983)",,,,359.1872589855986,16.2660198319548,1.1191375625726152,,,,,,32.417085843469124,,6.4443506827970864,16.48564036018597,11.076437721004101,32.676243679811556,-27.659264570439184,475.67217466739385,448.01291009695467
DEHHALKAJ000111Bbt_0,4.0,"(1979, 1983)",,,,14.685665105327656,0.05889259968264495,0.004402774115204559,,,,,,0.18851888617345258,,0.02933886585049269,0.07321808833327491,0.05355936221897762,0.1520570103058902,-1.7268269315131521,15.245652692007596,13.518825760494444
DEHHALKAJ000111Bbt_1,1886.8251953125,"(1979, 1983)",,,,734.4185903088326,33.70102428789073,2.3666867940665837,,,,,,71.63921944801137,,14.173333172686576,34.61543135054221,23.561464063051773,70.13892387543555,-56.38638029304793,984.6146733005174,928.2282930074695
DEHHALKAJ000111Bbt_2,852.2236328125,"(1979, 1983)",,,,327.36412705285215,14.736191232458745,1.0451912007247235,,,,,,32.42349696791301,,6.37428785285395,15.241205055528912,10.439951938053907,31.20376164523047,-25.469160819006547,438.8282129456159,413.35905212660936
DEHHALKAJ00010zw,1310.623046875,"(1949, 1957)",3.738857150453147,2.0498390091681395,62.32836005082195,260.84018486983575,5.9508284367172015,0.8376936294849128,,,,,,49.75915407647547,,13.77408622799191,14.979084908437276,7.466889537086885,11.303326561824408,-55.493418717609444,364.91124824785385,309.4178295302444
DEHHALKAJ00010zSbt_1,2804.33203125,"(1979, 1983)",,,,1075.788073492952,48.88437667573642,3.4585706453014895,,,,,,106.47280385963353,,20.99745924161342,50.46789162836325,34.51415991033955,103.05897728550615,-83.20562672390184,1443.6423127394457,1360.436686015544
DEHHALKAJ00010zSbt_3,4.0,"(1979, 1983)",,,,12.175794723167604,0.05721244073009803,0.0043205198712599055,,,,,,0.184670917654529,,0.029244087815191798,0.06997051374300928,0.05119580962709933,0.1474581086223376,-1.4240017745425557,12.719867121231129,11.295865346688574
DEHHALKAJ00010t5,894.6357421875,"(1949, 1957)",2.552156586673935,1.3992270681525192,42.54555021472547,182.54423382968486,4.160670266767535,0.5831846676014998,,,,,,33.96597884908601,,9.564717146726323,10.402376168237621,5.257529989815657,8.31426501201141,-38.16205989849801,254.7929559299309,216.6308960314329
DEHHALKAJ000110x,2385.73046875,"(1949, 1957)",6.805851189179193,3.731327166773954,113.45647247316282,480.35109896036795,10.60125099678125,1.4982105236730268,,,,,,90.57619538201334,,24.692310351562497,26.863497091786996,13.219159834233285,19.307073824368278,-100.91598934309982,667.1087969647866,566.1928076216868
DEHHALKAJ00010zW,436.3486328125,"(1979, 1983)",,,,207.6714275626798,6.299600809750309,0.4741751294489923,,,,,,16.56661887907686,,3.19345207248273,6.832877299069409,4.861233654945067,14.816523487870235,-19.260317140686485,260.7159088953234,241.45559175463694
DEHHALKAJ000111S,790.3623046875,"(1984, 1994)",,,,302.2232832952356,13.898441842982386,0.9524711229670495,,,,,,30.006808226502798,,5.927963320570395,14.367179036637133,9.815827507984714,29.15031981108697,-25.708325532082718,406.342294163967,380.6339686318843
DEHHALKAJ000111Jbt_0,528.65234375,"(1979, 1983)",,,,206.99454576550937,9.309066326127708,0.6565737248062393,,,,,,20.24973956268438,,3.9635765669452896,9.592354074213686,6.547606222819352,19.523778158819827,-16.092327711923023,276.83724040192584,260.7449126900028
DEHHALKAJ000111Ubt_1,631.990234375,"(1979, 1983)",,,,271.58706964546053,8.872578978674813,0.6744633929058013,,,,,,24.230707421864317,,4.611082613388103,9.672246181643718,6.9181783048757115,21.181267865104967,-24.626110055844848,347.747594403918,323.1214843480732
DEHHALKAJ00018J5,1568.9208984375,"(1949, 1957)",4.475711863609466,2.45382169006146,74.61204568486278,316.6476483679784,7.171792281001912,1.008341772982864,,,,,,59.56547049965139,,16.568057220915694,18.019730615026493,9.017397598517999,13.841795494360316,-66.64499976051671,441.8402338504351,375.19523408991836
DEHHALKAJ00018Cs,1703.0869140625,"(1969, 1978)",,,,560.4549530140295,17.899268900388186,2.3080995990769044,,,,,,64.65910645640248,,38.53340585998534,43.70878739643296,20.530749537401306,53.82040406636365,-64.31600885004855,801.9147748300802,737.5987659800317
DEHHALKAJ000187x,1445.013671875,"(1949, 1957)",4.12223767350528,2.2600284654334852,68.71947859739966,289.94725792095477,6.6201758319720785,0.9304117237219588,,,,,,54.86128279577656,,15.283934704383725,16.62129036220022,8.328805359558833,12.818616677377186,-61.34116548021733,405.4117753759453,344.07060989572796
DEHHALKAPE0001Oe,2582.578125,"(2010, 2015)",1.2659079031991758,0.46235879933536495,15.811721489034793,1115.183494792662,41.53388381689212,4.050261674117578,,,,,,98.0496689913667,,24.18904138725035,46.81054685805344,32.50371190386305,104.33067066276186,-123.14222503567348,1466.6512800869668,1343.5090550512934
DEHHALKAPE0001O7,2515.681640625,"(2010, 2015)",1.2818229228379994,0.4518586914768938,15.637922761661525,923.8227058439676,40.19830662840479,3.7077797103891275,,,,,,95.50988923196894,,23.574244340896307,45.24224809279995,31.617626456344126,97.91709229283533,-91.41764283257992,1261.589892597606,1170.172249765026
DEHHALKAPE0001OZ,2381.560546875,"(2010, 2015)",1.167374682319209,0.4263706349629211,14.581000168760005,1042.572583851917,38.5144360038574,3.761510321415398,,,,,,90.41787416099751,,22.31642664285376,43.350363535107284,30.058703277595452,96.65737670115021,-115.67935688121241,1367.6492744948941,1251.9699176136817
DEHHALKAPE0001Oibt_0,1602.5595703125,"(1979, 1983)",,,,503.3406661926199,23.796036460985512,1.8414288778075405,,,,,,60.84398058047131,,12.92382473639442,26.087106690696118,18.824012321222114,58.20232736209883,-38.909715848250784,705.8593832222957,666.9496673740449
DEHHALKAPE0001Oibt_1,748.99365234375,"(1979, 1983)",,,,353.37895563935757,11.129110127183802,0.8610008291037494,,,,,,28.692685667989554,,6.040673157840113,12.287719914539327,8.879716860786985,27.349249730888957,-32.516343147474046,448.6191119276901,416.102768780216
DEHHALKAbr0000Mgbt_1,1207.75146484375,"(1979, 1983)",,,,495.55978333012797,17.340695191490017,1.3383528234939532,,,,,,45.87295397776325,,9.357321412632512,19.073171652005144,13.757740599243501,42.38511338701802,-43.96461278090815,644.6851323737743,600.7205195928661
DEHHALKAbr0000Mgbt_2,677.674560546875,"(1979, 1983)",,,,304.5094738278408,9.679951568190436,0.7485083540921273,,,,,,25.969172639363016,,5.247613643345476,10.681853271106332,7.716668959384319,23.765301687261612,-27.93365421545345,388.3185439505841,360.3848897351307
DEHHALKAbr0000MWbt_1,1306.641845703125,"(1979, 1983)",,,,524.815057378909,18.411265381908805,1.4308373058837063,,,,,,49.615767294580586,,10.103793470257461,20.345584454432245,14.7334033807794,45.50355531955802,-46.570938934826174,684.9592639863092,638.3883250514831
DEHHALKAbr0000MWbt_4,473.2568359375,"(1979, 1983)",,,,231.193735958028,6.635615438522382,0.5166328325413281,,,,,,18.254113502662925,,3.657674234727634,7.3737269191472885,5.350302184367943,16.497903393375857,-21.89343237565648,289.4797044633733,267.58627208771685
DEHHALKA10001o2abt_1,186.56201171875,"(1979, 1983)",,,,88.76534115830148,2.5679701155380754,0.17296852222375994,,,,,,7.292194303237808,,0.9538150270540933,2.5907518509761776,1.7221506328251133,5.00706183260392,-8.237539649523502,109.07225344276043,100.83471379323693
DEHHALKA100050O4bt_0,131.423828125,"(1979, 1983)",,,,76.18637185526453,3.1332656656247293,0.18667846159728235,,,,,,5.210150963506735,,0.7466176139705489,2.8977139630259394,1.7637895224845672,4.824803864799742,-5.689196761885709,94.94939191027407,89.26019514838836
DEHHALKA100050O3bt_1,129.41162109375,"(1979, 1983)",,,,79.70279074699145,3.1599458334750827,0.18747499209887433,,,,,,5.153010278366622,,0.7393974737179745,2.9168414305229176,1.770489537662509,4.828793249807235,-6.081360889041459,98.45874354264267,92.3773826536012
DEHHALKA100050O2bt_1,131.869140625,"(1979, 1983)",,,,74.928570876918,3.2149647873960765,0.19079092628715993,,,,,,5.230464006413165,,0.7531572032994505,2.965568391791042,1.7995782685615487,4.9107958312158555,-5.776023613580759,93.99389029188228,88.21786667830152
DEHHALKA100050O2bt_2,2.0,"(1979, 1983)",,,,9.007756594720194,0.031873225507801146,0.002066931081678043,,,,,,0.09908030779057253,,0.010470215376862584,0.03735442233710859,0.02561815529665786,0.06742152379645129,-1.0614586200015685,9.281641375907325,8.220182755905757
DEHHALKA1b4000CPbt_0,1713.072509765625,"(1979, 1983)",,,,759.3276652306668,27.542285852357384,2.0425557477532665,,,,,,65.04588160966156,,13.438607734440668,29.464083615743093,20.76007303341142,63.042284677715685,-65.99727549223326,980.6634375017499,914.6661620095166
DEHHALKA1b4000CPbt_1,1990.797119140625,"(1979, 1983)",,,,877.7608607023784,32.007462040776325,2.373696428569543,,,,,,75.5890932894339,,15.617284972161338,34.2372935059841,24.122596556050436,73.2572220136193,-76.1299945303469,1134.9655095089734,1058.8355149786264
DEHHALKA3zZ0002pbt_1,1350.97705078125,"(1979, 1983)",,,,529.764325699906,18.187962874848004,1.460681953806579,,,,,,51.29640465252732,,10.789318742821083,20.566511269850817,15.17121659230907,47.37467301559129,-47.641077023556676,694.6110948016602,646.9700177781035
DEHHALKA3zZ0002pbt_2,1268.55322265625,"(1979, 1983)",,,,498.6089881756878,17.06764207012084,1.371042925512855,,,,,,48.16819593185762,,10.130455139233916,19.30404788223556,14.242016521589232,44.47535982334183,-44.8876089686182,653.3677484695796,608.4801395009614
DEHHALKA3zZ0002pbt_4,797.26171875,"(1979, 1983)",,,,337.6848999414087,10.734648793550354,0.8620641732855892,,,,,,30.41972664744499,,6.367248476522795,12.157007487366133,8.970326014797179,27.98841489096434,-31.154209446291244,435.18433642534006,404.0301269790488
DEHHALKA3zZ0002pbt_6,1539.37646484375,"(1979, 1983)",,,,640.3995115223324,20.648327625047365,1.6606583806772344,,,,,,58.450114503208596,,12.289646012923782,23.401277600062947,17.280245787693648,53.95105681268407,-58.829413654888086,828.0808382446301,769.251424589742
DEHHALKA3zZ0002pbt_7,3402.38232421875,"(1979, 1983)",,,,1239.0746560812074,45.64300001828308,3.670706281050533,,,,,,129.17541410420898,,27.163296952008672,51.59330731152914,38.07793451970932,119.04098034759275,-108.61398648311565,1653.43929561559,1544.8253091324743
DEHHALKA3zZ0002pbt_10,1758.7646484375,"(1979, 1983)",,,,826.2684909892923,23.630809676892458,1.8992765306255703,,,,,,66.78691445340984,,14.043377751120524,26.839812067412126,19.8223922018643,61.790493095326696,-78.65329282150627,1041.0815667659438,962.4282739444375
DEHHALKAJ00010BSbt_0,1329.8388671875,"(1979, 1983)",,,,501.6072945331159,22.5671043352282,1.6436916452482744,,,,,,50.492891006595684,,10.49916115072591,23.757914506605747,16.5423050016425,49.98300551661969,-38.98054404546656,677.0933676957819,638.1128236503154
DEHHALKAJ00010d0bt_0,598.486328125,"(1979, 1983)",,,,294.8505960415622,9.141964944778637,0.6900810666568965,,,,,,23.03833226202748,,4.667874143393101,9.929984562910175,7.075538421406421,21.594012713655843,-27.1697619150072,370.98838415639074,343.81862224138354
DEHHALKAJ00010d0bt_2,1112.301025390625,"(1979, 1983)",,,,494.50377138210786,16.989857266996534,1.2824976870537785,,,,,,42.33199291168787,,8.675315169715503,18.41412169241148,13.114088257206866,40.0690184165806,-44.00445963928607,635.3806627837605,591.3762031444744
DEHHALKAJ00010d0bt_4,819.23095703125,"(1979, 1983)",,,,381.84798736947016,12.506640155714878,0.9442553417505428,,,,,,31.34971741391056,,6.389156618098635,13.570286721125875,9.667788325630891,29.52595693813027,-34.55822225999314,485.8017888838318,451.24356662383866
DEHHALKAJ00010d0bt_6,1029.189453125,"(1979, 1983)",,,,447.1226701522248,15.210367413739288,1.1617012278275098,,,,,,39.18861117527987,,7.998322953067131,16.620411009394186,11.918051889291872,36.568232865353735,-40.006084820023844,575.7883686861784,535.7822838661546
DEHHALKAJ00010iS,2019.51904296875,"(1949, 1957)",6.145224426735438,3.3691366754914673,102.44353962981717,381.16724181935103,8.709905980054105,1.2533423170348428,,,,,,76.67267728169502,,20.874735606363053,22.700925606248177,10.528231169275006,12.213544326879253,-88.10197264128675,534.1206041069005,446.01863146561374
DEHHALKAJ00010OEbt_0,2138.53515625,"(1979, 1983)",,,,864.85157319101,31.73209745874894,2.4200835851935723,,,,,,81.19587434233902,,16.626727576282065,34.588591823069486,24.773458316598628,76.03139349315092,-75.19495326226135,1132.2197997863927,1057.0248465241314
DEHHALKAJ00010dobt_0,293.857421875,"(1979, 1983)",,,,178.527188820499,4.09095378929208,0.3193576725729006,,,,,,11.477280577560508,,2.269493410816782,4.5814458751775256,3.3334662111396236,10.256978486721508,-17.871244693389187,214.85616484377994,196.98492015039074
DEHHALKAJ00010dobt_1,1736.378173828125,"(1979, 1983)",,,,686.1335478402209,24.34824623014883,1.895631784649106,,,,,,65.92795593290701,,13.420121328398775,26.933407092008625,19.52299197806545,60.34105959515699,-60.646417964536724,898.5229617815558,837.8765438170191
DEHHALKAJ00010dobt_3,1949.3994140625,"(1979, 1983)",,,,762.1836617931269,27.313200145663487,2.127107459931752,,,,,,74.01488221474042,,15.06527218668996,30.213711465864044,21.90360454100772,67.71271955516093,-67.12439244551422,1000.5341593621852,933.409766916671
DEHHALKAJ00010iU,843.173828125,"(1958, 1968)",3.282172475360331,1.616841560925908,48.199252555736365,134.62985842334638,2.642416255975207,0.42632201571696293,,,,,,32.01189740101371,,6.829708007812499,7.501200140911116,2.8355772273214157,0.348288654330671,-35.891389874233056,187.22526812642798,151.33387825219492
DEHHALKAJ00010kQ,1875.9150390625,"(1979, 1983)",,,,748.5741032898327,34.31628951020782,2.3926630500751838,,,,,,71.22063652818795,,14.137078748915137,35.080333207116986,23.769794596761265,70.54059752899906,-57.411043410681394,1000.0314964600959,942.6204530494146
DEHHALKAJ00010hjbt_0,2279.134521484375,"(1979, 1983)",,,,714.1022333541858,31.757846221310377,2.478319307210336,,,,,,86.53096742048024,,17.603629402425916,35.049581199443324,25.418547917134184,78.78671698462094,-57.18419485858331,991.7278418068112,934.5436469482279
DEHHALKAJ00010hjbt_2,1692.25341796875,"(1979, 1983)",,,,531.6135680747517,23.63669060942879,1.842916006191925,,,,,,64.24951541845357,,13.073853926366294,26.070754974640845,18.89735062323451,58.55547267928911,-42.566730353123674,737.9401223123567,695.373391959233
DEHHALKAJ00010mabt_1,385.5048828125,"(1979, 1983)",,,,165.37741279484808,6.884984895315898,0.4835175996441255,,,,,,14.885436354000307,,2.895776718481975,7.083514363458955,4.823912711881272,14.347912372591866,-13.381437579421567,216.78246781022253,203.40103023080096
DEHHALKAJ00010mabt_2,1800.1064453125,"(1979, 1983)",,,,706.6349680390452,32.2031902606319,2.260413720865415,,,,,,68.34727621979789,,13.524805650397681,33.07006163024843,22.503506169198896,66.97190824917806,-54.46389290592509,945.5161299393635,891.0522370334384
DEHHALKAJ00010FRbt_1,276.05224609375,"(1979, 1983)",,,,138.50483022273758,6.258065119292595,0.37628676399483796,,,,,,10.822792668759105,,1.550014344425204,5.814757597760343,3.561327661694847,9.800748842585886,-10.378674200771155,176.68882322125037,166.31014902047923
DEHHALKAJ00010cH,3263.802978515625,"(1958, 1968)",12.171036589071093,6.43619327792214,194.4539305301977,556.2743459006342,11.967414138453261,1.858376582036931,,,,,,123.91292024951126,,31.33250859375,34.1894566546814,12.876993833237885,0.5162109235594133,-152.46977637247446,772.9282268758644,620.4584505033899
DEHHALKAJ00010F3,630.4287109375,"(1979, 1983)",,,,249.25348569340377,11.54640241861216,0.804770473114286,,,,,,23.934901816359556,,4.75175698996957,11.798690067553995,7.99234838065082,23.71694750135848,-18.997559747036483,333.79930334102266,314.8017435939862
DEHHALKAJ00010GS,1089.8603515625,"(1984, 1994)",,,,564.6448706595763,21.37499099755499,1.4215869701426664,,,,,,41.37771176643681,,8.298953057714371,21.757492483317233,14.587757984724675,42.58545906881314,-60.313622676219424,716.0488229882803,655.7352003120609
DEHHALKAJ00010cWbt_1,794.0029296875,"(1979, 1983)",,,,303.29455674822293,13.76138235251583,0.9753499777015597,,,,,,30.228006270181098,,5.9406207240949005,14.224343930901558,9.738685570237154,29.10096075615111,-23.48742761649303,407.2639063300062,383.77647871351314
DEHHALKAJ00010oBbt_0,4.0,"(1979, 1983)",,,,11.831250022545072,0.06212052232318539,0.004560801030400291,,,,,,0.18335455642923698,,0.029520953483040742,0.07365497180060189,0.052979104588928815,0.1518090184460566,-1.3768302178925234,12.389249950646525,11.012419732754001
DEHHALKAJ00010oBbt_1,1232.595703125,"(1979, 1983)",,,,523.6915134939918,24.166287832955266,1.6513578938510478,,,,,,46.8100526982103,,9.380249987116468,24.37478818463491,16.303283035036564,47.95634623262158,-39.82255449467934,694.3338793584179,654.5113248637385
DEHHALKAJ00010g4,309.11474609375,"(1949, 1957)",0.5878811513851213,0.32230750423771853,9.800232155481698,75.21783182598276,1.7245332644949667,0.22268492325258327,,,,,,11.736521822008644,,3.4655016237384646,3.767742889471394,2.458841269632344,6.455072341904645,-10.988347387753592,105.04872996048579,94.0603825727322
DEHHALKAJ00010e6,2335.155029296875,"(1949, 1957)",7.105677847510802,3.8957079803501484,118.4547120852492,470.14667733833573,10.217906103585937,1.4661485068850377,,,,,,88.65605875238697,,24.379018505859378,26.53172688271917,12.417545066103198,15.202459469169739,-103.0858380676352,649.0175406250453,545.9317025574101
DEHHALKAJ00010eLbt_1,251.5595703125,"(1979, 1983)",,,,135.43667064850248,5.491886105722547,0.33257429191155063,,,,,,9.922348266926612,,1.4005908624652936,5.136275464877493,3.1649822788876447,8.737580645847135,-10.806969353958262,169.62290856514076,158.8159392111825
DEHHALKAJ00010IHbt_1,156.59814453125,"(1979, 1983)",,,,107.14996463601148,4.959100927749628,0.24277887329584852,,,,,,6.342415075678427,,0.27974367667918737,4.066888314741916,2.1055590739698977,4.93486242772977,-7.6010416304041755,130.08131300585617,122.48027137545199
DEHHALKAJ00010IHbt_3,1.0,"(1979, 1983)",,,,6.591174211311545,0.019916030510678234,0.0009750137209049198,,,,,,0.05536649218746544,,0.001123466467225183,0.020989669895469416,0.01256611363942746,0.027108781441750746,-0.7783512316447739,6.729219779174465,5.950868547529691
DEHHALKAJ00010hfbt_0,349.47265625,"(1979, 1983)",,,,151.13727120252793,6.613262341312441,0.45652631402525423,,,,,,13.515045842746929,,2.6460886744104197,6.721191419165462,4.526346751972559,13.368765007626948,-11.873220793934117,198.98449755378795,187.11127675985384
DEHHALKAJ00010hfbt_1,1898.00390625,"(1979, 1983)",,,,763.2615326100835,35.887051612536446,2.47795327823359,,,,,,72.0640137634668,,14.369355685531156,36.43557307857876,24.53214260050762,72.50931846261973,-57.528306029211464,1021.5369410915575,964.0086350623461
DEHHALKAJ00010hfbt_2,343.4482421875,"(1979, 1983)",,,,148.20537359124768,6.493845851966477,0.44839143630296713,,,,,,13.282943673260426,,2.600168490334283,6.600729909754457,4.445880782516131,13.132671718861468,-11.63481114073527,195.21000545424388,183.5751943135086
DEHHALKAJ00010Nkbt_0,1238.1494140625,"(1979, 1983)",,,,388.13372775778555,17.243216372777056,1.3458988063012782,,,,,,47.009289719883334,,9.562717305345906,19.033450668049575,13.805020810427553,42.79236384761061,-31.09939575504894,538.925685288181,507.826289533132
DEHHALKAJ00010nL,362.155517578125,"(1979, 1983)",,,,150.3742411901601,6.715873805445537,0.4510809158119004,,,,,,13.749778421950026,,2.4726436190720795,6.701250352935168,4.432855901371978,12.932883884012938,-11.61074013520669,197.8306080907597,186.219867955553
DEHHALKAJ00010m4,648.736328125,"(1958, 1968)",2.4445168184031507,1.2165311156811534,36.3380758430266,110.98952670434663,2.0287282453125,0.3252841068822785,,,,,,24.63016889248054,,5.2547642578125,5.772618910976966,2.1799689760684484,0.31381037765045167,-27.5927051234113,151.4948704715303,123.90216534811901
DEHHALKAJ00010FLbt_0,2049.407958984375,"(1979, 1983)",,,,798.1101495867935,29.160187895769813,2.258055531272359,,,,,,77.81156982369396,,15.863299674209138,32.119623275215055,23.208027488289773,71.614960163624,-69.69674663794221,1050.1458734388675,980.4491268009253
DEHHALKAJ00010cMbt_0,2602.054443359375,"(1979, 1983)",,,,820.1330757966284,36.65282147679093,2.848815850807383,,,,,,98.79086736008873,,20.120107410602756,40.33702851333994,29.18538347892655,90.33869534405169,-65.44451657868571,1138.4067952312364,1072.9622786525506
DEHHALKAJ00010cMbt_1,1469.501953125,"(1979, 1983)",,,,474.30508761192954,20.674549875059487,1.6076350692622472,,,,,,55.792855320123905,,11.361355472955836,22.768521558657206,16.479522351650235,51.007416805834325,-38.3387590969268,653.9969440654727,615.6581849685459
DEHHALKAJ00010mCbt_1,444.7900390625,"(1979, 1983)",,,,215.38303908633023,9.30102781580513,0.6243205938897642,,,,,,17.231609559463468,,3.4176674860587726,9.282311099322204,6.138850737040529,17.899390007413032,-16.94274202594049,279.27821638532316,262.33547435938266
DEHHALKAJ00010mCbt_2,996.7177734375,"(1979, 1983)",,,,442.72088846614656,20.90289958637551,1.4019838295741969,,,,,,37.975809006816306,,7.661968933519007,20.818910239413817,13.754554758511967,40.121648111799416,-33.05436733296826,585.3586629321568,552.3042955991885
DEHHALKAJ00010mCbt_3,827.095703125,"(1979, 1983)",,,,366.7862045201372,17.329335548849507,1.1625955716172978,,,,,,31.603580253119308,,6.357130930209859,17.26238983055193,11.406716960535,33.27722068506082,-27.37503659164525,485.18517430008086,457.8101377084356
DEHHALKAJ00010mCbt_5,955.916015625,"(1979, 1983)",,,,422.4377201422712,19.580907250847844,1.321763335239449,,,,,,36.4443392609956,,7.322013107466554,19.590234774690824,12.99878968962651,38.02456033121281,-31.947328615856847,557.7203278923507,525.7729992764939
DEHHALKAJ00010mCbt_6,404.677734375,"(1979, 1983)",,,,197.4118326404506,8.478820796234643,0.5688296289521315,,,,,,15.715274148900816,,3.110388957701746,8.459635526629867,5.593004572894445,16.302974457893132,-15.573046899011967,255.6407607296574,240.06771383064543
DEHHALKAJ00010mCbt_7,1208.5849609375,"(1979, 1983)",,,,542.6548123842315,25.30326172492223,1.6978980777535246,,,,,,45.937050296555434,,9.288216647833021,25.21423479065244,16.664597375071068,48.615441458575596,-40.83458258440733,715.3755127555946,674.5409301711873
DEHHALKAJ00010mCbt_8,772.966796875,"(1979, 1983)",,,,344.4119074511932,15.846182221359829,1.0694222107374394,,,,,,29.585666483409494,,5.921401798232346,15.853347983923326,10.518129810467858,30.76292380862913,-26.161767253790273,453.96898176795264,427.80721451416235
DEHHALKAJ00010H1,548.575927734375,"(1958, 1968)",2.060604688650567,0.9902837127601287,29.375534760228966,88.19830934504694,1.5368903191406251,0.2520348686594811,,,,,,20.827542592359734,,3.9497466796874994,4.356307416821595,1.6487658787254977,0.31974233620255793,-21.683457865457292,121.08933943664391,99.40588157118663
DEHHALKAJ00010oXbt_1,218.86474609375,"(1979, 1983)",,,,120.85121491627976,5.106515915484703,0.3054274324623982,,,,,,8.639084318185656,,1.2370833605952924,4.73495632945439,2.890347805408385,7.923940990318883,-9.41068054995029,151.68857106818945,142.27789051823916
DEHHALKAJ00010oXbt_3,2.0,"(1979, 1983)",,,,5.427046418616555,0.027617663432869897,0.0018585948165274193,,,,,,0.08988036511966842,,0.010230158439421306,0.031227439838392844,0.02148386290864837,0.0590585352698029,-0.6314584170270119,5.668403038441886,5.036944621414873
DEHHALKAJ00010IT,575.7099609375,"(1958, 1968)",2.162527710084043,1.0392657948823287,30.82852730920125,92.08602100400451,1.6129090265625,0.2645011876297567,,,,,,21.85769769703966,,4.145111718749999,4.571393323232428,1.730215841341701,0.33159652722311617,-22.739375036053453,126.59944632578369,103.86007128973023
DEHHALKAJ00010c6bt_0,1959.10400390625,"(1979, 1983)",,,,784.3729995295579,28.426155258351507,2.1855261400368375,,,,,,74.38373088381755,,15.195382601057013,31.163281133518723,22.42564750488319,69.01880628302318,-68.62653643165828,1027.1715293342456,958.5449929025874
DEHHALKAJ00010mKbt_1,587.4423828125,"(1979, 1983)",,,,235.13728105634473,10.65679034006768,0.744887758775284,,,,,,22.499018289439448,,4.421982962183851,10.914130025393135,7.407339286052947,22.003999229582423,-18.16321464455258,313.7854289478395,295.6222143032869
DEHHALKAJ00010mKbt_5,1272.263671875,"(1979, 1983)",,,,509.66393165587533,23.1001836806573,1.6142354625917115,,,,,,48.30884246359294,,9.578118538720837,23.65389722595551,16.051074649099,47.675476804081825,-39.365361667124624,679.6457604805744,640.2803988134498
DEHHALKAJ00010mKbt_6,4.0,"(1979, 1983)",,,,4.282528040546457,0.05737951094489162,0.00432869899870656,,,,,,0.162147538750734,,0.02925351227273579,0.06413849923261748,0.04599852934835145,0.13828004500780816,-0.46570860713374035,4.784054375102302,4.318345767968562
DEHHALKAJ00010mKbt_7,1081.10546875,"(1979, 1983)",,,,424.58903446300116,19.085804899214757,1.345084922243804,,,,,,41.05985781328699,,8.108339194591554,19.656572210350568,13.41076977059684,39.97514785133362,-33.01168400917703,567.2306111246194,534.2189271154423
DEHHALKAJ00010jFbt_0,1671.42822265625,"(1979, 1983)",,,,689.1884202061235,24.341614276545624,1.8689874040285046,,,,,,63.46312462757501,,12.969137882657293,26.674353854856292,19.182731237795014,58.99455066784319,-60.87858937232771,896.6829201574244,835.8043307850967
DEHHALKAJ00010jFbt_2,3374.3359375,"(1979, 1983)",,,,1341.8112325810425,48.816189349981315,3.7572405193792457,,,,,,128.11196681235282,,26.16417431517327,53.552028307861825,38.560189725925966,118.72599719834824,-117.24450050358969,1759.4990188100653,1642.2545183064756
DEHHALKAJ00010jFbt_3,267.119140625,"(1979, 1983)",,,,149.36337955035674,3.856303090948262,0.29703489086997253,,,,,,10.403392645500258,,2.070752058832524,4.2653984012116055,3.077967456024983,9.441799359395397,-14.526951874283743,182.77602745313973,168.24907557885598
DEHHALKAJ00010Hg,2041.070556640625,"(1958, 1968)",7.705501212904153,3.9132573361484306,117.34640894439687,348.99319507087847,6.781579388671874,1.074823965937312,,,,,,77.49090022118442,,17.634849609375,19.32359895400446,7.290400803979472,0.7588850723089653,-90.04571128333623,479.34823308634,389.30252180300374
DEHHALKAJ00010vcbt_0,542.23388671875,"(1979, 1983)",,,,199.31151770427294,8.729503092195694,0.6470932819359674,,,,,,20.70416759111814,,4.2543392931188215,9.30450504713885,6.548516902791148,19.917303140234363,-15.896138480139204,269.41694605280594,253.52080757266674
DEHHALKAJ00010vcbt_1,1980.101318359375,"(1979, 1983)",,,,844.0218819337658,30.73194595662481,2.306917707595303,,,,,,75.18218732694379,,15.471127650785288,33.14442743575949,23.520988460731722,71.75935215244394,-73.4008739925784,1096.1388286246502,1022.7379546320717
DEHHALKAJ00010t7bt_1,808.16796875,"(1979, 1983)",,,,304.3161130928229,13.719648241072154,0.97868818311039,,,,,,30.751578001732423,,6.03039847724591,14.243920643373217,9.791679497456311,29.33643925470933,-23.686739929296323,409.16846539152255,385.4817254622262
DEHHALKAJ000115Vbt_1,150.711669921875,"(1979, 1983)",,,,105.42982287164078,4.242021509171246,0.2076733701325761,,,,,,6.132148528867835,,0.2392931119605702,3.4892327338428535,1.810286758304683,4.2375860672541945,-8.173826780277043,125.78806495117475,117.6142381708977
DEHHALKAJ00010us,2035.4248046875,"(1949, 1957)",6.193624304805519,3.3956720455563576,103.25038645636745,384.19264026804126,8.778982071027421,1.263268637218291,,,,,,77.2765523898352,,21.03993082197578,22.880578336586208,10.61192845132355,12.312645445863282,-88.79728445151706,538.356526421871,449.5592419703539
DEHHALKAJ00010uR,297.6181640625,"(1958, 1968)",1.1108889553950436,0.49556568875491414,14.469861999660393,41.24205012954319,0.6399980999999999,0.1117498492984087,,,,,,11.29961437378383,,1.6071380859374997,1.7933161560661035,0.6832152171233801,0.2285407519491576,-9.958001981909712,57.60562266370157,47.64762068179186
DEHHALKAJ00011Iz,3129.6142578125,"(1969, 1978)",,,,860.6273388505235,28.083777563798833,3.623472228165365,,,,,,118.81834012538198,,61.80831678466797,70.17408701388442,30.477501660261225,69.39391296016258,-102.50092827811592,1243.0067471868458,1140.50581890873
DEHHALKAJ00011Ad,125.828369140625,"(1919, 1948)",0.9071069949950579,0.3083978401707268,8.38083626528627,74.34444790299683,4.667724787270297,0.30290433406131195,,,,,,4.778038815906085,,0.8835044829331777,4.935447745507277,2.6485447439429555,8.887187366246968,-8.223144797853587,101.4478001788649,93.2246553810113
DEHHALKAJ00010ta,4191.6552734375,"(1969, 1978)",,,,1216.4743960106357,39.86164403643554,5.175942000295573,,,,,,159.1395838468906,,86.01067038330078,97.46852527446626,44.34175891436391,105.60148469508496,-144.03164390672578,1754.0740051614735,1610.0423612547477
DEHHALKAJ00011DAbt_2,3132.5771484375,"(1979, 1983)",,,,1237.0003768059032,57.709390834569874,4.015311564912409,,,,,,118.93503510213755,,23.630245428958936,58.89595384627981,39.850375496603164,118.17234649969697,-93.84639240644233,1658.209035579062,1564.3626431726195
DEHHALKAJ00011DAbt_3,4.0,"(1979, 1983)",,,,4.380103083392632,0.06138919609993795,0.004524998057426259,,,,,,0.16236895715591415,,0.029479699253791573,0.06743505351049943,0.047708278475547476,0.14228307596664116,-0.4731822298136902,4.895292341912391,4.422110112098701
DEHHALKAJ00011DAbt_4,739.1328125,"(1979, 1983)",,,,306.4897036359688,13.613641075510145,0.9472717642516701,,,,,,28.254615546576186,,5.5754014292612295,13.903815815890157,9.410116611705835,27.89554395912286,-23.69323259649925,406.0901098382869,382.39687724178765
DEHHALKAJ00011Apbt_0,749.1240234375,"(1979, 1983)",,,,296.63874076374714,13.21379715793814,0.9314926119702847,,,,,,28.58141205330058,,5.617830816451937,13.613334189584677,9.289666259058057,27.69174403903465,-23.181871938260326,395.57801789108544,372.3961459528251
DEHHALKAJ00011Apbt_2,1633.02734375,"(1979, 1983)",,,,637.1403924401158,28.873173622385245,2.033914707912514,,,,,,62.00435780451367,,12.250246124431367,29.723559116244537,20.27232514162473,60.42055279075879,-49.306183374123684,852.7185217479866,803.412338373863
DEHHALKAJ000114x,1902.276611328125,"(1969, 1978)",,,,556.3131670666615,18.140075524645997,2.355970597677409,,,,,,72.22147701433533,,39.165022012329096,44.38744555846906,20.17341430848684,48.09729070300974,-65.66514850207989,800.8538627856151,735.1887142835352
DEHHALKAJ00010q6bt_0,1468.360595703125,"(1979, 1983)",,,,628.1835865003965,22.17206593739843,1.680485293410535,,,,,,55.756422563547964,,11.437912091725146,24.08396912809483,17.190448194867123,52.617797117927715,-55.382262146269305,813.1226868273683,757.740424681099
DEHHALKAJ00010q6bt_2,781.785888671875,"(1979, 1983)",,,,410.20877157500263,11.759033767211248,0.8924814672207345,,,,,,30.05603703510349,,6.08719787768227,12.843224316596778,9.184288098759449,28.06000898394304,-38.73150764396228,509.09104312151965,470.35953547755736
DEHHALKAJ00010smbt_1,2395.46142578125,"(1979, 1983)",,,,1003.4756118927149,37.269110720384795,2.7952692426909764,,,,,,90.9507884683495,,18.72157273192095,40.15656983523321,28.48034737111665,86.87913803918632,-86.56354407412334,1308.7284083015975,1222.164864227474
DEHHALKAJ00010wVbt_1,2108.89404296875,"(1979, 1983)",,,,884.5594786677685,31.94641899632108,2.418564474166369,,,,,,80.0713219082229,,16.433173571329306,34.65890535700062,24.71954140084587,75.64928860520291,-77.28699515609961,1150.4566929808575,1073.1696978247578
DEHHALKAJ000116bbt_0,1521.22265625,"(1979, 1983)",,,,586.2409658682201,26.595475965306708,1.879932214159882,,,,,,57.75960483020175,,11.394562886444426,27.44119046777586,18.756109344492906,55.98352626068615,-45.37501790725955,786.0513678372878,740.6763499300282
DEHHALKAJ000116bbt_1,364.42578125,"(1979, 1983)",,,,155.13030610748623,6.371241623671744,0.4503586394979825,,,,,,14.078157366178857,,2.729694081819105,6.584945509683521,4.503034226170924,13.428857742980423,-12.653183061232216,203.2765952974888,190.62341223625657
DEHHALKAJ000112ibt_0,2711.553955078125,"(1979, 1983)",,,,880.6834813785861,39.81414857337483,3.0479550480334368,,,,,,102.94826371574099,,21.05812335679034,43.35497246570826,31.09463374410447,95.74024443215919,-69.53047629471362,1217.7418227144974,1148.2113464197837
DEHHALKAJ00010qnbt_0,245.83203125,"(1979, 1983)",,,,134.0585581702872,5.473011375102377,0.33019964763559434,,,,,,9.704109889271528,,1.3746908345525308,5.105951972041737,3.1376052028995893,8.643592444916244,-10.65222250958879,167.82771953670678,157.17549702711798
DEHHALKAJ00011CB,771.3798828125,"(1958, 1968)",3.012215089056054,1.4824053416517633,44.183087458727556,123.36867976461349,2.4179329130678844,0.39034295123053997,,,,,,29.286209258542478,,6.2481770507812495,6.863230331874019,2.5945695935960362,0.32219661516696363,-32.87549506959179,171.49133847887265,138.61584340928084
DEHHALKAJ00010tV,784.91015625,"(1958, 1968)",3.0632010999484858,1.5077785275083442,44.94098848488003,125.49329557595352,2.4602449081477746,0.3971272690561815,,,,,,29.799893195208558,,6.357772265624999,6.983470516446214,2.6399948618267874,0.32715509453752745,-33.44433406225086,174.45895368680152,141.01461962455068
DEHHALKAJ00010qObt_1,255.96484375,"(1979, 1983)",,,,78.21252797831859,4.119959520285823,0.2665256615023251,,,,,,9.875769201804234,,1.3423020621447799,4.0011834711697585,2.5784779224921968,7.396683427757383,-5.362428578416691,107.79342924547508,102.43100066705838
DEHHALKAJ00010txbt_0,3319.781494140625,"(1979, 1983)",,,,1287.7332541995834,46.944890905158346,3.643521679241501,,,,,,126.04052920430804,,25.68012661882532,51.79203596540963,37.471334055238515,115.71906861193514,-112.59743823960258,1695.0247612397002,1582.4273230000977
DEHHALKAJ00010txbt_1,5.0,"(1979, 1983)",,,,11.069669585549958,0.06939659903788394,0.00542354849950773,,,,,,0.2191533070894774,,0.03860363976149274,0.08385497348711791,0.061990853308251055,0.1838225076767453,-1.2792637811662968,11.731915014410433,10.452651233244136
DEHHALKAJ00010txbt_3,1025.52490234375,"(1979, 1983)",,,,424.83647659347696,14.39975038870687,1.1205314883501292,,,,,,39.01474066577956,,7.927172021141094,15.93758330223475,11.551533647679985,35.68011915973421,-38.176215343760134,550.4679072671036,512.2916919233435
DEHHALKAJ00010txbt_4,917.706298828125,"(1979, 1983)",,,,389.0612691038141,12.907239166365137,1.0037723761217023,,,,,,34.97787202177597,,7.0949560390647886,14.285910580207346,10.35177399897993,31.96016299195306,-35.21832167602406,501.642956278282,466.4246346022579
DEHHALKAJ000115Cbt_1,2089.410400390625,"(1979, 1983)",,,,846.8838556185613,30.94389511370462,2.36158931945384,,,,,,79.33090915654176,,16.241447553760825,33.74784067390193,24.181334827268035,74.22963471628128,-73.7627472070582,1107.9205069794734,1034.1577597724151
DEHHALKAJ00010wo,2266.988525390625,"(1949, 1957)",6.89825298249242,3.781986711342965,114.99685019052772,457.27007086634404,9.919630859507812,1.4233495420763438,,,,,,86.06806275210884,,23.667360205078126,25.757921896893038,12.055242048465981,14.765749479103311,-100.10625850987395,630.9273876495774,530.8211291397035
DEHHALKAJ00011CH,281.9130859375,"(1979, 1983)",,,,182.63792708363928,5.556028139436846,0.3434020515225087,,,,,,10.703467681696745,,1.5358256357123605,5.2982912033966505,3.3219666515665827,9.248095790745815,-16.509109648729922,218.6450042377168,202.13589458898687
DEHHALKAJ00011Az,630.8408203125,"(1979, 1983)",,,,237.4448690685859,10.743604137841976,0.7656250596874932,,,,,,23.950514477352016,,4.709151444579174,11.146035020357454,7.657206405423455,22.932618123062365,-18.4400692096509,319.3496237368898,300.90955452723887
DEHHALKAJ000116qbt_0,492.901611328125,"(1979, 1983)",,,,243.31416830447245,7.273083842676405,0.555801544134237,,,,,,19.0153823340166,,3.8299253205025927,7.972695575287236,5.722567707333553,17.536713749688346,-22.713960539414053,305.22033837811136,282.5063778386973
DEHHALKAJ000116qbt_1,3410.601806640625,"(1979, 1983)",,,,1365.6492221839344,50.46326228878297,3.8525710354271765,,,,,,129.488918338595,,26.50869106714534,55.03684764773125,39.44128248896456,121.10138964908508,-118.42425348956199,1791.542184699666,1673.117931210104
DEHHALKAJ000116qbt_2,500.728759765625,"(1979, 1983)",,,,246.40428833278293,7.387947135860872,0.5645966174059402,,,,,,19.312077397806572,,3.890707915246786,8.098207647262807,5.812665493520278,17.813664576000733,-22.981432807369792,309.28415511588696,286.30272230851716
DEHHALKAJ00011dJbt_0,2015.93505859375,"(1979, 1983)",,,,822.417956989979,30.00570742341258,2.2858847354125937,,,,,,76.54161880377913,,15.678767501913292,32.685636731697116,23.396044259494225,71.7710007538532,-71.65055925777452,1074.782617199541,1003.1320579417664
DEHHALKAJ00011cK,1854.052734375,"(1969, 1978)",,,,591.3199615668938,19.695886205227325,2.6158542911988825,,,,,,70.39061683895098,,43.46551059139851,49.354425602540104,21.642401731466386,53.298613740742084,-72.41707836614326,851.7832705684181,779.3661922022748
DEHHALKAJ00017ydbt_0,1094.767578125,"(1979, 1983)",,,,428.58974574370916,19.25711261499132,1.3586617869918018,,,,,,41.575595278906455,,8.206863525469437,19.847775346615443,13.550669495581712,40.410950861839346,-33.33935195375248,572.7973746541046,539.4580227003521
DEHHALKAJ00017ydbt_1,1008.275390625,"(1979, 1983)",,,,401.78221903454187,18.175905205688764,1.2728712532097504,,,,,,38.32066743161001,,7.5833115809080684,18.638845982826734,12.665361199548812,37.65342280181849,-31.081720571730425,536.0926044901524,505.010883918422
DEHHALKAJ00017ydbt_2,4.0,"(1979, 1983)",,,,4.613998697641491,0.05778930581136648,0.004348761009424768,,,,,,0.1631267536069447,,0.029276628866711618,0.06471842278039694,0.0463877479453914,0.13906958651203985,-0.5054969659370226,5.118715904173766,4.613218938236743
DEHHALKAJ00017xx,1821.58984375,"(1949, 1957)",5.196508812153585,2.8490006560821386,86.62804146232827,374.4605274775159,8.09443120240625,1.1439368820033033,,,,,,69.15830549082013,,18.8534548828125,20.517532985342307,10.094957243746629,14.805834756203105,-77.32205436243967,517.1289809208502,439.8069265584105
DEHHALKAJ00018HM,2063.482666015625,"(1919, 1948)",11.976113299922337,6.251214182998484,188.41738504061868,678.4346656790415,27.400307600428796,2.364239936217112,,,,,,78.34182288315642,,21.073428518682242,40.92521342510088,18.85245256670188,37.836651802661486,-148.41005206577242,905.2287824119903,756.8187303462179
DEHHALKAJ00018Kk,5639.3310546875,"(1969, 1978)",,,,1569.9948625854486,51.394544339492185,6.640057870277344,,,,,,214.10176428855453,,113.4520621582031,128.8445066630142,55.69990447342701,127.37665554101754,-187.7695007899571,2267.5043579194344,2079.7348571294774
DEHHALKAJ00018CN,1930.560302734375,"(1984, 1994)",,,,762.1737012023848,29.056456496333293,2.1313275022778373,,,,,,73.29528777841932,,15.04148055705928,31.70871364857362,22.66031132805309,69.03914313081184,-79.0751663832473,1005.1064216439131,926.0312552606658
DEHHALKAJ00018HHbt_1,242.92333984375,"(1979, 1983)",,,,137.33522192010548,6.229531638166909,0.3664993440973716,,,,,,9.5955758830489,,1.4047538262716208,5.709318551315324,3.440588670070265,9.343340672805578,-10.221301794384733,173.42483050588146,163.20352871149672
DEHHALKAJ00018HHbt_4,2.0,"(1979, 1983)",,,,4.391891400480135,0.02320448794775601,0.0016425423934082535,,,,,,0.08708159952420368,,0.009981210504297018,0.026897888355502723,0.01898312951817386,0.05355487053924035,-0.5106179907996407,4.613237129262716,4.1026191384630755
DEHHALKAJ00018Aqbt_0,256.037109375,"(1979, 1983)",,,,137.2086944417879,6.016995047129194,0.35941566701109756,,,,,,10.07936592104173,,1.4496274921777772,5.5683210906172835,3.394239613037353,9.303757795683618,-10.07322093735662,173.38041706848594,163.30719613112933
DEHHALKAJ00018Aqbt_3,2.0,"(1979, 1983)",,,,6.418025119347094,0.031948879944688806,0.002070634837502943,,,,,,0.09255088812535314,,0.010474483055750428,0.035457724844039376,0.023921507960021078,0.06443046354990127,-0.7470259056196703,6.678879701664351,5.93185379604468
DEHHALKAJ00018JBbt_0,2957.1845703125,"(1979, 1983)",,,,1273.4632575916942,60.406939249255366,4.08074107795796,,,,,,112.27733014457975,,22.64162945377103,60.443497072309135,40.121461518844995,117.4291256995209,-94.96289604565602,1690.8639818079334,1595.9010857622775
DEHHALKAJ00018JBbt_2,1032.3818359375,"(1979, 1983)",,,,446.471277297709,20.585852586552434,1.4000113120894846,,,,,,39.289784132383296,,7.876049787088021,20.698717862420214,13.801822302100279,40.51040372511047,-33.93025792299148,590.6339190054532,556.7036610824617
DEHHALKAJ00018JBbt_3,227.9736328125,"(1979, 1983)",,,,117.17127033768868,4.656858258353982,0.3145902279650282,,,,,,8.917255851953534,,1.7454759405921092,4.6740367178251,3.1056956274871967,9.075261402154108,-9.626885459785214,149.66044436401972,140.0335589042345
DEHHALKAJ00018JBbt_4,467.2900390625,"(1979, 1983)",,,,220.92103888458033,9.545417382739712,0.6448328172906073,,,,,,18.075409119059362,,3.5777976180814637,9.566077473797009,6.353071323274416,18.579280298577885,-17.395963542806847,287.2629249174008,269.866961374594
DEHHALKAJ00018JBbt_6,805.4248046875,"(1979, 1983)",,,,351.9284162540283,16.081240526725093,1.0932606943037797,,,,,,30.78757906412106,,6.145774239702038,16.167910762107116,10.77865248726417,31.62924505429781,-26.88628383198761,464.6120790825495,437.7257952505619
DEHHALKAJ00018IEbt_1,2018.47900390625,"(1979, 1983)",,,,787.2934846828599,28.67811804464108,2.221921852124797,,,,,,76.6373591685292,,15.621527339420926,31.602060201174226,22.8413744399858,70.49490976961417,-68.83975470220778,1035.39075549835,966.5510007961423
DEHHALKAJ00018Agbt_1,2096.561279296875,"(1979, 1983)",,,,848.9855330142499,31.041867988118355,2.3692834564593945,,,,,,79.60236790319807,,16.296585539056107,33.856364024329096,24.26030950014335,74.47504914108379,-73.9271299441896,1110.887360566638,1036.9602306224485
DEHHALKAJ00018Eb,783.423828125,"(1958, 1968)",2.9976672756409504,1.484615267730294,44.30400644556119,124.4105662385588,2.452375593647571,0.39435859683824515,,,,,,29.743473006885072,,6.345733007812499,6.965966137960553,2.632361417385317,0.3076962109114584,-33.14363225647516,173.2525302099995,140.10889795352432
DEHHALKAJ00018DZbt_0,155.06689453125,"(1979, 1983)",,,,136.10689910260146,6.007504900750764,0.29410477672722096,,,,,,6.394950235372118,,0.3388843125172834,4.9314348201238465,2.5549013067257147,5.985602030271637,-9.973221679084206,162.61428148509006,152.64105980600584
DEHHALKAJ00018BC,781.921875,"(1958, 1968)",2.992020115749775,1.481802966416037,44.219990988436116,126.7844682488113,2.4476793512768156,0.3936059176775617,,,,,,29.686541285812748,,6.333567187499999,6.954755933222044,2.6278822999869114,0.3289200850015237,-33.17179671289651,175.5574203092889,142.38562359639238
DEHHALKAJ00018Aebt_0,1.0,"(1979, 1983)",,,,3.928971348087029,0.014563479100875817,0.000712972996293246,,,,,,0.04839892780343258,,0.0008215281859101527,0.014675251741789876,0.008594629267307717,0.01876907524212576,-0.46103817864304203,4.035507212424765,3.574469033781723
DEHHALKAJ00018Aebt_1,112.166748046875,"(1979, 1983)",,,,87.45199569914412,3.5297858793055807,0.17280500059156498,,,,,,4.593425000386053,,0.19911578613813494,2.900812215426738,1.5042266598322451,3.5228543583878977,-6.387420912415244,103.87502059921233,97.4875996867971
DEHHALKAJ000186hbt_0,337.203125,"(1979, 1983)",,,,181.2033238528269,5.961158088263321,0.3772389439595772,,,,,,13.204562347811295,,1.7984233700945793,5.75905198918984,3.6678528331123603,10.354095126394599,-15.971008905946887,222.3257065516525,206.3546976457056
DEHHALKAJ000186hbt_2,134.65625,"(1979, 1983)",,,,104.31844178155924,2.374543014480461,0.15035293544838646,,,,,,5.39369223810014,,0.7178341196110545,2.3191578135750746,1.4835763029281062,4.166783304070064,-10.263395300148819,120.92438150977253,110.66098620962372
DEHHALKAJ00018KPbt_0,365.4599609375,"(1979, 1983)",,,,152.3447377479855,6.416682807135202,0.4529761570538514,,,,,,14.102519135130844,,2.738983918349624,6.6231854329818844,4.524883602765919,13.489676934464407,-12.267710238016143,200.69364573586725,188.4259354978511
DEHHALKAJ00018KPbt_1,1415.4833984375,"(1979, 1983)",,,,548.9941449222138,24.91304955132457,1.7573962337046247,,,,,,53.745467735239664,,10.61190964837662,25.670008498451686,17.522894167551314,52.2574369657963,-42.465005245881834,735.4723077226585,693.0073024767767
DEHHALKAJ000189D,1904.2724609375,"(1969, 1978)",,,,544.9148482674693,17.82189934321289,2.3111149402539066,,,,,,72.29725020866542,,38.318722595214844,43.40775908925381,19.85995192263617,47.11955116745892,-64.29070770241484,786.0510975341651,721.7603898317503
DEHHALKAJ00018BIbt_0,569.5986328125,"(1979, 1983)",,,,231.8039559090817,9.989692265041738,0.7054502478566114,,,,,,21.843102742365904,,4.268292869402526,10.309484191063568,7.044029771735193,21.007191281675034,-18.44813927299798,306.9711992782223,288.5230600052243
DEHHALKAJ00018BIbt_1,2463.298828125,"(1979, 1983)",,,,945.3980349231518,43.25599866066774,3.053466731488266,,,,,,93.52511041454595,,18.46181978213039,44.58517602096156,30.4469909256899,90.83333653883031,-72.79506740060592,1269.559933997466,1196.7648665968602
DEHHALKAJ00018BIbt_2,540.2412109375,"(1979, 1983)",,,,223.1254230846043,9.486739014339422,0.6696745623153774,,,,,,20.738368762761617,,4.0489752040355755,9.788481939179421,6.68666475784187,19.937806644295893,-17.608401075131887,294.4821339693735,276.8737328942416
DEHHALKAJ00018G0bt_0,862.81982421875,"(1979, 1983)",,,,370.6907108568671,12.189675629041663,0.9464014953992332,,,,,,32.92000499728871,,6.673687149238406,13.478918530757593,9.75823165990502,30.10721580490816,-33.647284664868465,476.76484612340585,443.11756145853735
DEHHALKAJ00018G0bt_1,270.10009765625,"(1979, 1983)",,,,147.47190732408956,3.8233907238177434,0.2966316004285906,,,,,,10.50839297469353,,2.089576730661136,4.249266141656689,3.07879129362244,9.469321625169952,-14.339926314921126,180.98727841413958,166.64735209921847
DEHHALKAJ00018Cj,3124.43359375,"(1984, 1994)",,,,1116.8850796935742,43.52483862277921,3.277992675082264,,,,,,118.62165031606187,,24.145791951804654,48.38535801509295,35.1350952282892,108.1639815352131,-112.7061443415967,1498.1397880378975,1385.4336436963008
DEHHALKAJ00018FFbt_0,2110.159912109375,"(1979, 1983)",,,,878.7477610469091,31.73278226766388,2.4086185947351653,,,,,,80.1192236304269,,16.429904627733166,34.48779113094183,24.634655140612658,75.46146964994519,-76.81724606003831,1144.022206088968,1067.2049600289297
DEHHALKAJ00018II,782.5390625,"(1979, 1983)",,,,278.3000205969716,12.56663676590174,0.9323238724209523,,,,,,29.709748583746684,,6.137980256376438,13.395601264697186,9.43148095712062,28.702511707566938,-21.841426460643632,379.1763040048022,357.3348775441586
DEHHALKAJ00018ALbt_1,2274.87548828125,"(1979, 1983)",,,,868.0062395676032,31.50631685818447,2.464279488065185,,,,,,86.3714239336849,,17.559892298785112,34.946956141784796,25.395783910827724,78.63684991521905,-76.13016672114735,1144.8877421141544,1068.757575393007
DEHHALKAJ00018GKbt_0,2961.810546875,"(1979, 1983)",,,,1172.6053966084553,54.710519644794594,3.8036232891608974,,,,,,112.45181087873667,,22.350381702467153,55.80583784342059,37.740348178825315,111.87656629511204,-88.93899238963218,1571.3444844409728,1482.4054920513406
DEHHALKAJ0001861bt_0,4.0,"(1979, 1983)",,,,6.373760378513622,0.06892311710666807,0.004893830408322548,,,,,,0.1679927853094299,,0.029904688943039465,0.07499742121490076,0.05212849164412447,0.15194663348508336,-0.7069674023921791,6.924547346625191,6.217579944233012
DEHHALKAJ0001861bt_1,1552.9619140625,"(1979, 1983)",,,,738.8363514956084,26.758743966281276,1.8999830595014628,,,,,,58.99266954729196,,11.610210745106563,27.805056322082464,19.0804487460851,56.93797410029489,-63.78642766194736,941.9214379822521,878.1350103203047
DEHHALKAJ0001861bt_2,4.0,"(1979, 1983)",,,,7.065155124769614,0.06892311710666807,0.004893830408322548,,,,,,0.16988769882593152,,0.029904688943039465,0.07552002701945972,0.0525897394155657,0.15276475591993538,-0.7908912055614339,7.619638982408536,6.828747776847102
DEHHALKAJ00018DMbt_0,1620.308837890625,"(1979, 1983)",,,,643.276760720026,22.825889318092567,1.7740680911114668,,,,,,61.521689022860286,,12.528979870061473,25.21986873332293,18.263128811923366,56.41309478216982,-56.84293897373038,841.8234793495678,784.9805403758374
DEHHALKAJ00018DMbt_1,4452.340087890625,"(1979, 1983)",,,,1707.7304275444062,64.39472843276435,4.956747250390242,,,,,,169.03718195203015,,34.52193217069815,70.5994062185882,50.830300132114246,156.5649870069324,-147.10217749590748,2258.635710707924,2111.533533212016
DEHHALKAJ00018Go,856.5146484375,"(1949, 1957)",2.4434072980893005,1.3396049630573703,40.73265270582966,170.3639121525643,3.8933876712122775,0.5479567766082629,,,,,,32.5186051465364,,9.008882809901202,9.79680139388101,4.886872686721087,7.411230518847253,-36.26801486719141,238.42764915627177,202.15963428908037
DEHHALKAJ0004nAHbt_0,74.17138671875,"(1979, 1983)",,,,132.81809107945568,3.3399487652735806,0.16351129164595196,,,,,,3.2424256315442817,,0.18840704416591283,2.78489027435074,1.4585546456880882,3.3953940831668206,-12.481521668396011,147.39122281529106,134.90970114689506
DEHHALKAJ0004nAHbt_1,119.199951171875,"(1979, 1983)",,,,183.61777422102298,5.381870343138718,0.26347606898262477,,,,,,5.121571083552775,,0.3035921670349024,4.464490740500567,2.3299802847300657,5.435240306962454,-16.422161609670255,206.91799521592506,190.4958336062548
DEHHALKAJ0004nAHbt_2,530.823486328125,"(1979, 1983)",,,,476.52812475181867,25.524487656980806,1.2495826249754547,,,,,,21.64133884434885,,1.4398404320753608,20.875600499565696,10.78729427213009,25.311017535807792,-30.02212458331174,583.3572866177027,553.3351620343909
DEHHALKAJ0004nAD,409.1875,"(1919, 1948)",1.4982614794496667,0.5093782837335439,13.842561253671779,287.02667863669006,19.615842422416986,1.2136478106264283,,,,,,15.537889461984635,,3.16328561541406,20.307328994825127,10.668497636550937,36.07736052875776,-26.10861307720866,393.61053110726596,367.5019180300573
DEHHALKA10004m2m,939.4140625,"(2010, 2015)",0.5525695464930933,0.20181988865080666,6.901825757143077,505.2375340647154,17.11177156789992,1.6680123007320273,,,,,,35.66561960121533,,8.75572447655131,18.65056704976797,12.497591028840558,40.78336952856631,-59.126534222089234,640.3701896182888,581.2436553961995
DEHHALKA10004m2qbt_0,721.5634765625,"(1979, 1983)",,,,423.6241076091297,13.88825178496639,0.954041013744702,,,,,,27.938462676409433,,5.476618118456692,14.149561268800749,9.515933753375995,27.9613787234946,-37.80262882892645,523.5083549483783,485.7057261194518
DEHHALKA10004m2qbt_1,1156.0927734375,"(1979, 1983)",,,,640.943094871367,22.514220240836828,1.5414151545980024,,,,,,44.295930443209926,,8.789467671385692,22.85283437690522,15.328893187166216,45.009550490353504,-55.694540778365436,801.2754064358222,745.5808656574568
DEHHALKA10004m2qbt_3,4.0,"(1979, 1983)",,,,11.543807975728663,0.07696140102598263,0.00528735446471817,,,,,,0.18179425249517195,,0.03035812982487299,0.08536611648950651,0.05887463376875865,0.16585779347788854,-1.3257637061395005,12.148307657275561,10.82254395113606
DEHHALKA10004m2qbt_4,536.603515625,"(1979, 1983)",,,,328.6549610685141,10.3570013148472,0.7108973477656471,,,,,,20.894302899649176,,4.074406610093188,10.555980033852519,7.097574036544636,20.837972453193583,-29.734418064114884,403.18309576446006,373.4486777003452
DEHHALKA10004m2qbt_5,214.171875,"(1979, 1983)",,,,184.21793287030317,4.145552814384618,0.28431530412921835,,,,,,8.526762010237727,,1.6268639847302448,4.2627457050574,2.873051987634448,8.391176563373353,-18.293471972418722,214.3284012398502,196.03492926743147
DEHHALKA10004m2qbt_6,1783.365234375,"(1979, 1983)",,,,727.1234014311801,35.44111708353936,2.412570355923088,,,,,,67.7117715259785,,13.598569750689984,35.626175513143096,23.763218609191746,69.81077056683289,-53.38641623894725,975.4875948364787,922.1011785975314
DEHHALKA4jt0009d,252.872314453125,"(1979, 1983)",,,,87.72250174485906,3.6169134801516436,0.2624634309133333,,,,,,9.60063772991018,,1.6660105425122254,3.804098094491301,2.6438186758309112,7.970111057370321,-7.179050988851172,117.28655475603895,110.10750376718778
DEHHALKAJ00010Ekbt_0,1471.39453125,"(1979, 1983)",,,,582.1546056357995,19.803710650388208,1.590612914557011,,,,,,55.86794004048053,,11.750704572268987,22.39923783340417,16.524711920108878,51.59822101231646,-52.52100528524121,761.6897445793238,709.1687392940826
DEHHALKAJ00010Ekbt_1,999.82470703125,"(1979, 1983)",,,,464.49951115464125,15.02738950998239,1.1577254743707397,,,,,,38.13339679264325,,8.073298649625102,16.534941691946713,11.918872388366243,36.66574216837511,-42.342392666920254,592.0108778299509,549.6684851630307
DEHHALKAJ00010Ekbt_2,844.66259765625,"(1979, 1983)",,,,397.2462090359578,12.696630557714498,0.9781240288951633,,,,,,32.29818645204134,,6.820484077717001,13.973617905940316,10.072960425503474,30.98261932813798,-36.3563861088245,505.0688318119076,468.7124457030831
DEHHALKAJ000108Abt_1,178.4765625,"(1979, 1983)",,,,107.67944847822692,4.5425380522795455,0.2675881249265644,,,,,,7.087612159427152,,1.0301412356084407,4.172194697278416,2.5182573144643756,6.839330110620288,-8.369864931289651,134.13711017283168,125.76724524154203
DEHHALKAJ00010fMbt_0,259.5771484375,"(1979, 1983)",,,,150.1499314717271,6.249110401446445,0.371675741618037,,,,,,10.242651532410237,,1.4780711935075106,5.775772023134297,3.511587881008348,9.592821937245706,-11.778830333810932,187.37162218209767,175.59279184828674
DEHHALKAJ00010Uobt_1,500.1552734375,"(1979, 1983)",,,,208.3256519358691,9.585323678002553,0.6592721015081774,,,,,,19.224318429065033,,3.7938101788015253,9.710089000668395,6.522127277489286,19.24049279527013,-15.892794663268239,277.0610853966742,261.1682907334059
DEHHALKAJ00010Uobt_2,1223.4169921875,"(1979, 1983)",,,,513.2286706572136,23.44641451581317,1.6126285861525675,,,,,,46.45910706054586,,9.279941818827348,23.752229758060952,15.954310382921065,47.065376574102686,-38.976125120618704,680.7986793536372,641.8225542330185
DEHHALKAJ00010Uobt_3,564.212890625,"(1979, 1983)",,,,241.60333428085704,10.80407567455384,0.7432733242150789,,,,,,21.67236042492156,,4.279202524623257,10.95155148233614,7.35820474346224,21.703911182582033,-18.738642638280048,319.11591363755116,300.3772709992711
DEHHALKAJ00010fabt_0,1952.767333984375,"(1979, 1983)",,,,765.3392261591025,27.27174704886204,2.1264428567749407,,,,,,74.14273685661175,,15.086299743142046,30.196054877046073,21.90631539797127,67.74593886225941,-67.56017108184028,1003.8147618017701,936.2545907199299
DEHHALKAJ00010eubt_0,2041.06201171875,"(1979, 1983)",,,,802.0738707669675,36.10336765421235,2.59458538631637,,,,,,77.49452139885857,,16.197063098101047,37.66757809046679,26.01268561140506,78.17533376127051,-62.1498868780328,1076.319005767598,1014.1691188895651
DEHHALKAJ00010eubt_1,5.0,"(1979, 1983)",,,,8.921669589192442,0.0678835103001306,0.00534947338300973,,,,,,0.21202579529725288,,0.03851828618373584,0.08101520985917335,0.05993724130728194,0.17981378674995535,-1.0201815616564105,9.566212892272981,8.54603133061657
DEHHALKAJ00010eubt_2,5.0,"(1979, 1983)",,,,7.36997298559271,0.0678835103001306,0.00534947338300973,,,,,,0.20793680157403807,,0.03851828618373584,0.07984232612474101,0.05890206335107241,0.177977675309475,-0.8318314461195349,8.006383121818914,7.174551675699378
DEHHALKAJ00010eubt_3,707.8662109375,"(1979, 1983)",,,,240.63720488389205,11.09525165712138,0.8300306866941388,,,,,,26.885689969821712,,5.536914377621843,11.890142075900295,8.412423616396943,25.686528663735974,-18.70582248250261,330.97418593118437,312.2683634486817
DEHHALKAJ00010eubt_5,5.0,"(1979, 1983)",,,,9.34452278437123,0.0678835103001306,0.00534947338300973,,,,,,0.21310776508245968,,0.03851828618373584,0.08133483267301943,0.060219337888112484,0.180314145897169,-1.071508894578515,9.991250135778868,8.919741241200352
DEHHALKAJ00010hr,1848.1787109375,"(1969, 1978)",,,,534.5335585685947,17.426850397529297,2.2612722809101564,,,,,,70.16760644106226,,37.53188917236328,42.52538685923773,19.404101464465334,46.13651715119521,-62.98987037827345,769.987182335358,706.9973119570845
DEHHALKAJ00010nPbt_0,901.3125,"(1979, 1983)",,,,400.04840793701504,18.725932529335005,1.2591629232801353,,,,,,34.395795564616925,,6.918632685762854,18.6843286060084,12.365526485500812,36.11008814622653,-30.046553270748728,528.5078748777457,498.461321606997
DEHHALKAJ00010nPbt_2,4.0,"(1979, 1983)",,,,8.793769491391782,0.06667870214566729,0.004783952318850515,,,,,,0.17440543785334509,,0.029778081136033398,0.07502268064302618,0.052822351285063386,0.15263415106075812,-1.0031624931626257,9.349894847834527,8.346732354671902
DEHHALKAJ00010mg,2173.253173828125,"(1979, 1983)",,,,815.8203048348628,37.17699881044232,2.700714216333402,,,,,,82.50931762089428,,17.174741762390507,39.06281626454074,27.154029013358013,81.96832743326675,-63.076278386175,1103.5672499560887,1040.4909715699137
DEHHALKAJ00010l9bt_0,851.737060546875,"(1979, 1983)",,,,406.0239653570793,13.315948429019807,0.9970484882933797,,,,,,32.604841270138785,,6.660330454497883,14.367183978002927,10.18582306711112,31.011716031746477,-36.68368029613703,515.1668570758897,478.4831767797526
DEHHALKAJ00010l9bt_1,1008.153076171875,"(1979, 1983)",,,,469.3812631531515,15.648836342789785,1.174642429629647,,,,,,38.46252397189445,,7.877111020385291,16.90673163435524,12.002763464802648,36.58448322124696,-42.18275285346088,598.0383552382556,555.8556023847947
DEHHALKAJ00010eVbt_0,537.421875,"(1979, 1983)",,,,188.61546004377755,8.696419172480228,0.6435236438238896,,,,,,20.483732779137014,,4.219088281245551,9.250859981127096,6.502652543750699,19.773018637947597,-14.623068100244325,258.18475508328964,243.56168698304532
DEHHALKAJ00010eVbt_1,1943.592529296875,"(1979, 1983)",,,,832.342160315804,30.188596843523605,2.265522907697296,,,,,,73.79629873863843,,15.187186808185213,32.55496292244138,23.099451600809218,70.46343110054059,-72.49338130871352,1079.8976112376397,1007.4042299289262
DEHHALKAJ00010odbt_1,2761.6552734375,"(1979, 1983)",,,,1037.7810520263547,38.54927478663924,3.0063341845275406,,,,,,104.85161709725351,,21.33436421504285,42.65496863109515,30.942893915056914,95.73677838751635,-90.15475203551773,1374.857283243486,1284.7025312079684
DEHHALKAJ00010lBbt_2,2082.9892578125,"(1979, 1983)",,,,906.180169994013,39.292789074519106,2.714961946821193,,,,,,79.0890161686744,,15.764652130252706,39.96461024741502,26.931133424746612,79.56826493718556,-71.55364265273877,1189.5055979236276,1117.951955270889
DEHHALKAJ00010lBbt_7,275.041015625,"(1979, 1983)",,,,117.86735213221932,5.180042082302394,0.3580844048814382,,,,,,10.644322370421042,,2.0811236111729183,5.269016729640331,3.551457228880296,10.496213568661632,-9.240232806276627,155.4476121281794,146.20737932190278
DEHHALKAJ00010ndbt_0,1208.116455078125,"(1979, 1983)",,,,490.0408159293946,17.09839570003351,1.326638659660758,,,,,,45.88299927191735,,9.346185486360156,18.875689647366542,13.656582948682978,42.15121348610819,-43.559616465082584,638.3785211295241,594.8189046644414
DEHHALKAJ00010ndbt_1,913.33984375,"(1979, 1983)",,,,384.060417857279,12.847553858034251,0.9990809875440329,,,,,,34.80268387380171,,7.061295618480896,14.216945769106879,10.301127468893435,31.806044075740406,-34.66654934207989,496.0951495088805,461.4286001668006
DEHHALKAJ00010pV,756.556640625,"(1969, 1978)",,,,259.87098339802986,8.478197645212855,1.1434330453492718,,,,,,28.7235829240596,,18.80273928294094,21.35813346191423,9.23436765954543,22.67778189924781,-31.74713457960071,370.28921931630003,338.54208473669934
DEHHALKAJ00010kEbt_1,293.02392578125,"(1979, 1983)",,,,157.0674312529111,6.4229724606796985,0.38865840737613017,,,,,,11.503951607404758,,1.6329080474670665,6.003147301520597,3.696809632261522,10.202044276529838,-12.475946099704284,196.9179229861507,184.4419768864464
DEHHALKAJ00010oibt_0,4517.23681640625,"(1979, 1983)",,,,1632.817880656143,60.342474755183055,4.860934102312246,,,,,,171.5005496826269,,36.049402952802765,68.28354305624941,50.4415727872535,157.78397768860978,-142.99425949592944,2182.0803356811807,2039.0860761852514
DEHHALKAJ00010oibt_2,6.0,"(1979, 1983)",,,,8.619218072745753,0.08006451633971284,0.0064523476880981815,,,,,,0.24916547719288998,,0.047877660310083114,0.09550461019742765,0.07126714400787482,0.2171261107584636,-0.9729995920538105,9.386675939240302,8.413676347186492
DEHHALKAJ00010oibt_3,772.9306640625,"(1979, 1983)",,,,326.0868642735301,10.314053297049522,0.831202897220644,,,,,,29.499967670500183,,6.167685296205224,11.710276524680687,8.657562095916898,27.042566856058425,-30.147909113738383,420.3101789111617,390.16226979742333
DEHHALKAJ00010jrbt_0,780.2587890625,"(1979, 1983)",,,,366.64200585571064,11.918565491399132,0.8996727111737953,,,,,,29.884905573265687,,6.085602386324448,12.932497863519394,9.21267459707647,28.13153711294531,-33.26591667627178,465.7074615914149,432.44154491514314
DEHHALKAJ00010ii,1091.13671875,"(1958, 1968)",4.497308421332649,2.1772895907818133,64.6827203445893,179.5349020805404,3.432937183662217,0.5601330612687081,,,,,,41.426037905234445,,8.838207421875,9.726536068869635,3.6808759115905065,0.5443580876300216,-47.50166253531221,247.74398772067096,200.24232518535877
DEHHALKAJ00010hvbt_1,106.443359375,"(1979, 1983)",,,,53.56636432533683,1.546494721495101,0.0757105474384718,,,,,,4.235133027839132,,0.08723801464397972,1.2834904580249435,0.6700619256232003,1.5627812728537391,-4.8164601280889885,63.027274293255395,58.210814165166404
DEHHALKAJ00010gRbt_0,2119.1376953125,"(1979, 1983)",,,,900.8437711355521,42.10228948439852,2.8662374114979885,,,,,,80.46043114182527,,16.158252486158986,42.35231413813275,28.257130367040254,82.98699186141374,-67.91978378874289,1196.0274180260194,1128.1076342372764
DEHHALKAJ00010gRbt_1,325.4501953125,"(1979, 1983)",,,,143.70922793292334,6.469265298549409,0.4403505414092394,,,,,,12.591979258651984,,2.481719338898582,6.511060869907157,4.344580906531273,12.754445003108334,-11.077951003962685,189.3026291499793,178.22467814601663
DEHHALKAJ00010dc,119.04443359375,"(1949, 1957)",,,,36.75602579627508,0.8531358940549021,0.09838293500366228,,,,,,4.52032775170871,,1.4056418544879128,1.526911229991627,1.3894588349984047,5.049936736127438,-2.4439436855034793,51.59982103264774,49.15587734714426
DEHHALKAJ00010oJbt_0,1021.7568359375,"(1979, 1983)",,,,439.09980529896364,18.842473523408348,1.310625573729351,,,,,,38.901430687780554,,7.708598569769654,19.25263237836957,13.029743210298156,38.6053229813972,-34.913311700081685,576.7506322237165,541.8373205236348
DEHHALKAJ00010fObt_1,1421.1953125,"(1979, 1983)",,,,594.3023516335027,26.231018379888436,1.8240889925449104,,,,,,53.963884854031136,,10.723407805018187,26.782934154378935,18.12028248208174,53.6975074740671,-46.258639097525176,785.6454757755131,739.386836677988
DEHHALKAJ00010fObt_3,1195.3046875,"(1979, 1983)",,,,572.7533316705444,19.94418091258353,1.4304924738535583,,,,,,45.573313721673124,,8.899532736784717,20.8805245977065,14.42144668607521,43.19761292625865,-50.301217510556654,727.1004357254798,676.7992182149231
DEHHALKAJ00010dP,1000.4638671875,"(1949, 1957)",3.044326329138734,1.6690605217024383,50.75023193431147,205.47106948003167,4.37771613734375,0.6281504168530738,,,,,,37.9838600548054,,10.4448427734375,11.370450206949009,5.320992180376009,6.54700921899223,-44.30705987127456,282.1440904687886,237.83703059751403
DEHHALKAJ00010o1,4276.961669921875,"(1919, 1948)",24.548617813974364,12.863624773937623,387.997979813048,1377.9855075476544,59.27970536098264,5.0377476918679704,,,,,,162.37831047662874,,43.8403912565068,87.19347087708053,40.24862245998683,82.05188131263505,-307.0381995239877,1858.0156369833428,1550.977437459355
DEHHALKAJ00010fubt_0,1692.6552734375,"(1979, 1983)",,,,720.6298107241265,32.75803172092767,2.246755573075063,,,,,,64.26979974960959,,12.857222451734582,33.12949798215395,22.21374574315749,65.44238244034815,-55.33164688347043,953.5472463851329,898.2155995016625
DEHHALKAJ00010okbt_0,182.5927734375,"(1979, 1983)",,,,91.19461793080386,3.7194655524879727,0.22833610940799204,,,,,,7.160057338514755,,1.0015599721408557,3.5083278341087736,2.183110374519694,6.075040684333867,-7.271767895720759,115.07051579631778,107.79874790059702
DEHHALKAJ00010FF,247.3564453125,"(1958, 1968)",0.9318268124241529,0.4147796216848833,12.105138186913175,33.819672469792685,0.5323745550463991,0.09316602525829532,,,,,,9.391087495914345,,1.3357248046874999,1.4905999784690365,0.5680860075261873,0.1878151585296158,-8.290026753053723,47.41852649522407,39.12849974217035
DEHHALKAJ00010jM,2604.0625,"(1860, 1918)",26.782845839507015,11.684284199671453,339.45761171702804,968.7868164259053,39.949463836591,3.1905017672017784,,,,,,98.86534523869705,,23.162295796386836,54.51288881809732,25.081108361273,50.41789184728308,-218.25363627442874,1263.9663120914354,1045.7126758170066
DEHHALKAJ00010cybt_1,1439.4677734375,"(1979, 1983)",,,,599.2750121095238,27.635741096351275,1.8998006920820987,,,,,,54.65745374917531,,10.921495835454946,27.985025283638496,18.79076578544866,55.42188667879967,-45.651162087774956,796.5871812304741,750.9360191426991
DEHHALKAJ00010hdbt_1,721.689453125,"(1979, 1983)",,,,303.9280812441228,13.824133969211879,0.9509499063248681,,,,,,27.599303374401156,,5.473820596604568,14.008017032208599,9.410399607878475,27.760021485378637,-23.343675974655195,402.9547272161309,379.6110512414757
DEHHALKAJ00010hdbt_2,1088.9462890625,"(1979, 1983)",,,,546.6123707767631,19.219935702393734,1.354630216628879,,,,,,41.62349357552751,,8.16690365088452,19.885591003600002,13.585623362869242,40.40165681605686,-47.69359671501816,690.8502051047237,643.1566083897055
DEHHALKAJ00010hbbt_0,1676.9248046875,"(1979, 1983)",,,,804.9756620622142,29.618919166755692,2.087100402154986,,,,,,63.682994155155754,,12.577830790937107,30.61204497497359,20.90534045972637,62.19358215713865,-68.9581878209788,1026.6534741690564,957.6952863480776
DEHHALKAJ00010hbbt_1,1140.7744140625,"(1979, 1983)",,,,493.656359125167,22.810147735872178,1.5500831477113586,,,,,,43.35468966999446,,8.706527603350859,22.922746633379653,15.276931439000219,44.82508063831199,-37.46158582184913,653.1025659927877,615.6409801709386
DEHHALKAJ00010eqbt_1,2533.51318359375,"(1979, 1983)",,,,1032.6256971053135,37.74301882766306,2.8744127871649363,,,,,,96.19162203874903,,19.70608052468919,41.10370729960797,29.41595467203738,90.2291407201358,-89.89538521091002,1349.8896339753608,1259.9942487644507
DEHHALKAJ00010ff,5173.162841796875,"(1979, 1983)",,,,1955.030175061976,72.71318451532838,5.656086888353727,,,,,,196.40331107356843,,39.9920968827544,80.31379859523933,58.17594993764676,179.8352172979271,-169.6723922439096,2588.1198202527944,2418.447428008885
DEHHALKAJ00010Gjbt_0,398.98486328125,"(1979, 1983)",,,,247.61574319080685,8.413560986138465,0.5129467435037154,,,,,,15.705351911786614,,2.204656891147646,7.932593901684178,4.919945246062733,13.609239320025893,-21.446090463692492,300.9140381911562,279.4679477274637
DEHHALKAJ00010cBbt_1,1994.390869140625,"(1979, 1983)",,,,778.5072185114553,33.94501093884036,2.4700078105782266,,,,,,75.72270180045523,,15.751515110142991,35.73374946064047,24.869896296718395,75.09266518932168,-61.97849291131056,1042.0927651181528,980.1142722068422
DEHHALKAJ00010cBbt_3,488.447265625,"(1979, 1983)",,,,244.91187394348884,7.1891884168038604,0.5498893035666681,,,,,,18.852778598821068,,3.7942894363257036,7.888912987449882,5.6659334561023815,17.365111760810287,-22.9893335377407,306.2179779033687,283.228644365628
DEHHALKAJ00010fBbt_1,222.689453125,"(1979, 1983)",,,,116.89278624232531,4.931459048668114,0.29782598877367306,,,,,,8.763071487075631,,1.243792766496679,4.600684717730246,2.8284018566217313,7.798985259391342,-9.126365300875147,147.35700736708273,138.2306420662076
DEHHALKAJ00010cdbt_1,229.90234375,"(1979, 1983)",,,,108.04131734195025,4.5603356537174236,0.281483989738131,,,,,,9.004654385549303,,1.25413360158054,4.312326429255,2.6929092450596848,7.520543711736332,-8.282455612704517,137.66770435858666,129.38524874588214
DEHHALKAJ00010kabt_0,894.490966796875,"(1979, 1983)",,,,427.60666614567344,14.115190479314691,1.0535015533898147,,,,,,34.21958075079189,,7.0020335908131575,15.194426990118039,10.75157758979635,32.69665484993523,-38.52834438522536,542.6396319498326,504.11128756460727
DEHHALKAJ00010kabt_4,1313.609619140625,"(1979, 1983)",,,,595.0480012315741,20.795194053873686,1.5503690150747382,,,,,,49.92484860634415,,10.286612239899647,22.342230381097334,15.794504336795907,48.042138407772754,-52.513330412342725,763.7838982724323,711.2705678600896
DEHHALKAJ00010X6bt_1,4.0,"(1979, 1983)",,,,5.277605897829333,0.060323729447103305,0.004472836829558916,,,,,,0.16449881754435783,,0.029419596109454424,0.06725707762549109,0.0478700035050807,0.14231206648757022,-0.5832854254316168,5.793760025377949,5.210474599946332
DEHHALKAJ00010X6bt_2,795.9404296875,"(1979, 1983)",,,,337.8106126134,15.651635532287166,1.0686257057589332,,,,,,30.39833591649924,,6.0598520594780645,15.776892246710805,10.546534815135871,31.01206737791258,-25.620897052641904,448.32455626718274,422.70365921454083
DEHHALKAJ00010X6bt_3,393.59765625,"(1979, 1983)",,,,173.2951909269181,7.739213966880882,0.5284119066026943,,,,,,15.201498404561315,,2.996600782078157,7.805996888601112,5.219241425034659,15.342455554998436,-13.428494966740407,228.1286098556753,214.7001148889349
DEHHALKAJ00010X6bt_4,4.0,"(1979, 1983)",,,,7.442553077274588,0.06347914991895974,0.004627314312089121,,,,,,0.17077268653504873,,0.02959759388306829,0.07142968167629452,0.050608557312042744,0.14793315579153687,-0.8426346888794444,7.981001216703628,7.138366527824184
DEHHALKAJ00010oH,304.0361328125,"(1919, 1948)",1.5203263419450048,0.7175937114971764,21.208042351750954,119.8313088260421,5.853617734441989,0.43389390966591607,,,,,,11.54384376838982,,2.683645588047191,7.344801848443601,3.6772042198279875,10.008852884394845,-19.070004732277482,161.37716877925348,142.307164046976
DEHHALKAJ00010iWbt_1,891.79443359375,"(1979, 1983)",,,,399.23620343530933,13.281574102751872,1.011598122733031,,,,,,34.04418082238747,,6.936301167657229,14.492330449858835,10.37662781351451,31.799069245086248,-35.98718819644024,511.1778851592985,475.1906969628583
DEHHALKAJ00010iWbt_2,5.0,"(1979, 1983)",,,,12.862425316650892,0.07446544630935759,0.0056717001397760276,,,,,,0.22184594240306485,,0.03888957424697835,0.08928417274982119,0.06526593939579889,0.19085833933905305,-1.4913496615245274,13.548706431234741,12.057356769710214
DEHHALKAJ00010iWbt_3,2456.209716796875,"(1979, 1983)",,,,1017.3191348035865,36.644040138824465,2.7892852091725167,,,,,,93.2570104532408,,19.107771486908117,39.90409983116617,28.550808204486707,87.54625399875897,-89.06164507636787,1325.118404126144,1236.0567590497762
DEHHALKAJ00010Vabt_1,459.4697265625,"(1979, 1983)",,,,234.1148797975065,9.0836849353289,0.6192571732686153,,,,,,17.82488002166046,,3.5008864871574,9.17603022632835,6.134152713133087,17.995545988554497,-19.484276400804276,298.4493173429378,278.9650409421335
DEHHALKAJ00010Vabt_2,2372.40234375,"(1979, 1983)",,,,1005.3367666414147,47.11536716831546,3.207874947893406,,,,,,90.0755747210791,,18.08832017040276,47.396546259409476,31.624443597617784,92.88314459110687,-75.67272584419493,1335.7280380972397,1260.0553122530448
DEHHALKAJ00010Vabt_3,391.826171875,"(1979, 1983)",,,,183.7048634340958,7.818323479181694,0.5316118165029216,,,,,,15.174878766772315,,2.9895413069189947,7.870903124631599,5.249951372164346,15.397115322037351,-14.602100426921307,238.73718862230504,224.13508819538373
DEHHALKAJ00010Vabt_4,2371.3291015625,"(1979, 1983)",,,,1002.5960507148336,46.96323918106178,3.2000196069117948,,,,,,90.03479191607744,,18.07275804462403,47.26823487980587,31.554956253075225,92.7115908831725,-75.50360100965963,1332.4016414795622,1256.8980404699025
DEHHALKAJ00010Vabt_5,339.1162109375,"(1979, 1983)",,,,164.46251953924167,6.734770277537678,0.45854043280509305,,,,,,13.18351741782643,,2.585582759421576,6.790652662533832,4.5343127994284655,13.301475490894664,-13.336440880187112,212.0513713796894,198.71493049950232
DEHHALKAJ00010Jgbt_0,707.08740234375,"(1979, 1983)",,,,319.5115518320302,10.241400797247938,0.7879137726892289,,,,,,27.0847434311414,,5.483345300974484,11.260404965970949,8.110746569630685,24.935900982120952,-29.20876094797454,407.41600765180584,378.2072467038313
DEHHALKAJ00010Jgbt_1,1378.45947265625,"(1979, 1983)",,,,561.8711125808721,19.888157532807764,1.532243071345388,,,,,,52.34181401555323,,10.68536104396956,21.84375605798212,15.739386761139208,48.46509042474415,-49.62047748767124,732.3669214884137,682.7464440007425
DEHHALKAJ00010Jgbt_3,471.495361328125,"(1979, 1983)",,,,87.84045623195902,2.622634189192233,0.31945860613470356,,,,,,17.900977048523828,,3.419080573720187,4.03297720325698,3.5994516851625526,12.401066027987447,-8.86273100825888,132.13610156593694,123.27337055767806
DEHHALKAJ00010ly,98.435546875,"(2002, 2009)",0.1872068652996206,0.10263669346894896,3.1208191259637426,60.35348991889575,2.8822242808617986,0.17297778850752155,,,,,,3.737355460546346,,0.6207478481310363,2.6853084095494864,1.4517099066677244,3.4099956560156426,-7.7368728734433265,75.31380926917531,67.57693639573198
DEHHALKAJ00010m8bt_0,1278.497314453125,"(1979, 1983)",,,,569.95182118166,19.68963142089519,1.4820162603323919,,,,,,48.58696603309317,,9.980645362644378,21.296248363096254,15.140714901843642,46.21414098699891,-50.593224893636766,732.342184510564,681.7489596169273
DEHHALKAJ00010m8bt_1,625.82275390625,"(1979, 1983)",,,,309.35812015447175,9.645545176565463,0.7258120102292812,,,,,,24.079115604788534,,4.885935656503847,10.45346480141334,7.4346938038092985,22.66496300864364,-28.443249123628156,389.2476502164252,360.80440109279704
DEHHALKAJ00010m8bt_2,971.50390625,"(1979, 1983)",,,,447.57453651173677,14.955010004733449,1.125823945856209,,,,,,37.08027406115089,,7.583707800066679,16.188112368436137,11.512015350599357,35.12778026251409,-40.20970806624209,571.1472603050935,530.9375522388514
DEHHALKAJ00010hZ,106.029052734375,"(1949, 1957)",,,,30.681343140657383,0.7178267820443553,0.08277919864102344,,,,,,4.02592927553224,,1.182704157854816,1.2841537671185996,1.169058614099261,4.241503625495911,-2.051597190946938,43.385298561443584,41.33370137049665
DEHHALKAJ00010ehbt_0,759.65478515625,"(1979, 1983)",,,,320.25335036328227,10.101378398009762,0.8151871866165408,,,,,,28.99807220781017,,6.059745246389387,11.480414958325948,8.494134937909656,26.54336902502359,-29.640565093268208,412.7456523233674,383.1050872300992
DEHHALKAJ00010ehbt_1,1291.32861328125,"(1979, 1983)",,,,510.3535827864764,17.210568636670644,1.3876539088712154,,,,,,49.033212368653665,,10.303112391925165,19.521324216630276,14.432514243336238,45.118643904858686,-46.21070538918353,667.3606124574223,621.1499070682388
DEHHALKAJ00010ehbt_2,547.47509765625,"(1979, 1983)",,,,275.1740547737352,8.106032976572289,0.6279383376784997,,,,,,21.095496190894185,,4.41379289334368,8.971314145294956,6.4900658960310444,19.98294592457825,-25.8471407166232,344.8616411381281,319.0145004215049
DEHHALKAJ00010ehbt_4,639.02783203125,"(1979, 1983)",,,,312.0656959034845,9.49011942472464,0.734343786621454,,,,,,24.554440917745602,,5.153508959731315,10.487601554622817,7.580999122935747,23.341508836639722,-29.030765122412515,393.40821850650576,364.37745338409326
DEHHALKAJ00010iqbt_1,604.5029296875,"(1979, 1983)",,,,266.00668708835155,12.036255002013467,0.8189025086712326,,,,,,23.227578217312573,,4.610763673038739,12.109262609106807,8.077371647436777,23.708871721520946,-20.442617504349823,350.59569246745207,330.15307496310226
DEHHALKAJ00010iqbt_4,345.7353515625,"(1979, 1983)",,,,155.94166625485508,6.881210339431995,0.46822422148611786,,,,,,13.388285929971822,,2.636895556887312,6.926375541095846,4.621137681570774,13.561752198032648,-12.156475190046915,204.4255477233316,192.26907253328469
DEHHALKAJ00010iqbt_8,612.8671875,"(1979, 1983)",,,,339.05113306610315,10.981338174835804,0.7704353725542925,,,,,,23.72601493550602,,4.605658294639818,11.347492400043135,7.734403612036658,22.93474099979741,-30.47641513282112,421.1512168555162,390.6748017226951
DEHHALKAJ000110R,2387.9169921875,"(1958, 1968)",9.589916050674606,4.679151441434582,139.22503064681388,387.54271158447926,7.499310314246319,1.217315070783246,,,,,,90.65920646089864,,19.342127636718747,21.266658330075103,8.043963056173729,1.0967703058828355,-102.89050557734153,536.668062759258,433.77755718191645
DEHHALKAJ000110Zbt_0,2490.48486328125,"(1979, 1983)",,,,984.8048631823796,46.90650546712988,3.347636991019055,,,,,,94.55662506899905,,20.644408896287615,48.67219265545124,33.46022065905356,100.31360605778188,-74.23939481653721,1332.706058978102,1258.4666641615647
DEHHALKAJ000110Zbt_1,352.04150390625,"(1979, 1983)",,,,173.2910088275869,6.646541622411582,0.4739916625563691,,,,,,13.609611353802475,,2.9190899633808787,6.9187351934364525,4.759094899055313,14.2357228912222,-14.613808777155327,222.85379641345216,208.23998763629683
DEHHALKAJ000110Zbt_4,6.0,"(1979, 1983)",,,,13.205198106538038,0.09679675596470178,0.00727149501803856,,,,,,0.26093011034445174,,0.04882152862411149,0.11241962600370195,0.08118964260022693,0.23877533107605875,-1.511423835481201,14.05140259616933,12.539978760688129
DEHHALKAJ000110Zbt_5,6.0,"(1979, 1983)",,,,13.202504547827642,0.09679675596470178,0.00727149501803856,,,,,,0.2609202633514299,,0.04882152862411149,0.1124175900185797,0.0811878456557764,0.23877214380739276,-1.5110968823299658,14.048692170267675,12.537595287937709
DEHHALKAJ000110Zbt_6,6.0,"(1979, 1983)",,,,13.202504544992582,0.09679675596470178,0.00727149501803856,,,,,,0.26092024330169783,,0.04882152862411149,0.11241759001643678,0.08118784565388505,0.2387721438040381,-1.5110968819858366,14.04869214737549,12.537595265389655
DEHHALKAJ000110Zbt_7,6.0,"(1979, 1983)",,,,13.202504541353116,0.09679675596470178,0.00727149501803856,,,,,,0.2609202719847608,,0.04882152862411149,0.11241759001368581,0.08118784565145706,0.2387721437997315,-1.5110968815440664,14.048692172409604,12.537595290865537
DEHHALKAJ00010rBbt_1,414.8388671875,"(1979, 1983)",,,,191.82076154649442,7.0227341990986885,0.5119119603742199,,,,,,16.02325312818732,,3.2742198736567745,7.424831328167142,5.177392827214998,15.618083600466738,-16.561070761097465,246.87318846366028,230.31211770256283
DEHHALKAJ00010rBbt_2,3011.002197265625,"(1979, 1983)",,,,1130.9292411070728,51.20621703283452,3.727013322777804,,,,,,114.31850503441851,,23.778261769880103,53.881365685636204,37.50020188741447,113.2770022915338,-88.2259338802796,1528.6178081315682,1440.3918742512885
DEHHALKAJ00010rBbt_3,1498.038330078125,"(1979, 1983)",,,,560.4357995798866,25.38269398595886,1.8496918555951338,,,,,,56.878214792288176,,11.82492212032561,26.730304524373516,18.617320894871103,56.26445791248903,-43.726032735730044,757.983405665788,714.257372930058
DEHHALKAJ00010sRbt_1,1318.09375,"(1979, 1983)",,,,562.8275992497305,25.500816165240426,1.7491723867197388,,,,,,50.05026442113633,,10.011625734685559,25.792970077844792,17.29584796725616,50.95478719128383,-43.298466909181286,744.1830831938972,700.884616284716
DEHHALKAJ00010sRbt_3,708.7021484375,"(1979, 1983)",,,,303.1752774749558,13.744586001827004,0.942121613460833,,,,,,27.128254757043358,,5.384861499788719,13.895514969606818,9.313611365055667,27.430114852960997,-23.311657015031507,401.01434253469927,377.70268551966774
DEHHALKAJ00010sRbt_4,4.0,"(1979, 1983)",,,,8.877938292293663,0.059746864365834845,0.004444595691394055,,,,,,0.17453353073479638,,0.029387055057934604,0.06951480986705012,0.050035267738055694,0.14601301715048237,-1.0209345494434816,9.41161343289921,8.39067888345573
DEHHALKAJ00010xObt_1,1.0,"(1979, 1983)",,,,5.665051271359877,0.02251665177869177,0.0011023303273858564,,,,,,0.05306949437434043,,0.001270167928994853,0.022379899132325066,0.01301497037238269,0.028534326764867966,-0.6631007857260978,5.806939112038866,5.1438383263127685
DEHHALKAJ00010xObt_2,81.954345703125,"(1979, 1983)",,,,61.28408732850232,2.659115009997844,0.13018023942180776,,,,,,3.3448695710174023,,0.15000110311269046,2.1835969555754033,1.1315745499827254,2.650649291414484,-4.540561100673689,73.53407404902467,68.99351294835098
DEHHALKAJ00010wzbt_0,1988.42041015625,"(1979, 1983)",,,,827.9911976760816,29.922109952758152,2.2706423421800976,,,,,,75.49753513490461,,15.483160811595122,32.514195205215984,23.22161798837923,71.12731707039636,-72.35638128803296,1078.0277761815112,1005.6713948934782
DEHHALKAJ00010wzbt_1,5.0,"(1979, 1983)",,,,11.048699116098383,0.07524090428745618,0.005709663636981253,,,,,,0.2189113905486677,,0.038933317955578764,0.08853650559597771,0.06437402446779916,0.18946401174239924,-1.2703483069853572,11.729868934333243,10.459520627347887
DEHHALKAJ00010wzbt_2,486.0595703125,"(1979, 1983)",,,,246.97583146020995,7.33637585942849,0.5561274783828787,,,,,,18.773549929950654,,3.786026966965585,7.999363290617471,5.715198699603987,17.46086193204803,-23.07407403703616,308.60333561720705,285.5292615801709
DEHHALKAJ00010wzbt_3,1299.879150390625,"(1979, 1983)",,,,570.1983578031698,19.584582440703503,1.4855380319433609,,,,,,49.38389915668254,,10.123062291008818,21.296288108138576,15.209582261053107,46.55493341415665,-50.7856689633039,733.8362435068564,683.0505745435524
DEHHALKAJ00010wzbt_4,5.0,"(1979, 1983)",,,,12.010905952108125,0.0753323200653621,0.005714139008603007,,,,,,0.21976563362993148,,0.03893847473423491,0.08933728641481539,0.0650534342140775,0.19069121590831217,-1.3870445472153985,12.695738456083461,11.308693908868063
DEHHALKAJ00010wzbt_6,1608.26904296875,"(1979, 1983)",,,,678.8613571029209,24.00988894122287,1.827153353182717,,,,,,61.06596278868826,,12.512239869654314,26.150949716793786,18.709562074741665,57.3540619884484,-59.844774544946816,880.4911758356529,820.6464012907061
DEHHALKAJ00010wzbt_7,403.917236328125,"(1979, 1983)",,,,214.0933799705042,6.1087777547872815,0.4627423221393594,,,,,,15.653283479782669,,3.146891427002222,6.664017594588489,4.760271912041258,14.532368279018723,-20.236235329494793,265.4217327398642,245.18549741036938
DEHHALKAJ00011DGbt_2,105.087890625,"(1979, 1983)",,,,86.25618893235857,3.451783552867853,0.16898630095166878,,,,,,4.319072387991261,,0.19471566242516142,2.8395830905673916,1.4733632872743514,3.4487266036987143,-6.707788014254307,102.15241981813497,95.44463180388067
DEHHALKAJ00011GYbt_1,1205.1611328125,"(1979, 1983)",,,,478.6931156423833,22.18573840312725,1.543975171917066,,,,,,45.760839107361306,,9.09008745992491,22.64751329697387,15.326428959404733,45.45077058003331,-36.46143827354796,640.6984686211258,604.2370303475778
DEHHALKAJ00011GYbt_3,993.84375,"(1979, 1983)",,,,566.7276015969289,18.928447618485748,1.3042302578154437,,,,,,38.241295145951646,,7.531896612873678,19.315048685528122,13.013333997081467,38.29832181414312,-50.252721725921845,703.3601757288081,653.1074540028862
DEHHALKAJ00011HI,1142.5439453125,"(1919, 1948)",7.09583256444925,3.6192649640783516,108.61948400293859,387.3033734143346,16.664483267026775,1.40232316082324,,,,,,43.37794230214777,,11.76418681697154,24.13431780256053,11.186825580789348,23.426532319530715,-84.76529330966355,519.2599846641845,434.4946913545209
DEHHALKAJ0001117bt_1,2294.560546875,"(1979, 1983)",,,,964.4156410046216,44.57851628668082,3.0541079160826294,,,,,,87.12025723822158,,17.438918852947598,45.038938211685675,30.175058099841088,88.86537929796944,-73.30673254859613,1280.6868169080506,1207.3800843594545
DEHHALKAJ00011Bybt_1,1177.96875,"(1979, 1983)",,,,514.4796719475843,23.673613397309374,1.606485433124071,,,,,,44.76316408452935,,8.997154540751088,23.769956143913813,15.827300850195176,46.40827879418093,-39.12636549982616,679.525625191588,640.3992596917618
DEHHALKAJ00011Bybt_2,1255.4970703125,"(1979, 1983)",,,,527.3566466085962,24.40454676309813,1.671722465262429,,,,,,47.67485287908802,,9.542644853860326,24.653694686538664,16.51570689406186,48.63586101415595,-40.05596836672929,700.4556761646614,660.3997077979321
DEHHALKAJ00011Bybt_9,4.0,"(1979, 1983)",,,,10.051301513820027,0.05917315155277004,0.004416508876388563,,,,,,0.17703502826213105,,0.029354691826368448,0.06994059815283533,0.05058272943820948,0.14684520889796027,-1.1639866147161415,10.58864943082669,9.424662816110548
DEHHALKAJ00011CJbt_0,1104.828125,"(1979, 1983)",,,,461.37895623473213,21.431415826674318,1.4689295082068268,,,,,,41.977883534456836,,8.39495193752975,21.657344344577293,14.513691082072182,42.752961042081424,-34.970713339486004,613.5761335103308,578.6054201708448
DEHHALKAJ00011CJbt_1,261.1923828125,"(1979, 1983)",,,,116.28600076047339,5.070717094026886,0.34747111970806954,,,,,,10.12998930973341,,1.9848825536298964,5.1287718594482365,3.4376807519317882,10.11975078032795,-9.138283965592265,152.50526422927965,143.36698026368737
DEHHALKAJ00011CJbt_2,285.40625,"(1979, 1983)",,,,127.4558348085965,5.544622080427643,0.3798706566055904,,,,,,11.063431173145593,,2.1691069899568873,5.607602880323002,3.7581995092985556,11.062071441290012,-10.028564199919039,167.0407395396438,157.01217533972476
DEHHALKAJ00011CJbt_3,636.2822265625,"(1979, 1983)",,,,271.23331591615147,12.370659763851338,0.8473467752001098,,,,,,24.391934452390064,,4.836325805077604,12.499436379776972,8.373788932567258,24.655640563121274,-20.77946898307294,359.20844858813604,338.4289796050631
DEHHALKAJ00010skbt_1,252.74462890625,"(1979, 1983)",,,,107.14509931557181,4.6588946115246035,0.2920943095270378,,,,,,9.83908707292989,,1.3587402362512035,4.448290185725177,2.808312162327576,7.911803415961613,-8.282427589245803,138.4623213098189,130.1798937205731
DEHHALKAJ00010s4bt_0,995.003662109375,"(1979, 1983)",,,,415.06091365659455,13.726542646510914,1.075205637635587,,,,,,37.87962265472607,,7.677446208651929,15.268786550462126,11.109307697499528,34.38441872607011,-37.65484251504284,536.1822437781508,498.52740126310795
DEHHALKAJ00010s4bt_2,831.597900390625,"(1979, 1983)",,,,349.788319798047,11.50374048438433,0.9001686206678798,,,,,,31.727766984419148,,6.418382183997055,12.788719538199327,9.299698912415515,28.7715134420697,-31.787598902501877,451.1983099641999,419.410711061698
DEHHALKAJ00011Ax,1093.4267578125,"(1958, 1968)",4.498199765211516,2.178953251482958,64.7395035723264,179.72999407301776,3.4396827049186625,0.5610200774178304,,,,,,41.51295035777796,,8.85675673828125,9.746287536560676,3.6882111457602145,0.5422976976102347,-47.565265498929705,248.07720033134459,200.51193483241488
DEHHALKAJ000115e,149.48486328125,"(1919, 1948)",0.7862953752657371,0.2673243584341509,7.264647756673808,68.36379335149604,4.228486067836233,0.2796359361249578,,,,,,5.676063604002148,,0.9648140285170242,4.560770133477982,2.491562243726275,8.304441047468302,-7.5095551869841355,94.86956641264898,87.36001122566485
DEHHALKAJ00010zfbt_1,256.90185546875,"(1979, 1983)",,,,137.44714698143878,6.0927899088833435,0.36334531097348277,,,,,,10.10845544694855,,1.4576527359902935,5.633935910368338,3.430253436581962,9.391639261804158,-10.403550480654104,173.92521899298885,163.52166851233474
DEHHALKAJ00010qrbt_0,159.330810546875,"(1979, 1983)",,,,136.39806883443208,6.239494583872144,0.30546211643557575,,,,,,6.570234797375158,,0.3519708876553023,5.118117518044587,2.650250858626135,6.210871059767292,-9.755707358313959,163.84447065620827,154.0887632978943
DEHHALKAJ00011Abbt_1,1938.90380859375,"(1979, 1983)",,,,843.585202052555,30.59861354347173,2.283695765621645,,,,,,73.61869912890567,,15.177786540735667,32.874530863004445,23.250614766025045,70.77726373060338,-73.40067083905622,1092.1664063909227,1018.7657355518664
DEHHALKAJ00011Abbt_2,562.493896484375,"(1979, 1983)",,,,293.8964995072102,8.951766455981925,0.6661844328779768,,,,,,21.715777875502816,,4.40743696506892,9.634508910709517,6.80870852573609,20.663861194969265,-27.180424071386383,366.7447438680568,339.5643197966704
DEHHALKAJ000114Zbt_0,198.94482421875,"(1979, 1983)",,,,110.1972001950129,4.548305616701365,0.27305446136752015,,,,,,7.852350131015415,,1.1192194404946547,4.227455930518649,2.5877979815794103,7.110459481734879,-8.423947178147714,137.9158432384248,129.4918960602771
DEHHALKAJ00010r3bt_0,140.15673828125,"(1979, 1983)",,,,71.52931138108572,1.93738896518345,0.1303446260734247,,,,,,5.499800171143016,,0.7170249714760251,1.9565609487077231,1.3003680582016894,3.775265337550602,-6.767538601420006,86.84606445942164,80.07852585800164
DEHHALKAJ00010vLbt_1,1336.854248046875,"(1979, 1983)",,,,485.34490495265845,21.916655085083327,1.6146909504959732,,,,,,50.758618903005484,,10.511140466802114,23.252317599357855,16.30283876123147,49.48052287813156,-38.02706814138042,659.1816895967662,621.1546214553858
DEHHALKAJ00010wv,2941.11328125,"(1969, 1978)",,,,883.7473042442266,28.197819174462893,3.705696707241211,,,,,,111.66175298490764,,63.35709466552734,72.0889613104869,30.209744889091592,70.80982737510975,-105.60772257703357,1263.778201351054,1158.1704787740202
DEHHALKAJ000117Ibt_1,329.611328125,"(1979, 1983)",,,,148.21959132156258,6.2052058364723175,0.4290040158558837,,,,,,12.76356552378866,,2.493888464293152,6.316065186490066,4.258419665925389,12.582571269462981,-11.674051579331618,193.26831128385106,181.59425970451946
DEHHALKAJ000117Ibt_3,1416.3837890625,"(1979, 1983)",,,,568.1450334690176,26.664596161095304,1.8434874097244298,,,,,,53.77996696455296,,10.71657097663592,27.09562401687318,18.25851613633161,53.99576492875477,-42.88239916375741,760.4995600629858,717.6171608992283
DEHHALKAJ00011CDbt_0,1044.607421875,"(1979, 1983)",,,,468.31178282040946,20.488819284621165,1.3999054724231774,,,,,,39.80142985021403,,7.9500935494638645,20.682416624224075,13.836516701739006,40.67928612033647,-36.71283375519721,613.1502504234312,576.4374166682339
DEHHALKAJ00011CDbt_2,1332.087890625,"(1979, 1983)",,,,643.3254285803066,22.834287893446344,1.6239456470902116,,,,,,50.69675761194002,,9.952226874935302,23.762300566386067,16.324412045415258,48.73613813949972,-56.00541283546973,817.2554973590195,761.2500845235497
DEHHALKAJ00011Dtbt_0,504.1650390625,"(1979, 1983)",,,,260.7682830003606,7.814667064555746,0.5868797007103063,,,,,,19.479776028956138,,3.938619450178269,8.46558855862373,6.015241920275038,18.315475889739,-24.267595833284787,325.3845316133989,301.1169357801141
DEHHALKAJ00011Dtbt_1,1554.345703125,"(1979, 1983)",,,,686.1217423493209,24.135811808288548,1.811466676422537,,,,,,59.02115546369575,,12.145234212763878,26.04508352121426,18.48412755462658,56.36916739971203,-60.46771093195677,884.1337889860445,823.6660780540877
DEHHALKAJ00011Hqbt_0,145.064453125,"(1979, 1983)",,,,79.01671872904151,2.1499581634840457,0.14199418463494218,,,,,,5.707709064593341,,0.7502964784390878,2.1451651324888785,1.4085896126149318,4.053677770752758,-7.4515837561280645,95.3741091360495,87.92252537992144
DEHHALKAJ00011Hqbt_2,2.0,"(1979, 1983)",,,,8.049527448116445,0.029398694967933705,0.0019457874015719392,,,,,,0.09853664335800795,,0.010330626713239323,0.034641210374398414,0.023963915999011896,0.06388848885424245,-0.9478426842173246,8.312232815784851,7.364390131567527
DEHHALKAJ00011a1,2523.326171875,"(1969, 1978)",,,,860.8504872743365,27.408163227823245,3.6362081010131186,,,,,,95.8001336403276,,60.797967032470694,69.10817848264278,30.081449851176362,74.92926123072348,-102.22484373614753,1222.611848840514,1120.3870051043666
DEHHALKAJ00011Y3bt_1,836.881103515625,"(1979, 1983)",,,,378.84241433564074,12.359804872733447,0.9442192190021537,,,,,,31.99366802499447,,6.503326684346392,13.51957211285245,9.697836180820914,29.745185738700286,-34.393078631101424,483.60602716909085,449.2129485379894
DEHHALKAJ00011WCbt_0,2063.052734375,"(1979, 1983)",,,,861.0284658068448,39.996260449467975,2.7418272934518315,,,,,,78.33095754685802,,15.674664301714435,40.42222152923013,27.091834987759913,79.81021305535334,-65.26425242315632,1145.0964449706805,1079.8321925475243
DEHHALKAJ00011WCbt_1,413.025390625,"(1979, 1983)",,,,185.35686370359213,8.007294636937775,0.5489167921087107,,,,,,15.962888495325027,,3.138084760636354,8.102382235464555,5.432472680656252,15.993447859206697,-14.641290943495813,242.5423511639275,227.90106022043167
DEHHALKAJ00017sUbt_0,373.480224609375,"(1979, 1983)",,,,201.12528835869674,5.627968211540737,0.4268696933950279,,,,,,14.49435684790822,,2.9086031877266914,6.147780529478286,4.395272563440141,13.421171436391393,-19.117827191029715,248.54731082857725,229.42948363754755
DEHHALKAJ00017sUbt_1,1653.33251953125,"(1979, 1983)",,,,707.3133337813549,24.837952791226837,1.885953333337998,,,,,,62.777071832444086,,12.871592169745593,27.015654951098846,19.303796273267885,59.12285392643038,-62.49702686423062,915.1282090589065,852.6311821946758
DEHHALKAJ00017sUbt_3,5.0,"(1979, 1983)",,,,11.794653673653785,0.07507698634086621,0.0057016388326939695,,,,,,0.21990108703839947,,0.03892407131798843,0.08896860193666155,0.06480443624396348,0.19018776854683123,-1.361073424841169,12.47821826391119,11.11714483907002
DEHHALKAJ00017sUbt_4,2488.223876953125,"(1979, 1983)",,,,1039.759147599931,37.361670004605394,2.8373907762544555,,,,,,94.4725793059212,,19.370360728329022,40.62405880954885,29.02750903448161,88.93089518097165,-91.07520603726955,1352.3836114400435,1261.308405402774
DEHHALKAJ00017sUbt_6,1356.22802734375,"(1979, 1983)",,,,592.2693620923973,20.396794094902322,1.5481351375326657,,,,,,51.509456311867496,,10.559816141434386,22.18791578405994,15.852061016464134,48.534279328651266,-52.706000960080615,762.8578199073094,710.1518189472288
DEHHALKAJ00017yRbt_1,1847.21923828125,"(1979, 1983)",,,,720.757723830337,31.501837546113606,2.290760815472877,,,,,,70.1353862215842,,14.592648953448549,33.146239447206455,23.059793684045477,69.6108560497807,-57.30108151461121,965.0952465479888,907.7941650333776
DEHHALKAJ00017yRbt_3,706.64306640625,"(1979, 1983)",,,,326.56274394187244,10.43366060840658,0.7971460292450725,,,,,,27.085902012210532,,5.4911079967883625,11.418512768508592,8.191986767489336,25.121456705120575,-29.85410643595494,415.10251682964144,385.2484103936865
DEHHALKAJ00017vfbt_0,248.3125,"(1979, 1983)",,,,126.91609066117256,5.647603593023959,0.3393752500691767,,,,,,9.755643415195749,,1.3952952216703935,5.246993591866067,3.2125582486890805,8.83648854608807,-9.59843064487092,161.35004852777504,151.75161788290413
DEHHALKAJ000180Rbt_1,214.2158203125,"(1979, 1983)",,,,98.85235783938083,3.981773043834563,0.24918683528709556,,,,,,8.382009254916127,,1.1534781314314777,3.8028577982644998,2.3991442663432556,6.747309795336081,-7.959775371288117,125.56811696479393,117.60834159350581
DEHHALKAJ0001806bt_0,556.5517578125,"(1979, 1983)",,,,232.36138265164283,10.803865578517092,0.7403525463754034,,,,,,21.349704009190916,,4.2293612769074995,10.916084304641693,7.314401661737,21.54418286541476,-17.60092230105803,309.25933489442724,291.65841259336923
DEHHALKAJ0001806bt_1,366.37890625,"(1979, 1983)",,,,222.35887571147143,6.323388386410377,0.44875792484660554,,,,,,14.313941839759979,,2.7396981519955,6.604517459129727,4.537829527650539,13.499894066216516,-20.869881317500283,270.8269030674807,249.95702174998044
DEHHALKAJ00018Lp,2077.3017578125,"(1969, 1978)",,,,686.5982189215058,22.755798655142144,3.042465614521909,,,,,,78.8664475380293,,50.40973099011117,57.257118830860705,24.893648543266572,61.34243093272882,-84.29041665193215,985.1658600261663,900.8754433742342
DEHHALKAJ000180bbt_1,1550.853515625,"(1979, 1983)",,,,650.3322999426744,29.70819194560177,2.0435759175596715,,,,,,58.88607276374623,,11.76287617194356,30.100997074475572,20.220847249882947,59.65197844190393,-49.82431624107409,862.7068395077881,812.8825232667141
DEHHALKAJ000180bbt_2,955.904296875,"(1979, 1983)",,,,401.46651395725877,18.311328598783504,1.259605101903069,,,,,,36.403462923731006,,7.250319751725845,18.553911138995733,12.463998197925854,36.76860404199563,-30.78552790677343,532.4777437123194,501.6922158055459
DEHHALKAJ00018E7,136.772216796875,"(1949, 1957)",,,,36.269732157727844,0.8583392540378342,0.09898298223009924,,,,,,5.193274378805302,,1.4142150028303337,1.5345248199073447,1.3978486846165823,5.058988708542148,-2.4451329781663436,51.82590598869749,49.38077301053115
DEHHALKAJ00018EGbt_0,1460.2978515625,"(1979, 1983)",,,,638.7370115646056,28.606452134122343,1.955236465241203,,,,,,55.44946812760279,,11.111736403344036,28.87204617828491,19.317348361131117,56.81373215601174,-49.42702088982125,840.8630313903438,791.4360105005226
DEHHALKAJ00018EGbt_1,663.84765625,"(1979, 1983)",,,,280.5160992929129,12.99604923363771,0.8884356917635359,,,,,,25.414732847130573,,5.050894675217405,13.11098335314041,8.771611062501865,25.80760334687725,-21.282638639311138,372.55640950318167,351.27377086387054
DEHHALKAJ00018EGbt_2,472.4892578125,"(1979, 1983)",,,,211.971806634879,9.249853635972961,0.6323383334464971,,,,,,18.233566259586716,,3.594941480796378,9.340966789249423,6.251353731256209,18.382967851436092,-16.642772823868906,277.65779471662324,261.01502189275436
DEHHALKAJ00018Hd,246.56689453125,"(1969, 1978)",,,,87.76130201444118,2.8156552164001476,0.3948013336974211,,,,,,9.361393080812832,,6.323543504487042,7.192145813316484,3.0761512485271343,8.169540644737001,-10.855226566180576,125.09453285641925,114.23930629023867
DEHHALKAJ00018G8bt_0,769.710693359375,"(1979, 1983)",,,,337.66512058056855,10.911136319647133,0.8460783686889273,,,,,,29.427188298769266,,5.955592637866365,12.059289476562745,8.724976988997277,26.902280333154025,-30.822964972568663,432.49166300425435,401.66869803168566
DEHHALKAJ00018G8bt_1,1081.70166015625,"(1979, 1983)",,,,449.0958291730781,15.246514538137124,1.1847504058212217,,,,,,41.132623968043156,,8.364680856329391,16.857958300077115,12.208744827350051,37.6919939128624,-40.324129270624475,581.7830959816986,541.4589667110741
DEHHALKAJ00018G8bt_2,958.86962890625,"(1979, 1983)",,,,403.23765501769583,13.519436707499253,1.0504238975965219,,,,,,36.517769691121494,,7.415072875984503,14.950947584465297,10.827551422742314,33.42208379517068,-36.36427976141913,520.940940992276,484.5766612308568
DEHHALKAJ00018B7,104.38818359375,"(1969, 1978)",,,,50.27903013866373,1.499848743518235,0.23249916977388585,,,,,,3.963466984398103,,3.4709598423183152,3.956714532018909,1.59607706643737,4.6293188263281175,-6.3359705116407365,69.62791530345666,63.29194479181592
DEHHALKAJ00018K3bt_0,124.58349609375,"(1979, 1983)",,,,63.58475314796993,2.7667165807582244,0.13544800640107815,,,,,,4.981586627508918,,0.1560709249331195,2.27182114541634,1.1772443662147536,2.757696242308114,-4.702543120274122,77.83133704151047,73.12879392123634
DEHHALKAJ0001813bt_1,774.5078125,"(1979, 1983)",,,,334.4667696535931,14.987862925258831,1.0279875734587742,,,,,,29.61559176695856,,5.883006914315668,15.159275436814239,10.165059922365433,29.945946429556674,-25.512319681210382,441.2515006223213,415.73918094111093
DEHHALKAJ00018yQbt_0,330.62255859375,"(1979, 1983)",,,,183.13108274123272,4.931912080564443,0.37542617501314707,,,,,,12.852322311967658,,2.5720009218206843,5.405777024423692,3.873693344266159,11.83837567784958,-17.596045965604272,224.9805902771381,207.38454431153383
DEHHALKAJ00018yQbt_1,1061.65771484375,"(1979, 1983)",,,,463.2325825333849,15.783251421918125,1.2029045996038281,,,,,,40.4158579742809,,8.255897520283161,17.221035259237144,12.333533456638232,37.81444054679665,-41.41006284376288,596.2595033121429,554.8494404683801
DEHHALKAJ00018yQbt_3,1544.0771484375,"(1979, 1983)",,,,645.8665369355381,22.898731892915595,1.746742778446404,,,,,,58.62881189841548,,12.004209226904894,24.97986943778242,17.89617146617005,54.90969146592195,-56.906695018011625,838.9307651020949,782.0240700840833
DEHHALKAJ00018yQbt_4,515.04638671875,"(1979, 1983)",,,,254.06389549424466,7.660240999577877,0.5837290377608003,,,,,,19.85958878741969,,4.005400792029787,8.379294482390687,6.004319303730082,18.382934437752734,-23.646549642772513,318.9394033349063,295.29285369213375
DEHHALKAJ000181abt_0,243.458984375,"(1979, 1983)",,,,120.35851624999262,5.49654079975372,0.33075054005345167,,,,,,9.542673472319176,,1.3657283152152337,5.108661787969566,3.1303622246869445,8.619510419746923,-8.960288803131217,153.9527438097376,144.99245500660638
DEHHALKAJ00018BE,623.3798828125,"(1995, 2001)",,,,292.1992903332276,13.169029660131796,0.8535770171980575,,,,,,23.667461388531237,,3.623732366038591,12.518082362479365,7.700119958283583,21.25613205659782,-35.711505220121865,374.9874251424882,339.2759199223663
DEHHALKAJ00018L7bt_0,206.03759765625,"(1979, 1983)",,,,101.9115831278747,4.323043378033632,0.2638228523126811,,,,,,8.087758482722794,,1.1372674841021726,4.059318509895903,2.514440223297459,6.976061638588449,-7.947666878948391,129.2732956968278,121.3256288178794
DEHHALKAJ00019u9bt_1,2924.953125,"(1979, 1983)",,,,1214.6052880799227,56.11346340681879,3.858303854011136,,,,,,111.05333202343401,,22.18979463333715,56.82899512361452,38.16315528757912,112.57162732170208,-92.43033633179438,1615.3839597304197,1522.9536233986253
DEHHALKAJ00019u9bt_3,4.0,"(1979, 1983)",,,,7.263006255399653,0.05986349828937001,0.004450305648290776,,,,,,0.1702462026409094,,0.02939363439622003,0.06838787322071076,0.0490057435321975,0.1442151615402989,-0.8247815805367849,7.7885686746676495,6.963787094130865
DEHHALKAJ0001A8nbt_0,776.5625,"(1979, 1983)",,,,346.00601154895816,15.01293654440921,1.0299956665465568,,,,,,29.726319277897137,,5.897785381034088,15.198116792602594,10.195045039369713,30.026679867779066,-27.271032897209217,453.09289011859653,425.8218572213873
DEHHALKAsT0000Edbt_1,241.58935546875,"(1979, 1983)",,,,93.45534710562403,4.111709954941385,0.2624809269107266,,,,,,9.37644501620273,,1.2795028489036393,3.9706569748569103,2.5382883882717353,7.22084548780308,-7.20146626694085,122.21527670351423,115.01381043657338
