building_name,net_leased_area ,building_age_group,a1,a2,a3,a1_a3,a4,a5,b1,b2,b3,b4,b5,b6,b7,c1,c2,c3,c4,d,sum,sum with d
DEHHALKA10000t7C,1350.308837890625,"(2002, 2009)",-9993.005569692994,68.64940834841846,782.1813858107284,264478.06406655,7055.621887114915,5189.5465961299815,-3888.889453125,,,,,41541.79137189576,,1377.9166814541184,6717.92927089542,8579.976775880814,22305.94212959591,-24221.36068788541,353357.89932639187,329136.53863850643
DEHHALKA10000t7F,1348.009033203125,"(2002, 2009)",-9975.985788435177,68.53248677708339,780.8491984124937,273333.73823179514,7061.082364173727,5213.054069492758,-3882.266015625,,,,,41471.04078262482,,1377.10248771323,6765.700441879391,9008.166962305097,22303.803130863154,-27253.69194402745,362651.4224552223,335397.73051119485
DEHHALKA10000t79,1348.662109375,"(2002, 2009)",-9980.818900416563,68.56568902796676,781.2275000356655,272420.4889784502,7047.958962235435,5184.960400322608,-3884.146875,,,,,41491.13234679828,,1376.3188509321035,6752.055440115757,9049.208880824039,22298.154693030567,-27206.400470871547,361736.131677709,334529.73120683746
DEHHALKA3Aw000Dnbt_1,603.001953125,"(1979, 1983)",,,,170752.19729078695,2805.248420626882,2189.3570230012374,-1356.75439453125,,,,,19038.162638170805,,501.69111212870064,2598.856572031809,-732.5055078140854,6031.334065224306,-8481.227120700325,201827.58721962533,193346.360098925
DEHHALKA3gi00005bt_1,759.09765625,"(1979, 1983)",,,,236619.34021027377,4498.115842336128,4545.194687352225,-1707.9697265625,,,,,24067.20721489894,,716.3321293097547,4215.835469309613,-3584.7820097097165,8532.76961525387,-10965.816596578627,277902.04343246203,266936.2268358834
DEHHALKA900014M0bt_1,852.228515625,"(1979, 1983)",,,,240808.82966435453,4015.2572374037,3187.8360104149183,-1917.5141601562498,,,,,26628.72838944408,,713.4797270416561,3721.463676906217,-1185.3186135186086,8572.848853099254,-11934.527740355024,284545.61078498955,272611.08304463455
DEHHALKA900014M0bt_2,4.0,"(1979, 1983)",,,,8843.450925682815,18.845918266224757,14.962353180951943,-9.0,,,,,190.90198427038217,,3.3487719031246472,21.780359009151066,44.74582479753074,42.469319029444065,-370.0756362832855,9171.505456139625,8801.42981985634
DEHHALKAJ000109w,1832.744140625,"(1949, 1957)",-133046.7264478061,1052.7558561410744,14694.417406203465,61054.245748516536,3994.0832337608763,2412.9230931962593,-6443.595790541178,,,,,56383.774569555084,,2040.171400832215,8273.652483711006,141154.91328770705,1642.7079697541635,-68080.22741512205,270512.87599649205,202432.64858137
DEHHALKAJ00010D9bt_1,1199.3701171875,"(1979, 1983)",,,,306552.896289542,6378.230184766444,5832.620934616914,-2698.582763671875,,,,,36910.52891752909,,1067.8935253304676,5920.657536414588,-3989.068332631583,12758.227071304997,-15032.576516386718,368733.403363201,353700.8268468143
DEHHALKAJ00010A0,590.72265625,"(1958, 1968)",-32787.47032755613,225.24158758146325,2566.3699273634934,28181.66682730297,1152.0234934419916,491.09429255681584,-2501.3279446428724,,,,,18173.921261297604,,775.4116628392906,3053.3803237811258,35080.41403627109,1715.6916869613594,-21149.332255454443,86122.27563980938,64972.943384354934
DEHHALKAJ00010D6,620.953125,"(1969, 1978)",-5744.230377637772,39.46140268727583,449.617489539219,172352.51666724452,3194.7015280613145,809.6570276635405,-5197.090586759026,,,,,19103.866325474093,,1611.0980818952983,6635.457909493571,9585.523329873058,3853.0135866388173,-14403.993004472846,211948.74386958516,197544.75086511232
DEHHALKAJ00010Ax,810.3994140625,"(1949, 1957)",-58830.3554032735,465.50563717893067,6497.550308313152,30987.79265532494,1872.4698636617022,1150.5735450435755,-2905.6147907158415,,,,,24932.6293135387,,922.7592091726308,3759.6555300752634,62436.39391798638,847.362741557281,-30318.31452350616,124004.02198564463,93685.70746213847
DEHHALKAJ000108c,718.572265625,"(1969, 1978)",-6647.272508260786,45.665072599056906,520.3012032878027,198263.47723633505,3689.6643910841512,934.6639823349798,-5998.6409915245595,,,,,22107.024446715437,,1859.5787073726135,7659.525097164222,11071.462136035243,4430.2605410129745,-16621.52513424012,244017.01554653008,227395.49041228995
DEHHALKAJ000107hbt_0,947.62060546875,"(1979, 1983)",,,,243885.56583527953,4781.766390552015,4655.735636583541,-1895.2412109374998,,,,,29395.432364910303,,776.499081903102,4465.585223336255,-3491.8507708738052,9260.511871377985,-11536.208368546331,291834.00442213134,280297.796053585
DEHHALKAJ00010AW,669.5283203125,"(1949, 1957)",-48603.92092226188,384.5871578238491,5368.08624066375,31447.59190208296,1679.4222022808688,1165.267693718499,-2428.073007651077,,,,,20599.06427525039,,780.5445845961106,3237.7213759658825,51519.648164456186,802.090116707411,-25379.92065372564,108803.27730740723,83423.35665368159
DEHHALKAJ00010Em,1410.43359375,"(1958, 1968)",-78284.70622344864,537.7960341849993,6127.569886216326,58554.63845399278,2587.4769267122438,1116.1738173761323,-5631.795828983904,,,,,43391.5206845768,,1745.8567069850103,6870.231178962251,83424.0611604809,3452.779629077137,-49422.07280216866,195510.94272917937,146088.8699270107
DEHHALKAJ00010CR,1537.02734375,"(1949, 1957)",-111579.38089326928,882.8916711909202,12323.4448569065,58074.414500810286,3532.778547410395,2167.5859173570525,-5501.011483630744,,,,,47286.48296424398,,1746.5226685160487,7112.970344720001,118415.06625564024,1585.97354172762,-57465.05464599619,234420.78325679488,176955.7286107987
DEHHALKAJ00010DZbt_1,109.232421875,"(1979, 1983)",,,,39042.12693752611,281.23169994742824,520.4873007048916,,,,,,3800.4035580768937,,24.661833668449216,293.0057001596512,-561.0868484808788,282.9814234928152,-1417.1537895017482,43683.81160509535,42266.6578155936
DEHHALKAJ00010CC,654.6484375,"(1949, 1957)",-47523.72666369233,376.0399288777452,5248.783603620423,25758.00301151022,1531.9435535796854,944.6530823091518,-2357.439647289863,,,,,20141.022840763602,,749.1672147971537,3055.4943960504434,50440.49733173289,706.5107984048631,-24530.474518185176,100969.85258185815,76439.37806367298
DEHHALKAJ000109u,1563.70703125,"(1949, 1957)",-113516.17338156223,898.2168857874652,12537.354947083286,54980.763581553816,3484.7745798562055,2119.25800453443,-5538.535119753793,,,,,48107.104087212225,,1755.6259277100903,7132.400451642914,120449.16035703347,1489.1515725531083,-58241.84675348617,233979.7034423425,175737.85668885632
DEHHALKAJ000106X,691.1787109375,"(1958, 1968)",-38363.183189491516,263.54531776784506,3002.797064606179,32036.268615897246,1330.412061225355,568.5528114017077,-2890.129590055003,,,,,21264.44411669581,,895.940172917051,3527.506209067298,41010.039839671954,1938.3297153405542,-24630.46713263448,99681.36395216198,75050.8968195275
DEHHALKAJ0001087bt_0,1165.005859375,"(1979, 1983)",,,,310525.7067319328,5517.658322241355,4411.029105942474,-2621.26318359375,,,,,35944.71289753285,,977.8564893741047,5104.574120662298,-1825.4829318916436,11741.559953996659,-15537.098783329935,369776.3515061972,354239.25272286724
DEHHALKAJ0001087bt_1,1333.10546875,"(1979, 1983)",,,,350857.35671851004,6312.14363096968,5044.424135642534,-2999.4873046875,,,,,41034.329330755165,,1118.8064301988702,5837.01248017804,-2113.246556222889,13432.85857820709,-17597.795475288865,418524.19744355103,400926.40196826216
DEHHALKAJ00010Eh,1836.6298828125,"(1958, 1968)",-101940.30506243637,700.3039856815112,7979.161877536565,77415.51394276397,3391.574912650939,1454.734433175371,-7388.167111969973,,,,,56503.302889035076,,2290.3318047106914,9012.452719196988,108673.47011354745,4360.745454121977,-64407.06294069401,255713.9591572325,191306.89621653847
DEHHALKAJ00010Apbt_0,4522.6318359375,"(1979, 1983)",,,,1104709.153708851,23372.438923663423,20737.51534349555,-10175.921630859375,,,,,139139.51135217305,,3967.3256389117673,21641.532209998928,-13420.122268740724,47438.11835370764,-54935.4236364393,1337409.5516312013,1282474.127994762
DEHHALKAJ00010ED,2555.748046875,"(1949, 1957)",-229211.0975312046,1961.6178214821543,29879.170416199348,77039.45168196908,5646.861345499331,5604.61855764637,-8945.1181640625,,,,,78626.82302654083,,2936.33810399593,12544.032981638606,243500.9965328417,877.2221148596916,-107232.66426239647,417831.226180929,310598.56191853253
DEHHALKAJ00010Dw,1936.94921875,"(1949, 1957)",-140611.4182214441,1112.6128235180493,15529.903866027922,74902.7071690009,4437.9330877862885,3003.420366138795,-6815.688466911524,,,,,59589.67692342788,,2179.013435824675,8964.58906017732,148994.3688596622,1858.2605344253395,-72553.57322863713,297114.2809695319,224560.70774089478
DEHHALKAJ00010CLbt_0,1726.1591796875,"(1979, 1983)",,,,448303.88772241713,9290.726021915543,8599.940245351318,-3883.858154296875,,,,,53115.56473432056,,1546.6726331200273,8632.179972143364,-6016.884363621579,18471.24078084566,-21856.43631633268,538059.4695921951,516203.03327586246
DEHHALKAJ00010CLbt_1,911.1748046875,"(1979, 1983)",,,,246992.3275396578,4904.226428269807,4539.586479388754,-2050.143310546875,,,,,28318.27747965683,,816.4305766133206,4562.392278768042,-3108.5835947523155,9753.271324831412,-11958.597022479495,294727.78520188684,282769.1881794073
DEHHALKAJ00010AK,860.0478515625,"(1969, 1978)",-7956.015995840932,54.65580771629781,622.7403331018426,242768.01118439613,4458.378365451454,1130.8490901205478,-7271.04436576563,,,,,26459.426981183216,,2254.023753387345,9282.908593022268,13350.424474387179,5428.098375156608,-20141.741838609352,297861.07645133906,277719.3346127297
DEHHALKAJ00010D1,682.2548828125,"(1949, 1957)",-49527.796460601334,391.8974871291996,5470.124172405473,26693.18805760864,1592.519995354261,981.3241629092524,-2454.7183725864857,,,,,20990.391489757207,,779.9784380994998,3180.5135426205115,52566.78080076925,731.7255981296499,-25556.795923698803,105061.70371266178,79504.90778896297
DEHHALKAJ00010C2,689.3984375,"(1958, 1968)",-38264.37089257114,262.86650240305585,2995.062740953371,35939.877312118515,1401.449729667283,592.8238863615725,-3038.093073927638,,,,,21209.7101335199,,941.808852917568,3710.1914853779144,41057.48711371915,2227.1370601997787,-25057.671928484477,104042.39249995403,78984.72057146956
DEHHALKAJ00010EY,856.015625,"(1958, 1968)",-47512.29127181782,326.3973648709,3718.9241585877726,39355.04186730539,1641.6926358530668,702.0697139648937,-3566.8545757994625,,,,,26335.405088486154,,1105.7249184978332,4353.30459392314,50778.0434904185,2376.9028472833747,-30464.93863422015,123081.33057993287,92616.39194571272
DEHHALKAJ00010Dybt_0,1084.08984375,"(1979, 1983)",,,,257873.30384266953,5500.412883050274,4782.004783985286,-2439.2021484375,,,,,33361.21728576469,,942.033149967283,5085.545700740084,-2963.019030029617,11270.60998078834,-12967.749752648011,313412.9064484983,300445.1566958503
DEHHALKAJ00010Dybt_1,522.205078125,"(1979, 1983)",,,,134383.90521500062,2741.4021760766536,2473.493417944704,-1174.96142578125,,,,,16437.382078838804,,461.8317639251062,2543.067055607148,-1637.8259984104388,5520.332613656796,-6539.080724325559,161748.62689685816,155209.5461725326
DEHHALKAJ00010Kr,830.3896484375,"(1958, 1968)",-46089.94706803967,316.62622170719493,3607.5931728646024,39133.97581969182,1610.4254836330856,687.2314820432471,-3497.389808650118,,,,,25547.128859237197,,1084.1908406815367,4269.027367380715,49294.68885991633,2376.2892701821925,-29670.735233914827,120505.568174116,90834.83294020116
DEHHALKAJ00010mObt_0,1644.840087890625,"(1979, 1983)",,,,443686.9366400528,8133.012885802096,6316.218404695613,-3947.6162109374995,,,,,50615.124296616406,,1457.1659739873874,7503.823368293401,-2393.3274864327714,17505.254201912874,-22531.407489618243,528876.5920739903,506345.18458437204
DEHHALKAJ00010mObt_1,1554.635009765625,"(1979, 1983)",,,,422075.67006574885,7690.864559621841,5977.003017203081,-3731.1240234375,,,,,47840.75803447751,,1377.5930927485306,7097.563616803345,-2255.5695906784476,16549.776301004407,-21404.1737610898,502622.5350734916,481218.36131240183
DEHHALKAJ00010bibt_0,445.697021484375,"(1979, 1983)",,,,117113.28145061109,1884.301990781466,1514.7434862019018,-891.39404296875,,,,,14319.733438772775,,333.22990353582986,1749.9824667910082,-568.7369136693694,4003.8814570352274,-5747.571486998253,139459.02323709117,133711.4517500929
DEHHALKAJ00010is,531.865234375,"(1949, 1957)",-29520.647982305993,202.79934839558987,2310.6663143329133,33601.859366643126,1333.1597693968226,1273.9371910675186,-1635.485595703125,,,,,16362.660046682642,,549.4689568805974,2417.341369173889,30570.5731300952,595.6222489679359,-18101.162382761016,85069.13648320461,66967.9741004436
DEHHALKAJ00010Kj,732.373046875,"(1958, 1968)",-40649.633612416466,279.25265102780355,3181.7641379174274,33571.58649829367,1402.7172343077355,600.0236757799242,-3047.798619102963,,,,,22531.68833101676,,944.8175719219187,3719.7507069591247,43439.87888387897,2026.2849784949378,-26052.405073078182,105188.94926155008,79136.54418847189
DEHHALKAJ00010JX,538.5830078125,"(1860, 1918)",-77228.88448717131,651.9545631501052,9790.2716022902,28778.816758963418,1877.783752699932,3174.1610049441633,-1454.1741210937498,,,,,16570.420977243266,,573.5535583460698,3284.5873461249257,78492.8851296089,1801.2411091290126,-34453.574502865835,133099.27551596594,98645.7010131001
DEHHALKAJ00010Hc,839.201171875,"(1949, 1957)",-60921.198040800016,482.0498009452523,6728.474550245215,23515.439770689223,1710.497420523022,1011.8006875956362,-2887.7231064394246,,,,,25818.285576769817,,911.2137190633911,3675.80985537602,64610.76433817144,617.5506613436369,-30934.542464209953,118983.63892309275,88049.09645888279
DEHHALKAJ00010I1,1226.453125,"(1958, 1968)",-68073.0542812594,467.6445808307302,5328.274417815644,106385.31796436437,3275.224309052627,1206.2172619285031,-7188.881436783616,,,,,37732.43743489063,,2228.5532454029208,8784.541098269963,75278.57140184302,2923.855186690268,-48247.868234359266,230625.83646565865,182377.96823129937
DEHHALKAJ00010lF,656.58984375,"(1958, 1968)",-36443.36270423493,250.35663899358843,2852.5271746123162,52222.403657589646,1665.8731312807129,624.7468391674215,-3654.082187568251,,,,,20200.12190936577,,1132.7654781461579,4464.170927695266,40071.94501427575,1541.091975095734,-25368.51466138733,118269.03674504822,92900.52208366088
DEHHALKAJ00010h2,599.4443359375,"(1949, 1957)",-43516.22510546711,344.3298609447986,4806.172934235228,24742.78473836753,1433.5950295368511,889.2363941159315,-2174.9934447355904,,,,,18442.752735199152,,691.9756376935825,2827.1786377383173,46193.05741449313,682.0058092042935,-22524.152383745564,93727.5929516132,71203.44056786764
DEHHALKAJ00010Kz,1310.1083984375,"(1969, 1978)",-12119.376096711096,83.25703341089425,948.6185436778591,341925.9851775856,6515.194269172705,1649.1289106258753,-10471.301922488365,,,,,40305.7940108778,,3246.1035959713927,13362.608211722169,19815.51352089309,7669.875451503352,-29201.91276456924,424018.9012258637,394816.9884612945
DEHHALKAJ00010PF,677.8642578125,"(1949, 1957)",-49209.062235587975,389.3754459569425,5434.921399146512,26263.653006230197,1575.401333080314,969.6075947767838,-2435.2787318265987,,,,,20855.28319524937,,773.6258971564537,3153.507782474347,52227.147540638034,719.202345426408,-25378.45825006217,104102.14996320532,78723.69171314314
DEHHALKAJ00010pq,1350.03662109375,"(2002, 2009)",-9990.991020212901,68.63556890552688,782.0237012089203,272208.50835587305,7047.467315877091,5176.040864812832,-3888.10546875,,,,,41533.418677652815,,1377.0485386175892,6751.063714112979,9075.178756422174,22313.237163929978,-27204.396160675187,361593.8579185486,334389.46175787336
DEHHALKAJ00010KY,562.689453125,"(1949, 1957)",-40848.031149322065,323.217302314851,4511.482814762912,25028.8359475324,1393.75506881212,872.4987051992783,-2067.114953050993,,,,,17312.025211484746,,658.8725961206844,2699.566025881914,43370.12028807828,694.854809079293,-21240.10122892328,89963.41369913772,68723.31247021444
DEHHALKAJ00010Po,760.1845703125,"(1949, 1957)",-55185.045383214034,436.6614741278929,6094.942078558748,31172.765282087774,1812.553935147078,1123.3930562788212,-2755.321540476541,,,,,23387.888780054607,,876.469033515391,3580.08925798787,58578.60092346501,858.6769244395714,-28552.958070182936,118635.11565249959,90082.15758231665
DEHHALKAJ00010Nibt_0,4.0,"(1979, 1983)",,,,5571.646395074473,19.000505020218313,15.248453369251763,-9.0,,,,,166.01171993043408,,3.362327959625558,20.099753760558993,22.957134663144856,41.67188397619914,-236.76196791609414,5850.998173753905,5614.23620583781
DEHHALKAJ00010Nibt_1,936.0869140625,"(1979, 1983)",,,,239175.25775826068,4957.438816999979,4514.027885897772,-2106.195556640625,,,,,28921.888407551563,,831.6604420687678,4601.003514816746,-3054.0291995509124,9937.5892485158,-11741.91731091064,287778.64131791977,276036.7240070091
DEHHALKAJ00010FV,674.16015625,"(1949, 1957)",-48940.16567965476,387.2477541939594,5405.222974108424,26342.983501393912,1572.7324084038794,968.9790991059022,-2425.120573626775,,,,,20741.354299588387,,770.5510080461881,3141.9281389939733,51942.91910138307,722.0283364744721,-25251.770723143716,103778.35531976301,78526.5845966193
DEHHALKAJ00010Gn,1125.1611328125,"(1949, 1957)",-81680.25319451201,646.3095122850815,9021.219584499859,44767.64186561216,2636.091029624686,1680.9759031209844,-4032.2296476911133,,,,,34616.108654765376,,1284.4828865580175,5257.065589356369,86609.96508302657,1192.939365074659,-42183.528139679154,174013.0407294477,131829.51258976856
DEHHALKAJ00010kcbt_1,1111.580078125,"(1979, 1983)",,,,286341.362504271,5887.528973619854,5361.578916972856,-2501.05517578125,,,,,34231.25673028913,,987.6369838455191,5465.547191666383,-3613.4184132249748,11801.98429100747,-14037.546492980478,343962.42200266593,329924.87550968543
DEHHALKAJ00010Knbt_1,617.4208984375,"(1979, 1983)",,,,161741.17978512868,3315.4542805733354,3061.822391282462,-1389.197021484375,,,,,19400.608706818228,,552.5463059146525,3080.9548313218174,-2120.757416223137,6599.848318578106,-7879.021684771248,194242.46018190973,186363.43849713847
DEHHALKAJ00010K2,1443.42578125,"(1958, 1968)",-80115.90459928953,550.3759015925908,6270.90306794231,66381.63083177891,2768.6303522263597,1183.9729641129,-6015.284172974964,,,,,44406.5212677692,,1864.738093622239,7341.595327973486,85623.45363210494,4009.485650193605,-51372.950159379165,207564.74394680667,156191.7937874275
DEHHALKAJ00010JBbt_0,1263.5400390625,"(1979, 1983)",,,,300278.6748004068,6373.72525056006,5504.772149292526,-2842.965087890625,,,,,38881.570439722345,,1094.7086322802948,5890.576909985944,-3356.5834043679806,13099.906340335325,-15068.852169939026,364924.3860303246,349855.5338603856
DEHHALKAJ00010SBbt_1,742.314453125,"(1979, 1983)",,,,222789.44986753925,4120.946839985905,3930.7181917253583,-1670.20751953125,,,,,23489.590523650077,,676.1407106779072,3850.0326448986816,-2756.0597470747266,8073.33739702654,-10543.64494123997,262503.94890889776,251960.3039676578
DEHHALKAJ00010k2,2309.94921875,"(1949, 1957)",-167689.0816361028,1326.8696450985617,18520.510994988523,79655.42146721244,5106.12470295395,3097.857681248592,-8159.573982329767,,,,,71064.81842230212,,2585.37032149362,10496.510017786362,177922.53300978735,2152.409993922534,-85952.2629266185,343921.4716343772,257969.2087077587
DEHHALKAJ00010Jw,2018.2841796875,"(1949, 1957)",-146515.87048983562,1159.3328509010087,16182.024278932531,68390.29361189854,4429.218061557193,2681.404823652143,-7112.244750806629,,,,,62091.843079326325,,2252.6846825711764,9140.545035580068,155450.91260072167,1844.0300679333527,-75034.56117978902,299168.6872124339,224134.12603264488
DEHHALKAJ00010FJ,306.08154296875,"(1919, 1948)",-18876.388854154222,129.67599362922994,1477.5094329801461,51378.15929851521,1428.665140002925,2706.753890274519,-550.94677734375,,,,,9417.782329816977,,289.73802800208205,1969.4642825967069,16925.408314372213,1067.023915544406,-12486.457058436003,84632.04842178128,72145.59136334527
DEHHALKAJ00010SZ,720.0390625,"(1949, 1957)",-52270.7114739448,413.60128939694954,5773.066899309939,26666.303953886472,1640.596940591767,1004.1293939070381,-2569.393525898912,,,,,22152.64257997159,,815.3902759557761,3318.4766277540703,55470.1633030071,726.6167902434713,-26891.181138790038,109224.92633941838,82333.74520062834
DEHHALKAJ00010ki,458.909912109375,"(1958, 1968)",-22641.18735414692,155.53920242792697,1772.1910768044386,27868.999152845754,952.5978416965603,393.4085618540906,-2055.093145700548,,,,,14118.98609544494,,637.07887516717,2513.0145912843614,24547.466061373016,1804.5011984400194,-15639.508872492514,70780.95923240537,55141.45035991285
DEHHALKAJ00010Rb,1708.4765625,"(1958, 1968)",-94827.28316854504,651.4393331823744,7422.405125680086,66254.4942261625,3046.9392319834615,1321.8624785148884,-6639.661108165094,,,,,52560.70971191509,,2058.2949435311793,8097.159870013624,100873.17660888602,3837.933446756695,-59290.34608672028,231410.90940959833,172120.56332287804
DEHHALKAJ00010h6,653.5068359375,"(1860, 1918)",-92984.18963994633,782.889491994876,11723.74037671406,27892.580077435992,2134.0919490977462,3537.5507423579056,-1764.4684570312502,,,,,20105.883762356592,,681.4630781127474,3807.8295641996456,94781.60702443236,1965.8280188736178,-41319.17058554751,153142.36575983535,111823.19517428783
DEHHALKAJ00010Io,1474.216796875,"(1958, 1968)",-81824.92913132432,562.1164657460766,6404.673350319185,68675.63720165021,2844.8961045668975,1203.079401595754,-6194.997600995494,,,,,45353.79418557241,,1920.4492563086033,7559.462052763954,87476.13635563964,3741.3188555750817,-52401.63883160805,212579.77581267708,160178.13698106902
DEHHALKAJ00010gfbt_1,345.5048828125,"(1979, 1983)",,,,119397.70481709062,1844.48766654649,2266.791512180133,-518.25732421875,,,,,11544.09108085835,,259.41750788965123,1768.2978716010127,-2168.4155898889976,3066.2327698510326,-4971.283437693088,137460.35031190954,132489.06687421646
DEHHALKAJ00010Ezbt_0,1507.0732421875,"(1979, 1983)",,,,388732.25218267925,8070.954818281858,7433.31907147729,-3390.914794921875,,,,,46376.28767759044,,1346.808547802094,7495.949210782561,-5152.932725093499,16086.873469135315,-18998.477355417308,466998.5974577334,448000.1201023161
DEHHALKAJ00010Ezbt_1,395.2939453125,"(1979, 1983)",,,,65508.9692998659,1434.521050949998,686.7025859775516,-889.4113769531249,,,,,12216.687978623075,,293.41396056427834,1287.725728067489,390.11320678956116,3549.6566592212293,-3917.5751705523994,84478.37909310596,80560.80392255356
DEHHALKAJ00010iY,725.8193359375,"(1949, 1957)",-52690.32621546039,416.9215655754616,5819.411475582134,32262.364229300845,1797.217471165488,1124.9719606081558,-2666.07491706737,,,,,22330.816441108414,,849.7701141444786,3481.6265893605514,55943.47914474274,895.6154964488264,-27396.624643265306,116019.78652981213,88623.16188654682
DEHHALKAJ00010NBbt_0,1350.72265625,"(1979, 1983)",,,,344893.99313769024,7173.522210594252,6550.895072808406,-3039.1259765625,,,,,41566.25220103013,,1201.8129010716602,6658.357964015346,-4466.8643668622735,14358.858678604916,-16921.475953445224,414897.70182239026,397976.225868945
DEHHALKAJ00010NBbt_1,1340.203125,"(1979, 1983)",,,,354353.6988036786,7323.328213549086,6880.52559102405,-3015.45703125,,,,,41243.90333841151,,1210.4890960903717,6811.611663421949,-4949.431787707044,14449.23660624303,-17158.05273393707,424307.9044934616,407149.85175952455
DEHHALKAJ00010MC,1302.25,"(1958, 1968)",-72280.08403319129,496.5458059286354,5657.5707780111225,56192.5191191691,2428.785960796303,1044.3070777870907,-5282.83362562998,,,,,40063.307275296946,,1637.678423945294,6445.701350564224,77107.00332180077,3344.87438203947,-45893.357744389694,182981.34328576922,137087.98554137954
DEHHALKAJ00010JFbt_1,587.47119140625,"(1979, 1983)",,,,164877.11230696976,2393.450724717043,2479.5903191653015,-881.206787109375,,,,,18830.81341582103,,375.95840866876387,2269.1436328759,-1781.2646418623117,4484.99845520419,-7355.623171151824,193048.5958344503,185692.97266329848
DEHHALKAJ00010Nv,1889.986328125,"(1969, 1978)",-17483.633534070217,120.10811857591737,1368.4944545774033,518353.38444076123,9714.421558543738,2457.8387695381457,-15803.248334758728,,,,,58144.79609269936,,4899.006983775205,20186.64059866061,29072.334540603362,11557.6403843835,-43698.23174229501,638582.8150342063,594884.5832919113
DEHHALKAJ00010pAbt_0,627.797607421875,"(1979, 1983)",,,,162687.59327131766,2719.5059479066904,2254.5303552575574,-1255.59521484375,,,,,19761.642130085962,,475.1078016700256,2526.6979042344965,-1005.4315451953981,5702.215995280844,-7963.166795005688,193866.26664571412,185903.09985070842
DEHHALKAJ00010LObt_1,310.868408203125,"(1979, 1983)",,,,70019.31280749981,1431.7317179086854,1273.891503916816,-621.73681640625,,,,,9844.174357658985,,242.72366621102626,1327.1533965510187,-815.408708897419,2902.676735074781,-3449.6358177316106,85604.51865951745,82154.88284178583
DEHHALKAJ00010LObt_2,3.0,"(1979, 1983)",,,,5794.660760389957,13.422816218219419,11.56445015605954,-6.0,,,,,137.01297636194454,,2.3078308858897723,15.291923321814274,26.68071982134039,29.113371775296578,-242.07883084648256,6024.054848930521,5781.9760180840385
DEHHALKAJ00010Lg,759.1484375,"(1949, 1957)",-55109.82807611012,436.06630382456433,6086.634662538339,21170.861391089195,1544.6275754690828,913.1584680007525,-2610.8256389012977,,,,,23355.53128742823,,823.7671651117082,3322.596491935624,58446.91290675888,555.5672847603355,-27978.191442390656,107522.19693165252,79544.00548926186
DEHHALKAJ00010JN,1330.7109375,"(1949, 1957)",-96601.99160276123,764.3804179924246,10669.25902486151,63761.76437649712,3278.282164949168,2709.6660636706533,-4624.2205078125,,,,,40940.05533918706,,1509.8670827246137,6400.52940185187,102029.49270185674,1332.6423965763784,-50579.96457962746,217338.07901950114,166758.11443987367
DEHHALKAJ00010MGbt_0,556.2841796875,"(1979, 1983)",,,,158165.56107478458,2584.4433755344653,2013.3184119289338,-1251.639404296875,,,,,17604.74844308047,,462.5183558376947,2394.5250993128116,-661.5062352626758,5560.890611602472,-7852.427195108415,186872.85973252184,179020.43253741344
DEHHALKAJ00010MGbt_1,28.51171875,"(1979, 1983)",,,,31367.865255551285,132.462732788723,103.19036638317017,-64.1513671875,,,,,1124.5876507085577,,23.70585711383137,135.73688126114993,117.81651978641642,291.74837570576494,-1349.6017841905998,33232.9622721114,31883.3604879208
DEHHALKAJ00010os,654.0126953125,"(1949, 1957)",-47477.57542248155,375.6747489838085,5243.6864049123305,25136.20398492293,1514.5492919344463,931.2298520549407,-2346.7168894638626,,,,,20121.433799898332,,745.3532831260421,3037.3901427228593,50388.40689938086,687.7319833850086,-24474.543516834572,100215.58234796156,75741.03883112699
DEHHALKAJ00010P7,576.5947265625,"(1949, 1957)",-41857.47434993713,331.2047009473622,4622.971313080162,24887.171323251838,1407.9360829317511,878.130142215431,-2107.4554153246,,,,,17739.81904498018,,671.2233234316049,2746.9967130795453,44437.932524247764,688.9797834625996,-21724.089847733158,91350.73352227612,69626.64367454295
DEHHALKAJ00010u5,53.537841796875,"(1949, 1957)",,,,8150.226355121013,202.42988941198186,229.1480131065224,-80.3067626953125,,,,,1647.4655690401494,,34.52373701385444,196.16181136981905,-17.022521196266986,199.47189245622005,-449.43537308532547,10562.09798362798,10112.662610542655
DEHHALKAJ00010u1,759.708984375,"(1949, 1957)",-55150.520568360495,436.3882903977129,6091.128966775581,28801.482275573067,1748.7361726970494,1073.4077651866512,-2720.3638255276983,,,,,23373.11344704591,,863.7579624025982,3518.1983321868765,58529.71047477972,786.8408622225676,-28408.561353082507,115974.88346656674,87566.32211348423
DEHHALKAJ00010rf,1804.3740234375,"(1949, 1957)",-130987.21844716926,1036.4596332551216,14466.953935130048,60720.556701813905,3948.552734711233,2388.384281439406,-6352.491614419131,,,,,55510.97804681627,,2011.7524087036134,8161.087620147551,138973.07669187372,1635.8154871291124,-67059.26939520898,266997.71235821565,199938.44296300667
DEHHALKAJ00010uw,1118.2529296875,"(1949, 1957)",-81178.75721859018,642.3413362947463,8965.831591164917,45011.345576289765,2643.8042767910965,1634.842446713244,-4041.219274837626,,,,,34403.569767135414,,1284.942257588702,5244.987766762392,86166.3760045352,1237.5301024952907,-41956.76008948228,173586.17892347346,131629.41883399116
DEHHALKAJ00010tJ,721.7001953125,"(1958, 1968)",-40057.24765901944,275.1831100942975,3135.3963797158144,33944.52082382931,1398.3816315370138,596.8459642695174,-3036.996762407969,,,,,22203.361582039113,,941.4689963464702,3707.021690600058,42839.94031711649,2060.302940167867,-25778.867485672665,104654.84718349786,78875.97969782518
DEHHALKAJ00010uN,808.54296875,"(1949, 1957)",-58695.58810751049,464.439267012458,6482.665861701656,30942.254516230747,1868.8587359006526,1148.4711093683782,-2899.3182876262,,,,,24875.531948418244,,920.7769823555064,3751.6884630968293,62293.49846143501,846.1931282546914,-30250.231175668276,123747.95505743385,93497.72388176557
DEHHALKAJ00010z0,542.968505859375,"(1949, 1957)",-51533.65519885573,463.64610086040034,7415.3686240961215,21325.723779831656,1337.7259995996574,1516.031940017591,-1882.2908203125,,,,,16705.990252985524,,632.9414814128224,2794.8738486410225,54980.83744567235,264.3288785804365,-22993.019363671294,97676.16280642855,74683.14344275725
DEHHALKAJ00010yl,647.953125,"(1949, 1957)",-47037.685327684405,372.19404047094014,5195.102506319836,25410.46737544941,1514.0342703301228,933.2294503820087,-2332.1408625179447,,,,,19935.0282800259,,741.0702866974428,3022.1116868499294,49924.187394405046,696.7354220378963,-24275.068161137737,99844.72330365982,75569.65514252208
DEHHALKAJ00010xG,1587.3701171875,"(1949, 1957)",-115233.9778758458,911.8093189825197,12727.078790241181,62344.60120715231,3711.6064191993346,2288.2051148387277,-5714.65188638489,,,,,48835.30570847728,,1815.9740185738829,7406.007815008295,122305.88202319827,1709.7117371707163,-59474.63600315762,244702.64215723393,185228.0061540763
DEHHALKAJ00010wi,1759.9853515625,"(1949, 1957)",-127764.85513227657,1010.9621111368433,14111.05828216901,65105.729912013085,4008.1117025490953,2452.823966608929,-6279.294079548139,,,,,54145.482701079854,,1992.666270794071,8109.4347952048265,135584.86023603883,1773.804928867563,-65725.8773657666,266893.6204336081,201167.7430678415
DEHHALKAJ000114D,1038.564453125,"(1949, 1957)",-75393.83028457867,596.5670743513831,8326.912218232417,38886.704336251336,2377.651944539312,1457.2128321675282,-3712.013447148439,,,,,31951.88806560597,,1178.2890303939564,4797.232549708373,80010.83823141042,1060.9052929303452,-38809.90747133564,158008.7088358588,119198.80136452315
DEHHALKAJ0001108,1780.3466796875,"(1969, 1978)",-16469.39369245864,113.14054865269082,1289.1069750725192,459299.7071178364,8810.185696885448,2228.7421854959157,-14135.47057222607,,,,,54771.76703033738,,4381.995877390082,18039.292061128144,26830.292786302998,10301.347122175011,-39433.2962291581,570527.8593053253,531094.5630761673
DEHHALKAJ00010zs,2251.7880859375,"(1949, 1957)",-163466.9165473303,1293.4610138494243,18054.191696282123,76329.6149726669,4942.371686585065,2992.192870985226,-7935.471618753447,,,,,69275.50979600102,,2513.4467944740145,10198.73741489094,173435.83212126256,2058.191013695376,-83717.0799919072,333810.4250518076,250093.3450599004
DEHHALKAJ00010rm,644.9228515625,"(1949, 1957)",-46817.704833864016,370.453405738397,5170.8066421244275,24126.580623572514,1475.900647334971,904.4509562722285,-2304.77039473189,,,,,19841.716878857544,,731.5792292319461,2978.4276004310586,49684.642787129356,658.1562282272452,-24098.857811880258,98096.68455632497,73997.82674444471
DEHHALKAJ000116jbt_0,1266.5126953125,"(1979, 1983)",,,,318454.7540310297,6643.400143061865,5989.069496747831,-2849.6535644531245,,,,,38975.14317414472,,1119.6175276758543,6160.557547852828,-3980.142567507328,13382.156937211785,-15716.348995882665,383894.90272576414,368178.5537298815
DEHHALKAJ000116jbt_1,1430.556640625,"(1979, 1983)",,,,365307.601449515,7608.746299272125,6958.877599510382,-3218.75244140625,,,,,44022.08203464426,,1273.8309017002243,7062.747663061951,-4763.279037028912,15218.39640360582,-17915.89231366705,439470.2508728746,421554.3585592075
DEHHALKAJ000116jbt_2,4.0,"(1979, 1983)",,,,3378.2809045198023,18.953131660123518,15.160777505095364,-9.0,,,,,148.90393797921598,,3.358173684246247,18.827498225740303,8.788351300142882,40.99141716982892,-147.48325531991037,3624.2641920441956,3476.7809367242853
DEHHALKAJ00010yDbt_0,1147.109375,"(1979, 1983)",,,,286774.67279406526,5957.445057086814,5314.070040881764,-2580.99609375,,,,,35302.18460514378,,1008.8336697090645,5520.220709421206,-3455.6603276652127,12061.949748045608,-14123.010873921849,345902.72020293825,331779.7093290164
DEHHALKAJ00010yDbt_1,4.0,"(1979, 1983)",,,,3943.5191444955785,18.713771524907685,14.717783665147255,-9.0,,,,,153.51354822970978,,3.337183661277094,18.912792850160624,13.16939561524656,40.923748452825095,-170.6450386960853,4197.807368494852,4027.162329798767
DEHHALKAJ00010yDbt_2,2102.55078125,"(1979, 1983)",,,,517818.32593828224,10918.949557593654,9739.253644084294,-4730.7392578125,,,,,64691.98187315388,,1849.0575810350915,10115.237435961555,-6359.690893307354,22106.61771336448,-25716.400399525257,626148.9935923554,600432.5931928301
DEHHALKAJ00010w4bt_0,783.0673828125,"(1979, 1983)",,,,194849.43049080594,4084.386428464784,3660.1395785290033,-1761.901611328125,,,,,24283.814961949403,,690.2152276178638,3785.534452136451,-2407.1077869206274,8251.060308263079,-9648.057953226595,235435.57204951777,225787.51409629118
DEHHALKAJ00010yw,1389.83984375,"(1949, 1957)",-100894.41149958273,798.3449528896286,11143.337653705728,49795.82081027563,3122.0488034963837,1903.0728887336732,-4935.828790659275,,,,,42758.39330129436,,1565.22045025664,6362.9013388966305,107061.35835865198,1351.7179619922435,-51815.934445638166,208984.70512293826,157168.7706773001
DEHHALKAJ00010rK,757.517578125,"(1979, 1983)",,,,195106.91646559123,3973.8810589050045,3582.838826903575,-1704.41455078125,,,,,23305.033650473866,,669.6908094052885,3686.313884257278,-2367.1781800839854,8005.154967360213,-9490.25689386639,234258.23693203123,224767.98003816482
DEHHALKAJ00010vN,653.1806640625,"(1958, 1968)",-36254.139594773034,249.0567243262932,2837.7161357357645,30515.84852324548,1261.770003726912,538.8508610280288,-2740.630616458864,,,,,20095.37966536356,,849.5954911022479,3345.1636702224278,38764.73059288252,1849.5167310344975,-23306.02877413577,94480.22492214682,71174.19614801105
DEHHALKAJ00010qW,689.431640625,"(1984, 1994)",,,,169794.0503779765,3673.1478706295866,3363.1512658154375,-1551.22119140625,,,,,21210.58806563909,,615.9354346687833,3428.196425018327,-2274.0305993915854,6326.034268842128,-8674.123511865644,204585.85191779202,195911.72840592638
DEHHALKAJ00010wLbt_0,194.54248046875,"(1979, 1983)",,,,54841.85978973755,910.6603811732375,1039.6272731784677,-291.813720703125,,,,,6419.91124208751,,134.85277011522106,865.4084210357286,-930.7429499355198,1599.3431816551392,-2373.2713463319824,64589.106388344204,62215.83504201222
DEHHALKAJ00010yS,538.2734375,"(1958, 1968)",-29876.328888719323,205.2427858194774,2338.506485375002,23191.18228601959,1003.2539643246764,431.42586327934424,-2182.2283749007715,,,,,16560.246178315578,,676.4907962192392,2662.5655873322494,31870.129885884344,1379.9578525976835,-18965.24160544829,75593.02403907193,56627.78243362364
DEHHALKAJ000113H,695.6376953125,"(1949, 1957)",-50499.31198986806,399.58477632506543,5577.423728620065,27631.92915244711,1634.8231894523533,1009.27279032108,-2508.7355461748884,,,,,21402.103982501238,,797.4251340048966,3253.4307961326804,53600.06878566295,758.6645685164572,-26080.442660662313,107578.98285286388,81498.54019220156
DEHHALKAJ00010zB,872.6298828125,"(1958, 1968)",-48434.449037866274,332.7323543394459,3791.1041082889383,41494.57476530038,1699.6750543768203,718.4109101716352,-3698.675556138369,,,,,26846.61147061294,,1146.5894224028943,4513.905544581527,51812.47919752785,2306.099035245894,-31134.105161611253,126839.66984408157,95705.56468247031
DEHHALKAJ00010z2,1937.244140625,"(1958, 1968)",-95577.59896055626,656.5938119662412,7481.134508136444,143206.89220180718,4489.017747593332,1716.3072782648446,-9787.323564096294,,,,,59598.7703258264,,3034.0703048698506,11964.970256836881,105148.28680360065,5777.740249581134,-67777.25280386634,325148.73160428397,257371.47880041762
DEHHALKAJ000113y,2227.1494140625,"(1949, 1957)",-199740.87906960747,1709.4079312984068,26037.534085755928,60897.41303619414,4792.015859099243,4605.810941291325,-7795.02294921875,,,,,68518.40695085879,,2545.8296133102062,10799.722185800487,212311.29907961364,695.7192318543192,-93082.31926164971,357371.1939488034,264288.87468715373
DEHHALKAJ00010ub,1699.013671875,"(1949, 1957)",-123338.66043950309,975.9390594042193,13622.204823889817,64938.495132125136,3924.917024735437,2411.6099935188613,-6091.268446704142,,,,,52269.77464961467,,1934.4335465187016,7881.463994891505,130898.62552090411,1775.6636496869664,-63561.27104823198,259943.71506529124,196382.44401705926
DEHHALKAJ000112abt_0,142.30029296875,"(1979, 1983)",,,,52585.42952790682,781.1751879223598,973.3978636307668,-213.450439453125,,,,,4839.1692690044265,,108.7296563459696,749.8528219479596,-945.798377541505,1284.1489186336885,-2094.459379311893,60162.65442839736,58068.19504908547
DEHHALKAJ000114z,1425.2294921875,"(1949, 1957)",-103463.49726031657,818.6733003187721,11427.081715122877,51932.74797833453,3224.707215057539,1969.7406625633212,-5073.790118009885,,,,,43847.0851902795,,1609.5699014043068,6546.96139885754,109791.9973433323,1412.4814604765152,-53182.08285870399,215261.5010322957,162079.41817359172
DEHHALKAJ000113Pbt_0,2650.8984375,"(1979, 1983)",,,,658207.6881336055,12442.06486566372,9827.844791316622,-5964.521484375,,,,,81562.0523837246,,2215.140369952356,11479.108190265983,-4141.457485001264,26594.005280220474,-33453.37595026313,792221.9250453729,758768.5490951098
DEHHALKAJ000113Pbt_1,4.0,"(1979, 1983)",,,,4537.556489653694,18.77411022566001,14.829455028967509,-9.0,,,,,157.37929805180983,,3.3424748962339015,19.303171656522725,16.868977487576032,41.15393726298743,-194.7955788933886,4800.207914263452,4605.412335370063
DEHHALKAJ000110n,1468.6025390625,"(1949, 1957)",-106612.13201782184,843.5874321303004,11774.834377828287,52303.522102760755,3290.6005642588475,2004.3355542325667,-5211.103166594547,,,,,45181.40179160802,,1652.296840247676,6715.5185331593675,113126.92599687958,1418.7933294457741,-54735.453635192796,220482.291545998,165746.83791080522
DEHHALKAJ00010ye,1470.9853515625,"(1949, 1957)",-106785.11055630777,844.9561555422906,11793.939085735732,50382.24697206975,3242.468464228842,1965.5482023004033,-5191.208681340045,,,,,45254.62313375215,,1644.6025282222986,6675.530304895343,113300.03154763079,1360.2753148433924,-54716.325361759154,218634.11778660293,163917.79242484376
DEHHALKAJ00010robt_0,231.98291015625,"(1979, 1983)",,,,83440.58902611939,1332.7862213948652,1696.5923942989766,-347.974365234375,,,,,7856.57856715843,,182.45390583944723,1280.0860784919955,-1708.2320217649033,2150.8488387263424,-3413.2761251547954,95883.72864503015,92470.45251987535
DEHHALKAJ00010robt_2,2.0,"(1979, 1983)",,,,3850.7829975726063,7.754868698566221,7.713401349053555,-3.0,,,,,91.28044862680011,,1.2454188243260356,9.185290395647772,16.53258667848442,15.840624090410984,-159.22121313047023,3997.335636235895,3838.114423105425
DEHHALKAJ000113V,768.6767578125,"(1949, 1957)",-55801.529551522806,441.53951461587087,6163.030004773145,31375.087526055708,1828.9131734760426,1132.885008960583,-2784.0398487170733,,,,,23649.14163306158,,885.5056269272508,3616.3821778408205,59232.23565434675,863.8456758545242,-28864.078658795494,119799.95662780618,90935.87796901069
DEHHALKAJ000111f,714.564453125,"(1949, 1957)",-51873.28619248907,410.4565912626804,5729.173049912754,27728.346096484707,1661.8345864630232,1022.9989848751525,-2567.7311492867757,,,,,21984.38425828163,,815.7318310032565,3325.326040087928,55054.99598235174,759.4368164294706,-26754.77169939982,109785.32344669015,83030.55174729033
DEHHALKAJ000116Vbt_0,599.603515625,"(1979, 1983)",,,,162278.41687488783,3096.4391907613217,2745.197303985631,-1349.10791015625,,,,,18912.345466610113,,525.7852296983766,2875.0379836278203,-1679.3988484325932,6291.312421986734,-7867.078115847586,193696.027712969,185828.94959712142
DEHHALKAJ000116Vbt_1,4.0,"(1979, 1983)",,,,2463.279579774896,19.90359086370971,16.919832211222644,-9.0,,,,,140.15811353094892,,3.4415215671195902,19.232272887632153,0.06337381144070342,41.644830433002085,-109.64383242674539,2695.6431150799713,2585.9992826532257
DEHHALKAJ000116Vbt_2,703.4443359375,"(1979, 1983)",,,,174663.61417444877,3635.5821623375477,3225.9733596323895,-1582.7497558593748,,,,,21913.458398785864,,617.0957954338046,3368.1072004685434,-2067.616240419257,7379.6139363028005,-8672.384768678668,211153.0790311311,202480.69426245245
DEHHALKAJ00010z8bt_0,1239.7236328125,"(1979, 1983)",,,,312638.00876150676,6518.180743640767,5890.707316759285,-2789.378173828125,,,,,38151.12648168347,,1097.2773174194306,6045.517885265079,-3934.34111425681,13114.14700243106,-15411.958066690268,376731.2462206208,361319.28815393057
DEHHALKAJ00017t6,344.34716796875,"(1949, 1957)",-24511.736911956323,220.53105297287055,3527.0846618125315,19326.13540307098,948.8385437679942,646.2462333398887,-1184.7577419820386,,,,,10595.042941129554,,383.4766848358049,1610.6559247279138,26471.453254376593,622.207649123943,-11380.532434252607,59419.29889239064,48038.76645813803
DEHHALKAJ00018HV,703.094970703125,"(1949, 1957)",-50709.96405758041,419.34047772181395,6158.700142369306,50689.35649150712,2102.897983659611,2102.3389749363087,-2413.9593994140623,,,,,21633.05364389363,,819.5566004036821,3662.176465709703,53634.56928445001,1030.0009134763638,-26446.545562966407,133259.99095862237,106813.44539565596
DEHHALKAJ00018M0,241.99755859375,"(1949, 1957)",-17226.163132330603,154.98305599071125,2478.7364512013514,17101.766886900205,730.2080321560492,647.8674288294845,-810.6918212890624,,,,,7445.934880516666,,272.0247877082083,1199.4939548531997,18499.531226272255,446.1114518217284,-8209.75996492615,45532.24682776874,37322.48686284259
DEHHALKAP0006abHbt_0,593.348388671875,"(1979, 1983)",,,,149124.53244995687,3154.694810626489,2687.2007786436116,-1424.0361328125,,,,,18539.022460889,,545.0146957958116,2913.714734554161,-1575.218617758326,6524.91295925989,-7547.377392689465,180489.83813915495,172942.46074646548
DEHHALKAP0006abHbt_1,868.353271484375,"(1979, 1983)",,,,280323.7375180199,4479.564500179846,3678.6176808516548,-2084.0478515625,,,,,27334.852077682408,,785.5806443804815,4166.523031736309,-1502.2089624258333,9434.435561944267,-13657.494327777425,326617.05420080654,312959.5598730291
DEHHALKAbr0000Mkbt_1,1208.04443359375,"(1979, 1983)",,,,324272.67211524205,5895.177359830276,4494.422284900904,-2899.306640625,,,,,37209.37729625262,,1063.361777814281,5434.9751573681,-1541.6873672579532,12780.762556229369,-16531.195835834948,386709.7545397547,370178.55870391976
DEHHALKAbr0000Mkbt_2,675.5908203125,"(1979, 1983)",,,,200073.66145700408,3299.9381889171937,2519.2120402887135,-1621.4179687499998,,,,,21276.025745791238,,594.9498028043811,3052.9344635785874,-749.0264248524169,7155.96961919024,-10005.544067524725,235602.24692397207,225596.70285644734
DEHHALKA10000t7Ibt_0,584.130859375,"(1979, 1983)",,,,178376.02347634904,2857.394531703037,2185.929789473904,-1401.9140625,,,,,18520.858686602514,,514.7746684737479,2646.692600819243,-624.6491504127812,6192.821830133186,-8867.822461329535,209267.93237064188,200400.10990931233
DEHHALKA10000t7Ibt_1,2172.493896484375,"(1979, 1983)",,,,414763.5084887822,10615.060839694477,8107.4330998353435,-5213.9853515625,,,,,66838.30772259491,,1913.4809994262523,9692.803366169015,-3909.8164810293197,22948.60906533536,-22864.187752517137,525755.4017492458,502891.2139967287
DEHHALKA1000143I,389.1025390625,"(2002, 2009)",-7198.915779347436,49.45472166063029,563.4799141613697,105018.4182383624,2394.6119286034223,2715.5477893602533,-933.8460937500001,,,,,11971.135507715959,,400.38001118906686,2414.354167813682,5000.87808579194,5833.932203799113,-9954.537841748095,134815.4118388858,124860.8739971377
DEHHALKA2Rp000FHbt_0,1538.765869140625,"(1979, 1983)",,,,420322.0844081314,7361.134659501423,5451.040457809254,-3693.0380859375,,,,,47354.95240119701,,1341.5007046357782,6784.30449274084,-1487.1823001248013,16138.88645303773,-21443.836888109014,499573.6831909911,478129.84630288207
DEHHALKA4Eq0000Ubt_0,3080.425537109375,"(1979, 1983)",,,,686193.9753802232,14659.763639552075,9602.429134808535,-7921.094238281249,,,,,94769.9367585809,,2778.349139942342,13342.492155557124,-1319.8266876073621,33462.93168694153,-37918.699966257554,845568.956969717,807650.2570034595
DEHHALKA4Eq0000Ubt_1,732.0810546875,"(1979, 1983)",,,,202365.9323684405,3478.4500164264946,2271.842036674785,-1882.494140625,,,,,22842.489419170593,,659.8060677649478,3187.5611667203148,-41.37464769975827,7958.688895632441,-10614.687452677665,240840.90118250533,230226.21372982766
DEHHALKA70001vybbt_0,880.7734375,"(1979, 1983)",,,,206438.2792841516,4489.916214012745,3924.177992273763,-1981.7402343749998,,,,,27127.779260746065,,767.2076135724617,4150.383596584602,-2488.505404932799,9176.33285418467,-10397.68707607772,251603.83117621808,241206.14410014037
DEHHALKA70001vybbt_1,4.0,"(1979, 1983)",,,,5632.244472002146,19.75349211225145,16.642038157421855,-9.0,,,,,166.5057193102362,,3.428359073549351,20.85969549697744,21.168276049725563,42.41684205344268,-238.7674018215548,5914.01889425575,5675.251492434195
DEHHALKA70001xCY,750.6943359375,"(1979, 1983)",,,,179038.64734699338,3889.141037391016,3459.980824393635,-1689.062255859375,,,,,23094.98316559062,,659.3664895144257,3599.250964473812,-2281.6287813995696,7882.21086647007,-8949.604943071716,217652.88965756798,208703.28471449626
DEHHALKA70001xUI,657.490234375,"(1979, 1983)",,,,180240.98118455938,3500.7843409518987,3205.309491606988,-1479.35302734375,,,,,20227.887825510126,,585.7890259637396,3256.609072166144,-2119.647636192404,7001.657592617999,-8734.523542696475,214420.0178698401,205685.49432714365
DEHHALKA7000Cli9,958.3779296875,"(2010, 2015)",-9923.280335266118,62.66224135452079,921.6427206630096,267785.8605966062,5225.194350578049,4337.093257256623,-2683.458203125,,,,,29484.17566089168,,971.6179838606564,5054.1574477266995,9062.482114830025,25607.77825443008,-26652.638409412077,344844.9014630551,318192.26305364305
DEHHALKAJ00010AMbt_0,304.939453125,"(1979, 1983)",,,,75989.40759275021,1571.596084364117,1390.281173014769,-686.11376953125,,,,,9703.262485753665,,267.1211027638328,1455.9578409031437,-881.7249124527668,3194.8432454350286,-3773.2809101687144,92004.63084300073,88231.34993283202
DEHHALKAJ00010AMbt_1,916.00390625,"(1979, 1983)",,,,223283.81435985843,4729.348767341122,4191.888264145488,-2061.0087890625,,,,,28248.14040320549,,803.1428630078872,4378.89736608812,-2705.594956031727,9603.673195233854,-11126.562899511508,270472.3014737861,259345.7385742746
DEHHALKAJ000107G,943.96875,"(1969, 1978)",-8732.340254009923,59.988958052114484,683.50547326495,310721.91032371955,4561.334169445312,1152.7216449093137,-7253.809863281251,,,,,29041.64830313277,,2248.6810576171874,9260.057595413098,15187.54438126883,5258.023901859081,-20792.246582677548,370178.1115140839,349385.8649314064
DEHHALKAJ000109Xbt_2,310.957763671875,"(1979, 1983)",,,,93620.57735234719,1694.6672122809562,1760.121770775424,-621.91552734375,,,,,10139.659281452157,,265.81474458541896,1594.023067223545,-1421.362873347945,3164.019137982852,-4261.903836752599,110195.60416595584,105933.70032920325
DEHHALKAJ00010Cq,1121.9658203125,"(1949, 1957)",-81448.29181011616,644.4740766276916,8995.60048438791,45840.10283336815,2670.6885025204224,1654.5057083494148,-4064.2367394526973,,,,,34517.846748872376,,1292.7217856634004,5279.63262530069,86456.00703086812,1262.2335786081105,-42132.61641815449,174909.50207409798,132776.88565594348
DEHHALKAJ00010EB,596.498291015625,"(1969, 1978)",-7357.3424799410195,50.543072826502375,575.8804292371876,176539.40696115966,2693.8926577551274,697.9402712306616,-4259.826267700196,,,,,18351.715256709,,1320.5461429870606,5420.768199617329,11131.03602357071,3375.3114627562563,-13325.827902298806,215270.79070808558,201944.96280578678
DEHHALKAJ00010DH,1074.5458984375,"(1949, 1957)",-78005.87710855943,617.235358824652,8615.401137433139,38105.93083532913,2403.306899993865,1463.1050717604437,-3810.5456616744586,,,,,33058.73588145335,,1208.105788147762,4909.458856148702,82771.76525725647,1033.1457067285194,-40039.996650232104,161143.00863514378,121103.01198491167
DEHHALKAJ00010Bibt_0,534.6513671875,"(1979, 1983)",,,,160055.8835759199,2935.7150571482007,2771.1445436208633,-1202.965576171875,,,,,17056.383456898748,,484.1491283068576,2741.5198136671174,-1893.7508540516073,5783.402776782443,-7597.310712943943,188731.4819221206,181134.17120917668
DEHHALKAJ00010Bibt_1,982.666015625,"(1979, 1983)",,,,276689.54011708486,5391.674210993184,5085.761461310606,-2210.99853515625,,,,,30503.34619247988,,889.4905792285393,5025.117707939695,-3582.959381995487,10620.677886558728,-13254.01672711146,328411.6502384438,315157.63351133233
DEHHALKAJ000107r,2700.552490234375,"(1949, 1957)",-197677.7755507637,1474.8310406894468,19076.96782990735,103962.17160643626,6030.488143516395,4797.3027083526895,-9529.092358398437,,,,,83081.59022183056,,3078.21362251207,12838.329717228436,207305.93348791706,1739.851746074166,-107427.19818182127,413304.78889546916,305877.5907136479
DEHHALKAJ00010Adbt_1,839.4833984375,"(1979, 1983)",,,,254892.86064772116,4790.779636709438,4686.587617150349,-1888.837646484375,,,,,26415.69096061635,,776.0826638892505,4481.382820998226,-3475.889999101997,9256.961654872843,-11963.527721387323,299935.61835637124,287972.0906349839
DEHHALKAJ00010Adbt_4,551.091796875,"(1979, 1983)",,,,227208.99992667546,3069.4766294959363,2936.8434195942928,-1239.95654296875,,,,,18083.8663562139,,502.8502604856475,2902.555532182139,-1672.2232907467605,6021.261858560102,-10338.13808710631,257813.67414949194,247475.53606238562
DEHHALKAJ00010Dfbt_0,271.61328125,"(1979, 1983)",,,,78570.65607896159,1516.2204981610148,1453.7310793917422,-611.1298828125,,,,,8803.67759652912,,248.13370283198162,1415.1450269097386,-1051.9326603212078,2961.26538950371,-3732.7548982381136,93305.76682915518,89573.01193091707
DEHHALKAJ00010Dfbt_1,2431.568359375,"(1979, 1983)",,,,661164.3222675615,13559.136944845855,12987.33308926383,-5471.02880859375,,,,,74817.01019947382,,2220.095749262149,12631.184472188774,-9650.443054696836,26483.912928841546,-31706.442902653864,788741.5237881469,757035.0808854931
DEHHALKAJ00010Dfbt_2,287.0009765625,"(1979, 1983)",,,,81968.56217250768,1602.7986815880554,1537.3473954185683,-645.752197265625,,,,,9280.478119231944,,262.25082467247626,1495.383612553187,-1120.370091985435,3129.381745053517,-3900.9197845065664,97510.08026177438,93609.16047726781
DEHHALKAJ00010Bo,1804.3603515625,"(1949, 1957)",-130986.2259473583,1036.4517799240693,14466.84431795353,63284.68572345699,4016.8787533343148,2442.10814130284,-6388.684692842231,,,,,55511.91532014622,,2025.0004847844627,8226.074661559775,138985.37405065377,1713.55365438141,-67196.74450705432,269816.9060967776,202620.16158972326
DEHHALKAJ00010AY,659.5224609375,"(1949, 1957)",-47877.552846308376,378.8396413979266,5287.862127049133,35108.74461220372,1697.2110513851765,1499.4077382773826,-2291.8405517578126,,,,,20291.367236122896,,755.6126297634834,3246.1555007185943,50501.262867549085,699.1227755080989,-25272.5106074863,111507.04385977062,86234.53325228432
DEHHALKAJ000107X,722.7646484375,"(1958, 1968)",-40116.329065296566,275.58898433874083,3140.0208518943996,32612.119012158666,1374.618395457961,588.8006830856714,-2987.57764985777,,,,,22236.05001805347,,926.1490714559088,3645.9792326808447,42850.0357997087,1961.446072061922,-25646.723684100274,103207.62063480538,77560.89695070511
DEHHALKAJ00010ET,2587.2734375,"(1949, 1957)",-187821.2313734907,1486.168855974363,20744.017122675326,114701.38033381873,6182.450223753256,4854.873024618591,-8990.7751953125,,,,,79596.61437321662,,2916.3172997723286,12248.987970554177,198548.89395607082,2488.90234400356,-97801.80037073973,412547.64433049556,314745.84395975585
DEHHALKAJ000109lbt_0,287.72607421875,"(1979, 1983)",,,,88115.98467597176,1253.9818453391918,1047.3481610414406,-575.4521484375,,,,,9337.920209156913,,218.41362005757338,1172.9239642289363,-394.44723645997715,2624.6525773891462,-4196.841242805065,102801.32566828749,98604.48442548243
DEHHALKAJ00010C0,580.3701171875,"(1949, 1957)",-42131.54608345618,333.3733422222613,4653.241313395808,27760.845752746714,1489.405746743836,940.6840890118538,-2159.5607205132774,,,,,17856.11642172152,,689.637382416955,2833.7386985113417,44743.011493227925,775.6718424904616,-22012.179004301877,94929.55070635735,72917.37170205548
DEHHALKAJ000108Kbt_0,1100.91796875,"(1979, 1983)",,,,310693.90562555427,5314.044024217974,4353.294455131525,-2477.0654296875,,,,,34106.62541086582,,932.8257277111738,4929.756892087595,-1902.3626460797664,11197.163507893387,-15323.483846293477,367148.1875676945,351824.70372140105
DEHHALKAJ000108Kbt_2,2633.3828125,"(1979, 1983)",,,,660839.3086450028,12321.444253656942,9691.819994565016,-5925.111328125,,,,,81023.44132974347,,2197.135679702649,11370.12787329068,-3957.148370828145,26383.200808792357,-33540.13375628056,793944.2188858007,760404.0851295202
DEHHALKAJ00010Bs,570.626953125,"(1969, 1978)",-5278.679736798989,36.263188113400496,413.1774972989726,161973.30231309557,2960.299653472016,751.4100204176393,-4828.462169301428,,,,,17555.635143073196,,1496.823272483443,6163.273996265387,8872.894686612954,3625.360362923261,-13387.607339628066,198570.53727904204,185182.92993941397
DEHHALKAJ00010B5bt_0,746.830078125,"(1979, 1983)",,,,209874.47859372577,4187.819346290663,4031.997994019993,-1680.36767578125,,,,,23432.72738536649,,683.919682909202,3905.781651537166,-2987.1593575490233,8158.704257764595,-10001.092625817708,249607.90187828362,239606.8092524659
DEHHALKAJ00010B5bt_3,1702.4951171875,"(1979, 1983)",,,,453857.5574311548,9038.346654336927,8250.677953151475,-3830.614013671875,,,,,52389.26283061306,,1514.5065848992958,8399.842751477889,-5495.479618111309,18100.634739204288,-22109.870063219365,542224.7353130544,520114.8652498351
DEHHALKAJ00010DP,1558.0380859375,"(1949, 1957)",-113104.6404242218,894.9605581618084,12491.902967819882,53279.28638605198,3432.1030900021588,2080.09678664137,-5497.2286060725,,,,,47933.92729280774,,1741.4925040295475,7068.4421745030995,120004.67337551413,1438.212159785416,-57949.88039347694,231481.00516326295,173531.12476978602
DEHHALKAJ00010Cgbt_2,284.637451171875,"(1979, 1983)",,,,99788.42942710994,1327.9554594813742,1197.92418686862,-569.27490234375,,,,,9360.678779974645,,223.7363730274064,1251.6967533289726,-561.5222528915085,2684.595534807263,-4611.933015384695,114704.21935936296,110092.28634397827
DEHHALKAJ00010Cgbt_3,3.0,"(1979, 1983)",,,,2908.8556528774293,14.16433397044013,12.936808156065453,-6.0,,,,,113.78010901756164,,2.372856227879627,14.393114619533463,5.707257624316983,28.994638958114535,-124.12191334382207,3095.204771451342,2971.0828581075198
DEHHALKAJ00010Cgbt_4,21.325927734375,"(1979, 1983)",,,,17216.807345775076,99.49457475386086,89.75222527900573,-42.65185546875,,,,,788.6945482355509,,16.763028558221915,99.22804288828021,21.46026241229567,203.95688850775304,-742.1403966296249,18493.505060941297,17751.364664311674
DEHHALKAJ00010E0,608.939453125,"(1949, 1957)",-44205.51622419596,349.78399936069206,4882.302063327063,23316.653965577243,1407.845032763164,865.2237715237516,-2183.7534267215315,,,,,18734.743298834794,,693.5339888204962,2825.847211107015,46915.28503610879,637.6908329879323,-22783.11474581068,93213.06971100166,70429.95496519099
DEHHALKAJ00010C8,2470.76171875,"(1949, 1957)",-221589.13746808455,1896.3881146508518,28885.59791432506,77431.9464640858,5520.103236822675,5550.02975288136,-8647.666015625,,,,,76012.31896894408,,2844.8427055548623,12189.192332823852,235348.05124717468,880.6013651091221,-103838.88827556744,407129.42005777144,303290.531782204
DEHHALKAJ00010At,606.01171875,"(1949, 1957)",-43992.97947895796,348.1022646110419,4858.82832795554,26009.787429237535,1453.790461539762,1006.7907085723273,-2160.9495917641643,,,,,18644.869677007395,,693.3446121866855,2867.6770508210125,46615.75273819042,648.7279154037325,-22840.785188742804,95779.79100119472,72939.00581245191
DEHHALKAJ00010Cv,1684.3408203125,"(1860, 1918)",-236892.87801607462,1986.583409669793,29622.669265364737,120109.31637334783,6432.9940403408755,11123.829390857007,-4547.72021484375,,,,,51820.2222534349,,1850.6022187920885,10826.374690565664,239921.26854652882,5851.849481737507,-108319.16572696387,443388.736780761,335069.57105379715
DEHHALKAJ00010CW,1060.134765625,"(1979, 1983)",,,,273051.5350659868,5668.044369535228,5211.5232016499085,-2385.30322265625,,,,,32614.728391925983,,946.5753881178307,5263.675773692712,-3600.1544773566,11306.961130900836,-13353.827054134696,328077.58562179643,314723.75856766175
DEHHALKAJ00010DT,1031.4501953125,"(1958, 1968)",-57249.611666914236,393.29028105716543,4481.09232787396,70998.11208137614,2412.7210758080496,932.4115688357178,-5286.421132003999,,,,,31732.774580844343,,1638.7905509212396,6455.983698323739,62415.704885623374,2364.442144406391,-38775.681740569096,173664.51945413498,134888.83771356588
DEHHALKAJ0001078,478.849609375,"(1958, 1968)",-26578.06873095475,182.5845768521571,2080.3421440292113,25785.606214583884,988.7914106592953,417.0775990493498,-2142.2822713996047,,,,,14732.211663354028,,664.1075041338776,2616.6151464904615,28549.711755350287,1607.5423098082604,-17506.013043463696,73219.38133202984,55713.36828856614
DEHHALKAJ000107v,685.254638671875,"(1969, 1978)",-16904.165992137456,116.12732384570705,1323.1378577237074,212722.8124216286,3302.404509109131,877.507143600508,-5034.527760620117,,,,,21082.528703901004,,1560.703605792236,6427.045641665432,21648.097842653726,3612.9518384688567,-19333.20399392784,266199.52394619933,246866.3199522715
DEHHALKAJ000109H,1071.4990234375,"(1949, 1957)",-77784.69143639714,615.4851879044024,8590.97216666624,39244.03624391691,2421.2710663719463,1524.1499239535551,-3795.233352586819,,,,,32965.06760427997,,1206.3831684023091,4921.246821281161,82471.99397834623,1037.6946008600669,-39989.88739115491,161996.61005482532,122006.7226636704
DEHHALKAJ000108E,598.4482421875,"(1969, 1978)",-5536.045208271339,38.031223488010156,433.3222355093265,167122.23443725758,3081.1346284074125,781.5073176018734,-5012.813976972962,,,,,18411.52818183502,,1553.9723328616183,6398.759653722012,9255.092233135596,3740.5546087347066,-13907.807266179214,205331.96941658287,191424.16215040366
DEHHALKAJ000108obt_0,823.3544921875,"(1979, 1983)",,,,212853.6656626056,4397.779991763757,4039.5548487072533,-1852.547607421875,,,,,25569.973510414296,,734.7804643426555,4084.3216610295517,-2778.4185008269856,8777.623475160426,-10405.98930075996,255826.7335057747,245420.74420501472
DEHHALKAJ000108obt_1,1615.3154296875,"(1979, 1983)",,,,539904.036824884,8723.128615075926,8101.370972067285,-3634.459716796875,,,,,49871.00197260919,,1449.8973624172359,8173.15658278018,-4929.401213326943,17347.97738739806,-25337.004034295605,625006.708787108,599669.7047528124
DEHHALKAJ000108obt_2,460.986328125,"(1979, 1983)",,,,130441.94928651606,2497.6657060745047,2327.2171150944378,-1037.21923828125,,,,,14658.239443525797,,414.4992095740695,2327.1990453973904,-1584.7944538851082,4951.946344487854,-6263.261194969402,154996.70245850377,148733.44126353436
DEHHALKAJ00010Dn,1353.4423828125,"(1958, 1968)",-75121.46605012106,516.0653781928244,5879.973948720863,59238.74168549263,2539.9039494635513,1090.7650793157961,-5523.147761002449,,,,,41638.211449256385,,1712.1758059107594,6739.366517181099,80170.28764814854,3538.0741673047146,-47800.514875191904,191144.378541071,143343.8636658791
DEHHALKAJ000107Tbt_0,558.22998046875,"(1979, 1983)",,,,180613.92307522442,2795.8895820323924,2209.6618336824195,-1339.751953125,,,,,17802.342778176302,,497.66615090659343,2597.8730227896676,-719.8688967456229,5984.144027564618,-8847.787005350707,210441.8796205058,201594.0926151551
DEHHALKAJ000107Tbt_1,1430.43212890625,"(1979, 1983)",,,,318415.86682085576,7259.603912773386,5838.503219050661,-3433.037109375,,,,,44011.81880235757,,1283.597712255184,6668.039431357653,-3062.870134795478,15384.301969895423,-16734.03707713842,392365.82462437515,375631.7875472367
DEHHALKAJ00010BU,1223.6181640625,"(1949, 1957)",-88827.66969047458,702.864714906739,9810.619851396765,43819.05388823929,2748.0911480158534,1675.0233524954156,-4345.213908516839,,,,,37644.73407981203,,1377.9134911103606,5601.372568587152,94256.95287022943,1189.4098159146067,-45617.720688122645,183967.33730588728,138349.61661776464
DEHHALKAJ00010Dl,750.333984375,"(1949, 1957)",-54469.94926939956,431.00314910463703,6015.962902877443,33455.06088296688,1860.6648988527072,1165.1270952608093,-2757.5779351617603,,,,,23084.9954007365,,879.0040632119213,3601.832308827263,57833.51423180188,928.9886162271056,-28327.492822909328,120051.6095627233,91724.11673981397
DEHHALKAJ000108Y,2588.2119140625,"(1949, 1957)",-187889.35939623043,1486.7079310558888,20751.541558863464,99899.11849828421,5983.669123208378,3778.398900588507,-9242.647106834662,,,,,79625.47878898703,,2940.8722729685487,12015.785985708913,199325.18521408678,2665.7872684968906,-96894.98175278044,396991.6489454946,300096.6671927142
DEHHALKAJ00010Cs,598.256103515625,"(1949, 1957)",-43148.57419071937,356.81239477129157,5240.37306967272,39662.21142688599,1717.6895355938727,1634.1244289519416,-2054.0126220703123,,,,,18407.1407774463,,690.1348299740216,3042.972902780025,45702.61199670585,838.1983467207526,-22301.09108484708,109641.07162298844,87339.98053814136
DEHHALKAJ000109s,1131.0458984375,"(1949, 1957)",-82107.45347029729,649.6898103509228,9068.401949192586,38975.50886513749,2499.4470538141422,1516.2712940344713,-3994.8798524164763,,,,,34796.85644392924,,1265.7634576101289,5138.835718781054,87118.0302396725,1053.0880607109532,-42084.29839521025,168368.9212812735,126284.62288606325
DEHHALKAJ00010By,599.380859375,"(1949, 1957)",-43511.61707063039,344.2933990506267,4805.663997344252,21415.9275646456,1344.8398119295969,819.4815563274663,-2127.7870349182867,,,,,18440.61935159387,,674.7103619425081,2742.5624811013613,46170.86108963355,581.1528052200684,-22342.912493795935,90062.36798747574,67719.4554936798
DEHHALKAJ00010Hy,580.6455078125,"(1949, 1957)",-42151.53786536316,333.5315307477455,4655.449316522816,23412.713838405187,1373.867323745403,849.7376250801038,-2098.954148532518,,,,,17864.391099000753,,667.4092044358666,2724.4621109627333,44741.53898722607,643.818377839912,-21787.971613975424,90178.98441816351,68391.0128041881
DEHHALKAJ00010pb,902.23828125,"(1969, 1978)",-8346.305597582654,57.33699808062303,653.2894266081756,234666.96378928632,4469.655632832495,1131.8459534847022,-7172.781121721751,,,,,27757.210875734032,,2223.5621477337427,9151.192623441018,13628.958322860728,5270.950407588542,-20034.842831751375,291127.5586312398,271092.7157994884
DEHHALKAJ00010Nn,809.625,"(1949, 1957)",-58774.13737826557,465.0608020700339,6491.3412782432315,30353.817200308098,1854.571977185944,1136.809387833216,-2894.297698951698,,,,,24908.716289802687,,918.7518290929492,3740.733589257378,62373.583869515365,828.2305327238846,-30256.82574939434,123220.91697676782,92964.09122737349
DEHHALKAJ00010fSbt_0,1030.7373046875,"(1979, 1983)",,,,252293.37491427525,5274.432378014019,4629.423189043526,-2319.158935546875,,,,,31730.160281962,,899.5931875191487,4881.2146591757055,-2913.8597115989182,10760.692261126176,-12508.290344756279,305235.87222397013,292727.58187921386
DEHHALKAJ00010fSbt_1,207.1416015625,"(1979, 1983)",,,,58591.35251344921,1059.9736374596155,930.3496917478759,-466.06860351562494,,,,,6725.7662081785675,,180.78629032828744,985.5928417062669,-531.4438288324164,2164.900841575418,-2851.709353832811,69641.20959209719,66789.50023826439
DEHHALKAJ00010hJbt_1,846.0361328125,"(1979, 1983)",,,,212429.26914485692,4419.468718362743,3966.7599179945864,-1903.581298828125,,,,,26205.325378322912,,746.3001576938605,4097.416412322893,-2607.4769439502466,8921.524612436318,-10497.63799908747,256275.00609921187,245777.3681001244
DEHHALKAJ00010Mlbt_0,379.3408203125,"(1979, 1983)",,,,100365.03776716026,1981.1030799681016,1777.71778318696,-853.516845703125,,,,,12093.59171843863,,334.58030613362865,1839.5816923346115,-1134.3767972533337,4001.2058793338056,-4915.519888786444,120404.92458359955,115489.40469481311
DEHHALKAJ00010Mlbt_1,2192.3134765625,"(1979, 1983)",,,,554921.6130818687,11640.374656638089,10627.483896047634,-4932.705322265625,,,,,67454.12272910547,,1950.383284786923,10801.605968724052,-7273.821387372327,23301.342872103298,-27268.29939517056,668490.3997796362,641222.1003844657
DEHHALKAJ00010iu,602.981689453125,"(1969, 1978)",-7437.310157061073,51.09243044298749,582.1397301125448,175067.78882406792,2701.8423640405276,700.4069379584344,-4258.725676676432,,,,,18550.794882362705,,1320.2049597696944,5417.19890236691,11194.188267043506,3385.7039446354192,-13357.44930159347,214079.4034055687,200721.95410397524
DEHHALKAJ00010HQ,661.7978515625,"(1969, 1978)",-6122.071328332112,42.05707398297063,479.19219120119567,177050.24396611584,3323.765438497024,842.5229057260386,-5359.96917500828,,,,,20360.360563738195,,1661.5904442525668,6838.788811560711,10087.999362384182,3974.3336224036457,-14944.319802762126,218779.63593966994,203835.31613690782
DEHHALKAJ00010LW,648.451171875,"(1949, 1957)",-47073.8406779417,372.4801261021348,5199.095703464424,25309.349598242192,1511.9822663686614,931.4185181433771,-2332.228509866084,,,,,19950.35132551325,,741.0159434347743,3021.374439692875,49961.93338478758,693.6132401347354,-24287.235774359346,99788.81020645138,75501.57443209203
DEHHALKAJ00010ZK,694.1630859375,"(1969, 1978)",-6421.471323261263,44.113875849842515,502.627092874387,192310.2856654322,3453.078782564735,874.4386371691958,-5549.920999705559,,,,,21356.147473700752,,1720.475509908723,7082.274345283186,10666.562434234458,4083.4942442255083,-15549.9766645662,235996.83609281317,220446.85942824697
DEHHALKAJ00010kz,1332.9111328125,"(1949, 1957)",-96761.71317948615,765.6442433396434,10686.899560482603,51825.25608406089,3102.624622211221,1910.3914644182973,-4791.15624060312,,,,,41007.312334096416,,1522.1522749309142,6205.482665075078,102697.24038170345,1419.7136155127646,-49912.4522763072,204899.0172014059,154986.56492509868
DEHHALKAJ00010Qw,715.884765625,"(1958, 1968)",-39734.468049496216,272.965696217545,3110.1314881346448,31703.516508703055,1350.3592084513325,579.3340161305114,-2935.81831806233,,,,,22024.409407795236,,910.1036785993224,3582.495838133923,42419.181734848375,1898.6866549824829,-25328.968429208373,101532.26872958189,76203.30030037352
DEHHALKAJ00010MKbt_0,334.86328125,"(1979, 1983)",,,,105412.71585958227,1854.2263199711074,1949.620923220542,-669.7265625,,,,,10948.02905982162,,288.81725978133966,1747.3672670360693,-1585.5869135888593,3436.873315185957,-4758.674722998456,123382.33652851004,118623.66180551158
DEHHALKAJ00010OW,1385.126953125,"(1969, 1978)",-12813.347740258938,88.0244422157712,1002.9377070244552,356581.32933008095,6867.218804814785,1735.826071734235,-11027.573741096141,,,,,42612.969166211136,,3418.547859739804,14077.17949783691,20865.28817165658,7984.385198379304,-30711.94145504846,443115.1703593576,412403.22890430916
DEHHALKAJ00010f9bt_1,396.541015625,"(1979, 1983)",,,,113213.53518389471,1786.6769239515186,1332.242884690394,-892.21728515625,,,,,12653.17004496133,,324.82409158922025,1653.5461745912814,-307.1854222392744,3910.427663391289,-5650.648695274391,133675.0202596742,128024.37156439981
DEHHALKAJ00010NS,425.843994140625,"(1958, 1968)",-21009.817832564455,144.3321084587279,1644.4990762084697,27234.23172278372,909.6143006344957,373.9285082295213,-1960.5575130925845,,,,,13101.72620168313,,607.7728290587013,2398.012055227865,22831.48056235916,1775.6998337705104,-14681.667671868672,67271.90850065452,52590.24082878585
DEHHALKAJ00010LF,579.9189453125,"(1984, 1994)",,,,146311.39567767753,3108.6287993764154,2863.9880790886286,-1304.8176269531248,,,,,17841.367944731217,,519.7582770383937,2906.7436511654973,-1911.4118148196212,5341.747198390647,-7636.667293343767,175677.40018569562,168040.73289235184
DEHHALKAJ00010KN,390.866455078125,"(1949, 1957)",-28190.820179674898,233.12089095727666,3423.7612169657564,24368.363855973254,1090.3373947620944,998.7410679862674,-1341.9748291015624,,,,,12026.108013279576,,447.6809478094916,1955.5384307647223,29888.65986882222,530.6123532924788,-14480.313835417546,69964.06710358855,55483.753268171
DEHHALKAJ00010n9,364.85595703125,"(1969, 1978)",-4500.214455191515,30.9153294907439,352.2447730523294,106073.70307805167,1873.4289465505274,484.3378340251735,-3102.8878901793505,,,,,11225.204420681825,,961.8952459555987,3960.199881393036,6861.539667402667,2450.5259854327287,-9172.262261204085,130787.94716931389,121615.6849081098
DEHHALKAJ00010Zr,287.15478515625,"(1949, 1957)",-20710.72819604076,171.26509192222773,2515.307732119387,21460.194234751103,874.5089289834633,892.4343147386519,-985.8980957031251,,,,,8835.423352165153,,336.2963546354745,1511.667809586204,21890.86639352763,429.0183311340902,-10845.308233928348,55244.51162381864,44399.20338989029
DEHHALKAJ00010Ir,1416.34765625,"(1949, 1957)",-102818.72684739473,813.5714398958007,11355.869699377712,48030.77537831998,3109.2352100166045,1882.4801173560995,-4991.604101023889,,,,,43573.72812583376,,1581.0331599540177,6415.399850401545,109089.16100136879,1295.194812572286,-52658.133331044555,209985.4035547992,157327.27022375466
DEHHALKAJ00010IZbt_1,169.8310546875,"(1979, 1983)",,,,54497.80908908905,898.348391881989,1098.868798413747,-254.74658203125,,,,,5679.310539276347,,126.787466890198,858.8506028199445,-1069.1382831095184,1497.9594538647784,-2278.033436402263,63334.0494770953,61056.01604069304
DEHHALKAJ00010k6,488.178955078125,"(1949, 1957)",-35209.37895619177,291.16009183151306,4276.16172127454,32789.163374650496,1410.4113035179355,1352.3940471428114,-1676.0810791015626,,,,,15019.930981279205,,564.0358637063804,2492.029349806334,37285.46076421258,688.651490432493,-18222.493089428346,89925.99609564667,71703.50300621832
DEHHALKAJ00010Ji,624.638671875,"(1949, 1957)",-45345.189578580954,358.801867217722,5008.173901163153,26871.053841797577,1522.8567095556211,949.4171815980974,-2281.787091699617,,,,,19217.87999559651,,726.6876124222185,2973.608490595644,48140.193304569286,743.6654084446818,-23529.3872481408,98863.57545288002,75334.18820473921
DEHHALKAJ00010JR,660.173828125,"(1958, 1968)",-36642.288173076275,251.72320640377848,2868.0976451585616,31956.22388996978,1296.0831521200644,551.8100815594597,-2813.391225960157,,,,,20310.57151726732,,872.1512800476487,3434.556013614698,39222.52579204489,1951.401497130896,-23692.629631048214,96781.9319977946,73089.30236674639
DEHHALKAJ00010fI,2724.6953125,"(1949, 1957)",-199445.00630011753,1488.0159662985402,19247.515095827934,105675.0097821389,6100.581002026229,4875.13636135225,-9614.282031249999,,,,,83824.33639997288,,3107.3627052488036,12969.62095512444,209144.44166515573,1764.0374579283257,-108433.21264679712,417846.2442976976,309413.0316509005
DEHHALKAJ00010m0,777.3193359375,"(1984, 1994)",,,,182440.85269834386,4012.0258355864107,3552.4514214735445,-1748.968505859375,,,,,23914.085561817454,,683.1092611232176,3736.127021913894,-2239.404058114147,7005.185798117877,-9542.626516714052,221355.46503440276,211812.8385176887
DEHHALKAJ00010n5,589.107421875,"(1949, 1957)",-42765.82435551904,338.39218171696444,4723.294518989208,16670.769796259057,1205.0966754694248,713.691067949067,-2029.44812942154,,,,,18124.332118059552,,640.5035603080185,2584.507841311788,45356.69789834631,438.4614813009885,-21724.397823232484,83704.61230958266,61980.214486350174
DEHHALKAJ00010L9,630.291015625,"(1969, 1978)",-5830.612091219106,40.05482310399869,456.3788355593462,180062.25691941535,3191.009278921928,808.176861091229,-5161.86674947771,,,,,19391.208903623115,,1600.1786923380903,6589.899281642171,9786.586540983042,3806.0367911814583,-14407.043359379206,220073.48651971863,205666.44316033943
DEHHALKAJ00010XQbt_0,2723.8212890625,"(1979, 1983)",,,,803316.1056249023,14025.118739341982,12394.575565068195,-6128.597900390624,,,,,83811.66501557405,,2384.883571678358,13062.313616634448,-7026.036959991112,28560.986349405524,-38783.58955256398,944401.013622223,905617.4240696591
DEHHALKAJ00010XQbt_1,1487.9638671875,"(1979, 1983)",,,,411240.3775005811,8147.438405852412,7670.0187941350505,-3347.918701171875,,,,,45791.79549842008,,1345.4125611322663,7588.671048355436,-5427.324703467388,16063.58533457944,-19765.04048538613,489072.0557384166,469307.01525303046
DEHHALKAJ00010XQbt_2,396.0400390625,"(1979, 1983)",,,,110647.84393745128,2168.146803497076,2040.7396226273402,-891.090087890625,,,,,12680.523941298803,,358.0636037954238,2020.1041663965343,-1435.6350579601237,4275.485583310701,-5309.451975623066,131864.1825125264,126554.73053690334
DEHHALKAJ00010XQbt_3,433.8203125,"(1979, 1983)",,,,118454.66214268618,2351.7757624055394,2192.4759961208424,-976.095703125,,,,,13839.35229985111,,390.1865127821317,2188.903479958707,-1523.2159019938863,4660.136691105066,-5718.272641029,141578.18127979068,135859.90863876167
DEHHALKAJ00010F7,855.0908203125,"(1949, 1957)",-62074.69549969514,491.17705448479785,6855.873198754236,29263.164066012552,1884.2153512932189,1142.0738355019146,-3017.331366308261,,,,,26307.401538837228,,955.889761452188,3879.90192444508,65861.72385354861,789.9985394126243,-31805.55544568436,127067.03750419515,95261.4820585108
DEHHALKAJ00010FPbt_1,393.203125,"(1979, 1983)",,,,105767.57833055967,2077.910443688341,1887.860812515958,-884.70703125,,,,,12533.335762758414,,348.94763183044694,1930.055262853555,-1249.9898510991284,4170.955848618878,-5059.13023836009,126581.94721047612,121522.81697211604
DEHHALKAJ00010FT,738.9658203125,"(1958, 1968)",-41015.5589094595,281.7664648115074,3210.4061669794723,54749.79102797742,1800.4184817380608,685.2584289623187,-3947.067561848469,,,,,22734.78432392882,,1223.5909441730253,4821.232237434087,44904.66402533518,1713.843622879779,-28158.903732219398,128686.51553058022,100527.61179836083
DEHHALKAJ00010Sj,884.236328125,"(1958, 1968)",-49078.653178787106,337.1578730506473,3841.5278255756225,47503.50509924625,1822.573469352365,755.7334131213628,-3966.006845693608,,,,,27203.75401592131,,1229.4621221650184,4842.310880795421,52783.06439168969,2493.6670019082608,-32138.46221867996,134668.06354850606,102529.60132982611
DEHHALKAJ00010H5bt_0,784.65625,"(1979, 1983)",,,,193228.16096137068,4049.7305563202367,3588.089303292104,-1765.4765625,,,,,24330.905627923203,,687.8499089373568,3750.6804678399953,-2300.584522396065,8225.73313972004,-9611.868119162757,233795.08888050754,224183.22076134477
DEHHALKAJ00010H5bt_2,213.65234375,"(1979, 1983)",,,,56434.22865718285,1123.5211616747592,1015.541833448967,-480.7177734375,,,,,6878.044049400722,,189.1196827010382,1043.4849853320038,-661.9176209992133,2260.9942343375055,-2759.978672608009,67802.29920964112,65042.32053703311
DEHHALKAJ00010Hwbt_0,881.7412109375,"(1979, 1983)",,,,256808.6644242592,5103.387785163347,5054.736871478192,-1983.917724609375,,,,,27563.171016235785,,821.4146686947249,4769.757047751087,-3929.3002961011657,9788.803627844456,-12077.484910697936,303996.71742071625,291919.23251001834
DEHHALKAJ00010Hwbt_1,396.0859375,"(1979, 1983)",,,,174261.69857770702,2289.4747514621918,2265.0578089298465,-891.193359375,,,,,13255.094026214949,,368.72258402111174,2172.6512966455157,-1372.1587342467892,4411.351563577022,-7825.445706884268,196760.69851493585,188935.2528080516
DEHHALKAJ00010Llbt_0,1279.119140625,"(1979, 1983)",,,,320791.7387697588,6666.311696013368,5968.7035555454195,-2878.01806640625,,,,,39362.9674486173,,1126.9722396402099,6179.743038054914,-3899.843503025671,13473.370007392681,-15865.386537998775,386791.94518559077,370926.55864759197
DEHHALKAJ00010cJ,1133.9541015625,"(1969, 1978)",-10489.831413671136,72.06247561866427,821.0693784611066,300410.95724274864,5716.152229523521,1445.344525278444,-9235.079411086012,,,,,34885.743952600584,,2862.8746174366643,11792.964995094331,17242.965108540557,6711.968912464194,-25629.52148183311,371833.89217260096,346204.3706907678
DEHHALKAJ00010kC,1404.9287109375,"(1969, 1978)",-12996.527201280553,89.28283855439172,1017.2756920955826,362231.30474088964,6937.919337439037,1755.8690262466805,-11121.840612117809,,,,,43222.163605423586,,3447.770589756521,14190.739928630184,21165.415861451915,8132.890163524291,-31062.448185555986,449962.23264124413,418899.78445568815
DEHHALKAJ00010mrbt_1,210.458984375,"(1979, 1983)",,,,68495.41097658293,1179.379331706487,1134.821088994403,-473.53271484375,,,,,6942.946117039774,,192.66392068035685,1105.157386766717,-778.5843464012332,2301.1188559394463,-3199.598567086529,80099.38061646513,76899.7820493786
DEHHALKAJ00010mrbt_2,786.5283203125,"(1979, 1983)",,,,215050.7201973749,4409.150926896745,4243.962346984601,-1769.688720703125,,,,,24571.146391221042,,720.1621004515744,4108.822910853985,-3181.249369604314,8589.423716997286,-10290.009427640334,256742.45050047268,246452.44107283236
DEHHALKAJ00010mrbt_4,268.2744140625,"(1979, 1983)",,,,73630.0005445155,1403.367745972794,1261.4944606225195,-603.617431640625,,,,,8653.71670093854,,236.82160447235393,1304.681857341141,-791.6499641069638,2832.697541804625,-3582.8257577683253,87927.51305991987,84344.68730215155
DEHHALKAJ00010lN,589.67431640625,"(1949, 1957)",-42529.62208040771,351.6940382816222,5165.201640926136,38075.51202525092,1672.0293540606049,1565.2844231729268,-2024.548486328125,,,,,18143.010937853312,,678.117524293764,2977.8647212720125,45066.24729042465,814.9612929952689,-21921.92343574352,106968.47908299534,85046.55564725182
DEHHALKAJ00010O9bt_0,974.098388671875,"(1979, 1983)",,,,276969.0572671723,5256.534207006491,5417.220158322105,-1948.19677734375,,,,,30405.846295185307,,828.1124837250884,4934.006018986663,-4407.641444481461,9856.440754398809,-12718.848048798467,327311.3789629716,314592.53091417317
DEHHALKAJ00010O9bt_1,463.212890625,"(1979, 1983)",,,,132692.33952498762,2461.9108881566553,2506.22490044906,-926.42578125,,,,,14875.248076367081,,390.4837611271629,2310.439559587975,-1980.1046350854213,4650.869914470842,-6111.456017402164,156980.986208811,150869.53019140882
DEHHALKAJ00010O9bt_2,464.256591796875,"(1979, 1983)",,,,138580.43341431287,2567.007061712019,2696.1114725894395,-928.51318359375,,,,,14968.18692170006,,400.0932683330093,2414.759289859933,-2236.8624697060454,4759.135777356092,-6291.726868965726,163220.3515525636,156928.62468359788
DEHHALKAJ00010UZ,1314.66015625,"(1949, 1957)",-95436.79682466523,755.1606073369043,10540.56845962924,51004.47339570286,3034.9544377156253,1969.5101095616828,-4671.638834121931,,,,,40445.70454692153,,1489.2855872665573,6101.837444132629,101201.225776694,1325.418736707569,-49239.44511635965,201900.77120058052,152661.32608422087
DEHHALKAJ00010gr,2024.767578125,"(1949, 1957)",-146986.5280787733,1163.0570126765015,16234.00630999709,76807.852936398,4661.950142006785,2861.8078601701673,-7250.938905821146,,,,,62291.3175827506,,2302.3180700519856,9377.84024522837,155992.94778305027,2098.488163671878,-75716.6689618695,309143.5838775069,233426.9149156374
DEHHALKAJ00010ZQ,2617.6005859375,"(1949, 1957)",-190022.80863278563,1503.5892271052455,20987.171509587482,96563.70090449965,5954.086868973675,3642.452119128416,-9335.328111178365,,,,,80529.60890958458,,2962.282147977917,12054.269416350322,201651.99790801184,2630.056483934706,-97738.76934193572,396653.1266472827,298914.357305347
DEHHALKAJ00010G5bt_0,313.968017578125,"(1979, 1983)",,,,91453.17916536715,1739.4109375247765,1829.6077578977665,-627.93603515625,,,,,10185.647010884497,,270.87304057327174,1635.0600039240749,-1537.3686731299163,3221.135497225042,-4160.623618016508,108169.60870511044,104008.98508709393
DEHHALKAJ00010le,1411.2080078125,"(1969, 1978)",-13054.614883598895,89.68188616781235,1021.8223826320203,356130.03701481,6919.567182917052,1748.4963775068331,-11066.177989978147,,,,,43415.34273557126,,3430.5151768932255,14123.631321548983,21122.69917099972,7984.928702920145,-30888.550376555453,443809.039693189,412920.48931663355
DEHHALKAJ00010da,1340.302734375,"(1969, 1978)",-12398.693833818526,85.1758752708246,970.4815490738341,347411.45821444714,6641.596728530518,1680.8191559328588,-10660.637572223855,,,,,41233.96824449294,,3304.7976473893955,13603.66707020059,20227.433761963202,7795.233407198758,-29747.718290449186,431238.3366579316,401490.61836748244
DEHHALKAJ00010al,1089.498046875,"(1949, 1957)",-79091.31743755846,625.82409823489,8735.283179552345,38957.43440098148,2445.3114857528926,1490.196199176326,-3868.1087684154754,,,,,33518.74307725067,,1226.5778939610286,4985.921904481893,83925.19461591175,1057.2615618093198,-40614.43243361512,163738.53237090987,123124.09993729476
DEHHALKAJ00010HUbt_0,828.4677734375,"(1979, 1983)",,,,218259.37853784813,4481.896845809162,4169.773671676743,-1864.052490234375,,,,,25761.522569554134,,744.3250576869234,4166.743775852377,-2933.8056625420195,8888.193653730294,-10602.046145399705,261673.97595938135,251071.92981398164
DEHHALKAJ00010HUbt_1,357.841796875,"(1979, 1983)",,,,98203.63170295507,1967.5933626678411,1859.7615275151534,-805.14404296875,,,,,11449.592293226791,,324.27931684354354,1831.5585036485777,-1344.9113132584116,3870.4482949835915,-4649.051913188603,117356.8096456134,112707.7577324248
DEHHALKAJ00010HUbt_2,579.6181640625,"(1979, 1983)",,,,148181.77917351705,3068.598194429803,2793.1807582030797,-1304.140869140625,,,,,18205.76516049883,,514.8693452492065,2847.9804598068204,-1887.5358954463784,6152.330174356095,-7274.64011846957,178572.82650147387,171298.1863830043
DEHHALKAJ00010HUbt_3,338.2734375,"(1979, 1983)",,,,83978.30556200593,1800.1554439353822,1647.3108390043024,-761.115234375,,,,,10735.053135322043,,301.2986859710875,1669.668373833743,-1144.8275847190773,3598.826263388848,-4137.989150576341,101824.67548436727,97686.68633379093
DEHHALKAJ00010HUbt_4,846.8369140625,"(1979, 1983)",,,,213743.42293852358,4488.578810436069,4090.6776579955326,-1905.383056640625,,,,,26224.705238719955,,752.7001330300893,4164.52180996323,-2791.011681861233,8993.013718852426,-10513.063694289358,257761.225569019,247248.16187472965
DEHHALKAJ00010Ok,1045.513671875,"(1958, 1968)",-58030.19087039768,398.6526617858159,4542.190514886626,47716.26767775767,1998.5628547270717,855.2230056114406,-4342.776926721464,,,,,32165.179708256528,,1346.2608472836541,5300.124141144277,62005.41490154812,2877.2207597715337,-37165.83862725523,149921.47696937883,112755.6383421236
DEHHALKAJ00010Nr,1493.20703125,"(1969, 1978)",-13813.160516759723,94.89290186860387,1081.1959385065259,390484.2111102236,7458.890391726769,1886.4623338044564,-12009.814553219572,,,,,45938.01616640619,,3723.042511498068,15331.471573987948,22605.88090102743,8740.948251461668,-33415.298524691745,484159.10868691653,450743.8101622248
DEHHALKAJ00010FD,632.396484375,"(1949, 1957)",-45908.36232847112,363.2580716377423,5070.373819038862,27413.919939705964,1547.3443685280922,965.5911693712123,-2313.081543001301,,,,,19456.512891744012,,736.7944325862115,3015.844339795406,48739.167797777336,759.2418702405092,-23832.86691853477,100321.33526674744,76488.46834821267
DEHHALKAJ00010LB,764.4580078125,"(1969, 1978)",-7071.746214184872,48.58109907056464,553.5259852840081,199018.0720217725,3804.7459097117053,962.4814607274151,-6117.6182012332265,,,,,23518.547290696373,,1896.4616423823004,7808.369672989196,11555.251260380817,4459.253022826025,-17041.7717987264,246905.56408025307,229863.79228152666
DEHHALKAJ00010Fv,605.6279296875,"(1949, 1957)",-43965.11859140675,347.8818103893566,4855.751217214709,26289.88032899273,1482.8162730890763,925.4807833196895,-2215.6854665238243,,,,,18632.9837913009,,705.794873167878,2889.1095883402345,46676.28885906824,728.2063558028957,-22826.00752595912,96114.87538655782,73288.8678605987
DEHHALKAJ00010NO,2445.3046875,"(1949, 1957)",-177515.11333622574,1404.619866326217,19605.752361711184,91353.50962122827,5592.717246745401,3426.7097151279418,-8737.049653664873,,,,,75228.98635924028,,2773.224507531385,11289.895570120603,188384.81006461976,2491.6788550724737,-91367.05034228822,371804.48228602123,280437.431943733
DEHHALKAJ00010kp,598.71484375,"(1969, 1978)",-5538.511450459972,38.04816594500298,433.51527540301976,156524.90465882194,2971.136687284996,752.6609561798464,-4770.713871154284,,,,,18419.60692095184,,1478.921300057828,6086.175139085048,9058.292627575913,3516.9078757102548,-13327.37804459682,194037.89229451335,180710.51424991654
DEHHALKAJ00010c0bt_0,1328.0634765625,"(1979, 1983)",,,,369365.4302752131,6419.397966381867,5268.029039717812,-2988.142822265625,,,,,40924.80464372564,,1126.0738312717124,5952.465798502128,-2356.228199568677,13514.46922312162,-18258.42120559707,437226.2997560996,418967.87855050253
DEHHALKAJ00010c0bt_2,2534.205078125,"(1979, 1983)",,,,643636.5821983843,11890.570194847991,9388.203577316604,-5701.96142578125,,,,,77972.92302057748,,2117.2967574928316,10978.19345687767,-3854.206663684349,25423.83454186499,-32569.540486371996,771851.4356578965,739281.8951715245
DEHHALKAJ00010pZbt_1,1065.1142578125,"(1979, 1983)",,,,292781.27682187414,5888.6652737673885,5595.041949752452,-2396.507080078125,,,,,32921.504845566866,,968.0335944648652,5485.774434973025,-4059.451706328573,11552.819990931679,-14048.653470276011,348737.1581249237,334688.50465464767
DEHHALKAJ00010pZbt_2,352.798828125,"(1979, 1983)",,,,108107.80412271657,1948.0892817044028,1848.7741771631893,-793.7973632812499,,,,,11446.778829145318,,320.43057618045043,1820.9497798654063,-1265.00700843862,3827.5354719390953,-5107.998792662277,127261.55786699455,122153.55907433228
DEHHALKAJ00010pZbt_3,1482.970703125,"(1979, 1983)",,,,409711.08245118114,8198.855679053242,7790.040583325753,-3336.68408203125,,,,,45638.016819703116,,1347.804190679509,7639.062860254662,-5638.529841880011,16085.72128893354,-19644.318769080906,487435.36994921963,467791.0511801387
DEHHALKAJ00010pZbt_5,372.3369140625,"(1979, 1983)",,,,102331.92285501321,2054.2110605463854,1947.8952500716848,-837.758056640625,,,,,11927.885595652151,,338.02142135083034,1913.515559011455,-1406.6705564101283,4034.3974520935326,-4913.0096669405875,122303.4205806885,117390.41091374791
DEHHALKAJ00010pZbt_8,828.7158203125,"(1979, 1983)",,,,233393.3838270224,4583.142703811963,4355.918565647832,-1864.610595703125,,,,,25894.38577816378,,753.308712327219,4272.748591898378,-3126.179628299008,8991.727429868148,-11157.484135576406,277253.8253847375,266096.3412491611
DEHHALKAJ00010pZbt_9,4.0,"(1979, 1983)",,,,5612.696789593323,19.39844124501463,15.984930628165495,-9.0,,,,,166.46676437694006,,3.3972238728117743,20.50641272579354,22.070634445949807,42.06818885548647,-238.18929541924064,5893.589385743485,5655.400090324244
DEHHALKAJ00010b5,674.4716796875,"(1949, 1957)",-48962.78049677648,387.4266979515105,5407.7206797733725,35809.142404241065,1733.7108582677358,1529.1387925687204,-2343.7890869140624,,,,,20751.28948283251,,772.5414036249547,3317.7238294429535,51647.76349292109,713.9184835529366,-25839.800361314476,113931.43966053792,88091.63929922343
DEHHALKAJ00010oz,697.059814453125,"(1969, 1978)",-8597.690657593925,59.06394954853216,672.9660607539694,196347.11460570182,3536.004389096089,912.3537521074431,-5835.443072811879,,,,,21445.34549004096,,1808.9873525716825,7450.372396129389,12996.094372164638,4533.122836606935,-17257.914014883205,243193.95212160706,225936.03810672386
DEHHALKAJ00010l3bt_0,1781.9599609375,"(1979, 1983)",,,,453482.4893870842,8294.14487615953,6477.685572685146,-4009.409912109375,,,,,54831.86359436733,,1482.94157862163,7655.490582606612,-2510.3053067526016,17812.770348490856,-22979.408962867674,543517.6707211535,520538.2617582858
DEHHALKAJ00010Jq,1178.029296875,"(1969, 1978)",-10897.556353962531,74.86344232729769,852.9831862342086,312015.8885464595,5937.431971728244,1501.2984393973586,-9592.047369945198,,,,,36241.68987924108,,2973.5346846830116,12248.749539160763,17911.78737657868,6971.445137583904,-26621.225520300315,386209.77820488723,359588.5526845869
DEHHALKAJ00010bo,673.759765625,"(1949, 1957)",-48911.09961376163,387.0177637845676,5402.012756796107,35653.693187281344,1729.4509475599148,1522.2766669834186,-2341.315185546875,,,,,20729.375023293705,,771.4811883792217,3311.741426090861,51595.47088321688,711.8686739585086,-25805.6750072485,113684.04281121698,87878.36780396847
DEHHALKAJ00010jv,604.2275390625,"(1949, 1957)",-43863.458253624456,347.0774049087034,4844.523286419924,22759.02032028605,1386.897157236803,850.6241383159611,-2161.5252304207274,,,,,18589.731648376543,,686.2166600225135,2794.4133906016154,46550.29550490682,621.3205305347627,-22586.526015032392,92076.99411986033,69490.46810482795
DEHHALKAJ00010j8,617.4033203125,"(1969, 1978)",-5711.39231772686,39.23581356211503,447.0471598191644,162575.65551137383,3076.4163271722487,779.4135464712555,-4947.170073340184,,,,,18994.555490651797,,1533.622722735457,6311.7743329417135,9363.07177991718,3651.02115008217,-13808.780096257959,201338.36078800546,187529.5806917475
DEHHALKAJ00010K6,476.650390625,"(1949, 1957)",-34602.088053108164,273.795168097647,3821.646263337747,27804.029241094493,1276.802282472812,1192.0572773511606,-1656.360107421875,,,,,14665.258639301623,,551.1530429958801,2397.3002241206495,36452.39305437823,532.0458399612562,-18406.477024868953,83214.67949425422,64808.202469385265
DEHHALKAJ00010Lc,1457.19140625,"(1969, 1978)",-13479.991974940063,92.6041186675226,1055.1178752119963,391476.3096614182,7251.031777298486,1835.031560188918,-11657.02767065517,,,,,44830.01019637206,,3613.678577903102,14877.714683915594,22207.813366786944,8528.878958316596,-32561.867346171424,482963.4411115447,450401.57376537326
DEHHALKAJ00010IB,581.041015625,"(1949, 1957)",-42180.24946703808,333.758716396047,4658.620384843519,27983.587540212397,1496.20903322306,945.7666637313841,-2164.7512972749605,,,,,17876.772591489276,,691.4205827790774,2841.850166438039,44795.72615036019,782.3484574418841,-22047.882353024477,95248.92988840035,73201.04753537587
DEHHALKAJ00010HS,1681.4013671875,"(1969, 1978)",-15554.08358787166,106.85260087791984,1217.4630115963332,438798.5548023409,8401.227377209714,2123.9620398758916,-13529.517054286283,,,,,51727.74950142556,,4194.150286828748,17273.633313536462,25441.043699642185,9815.643466887239,-37618.99025644335,544246.4474334605,506627.4571770172
DEHHALKAJ00010Fcbt_4,199.026123046875,"(1979, 1983)",,,,72988.81797046665,901.9105152781799,788.3326533417234,-398.05224609374994,,,,,6604.519547599467,,154.1070857322312,851.3383312751675,-294.42054337644015,1852.3437890828243,-3371.993558242994,83448.89710330607,80076.90354506308
DEHHALKAJ00010OG,782.2734375,"(1958, 1968)",-43419.3048949383,298.27958877327814,3398.5543024874714,35941.915014209255,1500.263237726294,635.2349269537344,-3267.7097275622937,,,,,24066.82762061893,,1012.990015544311,3987.1741757975387,46398.88639446774,1950.7148984444493,-27745.652709999555,112226.29655619996,84480.6438462004
DEHHALKAJ00010Wy,601.388671875,"(1949, 1957)",-43657.37275715785,345.44671681089386,4821.76206269577,28531.098197691404,1537.0786841676668,969.8244927432218,-2234.4482019105403,,,,,18502.764845235157,,713.397120644924,2930.4008978700203,46362.190419395454,796.6350286017264,-22796.71650999545,98108.94148443903,75312.22497444358
DEHHALKAJ00010IL,732.69921875,"(1979, 1983)",,,,193091.071912713,3794.9998487224602,3375.3500677402617,-1648.5732421875,,,,,22541.565662917972,,643.4805183916649,3522.349963164899,-2104.6358235785056,7697.689953941745,-9482.557307023875,230913.29886182596,221430.74155480208
DEHHALKAJ00010I3,2117.5283203125,"(1969, 1978)",-19588.548657432635,134.56835046858384,1533.2522360799867,576541.4036586521,10885.534573612837,2750.8237009984296,-17713.544848523572,,,,,65145.04585135388,,5491.198903042307,22634.941436791796,32504.77312826783,12828.91143909653,-48890.4115582888,711069.0878432923,662178.6762850034
DEHHALKAJ00010MPbt_1,1095.7197265625,"(1979, 1983)",,,,271919.7271753008,5722.247095383034,5134.655796252814,-2465.369384765625,,,,,33722.62988422629,,966.417738071509,5303.413282575077,-3393.526603286983,11552.081663375648,-13466.26277883086,328462.27664713265,314996.01386830176
DEHHALKAJ00010MPbt_2,388.6474609375,"(1979, 1983)",,,,82772.20479119825,1739.2406958597028,1283.7538176388239,-874.456787109375,,,,,12175.285911995781,,317.31717670922734,1593.4214806812568,-450.4926751018257,3812.9622468699895,-4397.72413617273,102369.23665874184,97971.5125225691
DEHHALKAJ00010Yebt_0,788.1611328125,"(1979, 1983)",,,,225267.66688630718,4464.681739478498,4338.605541139081,-1773.3625488281248,,,,,24718.185181632023,,725.724087127214,4167.535278877323,-3258.6478841420208,8654.885440844768,-10680.746957922223,267305.27372243593,256624.5267645137
DEHHALKAJ00010NW,530.296875,"(1949, 1957)",-38496.51552572478,304.6105172428377,4251.768404398199,23719.146359352177,1299.908568509998,892.4552588112031,-1909.6782145773795,,,,,16315.462048080486,,612.8078669991042,2535.279836408656,40805.398674837445,603.8036924082903,-20037.046708017337,84874.58409082997,64837.53738281263
DEHHALKAJ000110T,498.8759765625,"(1949, 1957)",-36215.53828155105,286.56187962776306,3999.844643364594,29192.05608174116,1338.22898735719,1251.7256154873635,-1733.5940185546874,,,,,15349.07874073393,,577.0430928152912,2511.0136225937204,38150.391108851996,557.8632395014694,-19270.07880818373,87193.80647052744,67923.7276623437
DEHHALKAJ00010y9,1255.5927734375,"(1979, 1983)",,,,350978.0201850231,6817.316264044455,6365.315224254234,-2825.083740234375,,,,,38627.93995676657,,1130.238213826528,6348.651375959478,-4403.151098774048,13499.69754954777,-16770.281707886512,416538.94393041363,399768.66222252714
DEHHALKAJ000115n,1289.1806640625,"(1949, 1957)",-93587.13164120799,740.5248030163164,10336.28119159108,62328.65256956167,3187.4706788710755,2649.9385259396413,-4479.902807617187,,,,,39662.407078825265,,1463.904060334837,6212.5146555222045,98834.72744307824,1297.186892902736,-49033.835519364504,211156.8990974185,162123.063578054
DEHHALKAJ00010zU,658.533203125,"(1969, 1978)",-6091.871153839077,41.84960646016112,476.8283363857506,175007.126427138,3284.9134556572367,833.2292942880279,-5283.303962855243,,,,,20259.90025692389,,1637.8242284851253,6738.406510949677,10013.572606833559,3937.0312323028893,-14769.633870687945,216428.70004972315,201659.0661790352
DEHHALKAJ00010xp,676.0947265625,"(1949, 1957)",-49080.604402909084,388.3590005378743,5420.733804585738,35964.49899504504,1739.311794847351,1535.9046615637421,-2349.429174804687,,,,,20801.207375749018,,774.5443927872981,3327.1662539390522,51770.74170216422,716.3987223714075,-25906.009985355282,114280.34472366243,88374.33473830715
DEHHALKAJ000116v,672.5458984375,"(1949, 1957)",-48822.97980911492,386.32050017755785,5392.280317480962,29289.3750139491,1649.1802038279054,1029.7234938028612,-2461.84167392282,,,,,20691.789086250235,,784.2700557918563,3210.737803884461,51834.20948088617,811.5374321318222,-25353.225269301714,106838.9808966016,81485.75562729989
DEHHALKAJ00010vT,720.9482421875,"(1958, 1968)",-40015.51125275027,274.8963915913421,3132.129550745621,34492.75002620199,1408.2615104976105,593.6052731302839,-3065.8622839379036,,,,,22180.243407222904,,950.4173080207499,3741.5134535440684,42813.639230134606,1875.0607378158832,-25729.130013025253,104989.6286626302,79260.49864960495
DEHHALKAJ00010t9,436.673828125,"(1979, 1983)",,,,96121.13087842942,2109.2599008241345,1729.4336543718755,-982.51611328125,,,,,13434.323448062005,,370.12974149877243,1941.6188902844924,-935.6778537145326,4434.874997886934,-4973.072793793885,118222.57754436186,113249.50475056798
DEHHALKAJ0001119,1958.2861328125,"(1979, 1983)",,,,593350.153978078,10070.881640018157,8888.013318104324,-4406.143798828125,,,,,60246.02017961316,,1713.5156683303073,9387.960001569778,-4912.136602111096,20526.413004058602,-28534.66684183142,694864.6773888334,666330.010547002
DEHHALKAJ000113R,597.1162109375,"(1949, 1957)",-43347.216566225135,342.9925508570181,4787.506695033858,28540.111191251308,1531.801569303365,967.3709501492942,-2221.565671662256,,,,,18371.285937463956,,709.4238041590168,2914.9521701693893,46033.92039792874,797.3937942075323,-22646.151748631695,97644.69414297034,74998.54239433864
DEHHALKAJ0001115,673.69140625,"(1949, 1957)",-48906.13711470671,386.9784971293056,5401.464670913516,35842.27538743077,1733.2451152503418,1530.695645776214,-2341.07763671875,,,,,20727.28857724354,,771.8028049465518,3315.457627426228,51586.605607353355,713.9140497567204,-25814.24889399292,113880.20717846496,88065.95828447204
DEHHALKAJ00010zH,749.181640625,"(1949, 1957)",-54386.29571390229,430.34122548736315,6006.723740856631,31692.334668689607,1812.1935143518815,1127.4757888948718,-2729.1592066763815,,,,,23049.423876802408,,868.8035165117433,3552.8936795427903,57735.786316984624,875.6790560864234,-28191.91216726001,117985.43121118796,89793.51904392795
DEHHALKAJ0001158,2768.60595703125,"(1949, 1957)",-202659.2221190385,1511.9965339066696,19557.704198295796,105453.51590924813,6159.148015229504,4867.855717219787,-9769.223876953125,,,,,85175.2306545164,,3153.436159225612,13138.061231273197,212551.32374554093,1771.262384741706,-110068.63179033314,422500.60994004214,312431.978149709
DEHHALKAJ0001104,2688.719482421875,"(1949, 1957)",-196811.6110637158,1468.36877517537,18993.378301399236,102883.19192718503,5991.187824049682,4748.47225773674,-9487.338745117188,,,,,82717.55128969537,,3063.4286691917464,12768.931642017185,206409.35751627185,1725.3592551834658,-106920.18003707926,410820.14163621387,303899.9615991346
DEHHALKAJ000115cbt_0,424.447265625,"(1979, 1983)",,,,113721.2655857467,2266.357646752961,2081.0588623819895,-955.00634765625,,,,,13519.03723508079,,378.72152836649536,2107.0263605627706,-1404.1079436502064,4525.390306683933,-5527.432443736094,136239.74323426918,130712.31079053308
DEHHALKAJ000110O,607.013671875,"(1949, 1957)",-44065.71553653441,348.6778015867394,4866.8617010346525,26017.536434027737,1477.3467962965815,920.6307595431517,-2216.056535389238,,,,,18675.621851562795,,705.690223947993,2887.28662156657,46781.358384875886,719.7922404551765,-22860.346427636345,95969.20677688664,73108.86034925029
DEHHALKAJ00010wG,871.703125,"(1949, 1957)",-63280.653662885175,500.7194126656848,6989.065898022072,32409.87646003472,1989.5397600910615,1218.288718156142,-3112.384240733187,,,,,26818.190739321777,,987.794058606271,4020.6729873795334,67154.67586164456,883.5095047960473,-32562.174513653652,132370.1638492969,99807.98933564324
DEHHALKAJ000111u,758.015625,"(1949, 1957)",-55027.59237748568,435.4155992516511,6077.552096483982,31053.019270969507,1806.5613343539312,1119.5422922749667,-2747.024795930248,,,,,23321.19314321027,,873.8089957683908,3569.0932788979617,58411.30512723726,855.2930658140618,-28469.833891893468,118262.79171259611,89792.95782070264
DEHHALKAJ00010tmbt_2,363.2197265625,"(1979, 1983)",,,,116515.07743214608,1715.2418032490775,1365.9464248745885,-817.244384765625,,,,,11725.827586071904,,304.4304658084332,1597.6494204103587,-426.0619614295859,3661.5704347832534,-5649.329776189919,135642.43722114852,129993.1074449586
DEHHALKAJ0001127bt_0,396.10888671875,"(1979, 1983)",,,,130704.22078638012,2156.7117092978215,2676.6612089957935,-594.163330078125,,,,,13106.758282242747,,301.10230230055356,2064.4014580726566,-2648.36235442054,3554.1813896725844,-5421.9147621768625,151321.5114524636,145899.59669028674
DEHHALKAJ0001127bt_1,2.0,"(1979, 1983)",,,,3886.939226615591,8.44901309069213,8.998083484903072,-3.0,,,,,91.95162662259662,,1.3062898909365779,9.874825735875438,14.754985162995712,16.521664400077544,-160.26754217100938,4035.7957150036673,3875.528172832658
DEHHALKAJ00010se,723.5107421875,"(1958, 1968)",-26771.82683521039,183.9156457810289,2095.5081500362903,51676.57437306175,1476.154924528032,586.0635996314651,-3159.9858349184415,,,,,22259.869057728298,,979.5956088247169,3872.2525861384056,29744.902026308813,3513.7169129716954,-20797.3736502133,110949.14325427474,90151.76960406144
DEHHALKAJ00010r1,2258.4638671875,"(1949, 1957)",-163951.5400264654,1297.295683211869,18107.716197616253,98561.73605323341,5364.466768704632,4168.179561627123,-7848.161938476562,,,,,69480.93043832928,,2542.4393795208834,10659.353371677575,173345.36787480855,2155.3786758155934,-85281.44417203382,358429.69018524047,273148.24601320666
DEHHALKAJ000112q,619.58203125,"(1949, 1957)",-44978.1064342039,355.8972566327693,4967.631205448095,27362.09888976656,1529.414891094607,956.5798110812599,-2273.328471391701,,,,,19062.40263276557,,724.4693981916512,2967.5086813548432,47754.17234682125,759.1270372259793,-23377.03328555209,98842.44521691001,75465.41193135793
DEHHALKAJ00010yH,1040.1845703125,"(1949, 1957)",-75511.44151218036,597.497694081093,8339.901853649817,44684.72351361546,2524.18210451481,1626.5078002376074,-3772.3980366133874,,,,,32002.08341464178,,1204.12137591657,4943.176430385023,80079.8355380893,1200.2175601624574,-39174.79966507343,164492.44970094963,125317.6500358762
DEHHALKAJ000110K,675.41796875,"(1958, 1968)",-37488.398954714816,257.53577241823814,2934.3251779179336,52344.0998440692,1688.1894119053711,636.552964122041,-3702.3015611786022,,,,,20779.8211261203,,1147.7134839653668,4522.780367460806,41154.465339793926,1578.2433256738,-25961.84145956504,120149.5643019322,94187.72284236716
DEHHALKAJ000110I,1477.1123046875,"(1969, 1978)",-13664.27356617052,93.87008636055016,1069.5421271953237,428499.5081985396,7319.641923877414,1851.9851421245767,-11749.607993437263,,,,,45442.89654399826,,3642.378477965551,14997.942599887647,22972.576138891418,8589.8397706909,-33051.57778239205,521567.1608025381,488515.58302014606
DEHHALKAJ00010tRbt_1,596.6630859375,"(1979, 1983)",,,,149875.65823616053,3091.593768564803,2750.8705022876466,-1342.491943359375,,,,,18698.003853677365,,524.1134850707238,2865.403857551605,-1765.372031647215,6267.521682320219,-7421.360258604578,180965.3014106263,173543.94115202173
DEHHALKAJ0001149,1531.3896484375,"(1969, 1978)",-14166.37518098442,97.31939683549857,1108.843069654921,392216.10589839384,7540.993781368971,1907.869914076607,-12076.496391249208,,,,,47112.69009210488,,3743.7138812872545,15409.162390776815,23022.753147994354,8805.578865679763,-33735.59646970891,487682.3715804332,453946.7751107243
DEHHALKAJ00010vxbt_0,529.48828125,"(1979, 1983)",,,,176995.98093658907,2654.6144213404173,2276.607559852883,-1191.3486328125,,,,,17016.193425601894,,457.30946991576616,2481.6725962347587,-1021.7633753337034,5488.732609947858,-8431.693180841574,205157.99901133642,196726.30583049485
DEHHALKAJ00010xi,1624.2900390625,"(1860, 1918)",-230024.81707744155,1933.5850745706948,28905.657224782317,95780.93104639652,5778.209645560448,9812.987613303258,-4385.58310546875,,,,,49971.10812879541,,1741.6192165586963,10064.723898529339,232887.9883774903,5694.073280507992,-103366.25270568026,407346.0581016732,303979.80539599294
DEHHALKAJ000116f,1221.1708984375,"(1949, 1957)",-88650.01222430832,701.458968648359,9790.998376800022,48162.120628051736,2860.6898621512696,1764.5204217779235,-4399.1354146355125,,,,,37569.73983035707,,1398.0719712156065,5702.551220253251,94091.5014373441,1321.3565299453644,-45764.870524774946,188471.4164864608,142706.54596168586
DEHHALKAJ00010tt,399.333984375,"(1949, 1957)",-28801.531568879735,238.17110170892533,3497.931814195359,25972.559971453717,1136.1873454051015,1068.3873468430795,-1371.0466796874998,,,,,12286.724372901675,,459.61861222179004,2020.5940435992418,30515.822499117356,553.965555704755,-14856.682278163336,72642.81306755921,57786.13078939587
DEHHALKAJ00010zLbt_0,1165.072265625,"(1979, 1983)",,,,298660.89986132504,6202.0803524898365,5677.387012637034,-2621.4125976562495,,,,,35856.0625915552,,1037.903138865083,5756.822569618663,-3899.4714390474214,12399.218646872121,-14559.056442533718,359069.4901366593,344510.43369412556
DEHHALKAJ00010zLbt_1,448.126953125,"(1979, 1983)",,,,121192.9796771341,2379.220970480922,2172.0351624092477,-1008.28564453125,,,,,14277.384054172673,,398.65972971285805,2212.1166423646837,-1435.7126269067066,4765.0709641256,-5890.032592079439,144953.46892896213,139063.4363368827
DEHHALKAJ00010xgbt_0,1618.5771484375,"(1979, 1983)",,,,400791.81374615995,8400.33528650892,7487.7232533348315,-3641.798583984375,,,,,49804.237844699106,,1422.973972924205,7781.818449984614,-4880.486170185727,17013.057784881097,-19800.545748561024,484179.6755843226,464379.12983576156
DEHHALKAJ00010xgbt_1,829.486328125,"(1979, 1983)",,,,215834.89667166024,4304.992986310046,3837.298749349494,-1866.34423828125,,,,,25807.51075632425,,729.2438651798499,3994.4712187314476,-2425.867524191096,8722.12095769446,-10617.346343440042,258938.32344277744,248320.9770993374
DEHHALKAJ00010xgbt_2,916.66015625,"(1979, 1983)",,,,237841.0729631834,4851.242281686573,4414.214139229455,-2062.4853515625,,,,,28384.57521527966,,814.1102481188143,4504.352343774594,-2957.3627155739296,9729.20165660833,-11648.050040210746,285518.92078074435,273870.8707405336
DEHHALKAJ000110C,1499.03515625,"(1949, 1957)",-108821.3657042301,861.06838610073,12018.834382959296,53698.490009115914,3367.08159197661,2052.389481226445,-5323.485123923864,,,,,46117.60893807743,,1688.1450543023025,6862.570060510617,115472.77990278025,1457.6261868608733,-55886.43006405857,225393.2061009266,169506.77603686802
DEHHALKAJ00010uC,1841.9482421875,"(1969, 1978)",-17039.249213553656,117.05531124282659,1333.7112113148978,481396.6118269716,9214.61924503563,2329.4192686971155,-14846.326478911162,,,,,56666.91837172928,,4602.36120846246,18955.897038846455,27884.437546244724,10764.987923297895,-41263.44426318108,596968.9259503741,555705.481687193
DEHHALKAJ000112P,678.5439453125,"(1949, 1957)",-49258.40365476263,389.7658687006904,5440.370938779126,36634.30419332012,1756.7557224221198,1565.5349526998036,-2357.9402099609374,,,,,20876.604847302682,,778.4727815553335,3350.5941252792436,51948.0953414105,724.9382305846926,-26031.274231668765,115277.35998461356,89246.0857529448
DEHHALKAJ00010zl,1774.623046875,"(1949, 1957)",-128827.46796562296,1019.3702239328761,14228.4191292283,67920.65824760367,4091.9374365190556,2567.678583748916,-6337.15118697632,,,,,54595.865817886195,,2015.3165986451763,8227.478334753207,136638.62602945912,1821.1837944293488,-66390.49451502337,271541.5936560684,205151.099141045
DEHHALKAJ00010uLbt_0,1569.4658203125,"(1979, 1983)",,,,411982.52888234286,8502.334097796644,7921.029130928432,-3531.298095703125,,,,,48296.25599595456,,1411.0936594125706,7904.047381512473,-5601.645606010707,16848.879946756813,-20016.759364369816,493733.2253929906,473716.4660286208
DEHHALKAJ00010uLbt_1,512.3603515625,"(1979, 1983)",,,,143268.92151447007,2774.9289582243173,2584.5611559169574,-1152.810791015625,,,,,16290.687461291473,,460.5973146367377,2584.5474542303755,-1769.413369909218,5502.265767512468,-6892.303476917004,170544.28546535753,163651.98198844053
DEHHALKAJ000116sbt_1,1953.9296875,"(1979, 1983)",,,,514687.5508037994,10689.119542465307,10053.903501115425,-4396.341796875,,,,,60122.2376221713,,1765.8830500178065,9941.550819587284,-7263.915861626115,21077.260120782772,-24928.981165538004,616677.2478014381,591748.2666359001
DEHHALKAJ000115l,1479.5048828125,"(1949, 1957)",-107403.57972423849,849.8499026923733,11862.246246303162,52033.280163773874,3297.4766044112603,2005.4153647737703,-5240.482553942301,,,,,45516.752480264746,,1661.1571666814418,6748.66902598375,113963.30899740531,1409.3614801740696,-55106.35802346336,221394.9387295259,166288.58070606252
DEHHALKAJ000112T,1371.8896484375,"(1969, 1978)",-12690.893846973539,87.1832150929226,993.3528873943753,387160.3689113265,6744.584867409164,1706.4726285747515,-10794.33294383925,,,,,42205.75996395542,,3346.2432125901682,13775.208154298263,21155.38676381939,7885.022466231496,-30387.84180180822,473184.7140243659,442796.87222255766
DEHHALKAJ00010sN,676.6240234375,"(1984, 1994)",,,,164373.7000918466,3560.879549868562,3219.181895221431,-1522.404052734375,,,,,20816.344764448655,,600.6318964228453,3322.4573850007905,-2099.3824731313775,6166.054229575574,-8569.401638422674,198437.46328651873,189868.06164809605
DEHHALKAJ000112c,1052.1044921875,"(1969, 1978)",-9732.667960198443,66.86095514102257,761.8040097797697,271810.05833617353,5195.02967632855,1315.2257621283657,-8326.989803176544,,,,,32367.682144090275,,2581.3668389847285,10623.563530805788,15858.76571555643,6106.274810579127,-23269.322904741322,337530.9770114703,314261.65410672897
DEHHALKAJ00010zdbt_1,653.140625,"(1979, 1983)",,,,251394.28295012796,3640.3119654408083,3485.196451090746,-1469.56640625,,,,,21167.558538926372,,596.1801366372063,3432.3902346978384,-2105.6401223219636,7133.43685584164,-11522.649272126611,287274.1506041906,275751.501332064
DEHHALKAJ00010zdbt_2,406.7548828125,"(1979, 1983)",,,,113146.66356188188,2226.501655650036,2095.388639140695,-915.198486328125,,,,,13018.03618535402,,367.72431635250035,2074.1879388743405,-1476.8205951821883,4390.721543764601,-5433.140647317918,134927.2047595078,129494.06411218987
DEHHALKAJ00010zdbt_3,298.87109375,"(1979, 1983)",,,,85010.3024268378,1638.4246860667001,1544.1789069916706,-672.4599609375,,,,,9640.978426316367,,270.40826787703577,1527.4689964945276,-1080.0352481861341,3229.0861904659323,-4066.884612364888,101108.35269192641,97041.46807956153
DEHHALKAJ000115G,1403.6142578125,"(1969, 1978)",-12984.367633566637,89.19930541478611,1016.3239276380328,370006.62807811715,7041.846040114711,1781.2897484584164,-11356.08680587817,,,,,43181.72598309706,,3520.386909822233,14497.846335551592,21305.012901045644,8279.018392931066,-31571.50441826609,458257.66758325975,426686.1631649937
DEHHALKAJ00010uybt_0,259.579833984375,"(1979, 1983)",,,,91161.58610027371,1204.8807987947628,1081.0474153364494,-519.15966796875,,,,,8543.484041713691,,203.49901300804095,1135.6443938901455,-493.1626486979362,2442.3463330621084,-4216.14227777622,104760.16577941221,100544.023501636
DEHHALKAJ00010wabt_1,613.4130859375,"(1979, 1983)",,,,161681.04421931598,3159.0359754830943,2792.2879521961195,-1380.179443359375,,,,,19292.945618162692,,537.130192477716,2931.4372477074035,-1709.2542698531345,6426.976568715569,-7950.9359227252235,193731.42406084604,185780.48813812083
DEHHALKAJ00010xY,761.6005859375,"(1969, 1978)",-7045.313156881068,48.39951068535955,551.4569936028859,199697.75466315856,3802.1857650938787,962.1742951297339,-6120.03615465519,,,,,23430.662543242808,,1897.211207943109,7811.2625710359225,11538.039071003343,4474.823210994557,-17044.89531976757,247494.0771729467,230449.18185317915
DEHHALKAJ00010xEbt_1,415.5927734375,"(1979, 1983)",,,,128795.8660149698,2338.3466275301653,2258.3796842332295,-935.083740234375,,,,,13422.308287654854,,381.27980677726555,2187.8298859249153,-1606.9667768468034,4551.252535968882,-6049.345541798719,151393.21232597792,145343.8667841792
DEHHALKAJ00010xEbt_2,1365.3935546875,"(1979, 1983)",,,,413048.62221061985,7856.056005038929,7741.04046511506,-3072.135498046875,,,,,42074.218266161755,,1267.8867513620403,7347.980730514761,-5868.92401907143,15116.798881290559,-19232.517125427046,485511.54379298456,466279.02666755754
DEHHALKAJ00010qz,1463.5859375,"(1984, 1994)",,,,378751.394290959,7359.592748558343,6328.805264626617,-3293.068359375,,,,,45027.23903472511,,1269.1448687752863,6898.292646876047,-3055.371482451187,13025.908489043548,-21816.331567652564,452311.93750173773,430495.60593408515
DEHHALKAJ000113t,1581.9609375,"(1969, 1978)",-14634.193319220076,100.53318854016216,1145.4605454604311,412861.02273080277,7886.767592299079,1995.0312491463455,-12689.091109555598,,,,,48668.49922717101,,3933.6182439622357,16196.928566019556,23932.111816479683,9247.537318794963,-35331.42602360927,512032.4256351201,476700.9996115108
DEHHALKAJ000113Y,652.1806640625,"(1949, 1957)",-47344.580447809596,374.6224026227866,5228.997703258903,25172.31265028224,1513.1458860171174,930.8534562571895,-2341.6485115668565,,,,,20065.032085734878,,743.8162811869845,3031.5835704579467,50247.81256478671,689.0348791217967,-24411.716173387198,100051.94286227801,75640.2266888908
DEHHALKAJ00010yu,7984.75830078125,"(1919, 1948)",-787886.2665423559,5412.578394633953,61670.131926512484,759143.5899880668,29948.097312805854,48869.30514942816,-22996.10390625,,,,,245648.35788463958,,9103.22921686668,50650.14992265151,765310.4741033509,22615.33977527936,-450224.90061861847,1908292.4394468388,1458067.5388282202
DEHHALKAJ00010qZ,79.50537109375,"(1949, 1957)",-5435.073626459112,61.415259114553365,1168.1740761576834,8591.78567679641,314.65225552067386,285.99544301721437,-246.466650390625,,,,,2446.47384327921,,86.35100265654255,403.8229311541681,6053.754546689935,273.3471289680533,-2010.1451361600266,18209.71617769158,16199.571041531552
DEHHALKAJ0001131bt_0,2458.0908203125,"(1979, 1983)",,,,625785.1145962921,13213.049185521302,12214.754793734735,-5530.704345703125,,,,,75630.59286059122,,2200.992938022865,12268.826297976342,-8600.655761615133,26283.249337637397,-30621.155376501596,753465.2199024578,722844.0645259562
DEHHALKAJ00010qj,602.71142578125,"(1969, 1978)",-7433.976664872042,51.069530198920276,581.878808058432,178894.01975799125,2726.999990556641,706.421477084851,-4315.41380859375,,,,,18542.86645964722,,1337.7782806640628,5491.995879333549,11256.385108857441,3416.6001883785093,-13489.704906962354,218057.6533339198,204567.94842695745
DEHHALKAJ000111hbt_0,1329.779296875,"(1979, 1983)",,,,338281.0045161389,7105.397203950264,6529.093279154578,-2992.0034179687495,,,,,40921.524829156726,,1186.9581953233528,6595.971440362917,-4530.880311209718,14177.493365772625,-16581.140585487617,407274.5591006809,390693.41851519333
DEHHALKAJ000111hbt_1,523.29296875,"(1979, 1983)",,,,134076.4030391461,2708.558037230037,2407.290628202766,-1177.4091796875,,,,,16514.541759126343,,459.41288965161465,2511.7558546432188,-1522.8049911299795,5494.808975744039,-6617.645179864532,161472.5570129266,154854.91183306207
DEHHALKAJ000115x,903.091796875,"(1949, 1957)",-65559.29144321872,518.7495388575644,7240.731275711028,35456.337792903854,2111.2739179220907,1301.5416253982437,-3251.015340707354,,,,,27784.312229098796,,1033.0828682581337,4213.121546220297,69582.59482448881,972.3019877833182,-33835.80725853591,139203.5514513662,105367.74419283029
DEHHALKAJ000114Jbt_0,1505.09765625,"(1979, 1983)",,,,332091.382360875,7587.20275658167,6048.248989495985,-3612.234375,,,,,46308.41441094803,,1346.0969291598683,6964.949131807699,-3093.0469425949314,16136.88353849707,-17519.09624290589,409777.8967997705,392258.8005568646
DEHHALKAJ000114Jbt_1,565.7666015625,"(1979, 1983)",,,,178812.53865253192,2805.5930445550366,2187.592784723201,-1357.83984375,,,,,18000.00805839017,,501.9258956889954,2603.5351440508703,-675.8989328518915,6036.617080027401,-8811.810346552305,208914.07188336574,200102.26153681343
DEHHALKAJ000114Jbt_3,5.0,"(1979, 1983)",,,,4931.683930127434,24.064566865399907,17.981865634221997,-12.0,,,,,190.3985517906086,,4.371783942406704,24.179162573130526,18.003834130173036,53.613553527548405,-214.78323811568822,5252.297248590923,5037.5140104752345
DEHHALKAJ00010t3,414.017578125,"(1979, 1983)",,,,120313.09255720353,2225.563692621075,2286.541074765631,-828.03515625,,,,,12737.72687782415,,351.2153465109221,2090.2389489812736,-1831.493425658471,4181.688301673481,-5516.741464688641,141526.5382176716,136009.79675298295
DEHHALKAJ000112ebt_1,815.400390625,"(1979, 1983)",,,,202307.56094782165,4219.28265793028,3748.806968777853,-1834.65087890625,,,,,25264.060484818776,,715.754835551097,3908.9697679723668,-2412.4362201188646,8558.975199047029,-10043.222050164768,244476.32376289394,234433.10171272917
DEHHALKAJ00010xe,482.2607421875,"(1949, 1957)",-35009.367439830094,277.0178385902221,3866.6284547017895,28246.78972432449,1294.2751663922809,1211.3676330863723,-1675.8560791015625,,,,,14837.878732145538,,557.8865656090088,2428.0019025169104,36877.1777807688,539.5748254105268,-18629.201396159977,84317.09625115235,65687.89485499238
DEHHALKAJ00010tF,1766.76953125,"(1949, 1957)",-128257.34771705588,1014.859046195489,14165.451891116962,60479.43755573656,3893.564539508732,2360.074071020757,-6234.576361432722,,,,,54354.10625908577,,1975.1236016409052,8016.986177592935,136082.1071294256,1632.7788299342285,-65716.81745305692,262559.60180251277,196842.78434945585
DEHHALKAJ00010wg,700.6640625,"(1979, 1983)",,,,192187.3455768366,3653.4682938733677,3660.5535371490764,-1401.328125,,,,,21556.232486567966,,584.4737231736123,3422.1027595972505,-2846.3672785232075,6964.451873605822,-8940.392337118676,227780.93284728043,218840.54051016175
DEHHALKAJ00010yg,2747.956298828125,"(1949, 1957)",-201147.68752963934,1500.7193019299812,19411.832986140464,105183.98640156334,6123.887875926042,4854.610382060961,-9696.360083007814,,,,,84539.95146389992,,3130.991905809499,13050.97095091737,210956.24344042357,1763.7475345868731,-109277.7900541487,419908.0298721798,310630.2398180311
DEHHALKAJ0001154bt_0,158.73974609375,"(1979, 1983)",,,,62561.69248280335,686.3100119362686,743.257295612731,-238.109619140625,,,,,5377.422461239568,,105.05796334136511,661.3773382951229,-478.64276739606737,1255.3321321673184,-2696.6079803679663,70673.69729885901,67977.08931849105
DEHHALKAJ000113a,675.1015625,"(1949, 1957)",-49008.50638092542,387.7885121321391,5412.770899691528,35562.9074688056,1729.5535889852763,1518.0913283454258,-2345.9779296875,,,,,20770.644568225063,,772.6809770660705,3314.9257013085794,51701.27961849564,711.5038048248849,-25847.645843010512,113735.60912636905,87887.96328335853
DEHHALKAJ000114L,911.2431640625,"(1949, 1957)",-66151.03400909653,523.4318070214504,7306.086602310795,39151.85866964716,2205.4520359695575,1442.5528268499886,-3293.0896404775744,,,,,28035.318511388574,,1052.2152527874873,4326.172556402124,70168.59877912744,1035.6541883957084,-34333.782726722995,144124.73318009046,109790.95045336746
DEHHALKAJ000110dbt_0,1138.5234375,"(1979, 1983)",,,,294409.3951726793,6081.332530212562,5586.104406315588,-2561.677734375,,,,,35050.24501057672,,1016.0569184261454,5647.925268025724,-3841.8609077472756,12137.73858246898,-14392.359259780525,353525.25924658275,339132.89998680225
DEHHALKAJ000110dbt_2,535.2509765625,"(1979, 1983)",,,,140230.06645365315,2858.867130550533,2625.933321472825,-1204.314697265625,,,,,16891.960331544833,,477.66441666357434,2656.133183072801,-1793.90468250382,5706.68033726407,-6840.435316246383,168449.08579445232,161608.65047820593
DEHHALKAJ0001133,689.73828125,"(1949, 1957)",-50071.04832142816,396.19606397595385,5530.123916952497,24910.73823601833,1554.6748756155503,948.6005376015885,-2452.317268088771,,,,,21220.428489528622,,777.8011969736383,3162.7625652355173,53132.56317175531,676.8367193365021,-25725.464338128313,103932.08852397629,78206.62418584798
DEHHALKAJ00010vG,1154.033203125,"(1969, 1978)",-10675.576489277266,73.33849707737988,835.608181590142,299854.0609733729,5729.656061414225,1449.873273606255,-9203.705447331813,,,,,35503.45570778189,,2853.148688672862,11745.515538886895,17430.856292159966,6724.774185014745,-25665.92115152347,372087.6352735779,346421.7141220544
DEHHALKAJ00010uo,800.193359375,"(1969, 1978)",-7402.322039857507,50.852070970704744,579.4011092031167,214818.81200394843,4035.029556039598,1022.3409372862404,-6517.17138066804,,,,,24617.975032207556,,2020.3231280070925,8317.299457262849,12213.782065274841,4815.389813993829,-18140.543938166236,265343.7806133524,247203.2366751862
DEHHALKAJ00010tH,2882.0947265625,"(1949, 1957)",-258479.35060423333,2212.0992660984507,33694.479233148835,88065.27102346825,6393.006079804131,6374.467314037878,-10087.33154296875,,,,,88666.70634355076,,3313.810297698065,14171.309619400057,274552.2872008339,1002.2766821082905,-120988.56055421612,472451.8030179326,351463.2424637164
DEHHALKAJ00010zJbt_0,849.7275390625,"(1979, 1983)",,,,229715.27784536625,4637.269638788617,4351.473169842554,-1911.886962890625,,,,,26444.69909525725,,766.96488263776,4315.859884761175,-3087.9713562038137,9156.962867407612,-11087.750712487154,274388.64906496677,263300.8983524796
DEHHALKAJ000111Bbt_0,4.0,"(1979, 1983)",,,,9458.428190118659,19.032918371862124,15.308442118411403,-9.0,,,,,194.0596513482845,,3.365170358569298,22.30457880202453,48.21459386994772,42.82792844965972,-395.0010862110295,9794.541473437419,9399.540387226389
DEHHALKAJ000111Bbt_1,1886.8251953125,"(1979, 1983)",,,,471130.25991916575,9914.610805205952,8954.610665956057,-4245.356689453125,,,,,58056.005879097764,,1669.5101462658738,9192.81510465667,-6001.532182913995,19952.330332508198,-23268.967940484283,568623.2539804891,545354.2860400048
DEHHALKAJ000111Bbt_2,852.2236328125,"(1979, 1983)",,,,210336.47287891462,4401.324708548167,3902.371581451284,-1917.5031738281248,,,,,26350.34910399182,,747.332772332547,4076.683001948356,-2503.9494461002296,8936.96465014771,-10456.90172689507,254330.04607740615,243873.14435051108
DEHHALKAJ00010zw,1310.623046875,"(1949, 1957)",-95143.72580905017,752.8416308675734,10508.200073363103,46450.213156538855,2921.727164405699,1824.969092593848,-4624.127652169179,,,,,40321.43171995709,,1468.4088090141688,5981.17635577619,100881.46144928446,1227.5025901227702,-48831.477863480075,196452.76268552392,147621.28482204385
DEHHALKAJ00010zSbt_1,2804.33203125,"(1979, 1983)",,,,690931.9238695867,14545.254657579953,12956.33830061161,-6309.7470703125,,,,,86282.19975541279,,2464.6346471599127,13474.088449476107,-8427.857790896585,29467.797040480953,-34322.4015809486,835384.6318590989,801062.2302781503
DEHHALKAJ00010zSbt_3,4.0,"(1979, 1983)",,,,7844.0334498751945,18.767128888382878,14.816534375302357,-9.0,,,,,186.60623886412603,,3.341862687230635,21.145492283076205,38.45567487613,42.103999697122696,-329.43045782629656,8160.270381546566,7830.839923720269
DEHHALKAJ00010t5,894.6357421875,"(1949, 1957)",-64945.43031012469,513.8922536016536,7172.93305203457,34418.84536265026,2072.700916630599,1274.5707056431422,-3210.604942463462,,,,,27524.09349590554,,1019.7610113018261,4155.777746648108,68927.38910838775,941.8093037248589,-33481.029249682855,137124.34270842862,103643.31345874578
DEHHALKAJ000110x,2385.73046875,"(1949, 1957)",-173190.36630270362,1370.3995372175918,19128.103344831805,103588.72243723983,5655.873820302754,4379.549878309996,-8290.41337890625,,,,,73396.22180130731,,2684.611667725784,11248.905919059349,183123.50091558963,2271.029307953418,-90056.44348256687,378058.00236858183,288001.558886015
DEHHALKAJ00010zW,436.3486328125,"(1979, 1983)",,,,134355.26009736359,2056.5004453142687,1633.4087120190707,-981.7844238281249,,,,,13424.678422752379,,365.36525393124646,1912.2365805577838,-536.6551377487555,4393.206185669825,-6560.4757975433295,156622.2161360313,150061.74033848796
DEHHALKAJ000111S,790.3623046875,"(1984, 1994)",,,,188143.4234829557,4108.31368356294,3665.6724885522067,-1778.315185546875,,,,,24315.35016390373,,697.1117406452867,3827.3109664631493,-2354.440177181144,7151.077010099269,-9725.869862841388,227775.50417345425,218049.63431061286
DEHHALKAJ000111Jbt_0,528.65234375,"(1979, 1983)",,,,132883.66980091942,2756.7946648164675,2469.879075060789,-1189.4677734375,,,,,16610.576702958027,,465.9154179172491,2555.8088754843807,-1614.5892026054803,5570.142989225685,-6568.3700483253015,160508.73055033907,153940.36050201376
DEHHALKAJ000111Ubt_1,631.990234375,"(1979, 1983)",,,,175978.61506456695,2938.766512446986,2292.127713041901,-1421.97802734375,,,,,19901.419898893106,,525.6915941783552,2720.8329291075097,-783.285757258436,6319.123176896166,-8768.342285019318,208471.31310452876,199702.97081950944
DEHHALKAJ00018J5,1568.9208984375,"(1949, 1957)",-113894.6702737656,901.2118096795208,12579.158240328303,60099.61014069154,3600.4140517575343,2338.270715035482,-5561.908762766168,,,,,48267.7701155831,,1772.821820977108,7261.725692068557,120765.91348117171,1555.1959007963283,-58721.90910545015,240099.8131553152,181377.90404986506
DEHHALKAJ00018Cs,1703.0869140625,"(1969, 1978)",-31509.378707177555,216.46142300113306,2466.3300076567834,527600.6421855513,8465.833441255614,2184.675994327672,-13014.777311401365,,,,,52394.9850939888,,4034.580966534424,16635.299867937494,43098.10607254994,8798.68302659592,-44049.712013212134,650198.0293373399,606148.3173241278
DEHHALKAJ000187x,1445.013671875,"(1949, 1957)",-104899.71537965504,830.0376313038163,11585.705599342917,51701.78185210774,3244.099875302731,1977.136712844031,-5130.770243258117,,,,,44455.84258311034,,1626.9902094070976,6613.699034132969,111311.10881607629,1403.231010099483,-53869.11113963746,217203.11984982257,163334.00871018512
DEHHALKAPE0001Oe,2582.578125,"(2010, 2015)",-17827.09856466011,112.57224578646408,1655.7242229940853,674538.1480668003,14379.019704004915,11202.649924288928,-7575.5625,,,,,79452.13615534903,,2708.0442349880395,13692.231564998976,15608.158647380164,62889.95772090928,-61986.895205268214,866894.7835187197,804907.8883134515
DEHHALKAPE0001O7,2515.681640625,"(2010, 2015)",-17572.213876688198,110.00009670106688,1657.3781172070107,566359.2774691716,13883.973821655016,10667.229439620876,-7379.3328125,,,,,77394.08748007462,,2640.7925958933215,13148.567043944486,14506.474080647396,51338.84686694039,-50641.682509769395,742559.9159854477,691918.2334756784
DEHHALKAPE0001OZ,2381.560546875,"(2010, 2015)",-16439.508333110527,103.81007127835032,1526.84925494286,630053.2045583888,13299.38616864093,10405.300114507441,-6985.9109375,,,,,73267.89930905873,,2499.760325934262,12670.221800034727,14378.960332325574,58731.66781265222,-57898.870563556164,808320.4894840426,750421.6189204864
DEHHALKAPE0001Oibt_0,1602.5595703125,"(1979, 1983)",,,,328111.65923980705,8089.728554273539,6106.0268850406965,-4006.39892578125,,,,,49305.12267129804,,1464.4484088111253,7388.723126973331,-2749.0668256917925,17571.753905427828,-17992.851634577095,411281.99704015855,393289.14540558145
DEHHALKAPE0001Oibt_1,748.99365234375,"(1979, 1983)",,,,229385.00710453573,3782.106367664281,2855.983262242835,-1872.484130859375,,,,,23539.436737380922,,684.5478921512104,3496.9528308629574,-792.3382786293483,8235.714595573021,-11504.56268482833,269314.9263809222,257810.36369609387
DEHHALKAbr0000Mgbt_1,1207.75146484375,"(1979, 1983)",,,,321877.3801960271,5872.547937649393,4454.097046954599,-2898.603515625,,,,,37194.20521944971,,1061.24484315529,5411.9201003182025,-1494.9319606260306,12756.512647791027,-16445.86505199773,384234.3725150943,367788.5074630966
DEHHALKAbr0000Mgbt_2,677.674560546875,"(1979, 1983)",,,,197666.72194173347,3287.2043450582332,2484.5780547771506,-1626.4189453125,,,,,21314.674676194853,,594.7756229536757,3038.5671988746276,-704.6027250937528,7155.031824166211,-9927.330504173158,233210.531993352,223283.20148917884
DEHHALKAbr0000MWbt_1,1306.641845703125,"(1979, 1983)",,,,341191.09363522,6298.136752076465,4716.536648957033,-3135.9404296875,,,,,40213.98764896883,,1143.293961174929,5797.8313951511345,-1502.9957759975189,13745.59701333025,-17539.63476584843,408467.54084919364,390927.9060833452
DEHHALKAbr0000MWbt_4,473.2568359375,"(1979, 1983)",,,,150061.7916502891,2275.950573264617,1698.6887106963347,-1135.81640625,,,,,15114.595299570448,,413.6380440594233,2109.739865016396,-356.5692066772622,4981.2105276544335,-7434.305418295178,175163.22905762348,167728.9236393283
DEHHALKA10001o2abt_1,186.56201171875,"(1979, 1983)",,,,56787.62460560572,708.3572345956628,691.7069609232406,-279.843017578125,,,,,6144.763545425746,,114.85636969693621,673.2076384274222,-386.75540963297647,1375.603188267777,-2547.93705676889,65829.5211157314,63281.584058962515
DEHHALKA100050O4bt_0,131.423828125,"(1979, 1983)",,,,48551.68643778842,708.4912086032726,874.9822352560456,-197.1357421875,,,,,4470.387361645448,,99.2811842019727,679.6590841346496,-840.1553193999252,1173.299793723621,-1915.5421827444932,55520.496243766,53604.954061021504
DEHHALKA100050O3bt_1,129.41162109375,"(1979, 1983)",,,,50786.50028636886,709.4532183491137,883.4420467731528,-194.117431640625,,,,,4445.777725807507,,98.796717060294,682.2733455137616,-842.497112102152,1167.59193963845,-1997.8840914495615,57737.22073576836,55739.3366443188
DEHHALKA100050O2bt_1,131.869140625,"(1979, 1983)",,,,46998.838820368816,722.1365903667572,898.7581319840781,-197.8037109375,,,,,4490.685342209331,,100.60366284894346,693.2066811150283,-870.9495753310096,1188.2381774025134,-1944.4124115575717,54023.714120026954,52079.301708469386
DEHHALKA100050O2bt_2,2.0,"(1979, 1983)",,,,5791.392055557024,8.280962329092684,8.687064893106172,-3.0,,,,,106.36771214368594,,1.2915531456436522,10.777796403389784,27.664197519557288,16.910417236724417,-237.9146914842851,5968.371759228223,5730.457067743938
DEHHALKA1b4000CPbt_0,1713.072509765625,"(1979, 1983)",,,,490798.8931967087,8795.691694078414,7180.277503096581,-4111.3740234375,,,,,52717.00126043888,,1546.1393941580263,8144.819628345029,-3248.9316834863666,18553.98173418338,-24435.35664183,580376.4987040852,555941.1420622553
DEHHALKA1b4000CPbt_1,1990.797119140625,"(1979, 1983)",,,,567361.8224316939,10221.65587597698,8344.349516034568,-4777.9130859375,,,,,61259.50059034648,,1796.8006807258585,9463.583055400282,-3795.2559552899183,21561.097482322584,-28274.448964251787,671435.6405912733,643161.1916270215
DEHHALKA3zZ0002pbt_1,1350.97705078125,"(1979, 1983)",,,,345791.1578913416,6523.540781485615,4599.26829800853,-3377.442626953125,,,,,41572.938846432706,,1208.5734151581632,5981.87125632314,-1007.0621655503783,14547.080173859926,-18167.0939097265,415839.9258701062,397672.8319603797
DEHHALKA3zZ0002pbt_2,1268.55322265625,"(1979, 1983)",,,,325452.212040246,6123.849195280629,4315.542486894142,-3171.383056640625,,,,,39039.287137248306,,1134.68978098979,5615.711418656356,-935.784012619795,13658.14478745195,-17090.60664301365,391232.2697775067,374141.66313449305
DEHHALKA3zZ0002pbt_4,797.26171875,"(1979, 1983)",,,,220188.57156251546,3849.9824149073193,2714.5668890725465,-1993.154296875,,,,,24820.04590188339,,713.2414778093332,3539.3330968699925,-489.71039915065853,8589.630136527829,-11377.494453855441,261932.50678356018,250555.01232970474
DEHHALKA3zZ0002pbt_6,1539.37646484375,"(1979, 1983)",,,,417726.96239441773,7421.249595241351,5218.397968260124,-3848.441162109375,,,,,47370.86846233017,,1376.0594321639032,6817.733393289033,-957.9450455312408,16570.975637262898,-21673.508809334548,497695.8606753245,476022.35186599
DEHHALKA3zZ0002pbt_7,3402.38232421875,"(1979, 1983)",,,,809750.7332036683,16403.547097808776,11535.451067181133,-8505.955810546875,,,,,104675.48665419788,,3041.4878445334316,15006.119845593304,-2860.1996809641705,36593.70388567747,-43280.638945884035,985640.3741071494,942359.7351612654
DEHHALKA3zZ0002pbt_10,1758.7646484375,"(1979, 1983)",,,,538125.962797543,8485.193445730783,5973.74405670543,-4396.91162109375,,,,,54134.8952886951,,1572.7232541364037,7829.478087622286,-715.7057378198356,18956.315639866967,-27236.7861228448,629965.6952113865,602728.9090885418
DEHHALKAJ00010BSbt_0,1329.8388671875,"(1979, 1983)",,,,324240.55700415437,7015.666766649826,5921.298126464795,-3191.61328125,,,,,40920.72114506732,,1216.707817393813,6470.722612784953,-3450.9550254627284,14567.584056588174,-16453.421245519716,393710.6892223905,377257.26797687076
DEHHALKAJ00010d0bt_0,598.486328125,"(1979, 1983)",,,,190838.5021175992,2996.916228153694,2367.9052935979885,-1436.3671875,,,,,19024.92048837324,,533.5026395182008,2783.075232834917,-788.3150493384599,6414.299259573378,-9372.18596486712,222734.43902281212,213362.253057945
DEHHALKAJ00010d0bt_2,1112.301025390625,"(1979, 1983)",,,,320251.9068631309,5569.728905611658,4400.602799889323,-2669.5224609375,,,,,34418.26481652604,,991.5175719431927,5153.052579473119,-1689.3233283956083,11911.058066828879,-16016.76743089425,378337.28581407,362320.5183831758
DEHHALKAJ00010d0bt_4,819.23095703125,"(1979, 1983)",,,,247228.804928686,4101.1495944198,3239.1622552417557,-1966.1542968749998,,,,,25681.69879757328,,730.1784926077269,3800.6486744793838,-1167.0611243075489,8774.982201437057,-12259.738867856588,290423.40952326247,278163.6706554059
DEHHALKAJ00010d0bt_6,1029.189453125,"(1979, 1983)",,,,289966.6224395388,5072.877941809597,3922.4727167692945,-2470.0546875,,,,,31884.64101814172,,910.3560994496836,4686.667200486178,-1370.5371243157945,10941.280343670409,-14610.687883297389,343544.3259480499,328933.6380647525
DEHHALKAJ00010iS,2019.51904296875,"(1949, 1957)",-147175.44759580592,1133.3775599431788,15293.197700808076,48721.12151677762,3919.4069507899285,2236.8114503963234,-6998.635582980392,,,,,62129.8206061047,,2199.58854572155,8814.011063601905,155549.5485832922,1159.1050554436063,-76170.46757949716,277730.7781891474,201560.31060965027
DEHHALKAJ00010OEbt_0,2138.53515625,"(1979, 1983)",,,,561091.7537322603,10560.894919283175,8187.5437997161025,-5132.484375,,,,,65800.3242282203,,1893.3714732644157,9734.511419317352,-3176.162061054429,22742.07992480252,-28660.29011852497,671701.8330608098,643041.5429422848
DEHHALKAJ00010dobt_0,293.857421875,"(1979, 1983)",,,,115709.59611282211,1408.5660657552023,1046.189811225079,-705.2578125,,,,,9661.699328541401,,256.43250561585523,1318.1277280087052,-61.00477256460289,3095.0094839830126,-5536.448274052707,131729.3584508868,126192.91017683409
DEHHALKAJ00010dobt_1,1736.378173828125,"(1979, 1983)",,,,446222.6656811944,8350.803437824477,6233.1257298722285,-4167.3076171875,,,,,53428.676869861316,,1517.6673443911782,7682.60756908964,-1989.9015170884477,18246.186648661875,-23027.242677546572,535524.5241466191,512497.28146907256
DEHHALKAJ00010dobt_3,1949.3994140625,"(1979, 1983)",,,,495751.0161833706,9371.791818000544,6991.337297749961,-4678.55859375,,,,,59981.04534319473,,1703.5499575313577,8618.829685843451,-2257.8883474533695,20479.763896303382,-25642.06870676731,595960.8872407906,570318.8185340234
DEHHALKAJ00010iU,843.173828125,"(1958, 1968)",-46799.52017774052,321.50080861912903,3663.133507992914,34681.966173096895,1540.7961233493272,665.1785110665155,-3354.173291877828,,,,,25940.22386927066,,1039.7937204821267,4091.5808257447907,49859.49516057151,2040.3285134769594,-29505.37868284286,116505.18960518095,86999.81092233809
DEHHALKAJ00010kQ,1875.9150390625,"(1979, 1983)",,,,479681.4107524338,9985.43931037995,9140.019195389188,-4220.808837890625,,,,,57711.89405284851,,1671.0949909036415,9269.538674552765,-6265.019190350184,19964.029649279262,-23514.897870774526,576937.5985975465,553422.700726772
DEHHALKAJ00010hjbt_0,2279.134521484375,"(1979, 1983)",,,,465794.51254264516,10929.271194702971,8122.577691611527,-5469.9228515625,,,,,70120.24577704558,,1989.2685410852812,9986.293955254667,-3301.698824601397,23884.13120466686,-25362.279426712696,582054.6792308483,556692.3998041357
DEHHALKAJ00010hjbt_2,1692.25341796875,"(1979, 1983)",,,,346709.07812616986,8123.909883126201,6047.554751904093,-4061.408203125,,,,,52064.97912337183,,1477.8128413784484,7423.910485617978,-2471.8587356703606,17742.8153436648,-18860.874159274535,433056.7936164379,414195.9194571633
DEHHALKAJ00010mabt_1,385.5048828125,"(1979, 1983)",,,,106123.73929648525,2025.5980924061075,1829.374810629356,-867.385986328125,,,,,12343.06841495385,,341.0959377711516,1883.645369210447,-1161.5728010303983,4079.3031386421217,-5155.919990900515,126596.86627273975,121440.94628183923
DEHHALKAJ00010mabt_2,1800.1064453125,"(1979, 1983)",,,,453284.1779260442,9467.012787537627,8558.007432977434,-4050.2395019531245,,,,,55388.91621788133,,1593.4876814970883,8780.230978736858,-5724.302515136808,19044.22471917465,-22349.582412174146,546341.5157267593,523991.9333145852
DEHHALKAJ00010FRbt_1,276.05224609375,"(1979, 1983)",,,,86907.36988468008,1437.0268935166532,1743.2299159810593,-414.078369140625,,,,,9155.574093014375,,204.05289969075227,1372.7174178154683,-1681.4857371746534,2411.9684101940834,-3648.8138745157,101136.37540857721,97487.5615340615
DEHHALKAJ00010cH,3263.802978515625,"(1958, 1968)",-214701.17997359158,1474.9425359669033,16805.280985358426,68118.39383992067,5368.87757967375,2464.160843952701,-11840.378513603504,,,,,100409.7834011106,,3670.5173392170864,14393.29768493912,225245.06970790954,2653.796814626774,-124161.23213215638,410483.5186977468,286322.2865655904
DEHHALKAJ00010F3,630.4287109375,"(1979, 1983)",,,,159703.51869039523,3357.953677705314,3075.710029501289,-1418.464599609375,,,,,19395.24508604932,,561.7889124004164,3116.446997489472,-2121.6211177261757,6710.896139878833,-7840.081776538993,192381.47381608433,184541.39203954535
DEHHALKAJ00010GS,1089.8603515625,"(1984, 1994)",,,,333495.7597042621,6014.700277351336,5701.73806244363,-2452.185791015625,,,,,33529.727336528405,,991.9301190931076,5694.71744655617,-3328.088674615451,10236.946280436738,-19022.232737475195,389885.24476104043,370863.01202356524
DEHHALKAJ00010cWbt_1,794.0029296875,"(1979, 1983)",,,,194846.95408954954,4105.691084286718,3645.119330216584,-1786.506591796875,,,,,24588.080415414992,,696.7205113753773,3802.420708409117,-2354.83804744063,8330.977691083815,-9693.820201535376,235874.61919109864,226180.79898956325
DEHHALKAJ00010oBbt_0,4.0,"(1979, 1983)",,,,7618.801098789372,19.543553326989233,16.253495643634032,-9.0,,,,,184.05648224787427,,3.409949074236823,21.768190595704993,34.73450930645375,42.7888876588988,-319.78328868121577,7932.356166643164,7612.5728779619485
DEHHALKAJ00010oBbt_1,1232.595703125,"(1979, 1983)",,,,334531.8837536808,6817.073539696185,6479.371740681745,-2773.34033203125,,,,,37946.65048956271,,1120.465415593829,6348.345671023855,-4732.864946983927,13370.551208293124,-16081.634011707389,399108.1365395171,383026.5025278097
DEHHALKAJ00010g4,309.11474609375,"(1949, 1957)",-22003.780012338582,197.9670715679668,3166.2054493396754,24926.600913928713,1053.7348006321313,738.9213004479944,-1170.6229452175094,,,,,9511.34795982157,,383.431128736741,1638.0655972234063,23802.43257162309,788.2829026830561,-10623.828281938875,61672.19422987919,51048.365947940314
DEHHALKAJ00010e6,2335.155029296875,"(1949, 1957)",-170177.88856159995,1310.516144132486,17683.41212201483,100921.8026458382,5487.056640940461,4440.396843666659,-8173.042602539063,,,,,71840.29942909753,,2653.757923505803,11156.004484635647,179156.00221400187,1941.5367821629711,-90646.41891232884,369423.8143613101,278777.39544898126
DEHHALKAJ00010eLbt_1,251.5595703125,"(1979, 1983)",,,,85280.14935771083,1276.1587715366186,1526.8062514207236,-377.33935546874994,,,,,8459.089491120598,,183.02221669208947,1222.150753723746,-1395.8283635197768,2167.4921274415615,-3593.252876499795,98341.70125065766,94748.44837415786
DEHHALKAJ00010IHbt_1,156.59814453125,"(1979, 1983)",,,,65482.77280289369,784.4953431995023,1451.8984299202236,,,,,,5586.743999585972,,68.79414259230285,793.0546159646842,-1848.3908520407924,776.810100485271,-2184.995124520933,73096.17858260087,70911.18345807993
DEHHALKAJ00010IHbt_3,1.0,"(1979, 1983)",,,,4228.658123962851,3.1505777797783705,5.83090641831698,,,,,,64.46931808908597,,0.27628117733147006,5.402642457195926,18.442818316760913,4.267274763029485,-170.24640529289462,4330.497942964351,4160.251537671456
DEHHALKAJ00010hfbt_0,349.47265625,"(1979, 1983)",,,,96726.61799943136,1895.086526888039,1767.241246578304,-786.3134765625,,,,,11229.90464306826,,314.37224052005587,1764.5899484709785,-1220.2005889906031,3754.9908346979773,-4659.179935164218,115446.28937410188,110787.10943893767
DEHHALKAJ00010hfbt_1,1898.00390625,"(1979, 1983)",,,,488289.3124620491,10287.579689912782,9589.219404272919,-4270.5087890625,,,,,58400.66182759548,,1706.9567584563724,9558.3029677638,-6854.824492240077,20378.258183157417,-23799.067148844617,587084.9580119054,563285.8908630608
DEHHALKAJ00010hfbt_2,343.4482421875,"(1979, 1983)",,,,94852.8282127055,1861.561585426464,1735.19165977628,-772.7585449218749,,,,,11038.017826755216,,308.87781434560156,1733.2298121298986,-1198.0281675718074,3689.3731329470693,-4570.985220410084,113248.29333159233,108677.30811118224
DEHHALKAJ00010Nkbt_0,1238.1494140625,"(1979, 1983)",,,,253176.7347232968,5935.890723271103,4409.882028955585,-2971.55859375,,,,,38095.01229376513,,1080.5485572095756,5423.7411393475795,-1788.5032617781203,12973.761386624017,-13784.444928906447,316335.5089969417,302551.0640680352
DEHHALKAJ00010nL,362.155517578125,"(1979, 1983)",,,,95840.51452079075,1844.3803002303991,1810.6056025882044,-724.31103515625,,,,,11142.077390910694,,298.2407778797932,1724.4121140995685,-1366.3789868176802,3556.226177802506,-4505.7012094349275,114125.76686232799,109620.06565289306
DEHHALKAJ00010m4,648.736328125,"(1958, 1968)",-36007.461172784766,247.36210626531908,2818.407903731415,51724.171373681675,1648.2860758268594,617.835455714461,-3615.5722761430206,,,,,19959.00853725658,,1120.8274056043365,4417.151145520502,39598.75770520533,1523.3057114166397,-25077.403497135845,116993.77113408336,91916.36763694751
DEHHALKAJ00010FLbt_0,2049.407958984375,"(1979, 1983)",,,,518826.71257729316,9923.101743841155,7480.5155656736315,-4918.5791015625,,,,,63057.35237741316,,1797.1295871217126,9127.670400677993,-2593.6377976855274,21597.861350174062,-26818.314649870645,624298.1267029467,597479.8120530761
DEHHALKAJ00010cMbt_0,2602.054443359375,"(1979, 1983)",,,,534636.4917886752,12540.330889060313,9389.177472944202,-6244.9306640625,,,,,80054.73561819748,,2276.603181909578,11463.101969329051,-3932.349653787331,27329.404605825403,-29033.24333307638,667512.5652080914,638479.321875015
DEHHALKAJ00010cMbt_1,1469.501953125,"(1979, 1983)",,,,309120.9707550683,7078.154821577296,5295.184522353688,-3526.8046875,,,,,45212.647718989465,,1285.3573856641303,6473.95372526845,-2162.428814858599,15432.451055450449,-16691.48247171224,384209.48648201313,367518.0040103009
DEHHALKAJ00010mCbt_1,444.7900390625,"(1979, 1983)",,,,137306.64189741254,2551.8106320261504,2508.0690640357616,-1000.777587890625,,,,,14351.674079299653,,412.37954007395643,2388.659458217743,-1866.0351894026753,4918.357699504245,-6422.27068944709,161570.7795932767,155148.5089038296
DEHHALKAJ00010mCbt_2,996.7177734375,"(1979, 1983)",,,,281944.8106857411,5727.850140094406,5637.970618159278,-2242.614990234375,,,,,30924.422472037728,,924.9290015023973,5347.511532714925,-4377.200311667946,11023.206569256015,-13337.482362606852,334910.88571760355,321573.4033549967
DEHHALKAJ00010mCbt_3,827.095703125,"(1979, 1983)",,,,233593.55838628486,4750.503144425656,4673.726349058717,-1860.96533203125,,,,,25837.01690140105,,767.2979389332611,4434.776262264686,-3627.2198410463784,9144.67295359069,-11054.22920318048,277713.3667628813,266659.1375597008
DEHHALKAJ00010mCbt_5,955.916015625,"(1979, 1983)",,,,269340.8119900329,5419.607376633915,5270.650658189693,-2150.81103515625,,,,,29703.26493090086,,880.5972220368003,5056.882825985163,-3990.975930892591,10500.389508998498,-12793.500209259159,320030.417546729,307236.9173374698
DEHHALKAJ00010mCbt_6,404.677734375,"(1979, 1983)",,,,125847.32660653479,2324.3052072015776,2286.740195698949,-910.52490234375,,,,,13130.340604031357,,375.4201482911001,2176.2899462231326,-1699.3382176746375,4477.609126770398,-5879.080669341579,148008.16871473292,142129.08804539134
DEHHALKAJ00010mCbt_7,1208.5849609375,"(1979, 1983)",,,,345657.31050429615,6938.6097155151,6823.856793275115,-2719.316162109375,,,,,37282.7060341048,,1120.9418499729677,6479.781375602153,-5263.311741155819,13360.89720924743,-16330.671485020313,409681.4755787486,393350.8040937283
DEHHALKAJ00010mCbt_8,772.966796875,"(1979, 1983)",,,,219600.79347392143,4384.392461631951,4265.665602127053,-1739.17529296875,,,,,24243.687053916605,,712.2404441397065,4092.0271739709624,-3221.234143283655,8493.237075098712,-10417.379843363758,260831.633848554,250414.25400519022
DEHHALKAJ00010H1,548.575927734375,"(1958, 1968)",-27065.029606178363,185.92987429443164,2118.4579771048166,45999.58710179943,1371.9480456555307,510.199170899113,-2995.4599816650684,,,,,16877.674880360646,,928.5925943161711,3662.947410958674,30038.75289172867,1663.9770147735073,-19723.773264596504,98058.21912882668,78334.44586423018
DEHHALKAJ00010oXbt_1,218.86474609375,"(1979, 1983)",,,,75907.43942258827,1162.2492416671464,1424.5172774625958,-328.297119140625,,,,,7371.933161141238,,163.79078357680862,1114.3592091601859,-1353.942972541726,1936.4686743982325,-3164.0397942601708,87398.51767831213,84234.47788405196
DEHHALKAJ00010oXbt_3,2.0,"(1979, 1983)",,,,3489.5209031270883,7.607761948798159,7.441144718252115,-3.0,,,,,88.54766834144584,,1.2325187060429106,8.841419960210521,14.602956706086886,15.593972057992062,-144.60186884822116,3630.388345565917,3485.7864767176957
DEHHALKAJ00010IT,575.7099609375,"(1958, 1968)",-28403.7383880431,195.12646336714943,2223.2425769825213,46839.07918261577,1413.2453457691367,529.0598859543045,-3084.5947336536374,,,,,17712.423082722216,,956.2243674326278,3771.6985981683247,31455.08122903398,1738.9345282403676,-20559.387307381585,101331.1514862831,80771.7641789015
DEHHALKAJ00010c6bt_0,1959.10400390625,"(1979, 1983)",,,,509372.38593941333,9572.998876849533,7312.177713628778,-4701.849609375,,,,,60280.39027135706,,1725.5836548381471,8816.997466391571,-2644.6730775773144,20734.249512283874,-26129.040273883475,610468.2607478099,584339.2204739264
DEHHALKAJ00010mKbt_1,587.4423828125,"(1979, 1983)",,,,150739.38026989734,3112.803865395628,2836.036131359365,-1321.745361328125,,,,,18452.67853704066,,522.0635646700304,2889.4201477580186,-1917.452655109033,6238.229682013944,-7393.824610087529,181551.41418169785,174157.58957161033
DEHHALKAJ00010mKbt_5,1272.263671875,"(1979, 1983)",,,,326717.0620034764,6744.781895309173,6148.066013714099,-2862.59326171875,,,,,39153.00458833631,,1130.9465221264372,6261.011356471189,-4160.323486271458,13513.692642777754,-16021.563237937138,392645.6482742212,376624.08503628406
DEHHALKAJ00010mKbt_6,4.0,"(1979, 1983)",,,,2763.1047772317097,18.793558236646295,14.865448278463294,-9.0,,,,,142.97905410900265,,3.344180335600145,18.32961290012569,5.2387315202957465,40.65924572917016,-122.53288217448532,2998.314608341014,2875.7817261665286
DEHHALKAJ00010mKbt_7,1081.10546875,"(1979, 1983)",,,,272540.1970218971,5645.387012048118,5065.174118513063,-2432.4873046875,,,,,33288.534948905544,,953.4807809613831,5234.533852480436,-3318.9989523503664,11398.712987897916,-13459.921234158772,328374.5344656657,314914.6132315069
DEHHALKAJ00010jFbt_0,1671.42822265625,"(1979, 1983)",,,,447382.2545264814,8181.464345207725,6264.67764265434,-4011.427734375,,,,,51432.54014332737,,1473.4406489376038,7543.1293243895625,-2213.8979839235994,17707.016291593798,-22804.98601448638,533759.1972042932,510954.2111898068
DEHHALKAJ00010jFbt_2,3374.3359375,"(1979, 1983)",,,,871527.3824241505,16465.527778729112,12552.049383611366,-8098.406249999999,,,,,103815.27659172477,,2970.116668207086,15160.97044253409,-4526.663585504043,35688.620512233094,-44781.83435290545,1045554.8739656861,1000773.0396127807
DEHHALKAJ00010jFbt_3,267.119140625,"(1979, 1983)",,,,96768.17124339867,1302.165157168543,991.2785386378017,-641.0859375,,,,,8725.3129875569,,235.00820298592612,1214.4726592406503,-173.45983360374277,2831.984539682174,-4676.778908466951,111253.84755756691,106577.06864909997
DEHHALKAJ00010Hg,2041.070556640625,"(1958, 1968)",-120840.08557632356,830.1406740676645,9458.502243232473,118893.01542647279,4516.9307340324785,1798.9326556676954,-9918.606761391618,,,,,62792.85107311544,,3074.7680960314015,12101.57104225219,130402.92225322188,3755.0698190174567,-78425.05484280307,327417.45433841966,248992.39949561658
DEHHALKAJ00010vcbt_0,542.23388671875,"(1979, 1983)",,,,128928.36949625527,2785.9135317480022,2276.1553923940705,-1301.361328125,,,,,16909.85338163158,,489.5562684049753,2565.0529295886836,-1206.050434317926,5866.9683760221815,-6657.462042967701,157314.45761360181,150656.9955706341
DEHHALKAJ00010vcbt_1,1980.101318359375,"(1979, 1983)",,,,546408.043206994,9992.164501506093,7976.426539120497,-4752.2431640625,,,,,60928.83785662701,,1771.8383424381443,9234.39558066081,-3385.285383417648,21271.42910956958,-27500.57628335317,649445.6065894361,621945.0303060829
DEHHALKAJ00010t7bt_1,808.16796875,"(1979, 1983)",,,,195699.78993560758,4133.497751471341,3626.0525186800023,-1818.3779296875,,,,,24996.32808316516,,705.1653817461756,3824.9753270921155,-2282.15846297614,8434.947206759964,-9787.823688543234,237320.2198118587,227532.39612331547
DEHHALKAJ000115Vbt_1,150.711669921875,"(1979, 1983)",,,,64879.97002004137,671.0583567830506,1241.9558421143915,,,,,,5431.251966313931,,58.846600791803034,683.3379807487655,-1523.288157166876,667.0499519205961,-2230.043438534948,72110.18256154703,69880.13912301208
DEHHALKAJ00010us,2035.4248046875,"(1949, 1957)",-148334.60358814953,1142.3040582936642,15413.647151083724,49123.378055284236,3950.7701056160768,2254.8168773401294,-7054.018770085677,,,,,62619.155865396526,,2217.008360383457,8883.900300138526,156774.75557010248,1168.7959048087705,-76771.38418473178,279938.56226898456,203167.17808425278
DEHHALKAJ00010uR,297.6181640625,"(1958, 1968)",-11012.665723807058,75.65421444086,861.993128818235,25982.914789258764,694.2115046060134,257.1740183433893,-1499.3061178744742,,,,,9156.760132928166,,464.78489654108705,1836.9096145863746,12488.49255169632,1303.2826923485416,-8953.716512149456,50685.22408243418,41731.507570284724
DEHHALKAJ00011Iz,3129.6142578125,"(1969, 1978)",,,,851949.5546884732,13589.719610239259,3283.029200576172,-21291.28739827474,,,,,96281.51976080936,,6600.299093465171,27173.555276176547,17445.31224998463,14126.338818768607,-48441.49723423111,1009158.0413002182,960716.5440659871
DEHHALKAJ00011Ad,125.828369140625,"(1919, 1948)",,,,50281.096310791625,1009.3051698237407,2179.8480445683654,,,,,,3872.5317647046923,,101.67472818143153,1161.3783627463883,-2421.272847205086,1163.542090309458,-2243.7352589629772,57348.10362392061,55104.36836495763
DEHHALKAJ00010ta,4191.6552734375,"(1969, 1978)",-31020.48458716139,213.1028446585052,2428.0628539319096,1134553.5537985074,19331.804299725583,4834.976648489751,-29760.05383219401,,,,,128954.84363139457,,9225.616687980144,37900.18043900255,55484.024755319966,20991.295976007124,-82089.84265987032,1381516.2424042334,1299426.399744363
DEHHALKAJ00011DAbt_2,3132.5771484375,"(1979, 1983)",,,,792339.2264974291,16738.66052829391,15381.38665173707,-7048.298583984375,,,,,96380.81949167674,,2796.166001048996,15536.039766606866,-10704.281850034633,33397.15196329769,-38874.75082067941,954816.8704660714,915942.119645392
DEHHALKAJ00011DAbt_3,4.0,"(1979, 1983)",,,,2823.0921480250518,19.427862594968246,16.03938195432578,-9.0,,,,,143.40793565969003,,3.3998038964683994,18.974775465921162,3.7901398272919113,41.28937372069181,-124.58626081961556,3060.4214211444087,2935.835160324793
DEHHALKAJ00011DAbt_4,739.1328125,"(1979, 1983)",,,,196843.10411219872,3949.0328207881876,3628.391555557024,-1663.0488281249998,,,,,23112.695154016263,,659.7160675962969,3669.8791589633647,-2470.8081437870774,7882.075398341508,-9506.901504818334,235611.0372955493,226104.13579073097
DEHHALKAJ00011Apbt_0,749.1240234375,"(1979, 1983)",,,,190422.2194360554,3910.0502335335295,3506.497163408314,-1685.529052734375,,,,,23318.3262043895,,660.534199379126,3626.303054119617,-2284.4104996864107,7897.1836992621575,-9391.822215309585,229371.17443772685,219979.35222241725
DEHHALKAJ00011Apbt_2,1633.02734375,"(1979, 1983)",,,,408936.8147686953,8534.370500199624,7663.838233393183,-3674.3115234375,,,,,50249.5107872128,,1440.855176573387,7911.990528657195,-5051.348070271054,17223.83493099007,-20215.634973680855,493235.555332013,473019.92035833217
DEHHALKAJ000114x,1902.276611328125,"(1969, 1978)",-14077.861477818773,96.71133019221782,1101.9148466570957,528976.4573806084,8792.938454725341,2198.9569833231253,-13549.599256388346,,,,,58522.90393357061,,4200.375769480388,17258.57604769824,25396.986410356065,9554.114004620737,-37424.576639459425,641351.7097279944,603927.1330885349
DEHHALKAJ00010q6bt_0,1468.360595703125,"(1979, 1983)",,,,407103.21400396613,7312.094129020121,5734.2076581360025,-3524.0654296875,,,,,45190.89897902283,,1305.355806275425,6754.726076628532,-2214.6043468494377,15680.195480863433,-20530.967295986837,483342.0223573756,462811.05506138876
DEHHALKAJ00010q6bt_2,781.785888671875,"(1979, 1983)",,,,265542.41875379026,3885.8606060221173,3039.591930085364,-1876.2861328124998,,,,,24777.553547160485,,694.3628538746249,3616.651173405794,-839.8227135156184,8355.578106221981,-12922.24646973037,307195.90812423255,294273.66165450215
DEHHALKAJ00010smbt_1,2395.46142578125,"(1979, 1983)",,,,649637.4736035991,12102.526301619122,9676.147753526462,-5749.107421875,,,,,73705.54251063056,,2144.768749525895,11178.920703346466,-4211.269849626871,25744.027174864368,-32796.769739501106,774229.02952561,741432.259786109
DEHHALKAJ00010wVbt_1,2108.89404296875,"(1979, 1983)",,,,573256.4282794778,10517.9968567053,8265.577102137648,-5061.345703125,,,,,64889.96812998739,,1876.202920658625,9710.51789145028,-3302.2257655876783,22532.6021838944,-29011.529814507416,682685.7218955987,653674.1920810912
DEHHALKAJ000116bbt_0,1521.22265625,"(1979, 1983)",,,,376466.10972643783,7902.466479493921,7051.038659777027,-3422.7509765625,,,,,46809.88248486693,,1338.033246718191,7321.898778252301,-4596.612673491871,15997.331279007989,-18678.65370370324,454867.39700449986,436188.7433007966
DEHHALKAJ000116bbt_1,364.42578125,"(1979, 1983)",,,,99642.28633923945,1893.1236060411582,1689.1546162923485,-819.9580078125,,,,,11681.030165856557,,320.54072378581213,1759.3299657257917,-1039.4952826147246,3835.0745803684304,-4859.6867993195865,118961.08670688233,114101.39990756274
DEHHALKAJ000112ibt_0,2711.553955078125,"(1979, 1983)",,,,572891.011523379,13324.15194905197,10258.266492353274,-6507.7294921875,,,,,83423.75830181665,,2394.8650107713115,12200.976630987843,-4740.99348529031,28731.32701748688,-30720.12403508019,711975.6339483692,681255.509913289
DEHHALKAJ00010qnbt_0,245.83203125,"(1979, 1983)",,,,84361.62683971453,1263.8976308628912,1523.126207344556,-368.74804687499994,,,,,8281.357908647062,,180.3279001822432,1211.0907247084572,-1406.088800765495,2134.6628817949904,-3542.79757957571,97181.25324561422,93638.45566603851
DEHHALKAJ00011CB,771.3798828125,"(1958, 1968)",-42814.66903528565,294.12589409734625,3351.2277087699317,32028.693818998538,1415.2021243704926,610.4759843656332,-3080.263041162562,,,,,23731.560034211394,,954.8815427603943,3757.617290899195,45625.60866753651,1888.6972375772345,-27029.978556799186,106932.47365955682,79902.49510275765
DEHHALKAJ00010tV,784.91015625,"(1958, 1968)",-43565.653332505506,299.28496534208284,3410.009417058279,32532.19315964742,1438.9362589229872,620.8075776355099,-3132.0191721099354,,,,,24147.807000448454,,970.9259433540799,3820.722654081213,46423.65915137432,1917.5289653977486,-27496.91839357323,108740.5615387518,81243.64314517858
DEHHALKAJ00010qObt_1,255.96484375,"(1979, 1983)",,,,49445.07141412299,1066.2634953127767,1123.721266246138,-383.947265625,,,,,8180.43546815199,,165.86135320861422,998.7417610340874,-990.1036272952451,1970.2887063257558,-2278.743995847972,61576.33257148211,59297.58857563414
DEHHALKAJ00010txbt_0,3319.781494140625,"(1979, 1983)",,,,837352.7574293776,16028.146894183408,12032.313660141635,-7967.4755859375,,,,,102136.4744633268,,2907.0866973648413,14739.57205046315,-4087.9688520230275,34940.450713344995,-43345.065797689764,1008081.357470242,964736.2916725522
DEHHALKAJ00010txbt_1,5.0,"(1979, 1983)",,,,7139.078655614257,23.93341745797957,17.739141926083764,-12.0,,,,,210.62360642124594,,4.36028315898819,25.287126247952152,32.78194476470739,54.12561824031035,-304.74270478762514,7495.929793831524,7191.187089043899
DEHHALKAJ00010txbt_3,1025.52490234375,"(1979, 1983)",,,,276145.6884186306,4935.148842468545,3687.0344466626602,-2461.259765625,,,,,31704.606343000032,,896.620845642783,4547.441934959101,-1101.9659978713794,10783.01822870211,-14111.368079414367,329136.3332965695,315024.9652171551
DEHHALKAJ00010txbt_4,917.706298828125,"(1979, 1983)",,,,252820.43428108198,4419.678222946722,3305.665390339278,-2202.4951171875,,,,,28497.143286330527,,802.6515417812203,4075.8034321370324,-958.7074938799883,9654.268194860855,-12858.078105468298,300414.44173841004,287556.36363294173
DEHHALKAJ000115Cbt_1,2089.410400390625,"(1979, 1983)",,,,549466.842614196,10308.92102763331,7982.111027818342,-5014.5849609375,,,,,64289.203673292104,,1849.0561111697568,9502.562855619086,-3067.757342499538,22210.973533205888,-28059.149857979784,657527.3285394975,629468.1786815177
DEHHALKAJ00010wo,2266.988525390625,"(1949, 1957)",-165210.15341774328,1272.2603098356471,17167.20811569919,99458.45312464394,5357.50494414306,4376.914056241554,-7934.4598388671875,,,,,69743.20856037005,,2579.375857865358,10861.60511296626,173898.1766649778,1901.1965504157183,-88086.66105081353,360241.97503275657,272155.31398194307
DEHHALKAJ00011CH,281.9130859375,"(1979, 1983)",,,,115854.9882746796,1335.4606757021913,1535.8024117183568,-422.86962890625,,,,,8673.752611893126,,196.80312441083822,1289.6662672592647,-1157.312074696483,2343.4278980589124,-4910.847610674543,129649.71956011957,124738.87194944503
DEHHALKAJ00011Az,630.8408203125,"(1979, 1983)",,,,152671.99923541752,3231.957629337329,2840.4719069352977,-1419.391845703125,,,,,19407.858785950106,,550.9147864178551,2990.887702725995,-1797.7216973945817,6589.379142452686,-7633.296344498972,185066.35564613907,177433.0593016401
DEHHALKAJ000116qbt_0,492.901611328125,"(1979, 1983)",,,,157660.5887361932,2427.694666303063,1875.1927464353346,-1182.9638671875,,,,,15748.865115493263,,435.8301866654333,2253.3021460611526,-528.5527716297936,5243.701315237875,-7763.540117124025,183933.65827357201,176170.11815644798
DEHHALKAJ000116qbt_1,3410.601806640625,"(1979, 1983)",,,,886166.0917525658,16820.05074232282,13015.568695732429,-8185.4443359375,,,,,104931.15502336134,,3017.6086902844913,15498.069790482086,-5055.953746084305,36245.24206516292,-45368.85661499046,1062452.38867789,1017083.5320628994
DEHHALKAJ000116qbt_2,500.728759765625,"(1979, 1983)",,,,159666.65458928887,2466.145942744834,1904.785466112826,-1201.7490234375,,,,,15988.75630296314,,442.74229724303973,2288.709450850347,-539.9015604052295,5326.729454627435,-7866.62580072527,186342.87291998774,178476.24711926247
DEHHALKAJ00011dJbt_0,2015.93505859375,"(1979, 1983)",,,,533460.4012947571,9970.12638768717,7745.323548395748,-4838.244140625,,,,,62029.264345300624,,1786.113432934881,9193.129995816877,-3007.065494459267,21453.790298043732,-27192.8920803797,637792.8396678519,610599.9475874723
DEHHALKAJ00011cK,1854.052734375,"(1969, 1978)",-17151.223836000907,117.82454843852621,1342.4757881732407,488535.7385598013,9360.608044379798,2363.9107633867347,-15135.43506844931,,,,,57039.3091683237,,4691.984871219286,19335.49862081903,28153.85097728115,10889.654382936544,-41910.3676858078,605235.1203196982,563324.7526338905
DEHHALKAJ00017ydbt_0,1094.767578125,"(1979, 1983)",,,,275154.9266131766,5705.673736142018,5108.723669964284,-2463.22705078125,,,,,33703.12021801977,,964.5606411019378,5289.560153162092,-3334.2855223604342,11531.840764518302,-13603.027514521633,331660.8932229433,318057.8657084217
DEHHALKAJ00017ydbt_1,1008.275390625,"(1979, 1983)",,,,257646.72194226974,5324.533507070057,4833.988565856653,-2268.61962890625,,,,,31098.03735582173,,894.462077663315,4941.169956163065,-3245.2554655073222,10689.263757429359,-12657.849020428719,309914.3020678604,297256.45304743166
DEHHALKAJ00017ydbt_2,4.0,"(1979, 1983)",,,,2976.1806129872443,18.858384939933913,14.985425776782574,-9.0,,,,,144.87576719229884,,3.349865133487624,18.511277400628224,6.440479680633531,40.78353001241592,-131.1689701109987,3214.985343123425,3083.8163730124265
DEHHALKAJ00017xx,1821.58984375,"(1949, 1957)",-132236.9883877299,1046.3486599067503,14604.98544976133,92554.50613450089,4596.476765724756,3944.388091271102,-6330.02470703125,,,,,56041.61022596723,,2077.8028839380345,8872.73818100278,139567.02976186684,1882.3192404500687,-69545.13760821642,303206.84657769045,233661.708969474
DEHHALKAJ00018HM,2063.482666015625,"(1919, 1948)",-203611.63012822144,1398.7601471524895,15937.269914457434,179741.28251432034,7440.82618308706,11984.298408742146,-5942.830078124999,,,,,63482.40732938695,,2322.447206758321,12702.161130577493,198700.99179490155,5293.853135053972,-115770.07582188645,475725.4376247028,359955.3618028164
DEHHALKAJ00018Kk,5639.3310546875,"(1969, 1978)",,,,1527708.6011012287,24799.373367753906,5990.584684492187,-39058.00688476562,,,,,173492.0909445016,,12107.982134277343,49873.41446280601,31429.594685263746,25820.782847785245,-88600.94597157606,1812164.4173433427,1723563.4713717666
DEHHALKAJ00018CN,1930.560302734375,"(1984, 1994)",,,,463507.38304612564,9572.132671715644,7455.847143673855,-4633.3447265625,,,,,59393.03616322415,,1717.0396349217658,8896.025009818046,-2670.2198386338832,17544.012338528286,-27166.965769570397,560781.911442811,533614.9456732406
DEHHALKAJ00018HHbt_1,242.92333984375,"(1979, 1983)",,,,85915.88853408708,1378.8634930773073,1745.5535462823561,-364.385009765625,,,,,8195.547093382513,,189.58725870563325,1323.461740176941,-1749.649667583704,2235.6535358886963,-3525.10183125794,98870.5205242512,95345.41869299326
DEHHALKAJ00018HHbt_4,2.0,"(1979, 1983)",,,,2826.307191115261,6.9096282210853195,6.1490793517367965,-3.0,,,,,83.12653396186792,,1.1712978057162156,7.797374092725706,12.302156442141282,14.727624046774324,-118.02594100357524,2955.4908850373095,2837.4649440337344
DEHHALKAJ00018Aqbt_0,256.037109375,"(1979, 1983)",,,,86890.8729466628,1366.4783757714308,1679.1016545333543,-384.05566406249994,,,,,8571.70579085436,,192.20829289023752,1307.5577851401808,-1634.6251307912223,2270.714025793,-3504.104357774203,100259.95807679165,96755.85371901744
DEHHALKAJ00018Aqbt_3,2.0,"(1979, 1983)",,,,4124.356447760229,8.292930335853473,8.709214585103574,-3.0,,,,,93.72040024190613,,1.2926026467921097,9.857094560723633,16.75626795972452,16.439583022751588,-170.03027035601414,4276.424541113083,4106.3942707570695
DEHHALKAJ00018JBbt_0,2957.1845703125,"(1979, 1983)",,,,811858.0391195095,16739.342681054244,16255.954134181877,-6653.665283203125,,,,,90987.28241058758,,2721.8536063195907,15606.234235416481,-12408.683048417013,32451.77142432384,-38723.86697009631,967558.129279773,928834.2623096767
DEHHALKAJ00018JBbt_2,1032.3818359375,"(1979, 1983)",,,,284999.65198448696,5764.328130961291,5527.905444324868,-2322.859130859375,,,,,31944.059032286554,,943.2505716587482,5372.473115959661,-4091.0276424112467,11252.844848914938,-13631.68714975036,339390.6263553225,325758.9392055721
DEHHALKAJ00018JBbt_3,227.9736328125,"(1979, 1983)",,,,74816.21334907046,1290.4601221728954,1253.1950004091889,-512.940673828125,,,,,7521.119560672923,,209.83162865309723,1209.945817380561,-876.8404672079353,2505.2926850180897,-3483.2060071448955,87416.27702234116,83933.07101519627
DEHHALKAJ00018JBbt_4,467.2900390625,"(1979, 1983)",,,,140963.01454973634,2645.1267783004187,2568.742417575013,-1051.402587890625,,,,,15023.674048168636,,430.1033796767988,2473.1623987341763,-1878.1337435416353,5131.64972688095,-6635.155224447424,166305.93696764007,159670.78174319264
DEHHALKAJ00018JBbt_6,805.4248046875,"(1979, 1983)",,,,224653.911862594,4500.421757400198,4318.7927739221,-1812.205810546875,,,,,25183.39756089507,,736.1785727732578,4195.8836821815075,-3186.219919448548,8782.907887827128,-10726.866873611087,267373.0683675978,256646.20149398674
DEHHALKAJ00018IEbt_1,2018.47900390625,"(1979, 1983)",,,,511816.8394005707,9766.702507466873,7355.327326463559,-4844.349609375,,,,,62105.89590453623,,1769.4253709428697,8983.971761671932,-2529.8772763118777,21265.733537385364,-26451.04888671499,615689.6689233507,589238.6200366358
DEHHALKAJ00018Agbt_1,2096.561279296875,"(1979, 1983)",,,,550840.0911054981,10342.948094401283,8007.107403764673,-5031.7470703125,,,,,64509.13960880554,,1855.2743750937946,9533.591410256582,-3077.9261683778154,22285.630448592943,-28135.295701981657,659264.1092077225,631128.8135057408
DEHHALKAJ00018Eb,783.423828125,"(1958, 1968)",-43483.15617621763,298.7182308466307,3403.5521265483644,33113.90289437738,1448.5629533867568,618.8815476646843,-3158.292413927872,,,,,24102.108048912592,,979.0706483176405,3852.328582817815,46357.3244872627,1787.700804078381,-27451.31164454291,109101.58755289008,81650.27590834716
DEHHALKAJ00018DZbt_0,155.06689453125,"(1979, 1983)",,,,83384.53472046553,950.3455742381499,1758.8444075277444,,,,,,5754.00104757775,,83.33791846292338,962.9837076161571,-2212.6908022269245,942.2098837111339,-2812.1574277441405,91623.5664573725,88811.40902962835
DEHHALKAJ00018BC,781.921875,"(1958, 1968)",-43399.79176992935,298.1455385641042,3397.026953878031,40955.663442923396,1592.0455032595212,652.803584231923,-3477.251014611061,,,,,24056.114869244342,,1077.9478145294288,4243.733075005957,46650.70471014053,1824.940329584491,-28169.406121630083,117576.70231430854,89407.29619267845
DEHHALKAJ00018Aebt_0,1.0,"(1979, 1983)",,,,2518.791966285394,2.303841301452369,4.263815709500545,,,,,,50.97333154222725,,0.20202897107809298,3.6299987985336633,9.746278877248123,2.9544957167755164,-101.1448516755085,2592.86575720221,2491.7209055267012
DEHHALKAJ00018Aebt_1,112.166748046875,"(1979, 1983)",,,,54608.578634747675,558.3876241178194,1033.4313922592323,,,,,,4099.509911036852,,48.966253488096996,567.3777141438613,-1281.8238412234768,554.5420856093846,-1766.2233136989942,60188.96977417945,58422.746460480455
DEHHALKAJ000186hbt_0,337.203125,"(1979, 1983)",,,,115078.29397813899,1489.0871971498075,1636.5940608091043,-505.8046875,,,,,11153.324567099879,,225.90483776107766,1425.0437714632167,-1223.4541310858583,2691.618030935352,-4983.618315331108,131970.60762477157,126986.98930944045
DEHHALKAJ000186hbt_2,134.65625,"(1979, 1983)",,,,66529.7469551593,593.7011993651581,651.8057542703013,-201.984375,,,,,4687.637976955624,,90.1287615189701,579.6662857560151,-351.63696483123255,1079.8969781323751,-2828.464595650911,73658.96257132648,70830.49797567558
DEHHALKAJ00018KPbt_0,365.4599609375,"(1979, 1983)",,,,97829.39314418776,1902.8242421979344,1701.958660308627,-822.2849121093749,,,,,11683.98215578595,,321.82992031688906,1767.3241645083995,-1068.668655305286,3849.532773219965,-4785.492884830419,117165.89149311087,112380.39860828046
DEHHALKAJ00018KPbt_1,1415.4833984375,"(1979, 1983)",,,,352435.7366793308,7379.463951413753,6609.586994436486,-3184.837646484375,,,,,43557.50768792038,,1247.333072536835,6839.506063601467,-4339.4282948800355,14911.385523763889,-17451.216650838796,425456.25403163926,408005.03738080047
DEHHALKAJ000189D,1904.2724609375,"(1969, 1978)",-14092.631829388058,96.81279875332866,1103.070964701742,514572.6562793917,8669.055272856445,2169.3180322091052,-13268.018371582031,,,,,58584.303705485036,,4113.08569519043,16887.225348556796,25155.27345063532,9402.020865176772,-36794.474649333744,626284.9202779197,589490.445628586
DEHHALKAJ00018BIbt_0,569.5986328125,"(1979, 1983)",,,,148854.02793396474,2963.928801493428,2649.3534174130027,-1281.596923828125,,,,,17945.437981787305,,501.44204287355046,2750.7796751543774,-1684.0738516276224,5997.042506394236,-7312.229363346816,178696.3415836249,171384.11222027807
DEHHALKAJ00018BIbt_1,2463.298828125,"(1979, 1983)",,,,606966.1039977662,12826.470518883558,11473.366020445743,-5542.422363281249,,,,,75790.25156018882,,2169.3013607678663,11883.81024279633,-7547.764240999467,25932.608468583818,-30120.1273033327,733951.7255651515,703831.5982618189
DEHHALKAJ00018BIbt_2,540.2412109375,"(1979, 1983)",,,,143850.82797784827,2813.052109658279,2516.294442900712,-1215.542724609375,,,,,17061.33505671452,,475.7628188057289,2611.1846310379506,-1598.4911036984333,5690.051162956468,-6960.646692673724,172204.4743716141,165243.82767894038
DEHHALKAJ00018G0bt_0,862.81982421875,"(1979, 1983)",,,,240814.54245479498,4163.949875433748,3123.885081875561,-2070.767578125,,,,,26858.829355197107,,755.4009078913771,3842.075769701106,-906.0122469849488,9086.077009328648,-12210.607860678727,285667.98062911263,273457.3727684339
DEHHALKAJ00018G0bt_1,270.10009765625,"(1979, 1983)",,,,95611.04643533385,1304.6825217807834,980.1054073108368,-648.240234375,,,,,8801.188067368254,,236.57724823413642,1215.1901476393577,-155.13781681358688,2851.334719292855,-4645.255423848077,110196.74649577147,105551.49107192339
DEHHALKAJ00018Cj,3124.43359375,"(1984, 1994)",,,,687896.7684897783,14937.88129903224,11041.785885832616,-7498.640624999999,,,,,96122.1347500583,,2730.3121519481274,13808.249792719002,-3359.0941956098522,27831.479755407774,-40286.354105589155,843510.8773041666,803224.5231985773
DEHHALKAJ00018FFbt_0,2110.159912109375,"(1979, 1983)",,,,569681.5874373211,10487.480966568492,8202.37692280974,-5064.3837890625,,,,,64928.60607381291,,1874.099469105865,9678.64307972244,-3222.942239819198,22509.414439333035,-28891.97022269763,679074.8823597918,650182.9121370942
DEHHALKAJ00018II,782.5390625,"(1979, 1983)",,,,180075.46635315442,4015.5693216397513,3275.6491173955183,-1878.09375,,,,,24074.585710355746,,706.077961627971,3693.6569721246565,-1765.1306841988398,8460.510445764963,-9367.022775963638,220658.29144786418,211291.26867190053
DEHHALKAJ00018ALbt_1,2274.87548828125,"(1979, 1983)",,,,564984.6002990259,10878.445536146097,8051.132611860536,-5459.701171875,,,,,69993.39061481619,,1982.8851579981806,9994.273846960434,-2554.701656461876,23839.083751296283,-29407.723858416703,681709.4089897666,652301.68513135
DEHHALKAJ00018GKbt_0,2961.810546875,"(1979, 1983)",,,,750998.2807787436,15849.445737316455,14585.951136231275,-6664.07373046875,,,,,91127.37495026836,,2645.778128809111,14712.58720795825,-10176.152366159859,31599.57671661621,-36816.701426272,904678.7685593147,867862.0671330426
DEHHALKAJ0001861bt_0,4.0,"(1979, 1983)",,,,4101.088192296373,20.619676601563732,18.24512211573407,-9.0,,,,,154.30114093463905,,3.504316719168971,20.83864285227099,8.668883524116746,42.81054288926036,-175.8915554106582,4361.0765179331265,4185.184962522469
DEHHALKAJ0001861bt_1,1552.9619140625,"(1979, 1983)",,,,474947.0285864186,8005.393110628542,7083.49494078861,-3494.164306640625,,,,,47840.67773565665,,1360.5175999204666,7465.608323179015,-3921.70966121766,16297.479831779623,-22796.42727994715,555584.3261605133,532787.8988805662
DEHHALKAJ0001861bt_2,4.0,"(1979, 1983)",,,,4546.131578557691,20.619676601563732,18.24512211573407,-9.0,,,,,157.9715379222539,,3.504316719168971,21.08752058103785,11.571672469739728,42.93932664338289,-194.01249108602326,4813.070751610572,4619.058260524549
DEHHALKAJ00018DMbt_0,1620.308837890625,"(1979, 1983)",,,,418256.98763549805,7809.233200215737,5847.273377560795,-3888.7412109375,,,,,49858.61688480444,,1417.6774866049545,7186.149445166428,-1893.0174285186524,17043.126861315533,-21553.59065036881,501637.3062517097,480083.71560134087
DEHHALKAJ00018DMbt_1,4452.340087890625,"(1979, 1983)",,,,1109575.0817829012,21723.130290918416,16557.140481581868,-10685.616210937498,,,,,136975.66837728236,,3918.750647071275,19979.317756869223,-6228.456517911272,47075.85864106438,-57445.807959001264,1338890.87524884,1281445.0672898388
DEHHALKAJ00018Go,856.5146484375,"(1949, 1957)",-62178.057265724834,491.9949228186838,6867.289044708766,29454.70894753201,1891.1594368242359,1146.9683357204406,-3024.3738028446714,,,,,26351.129386603086,,958.2200467278344,3889.984900700594,65972.13493564153,795.6437964956593,-31866.19957055473,127435.57598340072,95569.37641284599
DEHHALKAJ0004nAHbt_0,74.17138671875,"(1979, 1983)",,,,83144.073406847,528.3567104311891,977.8519209358442,,,,,,3107.877591842308,,46.33277583109859,555.9542088290758,-990.2414922372942,534.4782834722245,-3061.2536434908216,87904.68340595145,84843.42976246063
DEHHALKAJ0004nAHbt_1,119.199951171875,"(1979, 1983)",,,,114406.8822747073,851.3745300625976,1575.6745456647063,,,,,,4821.67585327278,,74.65892733245524,884.9010488873225,-1723.273332057093,855.5760273725982,-4136.019635066111,121747.46987524266,117611.45024017655
DEHHALKAJ0004nAHbt_2,530.823486328125,"(1979, 1983)",,,,288780.6839131587,4037.796769250503,7472.919808168819,,,,,,19213.198755601763,,354.0833850838021,4054.8638314487184,-9828.435086210133,3984.2759332900687,-9281.191366349165,318069.3873097923,308788.1959434431
DEHHALKAJ0004nAD,409.1875,"(1919, 1948)",,,,225571.38233927602,4564.950206116362,9859.156653376178,,,,,,12593.63151729959,,459.8609867912454,5201.413372205752,-10707.346324238235,5019.87021215593,-10246.04287684726,252562.91896298283,242316.87608613557
DEHHALKA10004m2m,939.4140625,"(2010, 2015)",-7781.5390395046925,49.13785169105499,722.7246000323942,299620.0858392601,5514.528574461439,4758.6228086138135,-2705.5125,,,,,28900.761925408242,,995.8967711841256,5317.821023790754,6557.817585568556,27552.20105884221,-27865.058866828505,376512.22308712924,348647.16422030074
DEHHALKA10004m2qbt_0,721.5634765625,"(1979, 1983)",,,,271364.07709822466,3949.7961370128696,3717.284519607804,-1623.517822265625,,,,,23251.828035180584,,652.3330289595649,3719.103270560744,-2159.272740948767,7809.457899593018,-12514.638943649621,310681.0894259248,298166.4504822752
DEHHALKA10004m2qbt_1,1156.0927734375,"(1979, 1983)",,,,410271.56039334764,6369.892392922895,6032.673982452824,-2601.2087402343745,,,,,36349.206787538664,,1048.8113505318786,5985.084223352288,-3739.859045722841,12545.36103499313,-19027.600581834195,472261.52237918216,453233.92179734795
DEHHALKA10004m2qbt_3,4.0,"(1979, 1983)",,,,7423.337825157844,21.89127731989783,20.598526890458395,-9.0,,,,,181.03421510508196,,3.615826216192594,23.92263320613331,26.649812471742955,45.000342727397026,-310.3842530428859,7737.0504590947485,7426.666206051863
DEHHALKA10004m2qbt_4,536.603515625,"(1979, 1983)",,,,210551.1292556971,2941.885131768924,2772.8437302777484,-1207.35791015625,,,,,17518.974474748797,,485.51797094174105,2775.054744907786,-1561.9279889091022,5814.56780001003,-9660.072574447891,240090.68720928676,230430.61463483886
DEHHALKA10004m2qbt_5,214.171875,"(1979, 1983)",,,,118171.45449994627,1176.0488934353298,1110.170288223789,-481.88671875,,,,,7355.101190186651,,193.94625471809994,1128.4850152575464,-406.1791518128009,2332.422724325197,-5244.322187922686,130579.56299553008,125335.24080760739
DEHHALKA10004m2qbt_6,1783.365234375,"(1979, 1983)",,,,463998.535708338,9938.563765916038,9514.083512072713,-4012.57177734375,,,,,54874.05082325714,,1627.7402129255352,9246.502471025022,-7196.843457539683,19412.028091109954,-22406.327343312023,557402.089349761,534995.762006449
DEHHALKA4jt0009d,252.872314453125,"(1979, 1983)",,,,56554.45189990672,1118.1791326623556,950.2718584727007,-505.74462890625,,,,,7779.793301883511,,193.36776552022891,1034.6836123468893,-529.6003608637882,2316.222496961585,-2828.0949268366,68911.62507798396,66083.53015114737
DEHHALKAJ00010Ekbt_0,1471.39453125,"(1979, 1983)",,,,379944.7568879113,7104.151587487355,5007.63346753512,-3678.486328125,,,,,45277.13149191531,,1316.2228767656356,6516.095027194235,-1072.6094956930847,15843.851372511928,-19922.58699967944,456258.7468875029,436336.15988782345
DEHHALKAJ00010Ekbt_1,999.82470703125,"(1979, 1983)",,,,301434.2308882795,5075.788337785851,3862.5613237676976,-2499.561767578125,,,,,31096.769519723635,,916.1721946250138,4691.50325472895,-1167.3708848115791,11018.568884636255,-15146.506412358209,354428.6617511573,339282.1553387991
DEHHALKAJ00010Ekbt_2,844.66259765625,"(1979, 1983)",,,,257764.26704320346,4288.290835521739,3263.5228568007724,-2111.656494140625,,,,,26431.042462331992,,774.010529394549,3965.374004320308,-966.5372079503104,9309.707982081314,-12922.40775170455,302718.02201156324,289795.6142598587
DEHHALKAJ000108Abt_1,178.4765625,"(1979, 1983)",,,,67510.2747577388,1007.6264403859524,1272.4161102022788,-267.71484375,,,,,6094.341213362905,,138.81428836276683,969.5704164631578,-1241.1078652044387,1638.5668253407273,-2771.885056635678,77122.78734290216,74350.90228626647
DEHHALKAJ00010fMbt_0,259.5771484375,"(1979, 1983)",,,,94280.84917008822,1408.9302224193848,1745.9181566414306,-389.36572265624994,,,,,8736.563677319647,,196.9317183633836,1353.420100315575,-1666.4765483667827,2327.3629343511648,-3907.0874482468216,107994.13370847577,104087.04626022895
DEHHALKAJ00010Uobt_1,500.1552734375,"(1979, 1983)",,,,133212.37193706274,2731.2735867634656,2564.537177069211,-1125.349365234375,,,,,15843.299881679652,,451.5937239316922,2540.9090235823473,-1835.7066688396083,5390.957145891758,-6443.8358199957775,159773.88644190689,153330.0506219111
DEHHALKAJ00010Uobt_2,1223.4169921875,"(1979, 1983)",,,,328914.15777703974,6680.898300629195,6273.048643393143,-2752.6882324218745,,,,,37659.48925824794,,1104.6318308834198,6215.552437232505,-4486.753853746126,13186.949737020595,-15783.945825747662,392795.2858982786,377011.3400725309
DEHHALKAJ00010Uobt_3,564.212890625,"(1979, 1983)",,,,154525.81726123707,3079.6759387417546,2890.3878869247073,-1269.47900390625,,,,,17845.08494794351,,509.3084353495916,2867.3585901957613,-2039.0002022891747,6081.27793327484,-7443.134311474036,184490.43178747178,177047.29747599774
DEHHALKAJ00010fabt_0,1952.767333984375,"(1979, 1983)",,,,497853.4573517038,9373.960746958996,6977.464108181123,-4686.6416015625,,,,,60084.6366275389,,1705.263471656177,8620.896063458935,-2212.9891827570364,20501.960357850672,-25745.70392432911,598218.007943029,572472.3040186999
DEHHALKAJ00010eubt_0,2041.06201171875,"(1979, 1983)",,,,517317.5837010628,10999.839639974327,9517.60559973965,-4898.548828125,,,,,62800.22842590781,,1887.7762434220472,10166.19840727216,-5840.825718208998,22588.501166025206,-25915.20301344125,624538.3586370699,598623.1556236286
DEHHALKAJ00010eubt_1,5.0,"(1979, 1983)",,,,5757.498476787601,23.69405732276374,17.296148086135656,-12.0,,,,,196.81780600684604,,4.339293136019037,24.283718598952902,24.464894557591446,53.49459189951511,-248.63542715135245,6089.888986395426,5841.253559244074
DEHHALKAJ00010eubt_2,5.0,"(1979, 1983)",,,,4758.688007579141,23.69405732276374,17.296148086135656,-12.0,,,,,188.89753412458532,,4.339293136019037,23.725162537411514,17.95016795273768,53.20556263663326,-207.96662760698587,5075.795933375429,4867.829305768443
DEHHALKAJ00010eubt_3,707.8662109375,"(1979, 1983)",,,,155934.43073579733,3589.3237179212283,2883.3725511425573,-1698.8789062499998,,,,,21798.523591734756,,634.924878045144,3295.779011144618,-1517.1625312680371,7609.560415726278,-8216.313556340818,192529.87346399386,184313.55990765305
DEHHALKAJ00010eubt_5,5.0,"(1979, 1983)",,,,6029.684545444982,23.69405732276374,17.296148086135656,-12.0,,,,,198.91355264949232,,4.339293136019037,24.43593083861453,26.240224189806906,53.57335532983147,-259.7180909862326,6366.177106997647,6106.459016011414
DEHHALKAJ00010hr,1848.1787109375,"(1969, 1978)",-13677.508162530763,93.96100467371676,1070.5780372475601,510233.8437307685,8464.97970955371,2117.7257612451695,-12991.156188964844,,,,,56858.60066267563,,4027.258418579102,16540.237796324032,24593.14141459667,9189.134884494671,-35998.83258538335,619033.7661892727,583034.9336038894
DEHHALKAJ00010nPbt_0,901.3125,"(1979, 1983)",,,,254890.92677671358,5151.717301185094,5046.734056875883,-2027.953125,,,,,28070.90672143651,,833.95166093345,4808.744155210002,-3877.8209751385443,9941.132043031586,-12075.222795993173,302838.3386152475,290763.11581925437
DEHHALKAJ00010nPbt_2,4.0,"(1979, 1983)",,,,5660.400963057919,20.26462573432692,17.58801458647771,-9.0,,,,,166.7222780339515,,3.473181518431395,21.36829243275253,19.86933601998718,42.918770037517156,-239.60027945115985,5943.605461421363,5704.005181970203
DEHHALKAJ00010mg,2173.253173828125,"(1979, 1983)",,,,526786.7208449743,11512.19738121343,9763.768730760423,-5215.8076171875,,,,,66859.39683689298,,1992.4963218256294,10618.940624658697,-5787.896160853998,23851.535244938445,-26785.8588406719,640381.3522072224,613595.4933665504
DEHHALKAJ00010l9bt_0,851.737060546875,"(1979, 1983)",,,,262627.4312101132,4313.402181933765,3459.344260319887,-2044.1689453125,,,,,26722.420876796572,,763.4939603780883,4002.3317812602954,-1320.5639014255462,9172.622771567272,-12943.37195112848,307696.3141956311,294752.9422445026
DEHHALKAJ00010l9bt_1,1008.153076171875,"(1979, 1983)",,,,303722.97428077034,5087.733927205114,4061.693350300288,-2419.5673828125,,,,,31378.04158517965,,902.1440647441447,4716.184367148252,-1557.9891697534083,10837.858764110344,-15040.76830470241,356729.07378689223,341688.3054821898
DEHHALKAJ00010eVbt_0,537.421875,"(1979, 1983)",,,,122006.58511746526,2768.2116191614123,2268.9507356473177,-1289.8125,,,,,16688.706504480724,,485.8274671966085,2545.828913298405,-1253.3982592111042,5820.013612233202,-6358.824614052586,150040.91321027186,143682.08859621928
DEHHALKAJ00010eVbt_1,1943.592529296875,"(1979, 1983)",,,,538816.0242007164,9811.613562773546,7836.1747179832655,-4664.6220703125,,,,,59806.039255418116,,1739.4924413128165,9069.072831998314,-3317.3583718382647,20883.506255675915,-27092.348764577553,639979.9428237276,612887.5940591501
DEHHALKAJ00010odbt_1,2761.6552734375,"(1979, 1983)",,,,675394.0933144132,13253.873791274727,9862.107273680229,-6627.97265625,,,,,84967.46418500257,,2411.3630743402637,12172.937747584778,-3307.9672916721966,28983.188144704844,-35244.20423690825,817109.0875830784,781864.8833461702
DEHHALKAJ00010lBbt_2,2082.9892578125,"(1979, 1983)",,,,580055.4238432988,11275.697085632957,10496.900906809735,-4686.725830078125,,,,,64095.322008635485,,1872.0468372620505,10500.567049415211,-7192.599615013318,22363.12147682738,-27926.24079043476,688779.7537627901,660853.5129723554
DEHHALKAJ00010lBbt_7,275.041015625,"(1979, 1983)",,,,75447.52957064778,1487.5569384003966,1383.6150425003707,-618.84228515625,,,,,8853.136355979414,,247.07360344925675,1384.6145459017298,-953.4030274521684,2951.2702654989516,-3641.647297995006,90182.55100976948,86540.90371177447
DEHHALKAJ00010ndbt_0,1208.116455078125,"(1979, 1983)",,,,318499.8872246597,5835.163555794121,4382.969708653682,-2899.4794921875,,,,,37198.05055706217,,1058.1316092136535,5373.8540061603835,-1404.4632510822112,12721.532620653601,-16333.376050840598,380765.64653892757,364432.270488087
DEHHALKAJ00010ndbt_1,913.33984375,"(1979, 1983)",,,,249588.87278120508,4398.922624421544,3290.4427586700353,-2192.015625,,,,,28344.579706511766,,798.8564820842016,4055.539760213219,-968.1703753154015,9608.010056458985,-12714.131010247183,296925.0381692494,284210.90715900226
DEHHALKAJ00010pV,756.556640625,"(1969, 1978)",-6998.653300088808,48.07896932870053,547.8047919511438,235545.48999762215,4029.314498121772,1022.7264917011778,-6632.036872889967,,,,,23275.83180258777,,2055.9314305958897,8471.89966764483,12112.021888660778,4988.467296315521,-18350.84931003854,284869.64620036,266518.7968903214
DEHHALKAJ00010kEbt_1,293.02392578125,"(1979, 1983)",,,,98872.43645953014,1490.5983618134962,1786.0405816659797,-439.535888671875,,,,,9749.012449513302,,213.54840074203787,1427.2822195809108,-1640.7979145772622,2528.5761737455264,-4164.107896099521,113987.16084334227,109823.05294724274
DEHHALKAJ00010oibt_0,4517.23681640625,"(1979, 1983)",,,,1067367.6031232118,21737.930752224132,15240.21678325213,-11293.092041015625,,,,,138971.24674987723,,4034.532846078568,19879.747125706625,-3730.0973204455677,48542.916348315746,-57173.169581342634,1300751.0043672048,1243577.8347858621
DEHHALKAJ00010oibt_2,6.0,"(1979, 1983)",,,,5569.861994399433,28.859847225412054,20.217832733083835,-15.0,,,,,225.982278251324,,5.357669878562073,28.71416713799802,22.166811961381686,65.66542690685644,-245.01175077132325,5951.82602849405,5706.814277722727
DEHHALKAJ00010oibt_3,772.9306640625,"(1979, 1983)",,,,212702.26001607842,3717.776813446673,2604.497146714506,-1932.32666015625,,,,,24079.236285536226,,690.1845561774395,3416.7054942339305,-437.0950544541895,8313.056275624525,-11008.086660444613,253154.29487320126,242146.20821275664
DEHHALKAJ00010jrbt_0,780.2587890625,"(1979, 1983)",,,,237367.65598960625,3907.1405932142934,3087.0862543940425,-1872.62109375,,,,,24511.39678006902,,695.5382335570688,3621.9585129341376,-1102.309865984405,8359.144076105025,-11753.214518839613,278574.98948014545,266821.77496130584
DEHHALKAJ00010ii,1091.13671875,"(1958, 1968)",-60562.45246531051,416.0486553196741,4740.397938041805,52759.07810237531,2141.081088152488,911.6568904988048,-4647.708546487431,,,,,33568.79109493201,,1440.7896494111035,5673.8397690823895,64824.83827898612,3220.988163246756,-39152.06072771299,159893.35449019753,120741.29376248454
DEHHALKAJ00010hvbt_1,106.443359375,"(1979, 1983)",,,,33392.20302694477,244.644729956335,452.77426104686305,,,,,,3650.3207180408795,,21.4534408431683,254.5678272738752,-491.8145049575054,246.00167113834186,-1209.5503590028793,37770.151170286736,36560.60081128385
DEHHALKAJ00010gRbt_0,2119.1376953125,"(1979, 1983)",,,,575067.4812707984,11807.949783393988,11301.975000494702,-4768.059814453125,,,,,65205.49931743225,,1934.0493857561019,10998.910718950721,-8391.873154727553,23072.003401976603,-27591.421816240465,686227.9359096221,658636.5140933817
DEHHALKAJ00010gRbt_1,325.4501953125,"(1979, 1983)",,,,91765.19052984923,1813.9535263239723,1736.6963047416777,-732.2629394531249,,,,,10469.48845929346,,297.07119463336664,1691.613419912242,-1267.8352216106296,3544.8297383247586,-4377.478130794822,109318.74501201494,104941.26688122012
DEHHALKAJ00010dc,119.04443359375,"(1949, 1957)",-8138.006935898905,91.95787196168607,1749.1223463520896,18394.707870216593,632.6555701322216,488.43395977999916,-480.4517281886793,,,,,3663.834532171349,,165.17123621176336,754.9939852483813,9149.873037118521,622.3736110873418,-3296.9299351579166,33391.592073777494,30094.662138619577
DEHHALKAJ00010oJbt_0,1021.7568359375,"(1979, 1983)",,,,281356.65651904483,5462.7281641432255,5022.625148462584,-2298.952880859375,,,,,31646.30359151156,,912.2972503394158,5083.174823962734,-3350.8127608091754,10902.778534593393,-13611.124114120132,334736.7983903892,321125.67427626904
DEHHALKAJ00010fObt_1,1421.1953125,"(1979, 1983)",,,,381331.62423393136,7601.832450234146,6992.693254766677,-3197.6894531249995,,,,,43736.253832554736,,1269.2551002754708,7067.005131320648,-4749.946831202888,15165.048615460986,-18437.2565712924,455216.0763342161,436778.8197629237
DEHHALKAJ00010fObt_3,1195.3046875,"(1979, 1983)",,,,368645.73410014505,6058.5808273729435,5261.274826148625,-2689.435546875,,,,,37146.20975066457,,1038.1388860553304,5648.523924543764,-2699.3076469485463,12445.338877918755,-17735.01848155714,430855.05799902556,413120.0395174684
DEHHALKAJ00010dP,1000.4638671875,"(1949, 1957)",-72910.28919454942,561.4719507360601,7576.205714268269,50311.28018485148,2496.930241942815,2217.919170773248,-3501.62353515625,,,,,30780.347174965817,,1151.6803528785617,4928.748673505211,76623.23767725663,909.7495862880862,-39248.02529685799,165918.2695273056,126670.2442304476
DEHHALKAJ00010o1,4276.961669921875,"(1919, 1948)",-422023.96557573945,2899.1973779634254,33033.03374917586,290690.29426613054,13363.241180495019,20392.18904658583,-12317.649609375001,,,,,131579.2654201965,,4606.267562144176,24535.562148211207,414044.4139329791,11327.966282456793,-234276.18400755973,898221.5502298243,663945.3662222645
DEHHALKAJ00010fubt_0,1692.6552734375,"(1979, 1983)",,,,460643.64289019327,9293.772046276277,8772.39844148123,-3808.4743652343745,,,,,52087.08032552427,,1532.7329890267229,8653.215693985443,-6294.753841885,18295.960535439892,-22176.450627989332,549175.5747148077,526999.1240868183
DEHHALKAJ00010okbt_0,182.5927734375,"(1979, 1983)",,,,57510.30326981186,884.0879571508987,1030.1147858748795,-273.88916015625,,,,,6058.598368622011,,129.1445295861282,843.941328587385,-919.3702646816823,1531.2186685315119,-2455.2924430486046,66794.14948332675,64338.85704027815
DEHHALKAJ00010FF,247.3564453125,"(1958, 1968)",-9152.848097953023,62.87774005981327,716.4198357984034,19931.79643809038,546.2524622430079,206.9009281836831,-1177.1549097768336,,,,,7609.83643135193,,364.9180220308185,1442.1663454252955,10296.27962099957,1093.1481879758592,-7286.366283684948,40314.14352652371,33027.77724283876
DEHHALKAJ00010jM,2604.0625,"(1860, 1918)",-368982.6861099631,3102.2612228986327,46386.01009838652,126180.85083807053,8756.43611213617,14637.377340498915,-7030.96875,,,,,80113.11488026317,,2741.052147961312,15498.036074684775,375085.79105963826,8287.941706414795,-164746.00264018995,624269.6314096679,459523.62876947795
DEHHALKAJ00010cybt_1,1439.4677734375,"(1979, 1983)",,,,383166.62253958295,7868.436006569509,7395.1264129568535,-3238.802490234375,,,,,44298.09019433359,,1300.382283105406,7320.157484424898,-5307.084954986887,15522.789566884447,-18531.76794122928,458325.7170426364,439793.94910140714
DEHHALKAJ00010hdbt_1,721.689453125,"(1979, 1983)",,,,194363.6077193468,3939.95915701523,3698.451552696326,-1623.80126953125,,,,,22589.496970459808,,651.523820491148,3666.515737335759,-2631.659885692502,7778.356553040362,-9386.106641339547,232432.45035516168,223046.34371382213
DEHHALKAJ00010hdbt_2,1088.9462890625,"(1979, 1983)",,,,351082.7936165209,5685.651941781338,5100.653535034028,-2450.129150390625,,,,,34044.89835391817,,960.3364676209444,5314.660630062243,-2841.70102028193,11502.883669013961,-16675.51164879241,408400.048043279,391724.53639448655
DEHHALKAJ00010hbbt_0,1676.9248046875,"(1979, 1983)",,,,516960.1431909748,8758.974885023252,7860.9511853546255,-3773.080810546875,,,,,51623.310199336454,,1479.165200282656,8174.298305275711,-4540.305373388429,17710.262443411317,-24712.823060241804,604253.7192257235,579540.8961654818
DEHHALKAJ00010hbbt_1,1140.7744140625,"(1979, 1983)",,,,315077.07396785356,6379.495790174,6126.719717563591,-2566.742431640625,,,,,35181.277556329995,,1043.1580062745948,5946.229189480324,-4548.4236998202705,12443.973545202836,-15063.09981200537,375082.7616414179,360019.66182941257
DEHHALKAJ00010eqbt_1,2533.51318359375,"(1979, 1983)",,,,669792.4742087169,12535.197241643262,9743.705043333666,-6080.431640625,,,,,77951.85752422467,,2245.1516724016756,11558.169792160477,-3798.612692938514,26966.854092537174,-34145.56592975251,800914.3652414543,766768.7993117018
DEHHALKAJ00010ff,5173.162841796875,"(1979, 1983)",,,,1271913.3492406607,24906.75555251887,18620.856553204703,-12415.5908203125,,,,,159150.5853140727,,4523.959191026536,22882.871472220413,-6382.90771456573,54370.33709266182,-66246.24089738933,1537570.2158814874,1471323.974984098
DEHHALKAJ00010Gjbt_0,398.98486328125,"(1979, 1983)",,,,156584.524560399,1977.0908732853832,2334.682793329947,-598.477294921875,,,,,13354.628943546772,,286.1639571186029,1905.0373512392543,-1938.5497338527425,3398.551342181574,-6596.217955847342,177303.65279232588,170707.43483647855
DEHHALKAJ00010cBbt_1,1994.390869140625,"(1979, 1983)",,,,502155.23523132614,10537.474325158222,8909.761243312409,-4786.5380859375,,,,,61364.577287131266,,1826.1209626561122,9730.359082801646,-5096.635402045062,21868.12442836268,-25446.323168648763,606508.4790727658,581062.155904117
DEHHALKAJ00010cBbt_3,488.447265625,"(1979, 1983)",,,,158692.38024626335,2402.881464348795,1852.927332740439,-1172.2734375,,,,,15624.436650441417,,431.6395536138539,2231.5414961130123,-499.41656231592117,5194.248341891345,-7795.169041274049,184758.36508559625,176963.1960443222
DEHHALKAJ00010fBbt_1,222.689453125,"(1979, 1983)",,,,73512.45163295262,1140.750266217894,1372.0323759971932,-334.0341796875,,,,,7448.494595003077,,162.98669151286467,1091.4376679560319,-1280.6043592294309,1928.8419109132292,-3093.4532702959273,85042.35660163598,81948.90333134006
DEHHALKAJ00010cdbt_1,229.90234375,"(1979, 1983)",,,,68519.22193967248,1093.721818104687,1261.052171703563,-344.853515625,,,,,7607.909313111538,,160.901663930123,1040.9294393862683,-1135.478577680522,1907.7229018450269,-2889.3967338475886,80111.12715444817,77221.73042060058
DEHHALKAJ00010kabt_0,894.490966796875,"(1979, 1983)",,,,276491.9068535346,4550.6151518428305,3671.29451497336,-2146.7783203125,,,,,28021.368279173857,,803.6333582638704,4223.571090025631,-1442.438577346771,9653.244382391407,-13608.13442255739,323826.41673254623,310218.28230998886
DEHHALKAJ00010kabt_4,1313.609619140625,"(1979, 1983)",,,,384809.35030392173,6693.311718717228,5410.897077305186,-3152.6630859375,,,,,40514.629662548046,,1181.099269282343,6200.779779549632,-2287.2025739554656,14180.305390417077,-19113.26628085079,453550.50754184823,434437.2412609974
DEHHALKAJ00010X6bt_1,4.0,"(1979, 1983)",,,,3401.554597473892,19.259313166420434,15.727440458695654,-9.0,,,,,147.53341847761635,,3.3850234219609545,19.135743275674898,8.05204585266467,41.293938367903536,-148.24305556702382,3646.941520494828,3498.6984649278043
DEHHALKAJ00010X6bt_2,795.9404296875,"(1979, 1983)",,,,215757.55236303576,4409.42245450509,4197.600621726422,-1790.865966796875,,,,,24835.12957907243,,724.1769548452355,4106.334196992822,-3079.237475431666,8640.961079436176,-10369.346394247408,257801.0738073854,247431.727413138
DEHHALKAJ00010X6bt_3,393.59765625,"(1979, 1983)",,,,110714.20475372198,2180.389596402569,2075.5588498557695,-885.5947265625,,,,,12609.111068902528,,358.1015510153218,2032.762481927626,-1496.1930447264253,4274.07945164535,-5291.480764711454,131862.4199821822,126570.93921747076
DEHHALKAJ00010X6bt_4,4.0,"(1979, 1983)",,,,4792.888187780771,19.758478781735114,16.651267195754105,-9.0,,,,,159.6857355325052,,3.4287963656945415,20.395117912318124,15.679122726894938,42.17877197143487,-204.5880763453867,5061.665478267108,4857.077401921721
DEHHALKAJ00010oH,304.0361328125,"(1919, 1948)",-18750.24613708241,128.80942522455447,1467.635878466337,63084.387745468055,1661.7231492937317,3212.6326090379566,-547.2650390624999,,,,,9355.190735915416,,312.2412352456189,2234.447333425316,16235.122243597416,1334.776657305293,-12944.274072593587,96883.2566702263,83938.98259763271
DEHHALKAJ00010iWbt_1,891.79443359375,"(1979, 1983)",,,,258782.86716175106,4411.755917440847,3428.623430472171,-2140.306640625,,,,,27796.965077817913,,790.2368363977276,4080.736691673106,-1185.1776926878672,9498.368059165214,-12956.759621214209,305464.0688414051,292507.30922019086
DEHHALKAJ00010iWbt_2,5.0,"(1979, 1983)",,,,8289.490588469995,24.735273910952603,19.223171289909928,-12.0,,,,,215.83916927288615,,4.430599735934851,26.703636461239526,37.95963090871929,55.23314975580884,-351.0923634228299,8661.615219805444,8310.522856382615
DEHHALKAJ00010iWbt_3,2456.209716796875,"(1979, 1983)",,,,659747.0814973564,12161.047636495789,9461.816153960757,-5894.9033203125,,,,,75574.1794497165,,2177.3771711253685,11219.344870949022,-3639.0878736205636,26155.08484554035,-33521.70987244669,786961.9404312111,753440.2305587644
DEHHALKAJ00010Vabt_1,459.4697265625,"(1979, 1983)",,,,149688.95902150872,2553.087358626482,2437.339669965746,-1033.806884765625,,,,,14872.912706324227,,418.7161687528445,2391.9085884155093,-1635.8332622012379,5002.826817444937,-7004.772209941646,174696.11018407161,167691.33797412997
DEHHALKAJ00010Vabt_2,2372.40234375,"(1979, 1983)",,,,641768.4698804915,13216.196497533,12647.234964320605,-5337.9052734375,,,,,72996.6083291202,,2164.934204156524,12309.438888077202,-9399.454552062723,25825.965553675393,-30808.234240721373,766191.4884918742,735383.2542511529
DEHHALKAJ00010Vabt_3,391.826171875,"(1979, 1983)",,,,117338.40015283905,2188.6010071984347,2099.5765288789325,-881.60888671875,,,,,12633.323193053935,,358.0704603403318,2044.9766576722636,-1495.285296101096,4274.316793927765,-5546.615236889535,138560.37061109088,133013.75537420134
DEHHALKAJ00010Vabt_4,2371.3291015625,"(1979, 1983)",,,,640098.7450943645,13189.523861712281,12603.21462662846,-5335.490478515625,,,,,72963.52009329115,,2162.140131419508,12283.145251464168,-9344.175158298123,25793.891841496,-30750.827270160007,764414.5152635624,733663.6879934025
DEHHALKAJ00010Vabt_5,339.1162109375,"(1979, 1983)",,,,105097.15858094642,1889.1510923752219,1807.82252691478,-763.011474609375,,,,,11030.730565623402,,309.4602760685511,1767.0092288097248,-1256.4282861466909,3695.4846024305552,-4947.834073796251,123577.37711241258,118629.54303861632
DEHHALKAJ00010Jgbt_0,707.08740234375,"(1979, 1983)",,,,207295.91887890635,3452.2324901845986,2633.7883875468015,-1697.009765625,,,,,22217.397680292896,,622.5507867256492,3192.5913983906858,-793.1785469315116,7487.478620723398,-10387.238841514012,244411.76993021386,234024.53108869985
DEHHALKAJ00010Jgbt_1,1378.45947265625,"(1979, 1983)",,,,364902.0177404061,6717.855440687328,5111.897927400014,-3308.302734375,,,,,42422.33301112751,,1212.5832620916567,6190.193290784508,-1766.6094867105146,14573.5918480514,-18660.42219191351,436055.56029946305,417395.1381075495
DEHHALKAJ00010Jgbt_3,471.495361328125,"(1979, 1983)",,,,60587.77185761384,1636.560689151937,524.6983847414906,-1131.5888671875,,,,,14505.92489242545,,356.77180415020126,1443.8120987778075,894.8461286036522,4327.441986527164,-4173.306208047067,83146.23897480404,78972.93276675697
DEHHALKAJ00010ly,98.435546875,"(2002, 2009)",-3642.3777308392605,25.02220923021583,285.0994169156174,27733.113340506698,559.7128917366139,834.0814905166898,-157.496875,,,,,3028.6658225643687,,85.28322371322035,617.4061192643154,2863.145448577428,1031.6633094008969,-3621.118217221011,36595.574771280226,32974.456554059216
DEHHALKAJ00010m8bt_0,1278.497314453125,"(1979, 1983)",,,,368994.24072495813,6427.440894524221,5105.323315521041,-3068.3935546875,,,,,39425.084068288685,,1141.9031097773359,5948.092505154169,-2009.8926745698634,13715.662326456733,-18430.587988314866,435679.46071542293,417248.8727271081
DEHHALKAJ00010m8bt_1,625.82275390625,"(1979, 1983)",,,,200164.12621364882,3147.4097573708978,2501.2438303013396,-1501.9746093749998,,,,,19871.599026879434,,559.0640639726385,2923.655197163177,-859.8176575098579,6720.599217149347,-9816.714406684407,233525.9050396008,223709.19063291638
DEHHALKAJ00010m8bt_2,971.50390625,"(1979, 1983)",,,,289716.4109796927,4883.014799185829,3877.4580227686088,-2331.609375,,,,,30268.295670635114,,867.6153068105211,4524.020782689966,-1463.3609775764508,10423.919557048132,-14385.378326143873,340765.76476625446,326380.38644011057
DEHHALKAJ00010hZ,106.029052734375,"(1949, 1957)",-7248.261346714796,81.90392243655829,1557.8870838524972,14749.957342378391,519.9439329142065,400.7993393282753,-404.83762455837626,,,,,3262.887946119904,,138.66411010533727,631.0133929209602,8140.993924060164,504.80183868239476,-2848.5756234058695,27944.224201951252,25095.648578545384
DEHHALKAJ00010ehbt_0,759.65478515625,"(1979, 1983)",,,,208924.12129706304,3648.3010887298005,2549.3627535509295,-1899.136962890625,,,,,23674.941945811206,,677.8371766681328,3352.5321965615194,-414.10255803419136,8164.806571546954,-10817.378892573972,248678.66350900676,237861.2846164328
DEHHALKAJ00010ehbt_1,1291.32861328125,"(1979, 1983)",,,,333207.9441343695,6207.930711205578,4345.1534951372905,-3228.321533203125,,,,,39740.604045224056,,1152.793647056333,5692.664640513396,-865.085959131781,13878.927374746778,-17491.193041595292,400132.6105559181,382641.4175143228
DEHHALKAJ00010ehbt_2,547.47509765625,"(1979, 1983)",,,,178549.33693446335,2759.9713680123346,2079.152939773248,-1368.687744140625,,,,,17443.658360797726,,499.96961426563746,2557.7866733860083,-494.9890297859779,6018.628655107277,-8855.064735077696,208044.827771879,199189.7630368013
DEHHALKAJ00010ehbt_4,639.02783203125,"(1979, 1983)",,,,202513.93835368846,3226.028065031864,2435.198840639301,-1597.569580078125,,,,,20227.45613442128,,583.9740150414046,2986.575229740998,-629.3006532128313,7027.762777028799,-10093.127561734247,236774.06318230115,226680.9356205669
DEHHALKAJ00010iqbt_1,604.5029296875,"(1979, 1983)",,,,169839.12038508704,3372.467876663222,3231.6602777384137,-1360.131591796875,,,,,19134.13013244096,,552.0683119784585,3144.7752537735496,-2368.074998610672,6587.176128068084,-8104.153086921768,202133.1917753422,194029.03868842043
DEHHALKAJ00010iqbt_4,345.7353515625,"(1979, 1983)",,,,99586.89142779355,1928.395643253207,1847.496405215956,-777.904541015625,,,,,11144.233921426352,,315.70845111951496,1799.5562967996218,-1337.1490488356444,3767.717990391739,-4735.066547729419,118274.94654614868,113539.87999841926
DEHHALKAJ00010iqbt_8,612.8671875,"(1979, 1983)",,,,217697.10431517725,3225.9052225014757,2918.7637790651706,-1378.951171875,,,,,19741.815157520236,,542.7626267022058,3027.4225213515183,-1543.5457065686599,6504.823046996895,-10187.789213872184,250736.09979087109,240548.3105769989
DEHHALKAJ000110R,2387.9169921875,"(1958, 1968)",-132538.9447952374,910.508863410578,10374.205717271041,107508.41257164674,4537.11471291933,1943.7838783807758,-9861.289269756739,,,,,73463.46320356872,,3056.9996736245894,12034.391551445853,141561.6177082113,6462.838545305054,-84704.0687410013,340707.33257534564,256003.26383434434
DEHHALKAJ000110Zbt_0,2490.48486328125,"(1979, 1983)",,,,633323.4944056515,14142.18377629565,12395.216961887403,-6226.212158203125,,,,,76625.40972034795,,2413.54555492087,13065.627696035619,-8021.776663243905,28860.289677551496,-32023.94569860567,766577.7789712435,734553.8332726379
DEHHALKAJ000110Zbt_1,352.04150390625,"(1979, 1983)",,,,111451.57565393148,2001.608296597859,1756.8320531092058,-880.103759765625,,,,,11303.195366614224,,341.38899859765263,1861.6039074773073,-998.2709602004659,4088.339412497827,-5418.033662134942,130926.16896885946,125508.13530672452
DEHHALKAJ000110Zbt_4,6.0,"(1979, 1983)",,,,8510.037780154054,31.506771387340443,25.116606279843335,-15.0,,,,,248.77005917317118,,5.589784549229285,32.91062409243541,33.666417050315424,69.0732948598608,-363.1037071366917,8941.671337546251,8578.56763040956
DEHHALKAJ000110Zbt_5,6.0,"(1979, 1983)",,,,8508.303965287716,31.506771387340443,25.116606279843335,-15.0,,,,,248.75098581008123,,5.589784549229285,32.90965450627965,33.65510826833341,69.07279313981657,-363.0331109911566,8939.90566922864,8576.872558237483
DEHHALKAJ000110Zbt_6,6.0,"(1979, 1983)",,,,8508.303963462819,31.506771387340443,25.116606279843335,-15.0,,,,,248.7509469742844,,5.589784549229285,32.90965450525912,33.65510825643054,69.07279313928849,-363.0331109168518,8939.905628554494,8576.872517637643
DEHHALKAJ000110Zbt_7,6.0,"(1979, 1983)",,,,8508.303961120133,31.506771387340443,25.116606279843335,-15.0,,,,,248.7510025326131,,5.589784549229285,32.90965450394904,33.65510824115041,69.07279313861058,-363.0331108214642,8939.905681752867,8576.872570931402
DEHHALKAJ00010rBbt_1,414.8388671875,"(1979, 1983)",,,,123715.6525543929,2185.8249435208545,1842.1523709863698,-995.61328125,,,,,13292.254349588471,,379.31218023562894,2028.9312349910117,-917.0514127412886,4548.410522669865,-6081.04334743752,146079.87346239382,139998.8301149563
DEHHALKAJ00010rBbt_2,3011.002197265625,"(1979, 1983)",,,,729564.2433842013,15902.189889827227,13439.15360935737,-7226.4052734375,,,,,92638.98312029315,,2756.379845396348,14667.926059956193,-7861.6712535038805,33000.43235136086,-37258.49328390157,886881.2317334512,849622.7384495497
DEHHALKAJ00010rBbt_3,1498.038330078125,"(1979, 1983)",,,,361606.9379580324,7896.890329726533,6658.8934669245955,-3595.2919921874995,,,,,46094.34219859725,,1370.0611764275334,7282.582155821146,-3877.3636666591183,16403.740174310296,-18490.316884333886,439840.79180099315,421350.47491665924
DEHHALKAJ00010sRbt_1,1318.09375,"(1979, 1983)",,,,359786.00530883076,7235.872484062618,6828.753378266887,-2965.7109375,,,,,40565.75208341756,,1193.444807309214,6737.7115466936575,-4890.976052680669,14246.355600967472,-17313.74388872321,428737.2082193674,411423.46433064423
DEHHALKAJ00010sRbt_3,708.7021484375,"(1979, 1983)",,,,193782.8762826191,3895.8273761242,3681.4406820375075,-1594.579833984375,,,,,22232.608645120345,,642.1467626266905,3627.9784599268605,-2642.9257889884834,7665.085351585386,-9319.544823742344,231290.45793706723,221970.91311332487
DEHHALKAJ00010sRbt_4,4.0,"(1979, 1983)",,,,5719.455762808315,19.168057114869395,15.558549057215437,-9.0,,,,,166.9703905320257,,3.3770209757039646,20.34397093963433,23.43521874975049,41.87651965963269,-242.67756451585342,6001.185489837147,5758.507925321293
DEHHALKAJ00010xObt_1,1.0,"(1979, 1983)",,,,3630.6932923571553,3.561978012180579,6.592302080727791,,,,,,60.02009453327063,,0.31235777930970093,5.46493293711843,13.349297080536203,4.491672475756266,-145.64654026575505,3724.4859272560557,3578.8393869903007
DEHHALKAJ00010xObt_2,81.954345703125,"(1979, 1983)",,,,37577.338843183956,420.6535363501532,778.5211400698657,,,,,,2973.3996919011697,,36.88804479527629,426.6215099226897,-975.0468343329557,417.2459104178267,-1271.977375306876,41655.621842307984,40383.64446700111
DEHHALKAJ00010wzbt_0,1988.42041015625,"(1979, 1983)",,,,536762.8840528255,9885.609428338405,7735.037172432256,-4772.208984375,,,,,61183.81647712028,,1766.2570303165044,9123.29217417582,-3046.5505940790968,21213.849680779997,-27221.044567774843,639851.9864375347,612630.9418697598
DEHHALKAJ00010wzbt_1,5.0,"(1979, 1983)",,,,7121.468975922182,24.857945980250715,19.450205632883332,-12.0,,,,,210.15502052805897,,4.441357122706542,26.168738223289267,29.98540542959407,55.01366253339717,-303.4584957355968,7479.541311372362,7176.082815636765
DEHHALKAJ00010wzbt_2,486.0595703125,"(1979, 1983)",,,,159887.55649796873,2419.9788069365877,1897.2513603466955,-1166.54296875,,,,,15573.104352711069,,432.05889897977767,2249.5469041806646,-567.7830225317584,5197.291614307992,-7819.618716816812,185922.46244414977,178102.84372733295
DEHHALKAJ00010wzbt_3,1299.879150390625,"(1979, 1983)",,,,369493.96926007385,6466.224739514057,5063.541402612693,-3119.7099609375,,,,,40054.13346304284,,1154.9751922754804,5978.1457051346315,-1881.198677941032,13877.027394999557,-18550.053923009847,437087.10851877456,418537.0545957647
DEHHALKAJ00010wzbt_4,5.0,"(1979, 1983)",,,,7740.766894188482,24.87240732175334,19.476969844046863,-12.0,,,,,211.8096666134117,,4.4426252699275945,26.52900687667276,33.98282054093585,55.2068412959505,-328.6657220280045,8105.087231951181,7776.421509923176
DEHHALKAJ00010wzbt_6,1608.26904296875,"(1979, 1983)",,,,440179.09731030045,7965.33775308775,6200.12702402615,-3859.845703125,,,,,49490.87872811024,,1425.9210225165298,7353.222034681827,-2336.8017032771013,17130.59154060461,-22281.219382324816,523548.5280069254,501267.3086246006
DEHHALKAJ00010wzbt_7,403.917236328125,"(1979, 1983)",,,,138558.77512884326,2012.9446524425134,1580.201303426704,-969.4013671875,,,,,13042.795950788193,,359.21205051338006,1874.4288598395233,-440.3147258392705,4322.482862811805,-6728.692830547714,160341.1247156386,153612.4318850909
DEHHALKAJ00011DGbt_2,105.087890625,"(1979, 1983)",,,,53094.00526332215,546.04819752807,1010.5942980086716,,,,,,3870.8879803875343,,47.88418170821824,556.2082636674444,-1237.558414055816,542.8734381270591,-1826.844388547283,58430.94320869334,56604.09882014606
DEHHALKAJ00011GYbt_1,1205.1611328125,"(1979, 1983)",,,,306638.79064306983,6437.122244457489,5912.780635461227,-2711.612548828125,,,,,37087.840829334404,,1075.513481954782,5975.555631072019,-4098.916811057727,12846.566858497154,-15031.152709922957,369163.6409639611,354132.48825403815
DEHHALKAJ00011GYbt_3,993.84375,"(1979, 1983)",,,,363121.88023308094,5408.524169373938,5061.290831070759,-2236.1484375,,,,,31561.59582057051,,895.7079161083097,5085.963845712353,-2951.472007459867,10722.617876038126,-16823.203731122027,416669.96024699515,399846.75651587313
DEHHALKAJ00011HI,1142.5439453125,"(1919, 1948)",-112739.12741288135,774.4891504997973,8824.41686836856,92685.13756913651,3892.3732663804876,6144.133014096077,-3290.5265624999997,,,,,35150.37296823009,,1263.0050858127986,6896.6418930708105,109970.90428028113,3261.4036812940485,-63356.44730961254,255973.44519580193,192616.9978861894
DEHHALKAJ0001117bt_1,2294.560546875,"(1979, 1983)",,,,616300.7950965789,12625.796494326503,11942.142475741965,-5162.76123046875,,,,,70601.85006882827,,2080.153235165647,11751.931468123184,-8665.119933421356,24825.86743909869,-29713.965784924607,736300.655113973,706586.6893290484
DEHHALKAJ00011Bybt_1,1177.96875,"(1979, 1983)",,,,328309.0582018099,6606.439921844073,6361.53876522408,-2650.4296875,,,,,36318.500649194626,,1078.830862415382,6160.024070366089,-4732.371269663697,12868.859819124591,-15663.086977849478,390320.45133281505,374657.36435496557
DEHHALKAJ00011Bybt_2,1255.4970703125,"(1979, 1983)",,,,336991.72598450613,6910.39483465171,6538.056157870295,-2824.8684082031245,,,,,38642.159981262754,,1138.3598995671473,6432.050302027495,-4748.59563718879,13585.67980119532,-16247.95900805878,402664.9629156889,386417.00390763016
DEHHALKAJ00011Bybt_9,4.0,"(1979, 1983)",,,,6475.1406716826905,19.077299730266724,15.390580559568445,-9.0,,,,,171.81572458495174,,3.3690622586614944,20.679054871257186,28.627412646007024,42.00751873112017,-273.5026427446071,6767.107325064523,6493.604682319916
DEHHALKAJ00011CJbt_0,1104.828125,"(1979, 1983)",,,,294849.30020776927,6074.07178227759,5740.440466117686,-2485.86328125,,,,,34052.01099177913,,1001.1322879947186,5652.432197873495,-4169.448029463429,11948.019407917283,-14233.136202832846,352662.09603101574,338428.9598281829
DEHHALKAJ00011CJbt_1,261.1923828125,"(1979, 1983)",,,,74344.32915746553,1436.6223619643886,1358.3026300584247,-587.682861328125,,,,,8449.249754321867,,236.7347618864439,1339.5135031054483,-957.3301528275388,2826.602436100565,-3553.3436260998324,88446.34159074702,84892.99796464719
DEHHALKAJ00011CJbt_2,285.40625,"(1979, 1983)",,,,81484.4733298754,1570.4094597216545,1485.3436782699455,-642.1640624999999,,,,,9221.575347217109,,258.73432527833586,1464.41519094182,-1046.2161578489156,3089.2990240205654,-3892.4853554771535,96885.8701349759,92993.38477949875
DEHHALKAJ00011CJbt_3,636.2822265625,"(1979, 1983)",,,,173340.432058196,3502.564415488495,3314.2016860201866,-1431.635009765625,,,,,20030.12624950984,,576.9522327322422,3261.554885193805,-2391.0662112549885,6886.304823341031,-8338.167010576302,207089.43512946097,198751.26811888468
DEHHALKAJ00010skbt_1,252.74462890625,"(1979, 1983)",,,,67664.39489451556,1146.3044065342065,1282.545613927291,-379.116943359375,,,,,8247.124959938252,,171.97000093822135,1086.8259032267838,-1125.8304112107805,2041.235672191481,-2959.9104418556835,80135.45409670164,77175.54365484595
DEHHALKAJ00010s4bt_0,995.003662109375,"(1979, 1983)",,,,269945.512435715,4749.569336797813,3505.675650170278,-2388.0087890625,,,,,30811.431643780383,,866.5421568249853,4375.914200962273,-943.7472410211421,10425.294907823783,-13797.316551959953,321348.1843019909,307550.86775003094
DEHHALKAJ00010s4bt_2,831.597900390625,"(1979, 1983)",,,,227452.34553439813,3974.5414617916954,2939.1613566989136,-1995.8349609375,,,,,25884.985845995012,,724.6695332291312,3663.1007286709264,-791.1985615813683,8718.526873612707,-11603.25982830143,270570.2978118777,258967.03798357624
DEHHALKAJ00011Ax,1093.4267578125,"(1958, 1968)",-60689.55879349387,416.9218434877655,4750.346917178303,52600.36683687325,2140.5413272790192,911.8306651362153,-4646.958291180357,,,,,33639.18036914635,,1440.557070265911,5672.785149479154,64950.543180027424,3207.8889977694935,-39201.06673246717,159916.7353047965,120715.66857232932
DEHHALKAJ000115e,149.48486328125,"(1919, 1948)",,,,44236.7116164506,887.0564220691853,1915.821165769918,,,,,,4600.075775285996,,89.35971328793262,1021.9845569884752,-2134.053697127452,1028.6348759736309,-1969.539621594306,51645.59042869829,49676.05080710399
DEHHALKAJ00010zfbt_1,256.90185546875,"(1979, 1983)",,,,86193.2774167323,1379.8689835884993,1701.0137501155698,-385.352783203125,,,,,8591.062689833014,,193.62699892338577,1321.4716991953735,-1653.5389668592093,2287.2705141291426,-3586.00104975895,99628.70030245493,96042.69925269598
DEHHALKAJ00010qrbt_0,159.330810546875,"(1979, 1983)",,,,83408.76295261651,987.044731752905,1826.7650773404619,,,,,,5911.137395111737,,86.55614926183509,998.3837465696602,-2318.9820734110704,977.6700875919001,-2790.6292649451775,91877.33806683394,89086.70880188876
DEHHALKAJ00011Abbt_1,1938.90380859375,"(1979, 1983)",,,,545706.0413526595,9864.32654826689,7958.635056631973,-4653.369140625,,,,,59662.58936112203,,1741.9942439665424,9125.424989177203,-3477.491901079858,20909.28610032188,-27313.59938563672,646837.4366104411,619523.8372248043
DEHHALKAJ00011Abbt_2,562.493896484375,"(1979, 1983)",,,,189908.47818043694,2873.569185762398,2330.780702856517,-1349.9853515625,,,,,18002.71182335135,,506.4066247155977,2676.4517347824903,-837.1145926750486,6086.554553445115,-9203.09052292346,220197.85286111286,210994.7623381894
DEHHALKAJ000114Zbt_0,198.94482421875,"(1979, 1983)",,,,69862.52314655078,1041.6855342867188,1267.5077481632927,-298.417236328125,,,,,6700.106773345094,,147.58714963252174,998.0314757227454,-1195.418573605016,1745.6944674224915,-2837.701684764302,80269.30048519051,77431.59880042622
DEHHALKAJ00010r3bt_0,140.15673828125,"(1979, 1983)",,,,45774.204888303255,533.4540620802507,522.0453667540382,-210.235107421875,,,,,4657.88776941973,,86.40048110313624,508.7415300913665,-274.00742673599717,1035.5864331881053,-2040.0795008042996,52634.077996782,50593.9984959777
DEHHALKAJ00010vLbt_1,1336.854248046875,"(1979, 1983)",,,,313696.15580932103,6930.947563360882,5727.2454427050425,-3208.4501953125,,,,,41135.352383631114,,1212.4516706213512,6381.86079856314,-3181.6628244457183,14523.829834721364,-16205.565936587387,383217.7304831657,367012.1645465783
DEHHALKAJ00010wv,2941.11328125,"(1969, 1978)",,,,922420.6955004119,13408.315601000977,3252.6315883300786,-21927.83770751953,,,,,90482.36183576421,,6797.629689331055,28075.774821983232,18445.6597858388,14771.836402375298,-50199.00903429502,1075727.067517516,1025528.058483221
DEHHALKAJ000117Ibt_1,329.611328125,"(1979, 1983)",,,,95424.09799863525,1782.2890827597414,1657.3747095421957,-741.62548828125,,,,,10623.857763552596,,296.0589260985813,1660.710175082093,-1120.6741566587082,3537.427880797276,-4493.551269534234,113119.51689152778,108625.96562199354
DEHHALKAJ000117Ibt_3,1416.3837890625,"(1979, 1983)",,,,363541.3679801407,7658.733632136055,7121.959928839251,-3186.863525390625,,,,,43585.818375432,,1272.2046475728457,7114.69630290283,-5067.646435529186,15189.273017789927,-17736.929639225782,437229.5439238938,419492.61428466806
DEHHALKAJ00011CDbt_0,1044.607421875,"(1979, 1983)",,,,299269.60628968093,5778.675667316189,5493.586072339031,-2350.36669921875,,,,,32412.164694899577,,949.6927890629124,5390.201374997969,-3912.028445644539,11337.171182865328,-14269.803658642282,354368.70292629866,340098.8992676564
DEHHALKAJ00011CDbt_2,1332.087890625,"(1979, 1983)",,,,413641.29234013474,6848.039800641369,6041.296318508201,-2997.19775390625,,,,,41219.40536943008,,1165.36887144108,6389.190756902775,-3268.7712439792913,13963.207243347155,-19819.93133723951,483001.83170251985,463181.90036528034
DEHHALKAJ00011Dtbt_0,504.1650390625,"(1979, 1983)",,,,168655.35698562535,2542.5537185407497,2027.9461610135447,-1209.99609375,,,,,16166.600321940903,,450.99690013233317,2366.1858487404124,-664.6628146226145,5423.03264741844,-8205.498487782112,195758.0136750391,187552.515187257
DEHHALKAJ00011Dtbt_1,1554.345703125,"(1979, 1983)",,,,444090.2463352682,7845.538650678422,6264.801376746317,-3730.4296875,,,,,47836.66386226382,,1391.0259541445323,7259.119434735301,-2563.845659837299,16703.895079097878,-22203.99191113526,525097.0153455972,502893.0234344619
DEHHALKAJ00011Hqbt_0,145.064453125,"(1979, 1983)",,,,50482.55778116154,575.0286835619578,582.6984478816771,-217.59667968749997,,,,,4850.6786609319115,,91.43360705254773,550.3685724620116,-329.75606155310163,1094.8650195690404,-2223.9171592202333,57680.27803138007,55456.360872159836
DEHHALKAJ00011Hqbt_2,2.0,"(1979, 1983)",,,,5176.330950399207,7.889508774625125,7.962585384024367,-3.0,,,,,105.31464862485981,,1.2572257122461838,10.056389234193592,24.787917728785292,16.354271458335354,-213.11125851579607,5346.953497316276,5133.84223880048
DEHHALKAJ00011a1,2523.326171875,"(1969, 1978)",-23342.449318010607,160.35669388039807,1827.080874562062,856356.1993965285,12956.066803520996,3264.4998965995264,-21086.07001668294,,,,,77629.2972607369,,6536.681705171712,26981.25126132118,41240.817254958114,14965.675088698266,-59057.91331669499,1018844.4186508523,959786.5053341573
DEHHALKAJ00011Y3bt_1,836.881103515625,"(1979, 1983)",,,,245617.9575808222,4123.654062398051,3187.0707457654403,-2008.5146484375,,,,,26174.044807155213,,740.1351508089169,3815.154894843929,-1046.4386099045919,8898.411649058322,-12281.803916800647,289501.47563251,277219.6717157093
DEHHALKAJ00011WCbt_0,2063.052734375,"(1979, 1983)",,,,550263.3811919027,11338.552977272848,10712.497772730867,-4641.86865234375,,,,,63479.74954373708,,1869.1050694999676,10551.177721913524,-7777.219271564445,22307.045892010203,-26567.188609830388,658102.422245159,631535.2336353287
DEHHALKAJ00011WCbt_1,413.025390625,"(1979, 1983)",,,,118517.14515164949,2269.990579750798,2144.6536501123496,-929.30712890625,,,,,13252.899495595528,,374.19685817350904,2117.028835494426,-1502.5200447953898,4468.312108549748,-5658.9243853551,140712.3995056242,135053.4751202691
DEHHALKAJ00017sUbt_0,373.480224609375,"(1979, 1983)",,,,130169.31126399577,1858.0194484159647,1455.12836347767,-896.3525390625,,,,,12099.90178835549,,331.85960233105715,1731.2046495802888,-384.3539335081805,3994.227080684209,-6307.177544167437,150358.94572426978,144051.76818010234
DEHHALKAJ00017sUbt_1,1653.33251953125,"(1979, 1983)",,,,458473.8324000929,8213.094393322728,6419.324561524211,-3967.998046875,,,,,50877.70161030448,,1468.0296409051505,7586.281991247204,-2434.6627624428793,17636.048139885737,-23133.177700736887,544271.6519279645,521138.4742272276
DEHHALKAJ00017sUbt_3,5.0,"(1979, 1983)",,,,7601.747236935052,24.832015298935662,19.402214633555616,-12.0,,,,,212.0720362561809,,4.439083203551549,26.412316859349843,33.193227666532415,55.127592011170734,-323.03000633598066,7965.2257228643275,7642.195716528347
DEHHALKAJ00017sUbt_4,2488.223876953125,"(1979, 1983)",,,,674086.6311564487,12357.522675935401,9655.410743396482,-5971.7373046875,,,,,76559.3269764867,,2209.086563771707,11405.397891462373,-3759.208423557027,26534.329799000006,-34169.071795647724,803076.7600782571,768907.6882826093
DEHHALKAJ00017sUbt_6,1356.22802734375,"(1979, 1983)",,,,383833.488533,6740.714951065867,5272.278132856674,-3254.947265625,,,,,41761.0084266894,,1204.5325428497167,6230.747801949299,-1956.8202210680267,14472.482817396654,-19289.43927083376,454303.4857191146,435014.04644828086
DEHHALKAJ00017yRbt_1,1847.21923828125,"(1979, 1983)",,,,464862.45246931084,9769.649044020116,8270.356203120557,-4433.326171875,,,,,56837.23023509591,,1692.222675586237,9021.611090620461,-4750.410547191088,20263.778881294376,-23552.913723365036,561533.5638799826,537980.6501566175
DEHHALKAJ00017yRbt_3,706.64306640625,"(1979, 1983)",,,,211693.89787660996,3481.4953515815455,2690.3062993257486,-1695.943359375,,,,,22238.647891630404,,624.9159382666297,3223.425430448317,-854.3168655552639,7514.448925414154,-10545.805592183537,248916.8774883465,238371.07189616296
DEHHALKAJ00017vfbt_0,248.3125,"(1979, 1983)",,,,79660.6479695317,1295.5338276441194,1573.4429018251851,-372.46874999999994,,,,,8275.077152012882,,183.80334883690412,1238.4137629580869,-1511.2633852520046,2172.8374209544945,-3340.889893942017,92516.02424851136,89175.13435456934
DEHHALKAJ000180Rbt_1,214.2158203125,"(1979, 1983)",,,,62501.91698738452,976.7941650030546,1096.7195721253029,-321.32373046874994,,,,,7072.83923908615,,146.21361700543383,929.0767694064285,-935.7831058105768,1736.6138885983073,-2715.276843368344,73203.06740232986,70487.79055896153
DEHHALKAJ0001806bt_0,556.5517578125,"(1979, 1983)",,,,148487.28623360922,3061.0328194713697,2894.030171719868,-1252.241455078125,,,,,17547.80614429308,,504.42500677248216,2848.5660060029313,-2104.232953420184,6019.950731587285,-7167.412434777327,178006.62270495793,170839.2102701806
DEHHALKAJ0001806bt_1,366.37890625,"(1979, 1983)",,,,142973.13519245986,1890.2979495875388,1674.2001637630028,-824.3525390625,,,,,12054.19524040197,,321.12112483675907,1780.1841186461504,-728.2989530562551,3855.4813969326174,-6636.258318351655,162995.96369450918,156359.7053761575
DEHHALKAJ00018Lp,2077.3017578125,"(1969, 1978)",-19216.42613642842,132.01196333141087,1504.1251324132768,578938.5410666277,10797.288189335583,2731.160042235097,-17635.171933568683,,,,,63907.491052372505,,5466.903299406292,22534.532365179006,32133.272308541058,12881.23869969874,-48621.15764565247,711755.2550898273,663134.0974441749
DEHHALKAJ000180bbt_1,1550.853515625,"(1979, 1983)",,,,415878.4163023017,8466.853734588847,7948.03748968725,-3489.4204101562495,,,,,47724.38745608119,,1400.0900788553945,7878.235536683525,-5667.488295235972,16714.74036078013,-20096.851516622228,496853.8522535858,476757.0007369636
DEHHALKAJ000180bbt_2,955.904296875,"(1979, 1983)",,,,256734.82721883687,5218.740380289178,4898.956033931924,-2150.78466796875,,,,,29624.589813859933,,862.9777789493987,4856.154888162166,-3490.6872393469926,10302.630677621204,-12403.386682771868,306857.404884335,294454.01820156316
DEHHALKAJ00018E7,136.772216796875,"(1949, 1957)",-9349.897473825893,105.6519958173275,2009.5970348006817,16398.647337299346,600.6540457812903,461.93912572617467,-485.08222262313217,,,,,4208.994471469193,,165.27821925160777,747.3170500007053,10487.797395139505,571.4943426119638,-3533.1227324601045,33157.03976465665,29623.917032196543
DEHHALKAJ00018EGbt_0,1460.2978515625,"(1979, 1983)",,,,408129.0151579125,8072.594711324332,7669.255520070174,-3285.670166015625,,,,,44941.213055688735,,1327.11805162226,7524.01124724413,-5519.145386199437,15840.265291011408,-19535.17409837492,484698.65748265845,465163.48338428355
DEHHALKAJ00018EGbt_1,663.84765625,"(1979, 1983)",,,,179198.5955494762,3668.4566862486977,3483.9732102111802,-1493.6572265625,,,,,20832.172986518937,,603.1883427853385,3415.576295621671,-2546.473706350095,7197.831341644578,-8623.475822375927,214359.663479594,205736.18765721808
DEHHALKAJ00018EGbt_2,472.4892578125,"(1979, 1983)",,,,135471.30349065145,2611.0002207346806,2479.695304838721,-1063.100830078125,,,,,15107.628302208966,,429.3153854210002,2435.44767694861,-1760.7267260789122,5125.303823775565,-6460.503722911278,160835.86664842194,154375.36292551068
DEHHALKAJ00018Hd,246.56689453125,"(1969, 1978)",-4561.816306782303,31.33851855387224,357.0665277596341,77419.42319158872,1306.2727739888667,346.9119818307473,-2267.5956069002395,,,,,7586.114437222285,,702.9546381390743,2903.0804473357016,6297.952563298723,1855.9810278442192,-7305.037218286039,96151.09545434809,88846.05823606205
DEHHALKAJ00018G8bt_0,769.710693359375,"(1979, 1983)",,,,219292.44325254692,3720.441421770914,2797.5761275465848,-1847.3056640625,,,,,24075.995936898245,,674.3952460481892,3435.5897327216967,-796.0430100559022,8112.502943417627,-11071.145466284119,259465.59598683182,248394.4505205477
DEHHALKAJ00018G8bt_1,1081.70166015625,"(1979, 1983)",,,,291867.36745177535,5214.659045930257,3905.9760262642267,-2596.083984375,,,,,33403.97949968765,,946.5405606994468,4805.7187625603965,-1185.048665083989,11382.726983127919,-14902.962005804497,347745.83568058634,332842.8736747819
DEHHALKAJ00018G8bt_2,958.86962890625,"(1979, 1983)",,,,262029.249896863,4623.180753380848,3463.674010190289,-2301.287109375,,,,,29719.15956181278,,839.115375892774,4262.5015820671015,-1030.8678516836512,10091.770732487403,-13344.812775386132,311696.4969516356,298351.68417624943
DEHHALKAJ00018B7,104.38818359375,"(1969, 1978)",-3862.6411632320724,26.535363026548893,302.34007145052027,52470.911584670685,675.4130042751948,194.49646924372558,-1328.0453437366064,,,,,3212.0420957043484,,411.694056558348,1702.646868506387,4994.254240968106,1333.6915553035378,-4968.707738936359,63667.10453149372,58698.39679255736
DEHHALKAJ00018K3bt_0,124.58349609375,"(1979, 1983)",,,,38982.559765294485,437.67535792876254,810.0241390852215,,,,,,4320.253392884551,,38.38072621271308,443.82031883572444,-1015.254668800903,434.09646172415484,-1318.7513191303299,44451.55549316471,43132.80417403438
DEHHALKAJ0001813bt_1,774.5078125,"(1979, 1983)",,,,214621.91681478554,4252.355633485154,4013.6265677357646,-1742.642578125,,,,,24235.735971319664,,701.3152820652223,3959.8358816803416,-2873.0264042940985,8371.912749826733,-10189.077678848202,255541.02991847933,245351.95223963112
DEHHALKAJ00018yQbt_0,330.62255859375,"(1979, 1983)",,,,118540.82836522101,1636.8609257131745,1273.441824713932,-793.494140625,,,,,10752.52282200953,,293.0811239323156,1526.7329535456329,-295.6170437752403,3529.161354564302,-5723.012768722261,136463.51818529968,130740.50541657742
DEHHALKAJ00018yQbt_1,1061.65771484375,"(1979, 1983)",,,,300339.0501135802,5247.631800919118,4073.4552337524906,-2547.978515625,,,,,32872.98462923372,,940.3661043611341,4849.395579535712,-1448.4757713692468,11301.021827510034,-15112.455731484191,355627.45100189815,340514.995270414
DEHHALKAJ00018yQbt_3,1544.0771484375,"(1979, 1983)",,,,418920.34159301297,7623.234636455765,5907.911207468178,-3705.7851562499995,,,,,47515.933035934,,1366.8871356088846,7034.352175159667,-2197.468041308475,16422.422821545108,-21256.49686146822,498887.8294076261,477631.3325461579
DEHHALKAJ00018yQbt_4,515.04638671875,"(1979, 1983)",,,,164584.39487298863,2546.318936163374,1977.1228178073582,-1236.111328125,,,,,16436.847640471766,,456.24873252489317,2363.660496562852,-581.0525961745554,5488.470847988134,-8099.980899371756,192035.90042020747,183935.9195208357
DEHHALKAJ000181abt_0,243.458984375,"(1979, 1983)",,,,75507.97472019834,1263.7768637717595,1530.779860849003,-365.18847656249994,,,,,8070.164819717032,,179.64647663246348,1206.551888223146,-1479.9904163368572,2123.400032316803,-3173.8496364331145,88037.11576880916,84863.26613237605
DEHHALKAJ00018BE,623.3798828125,"(1995, 2001)",,,,156223.11242405494,3125.687577317397,3674.220440027426,-997.4078125,,,,,19178.72739651071,,464.4961440846939,3042.7287662324957,-2897.1939097139075,7155.193074738115,-11553.488938822025,188969.5641007519,177416.07516192985
DEHHALKAJ00018L7bt_0,206.03759765625,"(1979, 1983)",,,,64167.17859578809,1017.536788469266,1199.2706889388564,-309.056396484375,,,,,6852.699463721696,,147.47453830909453,971.115616118797,-1099.9772122171732,1746.8715565881048,-2728.7039217982237,74693.11363923235,71964.40971743413
DEHHALKAJ00019u9bt_1,2924.953125,"(1979, 1983)",,,,776614.545916562,15981.85025205019,15014.516154154271,-6581.14453125,,,,,89995.10179283528,,2641.760217855125,14866.899834033364,-10777.62687288298,31534.908689524884,-37579.865387851474,929290.8114528821,891710.9460650306
DEHHALKAJ00019u9bt_3,4.0,"(1979, 1983)",,,,4679.859276218422,19.186507791958952,15.592696499044772,-9.0,,,,,158.66595025879818,,3.3786389566411703,19.780397196773357,16.60094805120506,41.593512267305115,-200.33675180216613,4945.657927240149,4745.321175437983
DEHHALKAJ0001A8nbt_0,776.5625,"(1979, 1983)",,,,221255.1690088993,4261.313207956944,4019.9741404515767,-1747.265625,,,,,24362.324796898472,,702.9720466964018,3973.073631212991,-2815.9295872278058,8394.325630795669,-10579.62747046897,262405.9572506835,251826.32978021455
DEHHALKAsT0000Edbt_1,241.58935546875,"(1979, 1983)",,,,59150.26201315266,1041.6785231273143,1125.9392496758596,-362.384033203125,,,,,7828.156427113894,,159.64165613474864,983.6666431015682,-955.4695037441946,1897.3454878057778,-2637.3474131733637,70868.8364631645,68231.48904999113
