building_name,net_leased_area ,building_age_group, a1, a2,a3,a1_a3,a4,a5,b1,b2,b3,b4,b5,b6,b7,c1,c2,c3,c4,d,sum,sum with d
DEHHALKA10000t7C,1350.308837890625,"(2002, 2009)",0.3488114347160113,0.010573135673785984,1.6885046546365794,413.37503669503326,19.562535057440133,1.75468245940975,,,,,,51.26556794968943,,11.080808027744979,21.638270579087504,15.3312275140465,47.29718070952946,-37.125832331317426,581.3053089919811,544.1794766606637
DEHHALKA10000t7F,1348.009033203125,"(2002, 2009)",0.280173219511699,0.008492581283840117,1.3562450601287719,454.853715726737,19.581957564393715,1.740020931723293,,,,,,51.17825483060998,,11.066304919665349,21.7440145081338,15.408202824490827,47.395640604148,-50.9208740818229,622.9681119099017,572.0472378280788
DEHHALKA10000t79,1348.662109375,"(2002, 2009)",0.2803089563273684,0.008496695723979297,1.3569021264467094,453.0313163327624,19.486861446708858,1.7357439346909898,,,,,,51.20304935636579,,11.0657667153685,21.668366088450558,15.37093617048493,47.31407441416599,-50.718481593052886,620.876114458998,570.1576328659452
DEHHALKA3Aw000Dnbt_1,603.001953125,"(1979, 1983)",0.2867005593960642,0.15718439270383783,4.779421885814539,298.34050228973837,9.307686009402289,0.7735079145223392,,,,,,23.13838038069198,,6.299492220364412,11.320942013384398,7.556805721925499,22.075244286217572,-29.928705156812843,378.81256083624686,348.883855679434
DEHHALKA3gi00005bt_1,759.09765625,"(1979, 1983)",0.3609171107245181,0.19787382691251199,6.016643781914404,435.00936543549227,18.37686670506211,1.3601595129611208,,,,,,29.180107323541613,,9.65096523652803,20.70202899413053,12.564825345739884,34.56103224657689,-38.33124093633458,561.4053508000325,523.0741098636979
DEHHALKA900014M0bt_1,852.228515625,"(1979, 1983)",0.40519668451607055,0.22215022850123345,6.754803360394776,421.09348138214835,13.474330906034771,1.1088569595633637,,,,,,32.559612236691024,,8.92116716939444,16.256604745648445,10.810925557483847,31.508546683847733,-41.89501740799353,535.733525640812,493.83850823281847
DEHHALKA900014M0bt_2,4.0,"(1979, 1983)",,,,13.964767941888569,0.05771049910627516,0.004344902930440497,,,,,,0.18631825966108784,,0.029272183367870113,0.07154483805589824,0.052448499849888426,0.14983868751319834,-1.6119895659602173,14.516245812373228,12.904256246413011
DEHHALKAJ000109w,1832.744140625,"(1949, 1957)",5.228329038975331,2.866446185449819,87.15849835715888,319.3750143951318,5.6411864648437495,0.8623196350829272,,,,,,69.58162134686782,,14.845227539062499,16.16673081953104,6.08191793076446,0.15475269044536896,-70.37667714333469,432.7087708217297,362.332093678395
DEHHALKAJ00010D9bt_1,1199.3701171875,"(1979, 1983)",0.5702470476895761,0.3126395570035046,9.506264047024743,552.6947151253231,23.765149031824606,1.8180662974561466,,,,,,45.54140412369665,,13.325692985041478,27.100624342506002,17.263030873432328,49.04415253141897,-49.35764095362424,730.5528353106993,681.195194357075
DEHHALKAJ00010A0,590.72265625,"(1958, 1968)",1.9660361062178404,1.0778848567322035,32.774669202435255,146.09420585810702,2.788791500591417,0.4241823954703205,,,,,,22.42754065010239,,7.064773775922646,7.706683760319812,3.0488360825598613,2.0959126665438466,-29.110246432296712,191.65092668961734,162.54068025732062
DEHHALKAJ00010D6,620.953125,"(1969, 1978)",0.2952355417318686,0.16186372091309356,4.921703719713689,244.89497694137424,6.848664453274984,0.8966802975149751,,,,,,23.575231866475487,,15.591271760277078,17.65826373383797,7.45306890465224,17.41012569598261,-27.944507393981443,334.3282836533896,306.38377625940814
DEHHALKAJ00010Ax,810.3994140625,"(1949, 1957)",2.3118528635790128,1.2674798721975709,38.5395835859127,146.19794316302773,2.4944093964843748,0.3812989012025875,,,,,,30.76777872970395,,6.564235253906249,7.149285233492273,2.689691497370633,0.07670707159170853,-31.14936232794237,196.32134924677948,165.1719869188371
DEHHALKAJ000108c,718.572265625,"(1969, 1978)",0.3416490932633491,0.1873100818343,5.695437626809037,281.70022894571,7.906922081193599,1.0347610897694275,,,,,,27.281390617790635,,17.99592297457368,20.383447761657873,8.607181744080195,20.12012114855751,-32.251349853307346,385.02997636333293,352.77862651002556
DEHHALKAJ000107hbt_0,947.62060546875,"(1979, 1983)",0.600735163515706,0.32935475274957987,10.014514077452324,456.76568218524915,19.14918227376279,1.4553990274920778,,,,,,36.096360488779226,,10.706483502116736,21.963421634244316,13.569339622789428,37.5950412374694,-42.19724300248887,597.3009099719033,555.1036669694143
DEHHALKAJ00010AW,669.5283203125,"(1949, 1957)",1.9099852957720984,1.047154841349496,31.840278035824575,136.00097629795636,2.060808169921875,0.3150180126357812,,,,,,25.419614408850283,,5.42317939453125,5.90870151459932,2.2233682567332975,0.08868302219154395,-25.827428029022755,177.4403490774197,151.61292104839697
DEHHALKAJ00010Em,1410.43359375,"(1958, 1968)",4.694188281753558,2.573602004332309,78.25414173312944,330.168603151729,6.425065409022802,0.976364194427007,,,,,,53.548259052785454,,16.277982640030434,17.752987665222264,7.056342214727504,4.647193826114721,-68.42119859976125,436.85279815405914,368.4315995542979
DEHHALKAJ00010CR,1537.02734375,"(1949, 1957)",4.3847280790033185,2.403939572777351,73.09530678377075,276.41287653980027,4.730970164062501,0.7231827011723481,,,,,,58.354502018350466,,12.449921484375,13.559420284048578,5.101277934136137,0.1440370702278465,-59.0734912025799,371.47618819617315,312.4026969935933
DEHHALKAJ00010DZbt_1,109.232421875,"(1979, 1983)",0.20774059714700455,0.11389437003984025,3.4631252853781667,87.16388107803657,2.382082624937561,0.18092961851479353,,,,,,4.369954228236092,,1.4766131003889718,2.985171763800795,1.4590497243089338,3.1398109578327795,-9.937973597509906,103.15749309605651,93.2195194985466
DEHHALKAJ00010CC,654.6484375,"(1949, 1957)",1.867536968326559,1.0238824257501828,31.13264612315305,119.00524150932733,2.0150078906249997,0.30801691802986636,,,,,,24.85460317996398,,5.302652343749999,5.775390476452289,2.1728314407544858,0.06347024088592892,-25.16827058004641,159.49721399978887,134.32894341974247
DEHHALKAJ000109u,1563.70703125,"(1949, 1957)",4.460838094479602,2.4456671040612803,74.36409354325005,276.09541350986603,4.8130902421875,0.735735690910065,,,,,,59.36741111210048,,12.666026953124998,13.794054597125111,5.189414420604974,0.13802867585852116,-60.0677122988787,372.79917520177764,312.73146290289895
DEHHALKAJ000106X,691.1787109375,"(1958, 1968)",2.3003727505198914,1.2611858677381078,38.34820515357909,168.9353576797091,3.2379594236205054,0.4924048222070786,,,,,,26.241449558030745,,8.20280360062659,8.947683664212247,3.54334133458027,2.413986504964132,-33.94425215088489,222.0149865879507,188.0707344370658
DEHHALKAJ0001087bt_0,1165.005859375,"(1979, 1983)",0.5539083743452925,0.30368183312386693,9.233891320821002,546.2534239654158,18.60134455144842,1.5247192720221145,,,,,,44.27893163917064,,12.205589225850709,22.347304351716303,14.833977723967578,43.21455942441188,-53.57763602451652,703.2598501540034,649.6822141294869
DEHHALKAJ0001087bt_1,1333.10546875,"(1979, 1983)",0.63383224821056,0.34750032305815154,10.566256743321059,617.9828144105477,21.274841384238236,1.744207889277277,,,,,,50.62282892900967,,13.966150638428443,25.55810756009314,16.965423324059202,49.431565208370024,-60.474704703523244,797.5459393440236,737.0712346405004
DEHHALKAJ00010Eh,1836.6298828125,"(1958, 1968)",6.112649692988674,3.3512774855678056,101.90050477937312,430.9983288056659,8.311605167137198,1.2628254701505655,,,,,,69.72914535879993,,21.057927389292807,22.96552264316159,9.136451599121274,5.973211322860269,-88.86032089303916,569.4350177561895,480.57469686315034
DEHHALKAJ00010Apbt_0,4522.6318359375,"(1979, 1983)",2.1503099129049446,1.178913492519841,35.846592977254346,1983.0511604731296,84.89850512951575,6.5780255463098305,,,,,,171.70652929023274,,48.94203721159402,97.50960223198611,62.876530602007065,180.05574640588247,-178.32171299313794,2635.6181368906578,2457.2964238975196
DEHHALKAJ00010ED,2555.748046875,"(1949, 1957)",7.290865884435052,3.9972378454514637,121.54187647213158,609.1340322804662,7.86659248828125,1.2024983052973193,,,,,,97.03105531053292,,20.7015591796875,22.567750215330037,8.494359545746617,0.4881995633171762,-99.13781296395672,767.4860468886591,668.3482339247023
DEHHALKAJ00010Dw,1936.94921875,"(1949, 1957)",5.525598267065095,3.029424880661495,92.114104504926,370.75186386589496,5.9619296953125,0.9113488928776867,,,,,,73.53785314228989,,15.689288671874998,17.090668371624382,6.430391420938593,0.21880362884521629,-74.58055505437778,490.59214768965813,416.01159263528035
DEHHALKAJ00010CLbt_0,1726.1591796875,"(1979, 1983)",0.8207117735827112,0.44995755148589034,13.681618971618667,807.9225884247883,34.92287960326476,2.653767426290028,,,,,,65.54069019157393,,19.262432691142017,39.62536995107166,25.157772676627697,71.30560061927666,-71.78243914646168,1066.3911015840351,994.6086624375735
DEHHALKAJ00010CLbt_1,911.1748046875,"(1979, 1983)",0.4332230183628492,0.23751574531327144,7.222014424260868,452.89585532019976,18.708743935197656,1.4444196031879648,,,,,,34.73457515898798,,10.855426237026577,21.68254745281554,13.549643754125661,38.05791315756967,-41.05169339911662,591.9291246191109,550.8774312199943
DEHHALKAJ00010AK,860.0478515625,"(1969, 1978)",0.4089144303306057,0.22418849316076506,6.816779785377394,344.7656874731056,9.570733858840216,1.2546556084712468,,,,,,32.65260406065237,,21.813133097296888,24.702710473916333,10.405375554763056,24.296494399413753,-39.08277965753418,469.46139452645946,430.3786148689253
DEHHALKAJ00010D1,682.2548828125,"(1949, 1957)",1.9462907760681063,1.0670594236222695,32.445506039101815,123.83532539921595,2.0999805292968747,0.3210059541534213,,,,,,25.9027312960674,,5.526264550781249,6.018911121241233,2.264444331984195,0.06583348288218807,-26.228465612174684,166.03449666562253,139.80603105344784
DEHHALKAJ00010C2,689.3984375,"(1958, 1968)",2.2944476656767185,1.2579374232120328,38.249431435681856,177.01371609654836,3.3362290106752974,0.5077651461324962,,,,,,26.173876699744863,,8.451048776057906,9.220322008812424,3.6360847968723977,2.5707605611115465,-34.351428705203446,230.9098030959553,196.55837439075185
DEHHALKAJ00010EY,856.015625,"(1958, 1968)",2.848981003911903,1.5619618945564229,47.49374117389097,208.53764323462565,4.001572369389057,0.6084958434719334,,,,,,32.499517640517965,,10.137340118885735,11.057742314482844,4.380166005488531,2.9765461043151116,-41.999617841974995,274.19902363117683,232.19940578920182
DEHHALKAJ00010Dybt_0,1084.08984375,"(1979, 1983)",0.5154364144725868,0.2825894722946586,8.592547169302362,464.03559014475775,19.705040450953657,1.545134729760124,,,,,,41.16334905594775,,11.694206624185615,22.84574570547393,14.799580918529205,42.52116263039175,-42.141786365804975,618.3098102599998,576.1680238941949
DEHHALKAJ00010Dybt_1,522.205078125,"(1979, 1983)",0.2482852455817291,0.13612308823637084,4.139022048501953,240.79625023797323,10.110802157820666,0.7787942780669077,,,,,,20.014653285690645,,5.761676941143784,11.587085125149118,7.412632751364574,21.118036021929328,-21.528060155923757,317.5799307991383,296.05187064321456
DEHHALKAJ00010Kr,830.3896484375,"(1958, 1968)",2.7636929340437226,1.5152024689893708,46.071952292189685,204.33890142797975,3.9073772048501927,0.5942722815902406,,,,,,31.526656980388665,,9.898542510774789,10.79770876061726,4.273499152694967,2.926573993798316,-40.86105946699013,268.2635323126942,227.4024728457041
DEHHALKAJ00010mObt_0,1644.840087890625,"(1979, 1983)",0.6256385351608407,0.34300809670037025,10.42966401549937,759.8093488052929,26.290777760305524,2.1473204586867314,,,,,,62.45395511576027,,16.93696073902911,31.21399879936731,21.165718780884426,62.60612343332636,-72.94320358271251,982.6242038926528,909.6810003099403
DEHHALKAJ00010mObt_1,1554.635009765625,"(1979, 1983)",0.5913277390186038,0.3241971056574392,9.857688256723858,722.4671728522413,24.873461910391242,2.0307583124080013,,,,,,59.029640356926905,,16.00949895245581,29.525094283512225,20.01785665885451,59.20153484084625,-69.4325763208131,933.1550181676364,863.7224418468234
DEHHALKAJ00010bibt_0,445.697021484375,"(1979, 1983)",0.28254543172099555,0.1549063322020084,4.7101541167163195,214.86424073514348,6.649861501675369,0.5635302534286912,,,,,,17.229058960164934,,4.777477948482137,8.33755887982506,5.389031887089446,15.37409845221768,-22.28233571596305,273.18485861802674,250.90252290206368
DEHHALKAJ00010is,531.865234375,"(1949, 1957)",1.5172693165757114,0.8318471948450417,25.293533411976917,140.12529696600097,1.6370811914062502,0.2502465154045679,,,,,,20.192696754418577,,4.3081083984375,4.698379241761986,1.7687974825560202,0.12382085337894827,-20.7125521859482,173.10442740336484,152.39187521741664
DEHHALKAJ00010Kj,732.373046875,"(1958, 1968)",2.43747524856682,1.336352700126163,40.63376288372676,178.20504213308374,3.4209382307808047,0.5201918237597719,,,,,,27.805381831618725,,8.66641441634097,9.453220395273078,3.74496568828336,2.5425656690443583,-35.92092109926851,234.3587201881848,198.43779908891628
DEHHALKAJ00010JX,538.5830078125,"(1860, 1918)",2.7569045953608216,1.4098698571517283,43.63801035433562,224.2572921929252,9.337908151397608,0.7060021168542324,,,,,,20.448224378457983,,4.86020953198366,12.164880069850978,5.918933184290559,12.513445168854247,-36.749031139256125,290.2068947946145,253.4578636553584
DEHHALKAJ00010Hc,839.201171875,"(1949, 1957)",2.3940165783096874,1.3125263612223488,39.9092881209538,140.70122178851602,2.58306120703125,0.3948503406731032,,,,,,31.86110570250201,,6.7975294921875,7.401846762633222,2.7844237659125675,0.06164802599610014,-32.19125219032405,192.5856870854518,160.39443489512774
DEHHALKAJ00010I1,1226.453125,"(1958, 1968)",3.4987428666353986,1.918195673832785,58.32555145640319,355.3994174488099,4.72153791796875,0.7246895356144774,,,,,,46.563726971487164,,12.32585390625,13.453821057003243,4.9798261490705364,1.6664870322553458,-51.91492051910939,439.8353600184595,387.9204394993501
DEHHALKAJ00010lF,656.58984375,"(1958, 1968)",2.1852544948641968,1.198071958429796,36.42913421874514,198.484842429904,2.9153685567539065,0.44272078474437715,,,,,,24.928169050503907,,7.3866357421875,8.06213877606207,3.2167478886309446,2.1349571489052455,-31.822116716742947,247.571580377692,215.74946366094903
DEHHALKAJ00010h2,599.4443359375,"(1949, 1957)",1.7100544256889734,0.9375421762644855,28.50734426639591,110.41274065966218,1.845089666015625,0.2820429811014842,,,,,,22.758770522465518,,4.855499121093749,5.2885788197756805,1.989720563803791,0.06051782049641325,-23.054715426647487,147.49296015441445,124.43824472776696
DEHHALKAJ00010Kz,1310.1083984375,"(1969, 1978)",0.6228981660091751,0.3415056815610477,10.383980880711384,487.97189895903733,13.879399834309616,1.8089508226232922,,,,,,49.73945769055244,,31.41390576746509,35.57157326284761,15.165930688065885,35.28442693767447,-56.4982610080872,670.8355439625755,614.3372829544883
DEHHALKAJ00010PF,677.8642578125,"(1949, 1957)",1.9337654968008526,1.0601924038326447,32.23670423563846,122.71693307524754,2.086466185546875,0.3189401327090298,,,,,,25.73602444352319,,5.49070048828125,5.9801307891846935,2.249845736187897,0.06487513257520469,-26.057714270603668,164.64391598325565,138.58620171265198
DEHHALKAJ00010pq,1350.03662109375,"(2002, 2009)",0.2805946379244596,0.008505355274627365,1.358285036117733,452.5222806916842,19.458207086313852,1.7351378495261596,,,,,,51.255233786200655,,11.07430785469267,21.650422533676394,15.365810958453606,47.313741020646574,-50.657110141049955,620.3751417811941,569.7180316401441
DEHHALKAJ00010KY,562.689453125,"(1949, 1957)",1.6052025716450167,0.880056850681277,26.759418670988797,105.89159006582011,1.7319581367187502,0.26474953766230214,,,,,,21.363352095089287,,4.5577845703125,4.96463085402243,1.8679018518840556,0.06054763991395146,-21.65482233228815,140.70251475142337,119.04769241913522
DEHHALKAJ00010Po,760.1845703125,"(1949, 1957)",2.1686033395749673,1.1889429154398967,36.15155228384735,139.76440332706215,2.339848107421875,0.3576724468719357,,,,,,28.861378318570516,,6.1574950195312494,6.7066680535028205,2.523241058804431,0.07632083060863715,-29.23525163781158,186.78702716237365,157.55177552456206
DEHHALKAJ00010Nibt_0,4.0,"(1979, 1983)",,,,8.78749652739338,0.05868770224940752,0.004392743109845455,,,,,,0.17367515467792644,,0.029327307553504774,0.06848905959683156,0.04945414749511368,0.14474862814039663,-0.9940754153375809,9.316271270216406,8.322195854878824
DEHHALKAJ00010Nibt_1,936.0869140625,"(1979, 1983)",0.4450676163057482,0.2440095796413159,7.4194689766908155,432.209346370044,18.44723060925245,1.4172697336035247,,,,,,35.59899616204176,,10.467123151253457,21.127542400037456,13.447641647945062,38.19416012904447,-38.76210060011774,570.9093102032222,532.1472096031044
DEHHALKAJ00010FV,674.16015625,"(1949, 1957)",1.9231986853549687,1.0543991195661753,32.06055093480738,122.32428265038564,2.0750649609375,0.3171973256052538,,,,,,25.595406326562383,,5.460697265624999,5.947492788487072,2.237574095671454,0.06498290061640512,-25.91701900854307,164.02269831389066,138.1056793053476
DEHHALKAJ00010Gn,1125.1611328125,"(1949, 1957)",3.2097838938957723,1.759773099624768,53.5084808468325,208.61034588463147,3.463245966796875,0.5293966113161301,,,,,,42.717865858515914,,9.11380517578125,9.926519256187255,3.7347540414601212,0.11216521685709185,-43.266191989391984,278.2080980115461,234.94190602215411
DEHHALKAJ00010kcbt_1,1111.580078125,"(1979, 1983)",0.528506795973669,0.28975534592595814,8.8104360619289,519.1428213966396,21.970602182475375,1.6928184818801575,,,,,,42.217255842862784,,12.581585334387167,25.261189955439697,16.030188618185967,45.45137293754037,-46.730641713126225,684.3478347494112,637.6171930362849
DEHHALKAJ00010Knbt_1,617.4208984375,"(1979, 1983)",0.29355612539476683,0.16094297615556563,4.893707125588281,292.92283848628813,12.49138489406114,0.9545646751625655,,,,,,23.646521947470074,,7.009109620243148,14.269584533393328,9.025963364013343,25.531093669136144,-26.198584262836192,385.8510611897679,359.65247692693174
DEHHALKAJ00010K2,1443.42578125,"(1958, 1968)",4.803992487097357,2.633802470524805,80.08462515904293,351.68314465121,6.748059384805357,1.0261403099839517,,,,,,54.80083397689163,,17.09511967586494,18.64725096857382,7.386424895143124,5.019936779795044,-70.82291156448991,462.40691064226786,391.58399907777795
DEHHALKAJ00010JBbt_0,1263.5400390625,"(1979, 1983)",0.6007569861775373,0.3293667170856605,10.014877870630064,538.5407708552927,22.702934657881322,1.7848040119750028,,,,,,47.97608394849865,,13.544261671806666,26.356967708882937,17.123856629418906,49.286836797260634,-48.898988330272864,717.3165162810169,668.417527950744
DEHHALKAJ00010SBbt_1,742.314453125,"(1979, 1983)",0.352937445485527,0.19349895287245822,5.883619323346741,402.221717017787,15.993502993199627,1.208933678540951,,,,,,28.512134193422828,,8.78332068982203,18.213082227050027,11.347548852315072,31.754346909552524,-36.56670641840897,518.03458656169,481.4678801432811
DEHHALKAJ00010k2,2309.94921875,"(1949, 1957)",6.589667543463248,3.612803871472602,109.85259792940025,405.90536450069146,7.1100236953125,1.0868481438403688,,,,,,87.69909708050962,,18.710588671874998,20.376662611274078,7.665782860636765,0.20065603821907974,-88.72172262012397,548.755023602359,460.033300982235
DEHHALKAJ00010Jw,2018.2841796875,"(1949, 1957)",5.757625165270558,3.1566342839574193,95.98209289572954,353.147965496605,6.212278705078125,0.949617591863237,,,,,,76.62579781330946,,16.348101855468748,17.80359463104174,6.697744003768325,0.17281550620986671,-77.51012377953774,477.95791560334453,400.4477918238068
DEHHALKAJ00010FJ,306.08154296875,"(1919, 1948)",0.970187566117331,0.5319080775782423,16.173444853452793,122.23435613395944,8.09199146840529,0.5276623473281191,,,,,,11.621298383849766,,2.1365149307275164,8.686193691836136,4.320318952889481,6.778523512899953,-18.33043724031041,164.39685942189573,146.06642218158532
DEHHALKAJ00010SZ,720.0390625,"(1949, 1957)",2.054078938908256,1.1261545888091846,34.24238116761622,128.81629803105153,2.216280234375,0.3387836893635973,,,,,,27.3371588053916,,5.8323164062499995,6.351978580260548,2.3897012956005685,0.06635706258529372,-27.669592516026718,173.34887410487812,145.6792815888514
DEHHALKAJ00010ki,458.909912109375,"(1958, 1968)",1.4546080968429034,0.7974930038712574,24.248943873631823,124.08394111698016,2.2710864229554586,0.34500126093791045,,,,,,17.42328659394061,,5.691503444735116,6.212923746979296,2.4915456269551366,2.1818028853046756,-22.41381039368432,160.70109109878837,138.28728070510405
DEHHALKAJ00010Rb,1708.4765625,"(1958, 1968)",5.686131339239522,3.1174375915950656,94.7902600037633,389.9559533488701,7.657771697115319,1.1631865613210255,,,,,,64.86370091289888,,19.401907639569497,21.15775139539032,8.42800235460129,5.43810789335028,-82.2995899169483,518.0663818031168,435.76679188616845
DEHHALKAJ00010h6,653.5068359375,"(1860, 1918)",3.3176651442136347,1.7098765030219196,52.81638663681608,255.01314925729218,10.375542466843594,0.8020961825670718,,,,,,24.81132892104202,,5.835410379827409,13.847169024355232,6.674621623596561,13.632729354102082,-43.70851509419036,330.9920472096262,287.28353211543583
DEHHALKAJ00010Io,1474.216796875,"(1958, 1968)",4.906470778433194,2.6899864836389833,81.79298244116028,358.35512087195025,6.752655963725346,1.0262941161860408,,,,,,55.969842119030815,,17.10768599849554,18.65937245192066,7.411536113050266,4.924863616793064,-71.72298447181363,470.207371251152,398.48438677933837
DEHHALKAJ00010gfbt_1,345.5048828125,"(1979, 1983)",0.32854435267768145,0.18012537073768198,5.476975953434563,241.11111428605867,9.410904858111454,0.6864997919055804,,,,,,13.582742912921736,,4.966250967145816,10.823520306855057,5.98979570728272,15.174265737888112,-22.94548950847136,301.7450945681692,278.7996050596978
DEHHALKAJ00010Ezbt_0,1507.0732421875,"(1979, 1983)",0.7165461726065557,0.3928484660883679,11.945133510609496,700.6297471429021,30.22545350401105,2.303047824139044,,,,,,57.223326451640695,,16.78199678615026,34.3633415000692,21.848568492936902,61.98916100968421,-62.37616934952975,925.3646427115334,862.9884733620037
DEHHALKAJ00010Ezbt_1,395.2939453125,"(1979, 1983)",0.18794465699429982,0.10304118985261274,3.133118431483585,119.98731545357259,3.5449627282740863,0.3819050746478728,,,,,,15.035077001953141,,3.985370624468522,5.309838288755452,3.8551447844059337,11.903691336857754,-13.312167978331136,164.00330529293532,150.6911373146042
DEHHALKAJ00010iY,725.8193359375,"(1949, 1957)",2.070568513637543,1.135195044800018,34.517269484942645,136.56253585291086,2.2340719160156253,0.3415033506468164,,,,,,27.556745403396018,,5.87913662109375,6.403928110248403,2.4094249471565323,0.07805417193455375,-27.93262249884943,181.46540037340256,153.53277787455312
DEHHALKAJ00010NBbt_0,1350.72265625,"(1979, 1983)",0.6422084358581451,0.3520925916303946,10.705891401331103,622.0534464804426,26.709120501586415,2.0454205868070074,,,,,,51.28736540766313,,15.018026827093994,30.48682506571382,19.421552577383537,55.18187627204006,-55.60435635635392,822.2036337187307,766.5992773623767
DEHHALKAJ00010NBbt_1,1340.203125,"(1979, 1983)",0.6372068674911946,0.3493504676248402,10.622513101104708,637.7144269308762,27.806972053358557,2.0940499610048864,,,,,,50.88864526858863,,14.988742896879,31.325439921807693,19.822515283359667,56.0450009983499,-56.24226663400482,840.6857933142246,784.4435266802197
DEHHALKAJ00010MC,1302.25,"(1958, 1968)",4.3341329340154,2.3762006414148127,72.25186391159566,309.3913078523245,5.989192455432166,0.9103568058172598,,,,,,49.4409898115442,,15.173306617758632,16.549229506644814,6.569517239503614,4.377803954717296,-63.437321559388025,408.4017042437425,344.96438268435446
DEHHALKAJ00010JFbt_1,587.47119140625,"(1979, 1983)",0.5586327484757903,0.3062719846051626,9.312648673662034,325.0331406224936,10.741038388795323,0.8475692161667576,,,,,,22.685666232659397,,6.7626497314177945,13.027889980926595,7.681921444957209,20.349922489908064,-33.82697720461044,407.12979810732475,373.3028209027143
DEHHALKAJ00010Nv,1889.986328125,"(1969, 1978)",0.898604282649853,0.49266233992330327,14.980120667467173,735.7250841637704,20.821841280744987,2.7235172356014,,,,,,71.75486653628016,,47.40974500427618,53.71647379568073,22.667137720603883,53.14991353462169,-84.87800105105684,1007.9685792715793,923.0905782205225
DEHHALKAJ00010pAbt_0,627.797607421875,"(1979, 1983)",0.397986384184621,0.21819716094810912,6.634604546412627,299.3925587125174,9.779776054470574,0.8139909332475141,,,,,,24.059616250504874,,6.75272969258921,12.073653932903088,7.758167793424949,22.052247109590844,-30.561972989091625,382.6827404792484,352.1207674901568
DEHHALKAJ00010LObt_1,310.868408203125,"(1979, 1983)",0.19707210138322603,0.10804533705844171,3.2852768631444196,130.58905429136524,5.345281793966491,0.42377935076289996,,,,,,11.945540162558274,,3.2854124106939695,6.30143616601031,4.018030763572714,11.370509196434272,-12.418699908449675,173.2790441353642,160.86034422691452
DEHHALKAJ00010LObt_2,3.0,"(1979, 1983)",,,,9.154525445203591,0.043902922673608055,0.003162397875116695,,,,,,0.13661065872423528,,0.01982105414543417,0.05194625884303801,0.0370916680460711,0.10497665735657069,-1.0504213349912472,9.552037062867665,8.501615727876418
DEHHALKAJ00010Lg,759.1484375,"(1949, 1957)",2.1656475296767117,1.1873223843018201,36.1022776589642,127.1530437523122,2.336658890625,0.35718493874193147,,,,,,28.821868596028498,,6.149102343749999,6.695754786159426,2.5188029844198363,0.05555697176795242,-29.119706728034256,174.08797326380486,144.9682665357706
DEHHALKAJ00010JN,1330.7109375,"(1949, 1957)",3.7961625317982115,2.081256846595315,63.28366545501262,303.4520480758562,4.095928265625,0.6261093103997275,,,,,,50.521744871679985,,10.778758593749998,11.74847958109072,4.421687688175496,0.23139185092577555,-51.53491568108124,385.87614823750295,334.3412325564217
DEHHALKAJ00010MGbt_0,556.2841796875,"(1979, 1983)",0.26448833983548625,0.14500648049610296,4.409134612835464,276.2251298455076,8.564650531527416,0.7125070418363357,,,,,,21.367040837304064,,5.810200520972459,10.426966782772755,6.963000143927536,20.344864497342606,-27.75210129238227,350.41436020119073,322.66225890880844
DEHHALKAJ00010MGbt_1,28.51171875,"(1979, 1983)",,,,50.224028620052216,0.4217168750208901,0.03391703417569814,,,,,,1.2078575563164649,,0.2635812176536281,0.5242169014045807,0.357074026556524,1.0304051570810118,-5.627509279661182,54.06279738826102,48.435288108599835
DEHHALKAJ00010os,654.0126953125,"(1949, 1957)",1.8657233658347925,1.022888113053776,31.10241258799855,118.14539429550152,2.013051076171875,0.3077177966418995,,,,,,24.83045564805424,,5.29750283203125,5.769675693996998,2.1706615053662217,0.0621706317083858,-25.13929326489673,158.59662947947237,133.45733621457563
DEHHALKAJ00010P7,576.5947265625,"(1949, 1957)",1.6448705991108588,0.9018049589518434,27.42070178475987,107.56034205061327,1.7747585683593752,0.2712920713693062,,,,,,21.891279793002756,,4.67041728515625,5.087182362289849,1.9139855033760722,0.06046698128125526,-22.184182020056063,143.2297246154481,121.04554259539205
DEHHALKAJ00010u5,53.537841796875,"(1949, 1957)",,,,15.181554760990696,,,,,,,,2.032749529017794,,,0.0021659324414439,0.0012209093076954803,0.025251744303328834,-0.09252188305799465,17.242942876060958,17.150420993002964
DEHHALKAJ00010u1,759.708984375,"(1949, 1957)",2.1672466200457965,1.1881990901201576,36.1289351845843,136.74394647943114,2.3383842539062503,0.3574486801807839,,,,,,28.84326682376975,,6.153642773437499,6.7020537845470765,2.5214265962182427,0.0713945436534803,-29.199086638448456,183.7315639351442,154.53247729669576
DEHHALKAJ00010rf,1804.3740234375,"(1949, 1957)",5.1473966795462855,2.822074790452402,85.8093210456789,315.19373458638336,5.553863244140625,0.8489712857099252,,,,,,68.5045265410979,,14.615429589843748,15.916585335721418,5.987833691937725,0.1536254836429855,-69.29192247336074,426.77456975847775,357.482647285117
DEHHALKAJ00010uw,1118.2529296875,"(1949, 1957)",3.1900766373262543,1.7489685404628899,53.17995238649002,204.54394761439295,3.441982517578125,0.5261462507961957,,,,,,42.45558991539359,,9.05784873046875,9.865547451227584,3.7116740008514566,0.11051790603934197,-42.99945921368558,273.713254386748,230.71379517306244
DEHHALKAJ00010tJ,721.7001953125,"(1958, 1968)",2.401953991160877,1.3168780702712675,40.04160821400711,177.44947523836834,3.39414394264175,0.5162077410834127,,,,,,27.40018828026039,,8.598382623850895,9.379413559579728,3.712424224151417,2.54076696241628,-35.50442671884506,232.99100257235222,197.48657585350716
DEHHALKAJ00010uN,808.54296875,"(1949, 1957)",2.3065569214333164,1.264576356935098,38.45129794792697,145.89477353852004,2.4886952578125,0.3804254299913357,,,,,,30.697304907924405,,6.5491980468749995,7.132912334659167,2.6835325630616467,0.07658414213534018,-31.078199467134638,195.90342622097944,164.8252267538448
DEHHALKAJ00010z0,542.968505859375,"(1949, 1957)",1.3768390947554876,0.7548559284848543,22.952501092363725,144.3320096336248,1.48556183203125,0.22708505469084764,,,,,,20.614900373933484,,3.9093732421875,4.265973202419714,1.6064684771413607,0.14092972386282146,-18.90018710342703,176.5823015398918,157.68211443646476
DEHHALKAJ00010yl,647.953125,"(1949, 1957)",1.8484370317926864,1.0134108315158263,30.81424194954434,117.68324955979863,1.99439971875,0.3048667241191128,,,,,,24.600402402591264,,5.2484203124999995,5.716308627556831,2.1506007187910177,0.0626466523728692,-24.910226900179968,157.76089471647973,132.85066781629976
DEHHALKAJ00010xG,1587.3701171875,"(1949, 1957)",4.528342552203095,2.4826766139639487,75.48942194621281,288.4196355211677,4.8859252207031245,0.74686934736448,,,,,,60.265808827053185,,12.857697949218748,14.003957881740627,5.268599312978063,0.15366706521897044,-61.026343694065545,386.6021611254449,325.5758174313794
DEHHALKAJ00010wi,1759.9853515625,"(1949, 1957)",5.0207676662425165,2.752650075702046,83.69836082000643,314.771680956763,5.417234912109375,0.8280860882158481,,,,,,66.81927691712325,,14.25588134765625,15.52607392237454,5.841119064860056,0.16204148131761226,-67.63198330063977,423.62139469042,355.98941138978023
DEHHALKAJ000114D,1038.564453125,"(1949, 1957)",2.9627467188460113,1.624334269588075,49.39026467198526,186.3298156655892,3.19670138671875,0.4886522348522922,,,,,,39.43013845979034,,8.4123720703125,9.161993870240828,3.4468816568267835,0.09659106618498908,-39.91307825846077,250.56314641051566,210.65006815205487
DEHHALKAJ0001108,1780.3466796875,"(1969, 1978)",0.8464755152783434,0.46408259575067,14.111111649205217,655.731817418002,18.750948149417617,2.4417183278713033,,,,,,67.5923071174877,,42.40641171667821,48.02224565740022,20.50257585798211,47.71651244607138,-76.2853852518496,903.1645366909107,826.8791514390612
DEHHALKAJ00010zs,2251.7880859375,"(1949, 1957)",6.4237493812479824,3.5218387696908673,107.08667065874474,394.0387788705695,6.931003728515625,1.059482901900061,,,,,,85.49096220765372,,18.23948349609375,19.863373235996047,7.472637282129784,0.19286518805287176,-86.47780552378465,533.2885869109114,446.8107813871267
DEHHALKAJ00010rm,644.9228515625,"(1949, 1957)",1.8397924718357717,1.0086714270658252,30.6701334094761,115.679892715525,1.985072537109375,0.3034409581177901,,,,,,24.485323711041506,,5.22387509765625,5.689367949827783,2.1404261838663468,0.05993689138412793,-24.78487454426057,155.56733604452816,130.7824615002676
DEHHALKAJ000116jbt_0,1266.5126953125,"(1979, 1983)",0.6021703517650788,0.330141598767141,10.038439284099166,574.9005221095666,24.516540886967462,1.8917041390438607,,,,,,48.09005419543283,,14.043617089363096,28.149360096470637,17.98707340896843,51.218828019148866,-51.693310565093554,760.7976999449619,709.1043893798683
DEHHALKAJ000116jbt_1,1430.556640625,"(1979, 1983)",0.6801659380859769,0.37290289960050954,11.338659322191477,658.3193179964344,28.342270162220494,2.1671675293324375,,,,,,54.31820387926153,,15.868286964901145,32.30055454141923,20.583076731679203,58.48835190333942,-58.75550873180143,870.3872297085879,811.6317209767865
DEHHALKAJ000116jbt_2,4.0,"(1979, 1983)",,,,5.3159480970154025,0.058388236770060505,0.004378082409705226,,,,,,0.16498731457682608,,0.029310414657907055,0.06567248918247637,0.0470545636991355,0.1404096681442774,-0.5807494443533247,5.82614886645579,5.245399422102465
DEHHALKAJ00010yDbt_0,1147.109375,"(1979, 1983)",0.5453993934789042,0.2990167602937712,9.092042942622994,514.5580087468858,21.764292956894067,1.6847429154271363,,,,,,43.55696933379089,,12.538106100338688,25.01227219212579,16.07236683884004,45.92490347733686,-46.21242563553453,681.1116625616394,634.8992369261049
DEHHALKAJ00010yDbt_1,4.0,"(1979, 1983)",,,,6.2092653115274405,0.05687514803230717,0.004304007293207226,,,,,,0.1673267187691487,,0.029225061080150157,0.06511883661133343,0.04701952929533543,0.1399840540861627,-0.6887873997063896,6.719118666695084,6.030331266988695
DEHHALKAJ00010yDbt_2,2102.55078125,"(1979, 1983)",0.9996692083981497,0.548071471356001,16.66491653611542,932.3015122187442,39.88714624022536,3.087572767490279,,,,,,79.82899789128639,,22.977104712829522,45.833388738730335,29.451831602218164,84.16203242177728,-83.91146958843945,1237.5295865933012,1153.6181170048617
DEHHALKAJ00010w4bt_0,783.0673828125,"(1979, 1983)",0.37231364763194474,0.20412201051038928,6.206628963780066,351.4090431803645,14.993309140523692,1.1594859506300745,,,,,,29.82546014820806,,8.627909088405735,17.232965460914336,11.041301293223622,31.494952062824098,-31.632993025839376,465.7844263250941,434.15143329925473
DEHHALKAJ00010yw,1389.83984375,"(1949, 1957)",3.9648414928911118,2.173735564171426,66.09561643279272,246.55436221374703,4.2779270390625,0.6539298968799357,,,,,,52.76643197246504,,11.257702734374998,12.260471167441242,4.612501175357553,0.12460709815065482,-53.39589279719867,332.507933297479,279.11204050028033
DEHHALKAJ00010rK,757.517578125,"(1979, 1983)",0.360165853983177,0.1974619482789261,6.004120008263613,349.63038236026387,14.652235652013722,1.1293741499908958,,,,,,28.759899539421326,,8.36518110634415,16.803069293346763,10.7486823858011,30.621650800903673,-31.273659175625674,460.7104752880855,429.43681611245984
DEHHALKAJ00010vN,653.1806640625,"(1958, 1968)",2.1739081036477867,1.19185126734887,36.23998498716025,160.16230394461627,3.0663904290323827,0.4663390267043658,,,,,,24.79878811274203,,7.768121069830782,8.473640276737186,3.354697439401829,2.29112199010958,-32.10802105983426,210.38140228917442,178.27338122934015
DEHHALKAJ00010qW,689.431640625,"(1984, 1994)",0.32779402456024814,0.17971400122478037,5.4644676603445275,310.501947728775,13.113616832639323,0.9252777035453748,,,,,,26.1750654461129,,6.030175160990575,13.90428037150884,9.381113571130102,27.340831788019436,-27.474160296338848,407.37230860272155,379.8981483063827
DEHHALKAJ00010wLbt_0,194.54248046875,"(1979, 1983)",0.18499256159167526,0.10142269519727339,3.083905728843459,110.66847607636386,4.358755849037545,0.3260353672430471,,,,,,7.608222339623574,,2.4207178168041796,5.067515445128724,2.9032246223290183,7.544691324914195,-10.77779542138433,140.89763884144418,130.11984342005985
DEHHALKAJ00010yS,538.2734375,"(1958, 1968)",1.7914752412934765,0.9821813687418361,29.864664352833017,127.80833174054216,2.474630033017867,0.37613980495298777,,,,,,20.436217039925932,,6.269352464411337,6.837843637895281,2.7145443171015873,1.8080748879538984,-26.216847498518014,168.72513392580106,142.50828642728305
DEHHALKAJ000113H,695.6376953125,"(1949, 1957)",1.9844683621620665,1.0879903931945598,33.081942852861125,126.78216469013242,2.141172826171875,0.32730266613605946,,,,,,26.410810697899084,,5.63466533203125,6.1370493067766425,2.3089043156043747,0.06798600934192964,-26.74610698205518,169.81005584409363,143.06394886203844
DEHHALKAJ00010zB,872.6298828125,"(1958, 1968)",2.9042763788087194,1.5922777402624653,48.41553890432745,214.1116618700246,4.031061638674303,0.6127916148810901,,,,,,33.13032537514549,,10.212365090747106,11.139178334036524,4.4195113823115735,2.9663461177903496,-42.609950879445215,280.623241423611,238.01329054416576
DEHHALKAJ00010z2,1937.244140625,"(1958, 1968)",6.140488444806094,3.3665401600016187,102.36458876996672,561.7300932925912,8.818766687820313,1.3365361918155299,,,,,,73.5490776172297,,22.084583203125,24.110761127252243,9.791666457099963,8.205896653174651,-91.68066433052232,709.6273812301087,617.9467168995864
DEHHALKAJ000113y,2227.1494140625,"(1949, 1957)",6.35346183767307,3.4833034250973998,105.91494701519926,510.35608663771325,6.855165896484375,1.0478902250668765,,,,,,84.55584375564548,,18.03991025390625,19.663241629723842,7.400574028292814,0.3913988924290754,-86.26673606718592,648.3101113192619,562.043375252076
DEHHALKAJ00010ub,1699.013671875,"(1949, 1957)",4.846831765208044,2.657289225932202,80.7987743877923,306.4713005314397,5.22956408203125,0.7993984632424089,,,,,,64.50443805191873,,13.762010742187499,14.988571228087075,5.638972936895589,0.1607596849943442,-65.30486083820689,411.5550157207966,346.2501548825897
DEHHALKAJ000112abt_0,142.30029296875,"(1979, 1983)",0.13531489702457822,0.07418677507080812,2.255757650694308,102.0828703716683,3.960420091096542,0.28121264766461535,,,,,,5.6380849924460685,,1.9240059223694566,4.427399528889902,2.4758289649790473,6.3099794467170645,-9.371984347273182,127.099801965831,117.72781761855782
DEHHALKAJ000114z,1425.2294921875,"(1949, 1957)",4.065798698266113,2.229085637604747,67.77861655639339,253.91613822520424,4.3868563769531255,0.6705809874767559,,,,,,54.11001338985224,,11.54435888671875,12.572815540286559,4.730036966703366,0.12958257722086755,-54.762123097852836,342.0603829504158,287.298259852563
DEHHALKAJ000113Pbt_0,2650.8984375,"(1979, 1983)",1.2603840849846377,0.6910091399515151,21.011145890322965,1165.8167506989712,41.611736292481496,3.4344263303710694,,,,,,100.64760644795761,,27.73275659120678,50.2182513221305,33.41002153411395,97.54917729176341,-113.47439043528308,1520.4207265089958,1406.9463360737127
DEHHALKAJ000113Pbt_1,4.0,"(1979, 1983)",,,,7.149725737690369,0.057256572484949156,0.004322680395491097,,,,,,0.16929584263276107,,0.029246577294543042,0.06612328959423142,0.047792814317934085,0.14145073175794834,-0.80044251716318,7.665214246168228,6.864771729005048
DEHHALKAJ000110n,1468.6025390625,"(1949, 1957)",4.189530404977814,2.296921895820137,69.84127743251028,260.13477195589724,4.520358615234375,0.6909883259178599,,,,,,55.75670018770286,,11.895680566406249,12.955220313440782,4.873861663712155,0.13101675463056417,-56.419467712663014,350.9585983829421,294.5391306702791
DEHHALKAJ00010ye,1470.9853515625,"(1949, 1957)",4.196327931982285,2.300648659229097,69.95459513723685,258.0548916846249,4.527692912109375,0.6921094567729122,,,,,,55.84715935842876,,11.914981347656248,12.97588325156505,4.881568312225413,0.12706779309051117,-56.495760699925796,349.0213541164732,292.5255934165474
DEHHALKAJ00010robt_0,231.98291015625,"(1979, 1983)",0.22059507358954306,0.12094187311204369,3.6774149476291687,165.42842153734998,6.856861767774971,0.4808706101286068,,,,,,9.175617834710666,,3.222069818382305,7.590791176619919,4.215129319739461,10.68861921319289,-15.195862667718352,207.65838127789877,192.4625186101804
DEHHALKAJ00010robt_2,2.0,"(1979, 1983)",,,,6.091679753669111,0.028547582552947457,0.0019041201485418145,,,,,,0.09104148330387446,,0.010282615325751067,0.03239985717648833,0.022245692962187175,0.06065141675615782,-0.6986930015372004,6.33875252189506,5.64005952035786
DEHHALKAJ000113V,768.6767578125,"(1949, 1957)",2.1928292800794242,1.2022248558515019,36.55540915282363,141.1437637638558,2.365987060546875,0.36166808372256487,,,,,,29.183786952061674,,6.22628173828125,6.78156374130892,2.551414099767169,0.07687073977975868,-29.56073596425631,188.691336179324,159.1306002150677
DEHHALKAJ000111f,714.564453125,"(1949, 1957)",2.0384613420283126,1.1175921971408935,33.98202909683873,129.41426231891745,2.19942938671875,0.33620784527612874,,,,,,27.129384732194772,,5.7879720703125,6.303908185832141,2.3716587448651647,0.06847622250645628,-27.468827883696086,173.61129950662337,146.14247162292727
DEHHALKAJ000116Vbt_0,599.603515625,"(1979, 1983)",0.28508475379664094,0.15629852271318342,4.75248571010085,288.47078964165314,11.274317429169834,0.8766211053078634,,,,,,23.000183825492346,,6.570033734630023,13.023142859667328,8.376148742784098,23.932312292794904,-26.497171876264602,375.5235496314996,349.026377755235
DEHHALKAJ000116Vbt_1,4.0,"(1979, 1983)",,,,3.8727954770511137,0.06439645996622269,0.004672222351466033,,,,,,0.1605499134263204,,0.02964933948958341,0.0694321168052269,0.048573558221636476,0.1445534766589941,-0.4024519334136669,4.394622563970563,3.992170630556896
DEHHALKAJ000116Vbt_2,703.4443359375,"(1979, 1983)",0.33445643678614606,0.18336668757417704,5.575532943481231,316.4351802631345,13.298608903432124,1.0378334916798648,,,,,,26.843457263864504,,7.842949763622385,15.424191760597028,9.870505236991788,28.146808069745703,-28.732187407851136,418.8995347530678,390.1673473452167
DEHHALKAJ00010z8bt_0,1239.7236328125,"(1979, 1983)",0.5894333462468662,0.32315849946149955,9.82610791278367,564.305614814422,24.095531493528938,1.8565595831490858,,,,,,47.07308066740606,,13.754127580228138,27.635154047946674,17.648101654200023,50.23226798470171,-50.68433724424469,746.6004378255826,695.9161005813379
DEHHALKAJ00017t6,344.34716796875,"(1949, 1957)",0.6548869380701717,0.3590436163329262,10.917247497319035,57.12511142035,0.706600388671875,0.10801192144707146,,,,,,13.073958428433544,,1.8594747070312498,2.0274454153578665,0.7631821518860691,0.04786162009228201,-8.919541805797522,75.71164605326996,66.79210424747244
DEHHALKAJ00018HV,703.094970703125,"(1949, 1957)",1.7828817556514862,0.9774699659294707,29.721407243606304,198.28085363569903,1.9236678398437501,0.29405455040578443,,,,,,26.694468598891074,,5.0622837890625,5.525672534885645,2.0811464867507556,0.20142640173434903,-24.543406310013538,240.06357383727286,215.52016752725933
DEHHALKAJ00018M0,241.99755859375,"(1949, 1957)",0.4602362235263114,0.25232581145875543,7.672336196343262,54.84741133662471,0.496578990234375,0.07590775740482732,,,,,,9.187996350658299,,1.30678681640625,1.42692937315719,0.5375253723671181,0.05808903682550391,-6.358000648790616,67.93722503367827,61.57922438488766
DEHHALKAP0006abHbt_0,593.348388671875,"(1979, 1983)",0.22568857572335732,0.1237344000653423,3.7623258233703103,266.0081030109594,11.100148272184827,0.8779462456764293,,,,,,22.6704096674905,,6.740288807466127,12.975230885043107,8.405380953476097,24.239643792068634,-23.886034222698175,353.0171516343651,329.13111741166693
DEHHALKAP0006abHbt_1,868.353271484375,"(1979, 1983)",0.3302906299361386,0.18108277218447832,5.506087147934328,475.03737277008855,15.05496498681862,1.1911681620440904,,,,,,33.278471436278956,,9.007759881477973,17.47848767769535,11.704714071265386,34.27747896615738,-46.074791009245,597.0304179518264,550.9556269425814
DEHHALKAbr0000Mkbt_1,1208.04443359375,"(1979, 1983)",0.4594970388957706,0.2519205513940653,7.660013669982287,555.1126223642547,18.815600783063285,1.5529273566200483,,,,,,45.883962844395626,,12.41142469249479,22.526012320959655,15.340619969473863,45.49871074298373,-53.745206274954626,717.1418810742457,663.3966747992911
DEHHALKAbr0000Mkbt_2,675.5908203125,"(1979, 1983)",0.2569706649905832,0.14088489399648055,4.283811733243411,340.09619841418134,10.542092401324878,0.8694234884274832,,,,,,25.896212805670473,,6.942111996154997,12.635276542128603,8.606626550415209,25.498434393602714,-33.56919937655047,431.0863765919057,397.5171772153552
DEHHALKA10000t7Ibt_0,584.130859375,"(1979, 1983)",0.22218255615978108,0.12181221492182746,3.7038789662398313,302.6037035979091,9.141442972598432,0.7530209850634766,,,,,,22.454250690828516,,6.003800267167709,10.952401840978466,7.457967795243306,22.08219840839852,-30.01531086654607,381.4487865581875,351.43347569164143
DEHHALKA10000t7Ibt_1,2172.493896484375,"(1979, 1983)",0.8263392344634614,0.4530428228326523,13.77543116979393,731.4986005900329,33.91237889831997,2.795333596896044,,,,,,82.48165868030603,,22.300665706651237,40.35375013001173,27.43885712793593,81.58040993680709,-64.7741859272143,1022.3616546669608,957.5874687397466
DEHHALKA1000143I,389.1025390625,"(2002, 2009)",0.18971239592266098,0.0057505422742875015,0.9183479429751815,175.45982413127516,9.386633007811385,0.6296517318648454,,,,,,14.772848014391794,,2.3237985767317553,8.675537259285274,5.229187772839486,14.320822478168488,-14.91143338990802,230.79830297236816,215.88686958246015
DEHHALKA2Rp000FHbt_0,1538.765869140625,"(1979, 1983)",0.5852916836184593,0.3208878212095922,9.757064611816398,717.8242187897109,23.031475456592798,1.932282316062897,,,,,,58.42815750331173,,15.75649563315321,27.94896985177874,19.163651171689157,57.060274165194684,-70.72587753217758,921.1455248874942,850.4196473553166
DEHHALKA4Eq0000Ubt_0,3080.425537109375,"(1979, 1983)",0.8369171893962376,0.45884221654733315,13.951770237354063,1144.7823423559207,41.04589538609764,3.6059886356632838,,,,,,116.95170247640321,,30.620719094933982,50.9127365024647,36.561836951748006,112.35861662219465,-109.30512826909859,1536.8398380254262,1427.5347097563276
DEHHALKA4Eq0000Ubt_1,732.0810546875,"(1979, 1983)",0.1988982402977467,0.1090465228840865,3.315719385869115,334.21386793907885,9.719850484036611,0.8552733879472242,,,,,,27.95340104154499,,7.275220806566635,12.11772679312483,8.715552483307405,26.741268014848984,-33.41915406373158,427.5921609504555,394.1730068867239
DEHHALKA70001vybbt_0,880.7734375,"(1979, 1983)",0.4187685229273186,0.22959102730204642,6.981051755829012,368.08773020522375,16.028899144562278,1.2437844907875584,,,,,,33.45348599617612,,9.223222313468886,18.351993204746897,11.968049414164527,34.504521067604934,-33.02977558716,492.861685836735,459.831910249575
DEHHALKA70001vybbt_1,4.0,"(1979, 1983)",,,,8.887332519105419,0.06344762723692321,0.004625771080495412,,,,,,0.17392556766184775,,0.029595815683531687,0.0723899589404482,0.05147282826291341,0.14948126828025038,-1.000945998856035,9.43227135625183,8.431325357395796
DEHHALKA70001xCY,750.6943359375,"(1979, 1983)",0.3569217063615762,0.19568333516837938,5.950038669266042,318.4284094077668,14.041681404147118,1.0771638512811423,,,,,,28.50078147492028,,7.848310874268126,15.923921209427155,10.35243413744475,29.776511631234523,-28.295455754798592,425.94921399048997,397.6537582356914
DEHHALKA70001xUI,657.490234375,"(1979, 1983)",0.3126073091734845,0.17138784155399725,5.211298569757358,323.59940712853745,13.090404238517747,1.003618194099588,,,,,,24.962363113613982,,7.395590684002169,14.98998856552943,9.520778309373611,26.986146822182043,-29.48700837522481,421.54829705585604,392.0612886806312
DEHHALKA7000Cli9,958.3779296875,"(2010, 2015)",0.4556660009644943,0.24982017401105097,7.59614861658756,449.9619490420686,15.508050777002008,1.5043855117129596,,,,,,36.385596579897644,,8.611819079272031,17.34048011694963,11.75529049909474,38.030075154637636,-52.697551438373615,579.0976467606353,526.4000953222617
DEHHALKAJ00010AMbt_0,304.939453125,"(1979, 1983)",0.14498512208756356,0.07948850331660119,2.4169644701164366,138.09687027434018,5.751031358832302,0.4507608094527939,,,,,,11.741545085944967,,3.433475005032073,6.702752228849754,4.280894663760273,12.195362108835392,-12.595376602149761,182.65269153504775,170.05731493289798
DEHHALKAJ00010AMbt_1,916.00390625,"(1979, 1983)",0.4355190409746734,0.23877454620516403,7.26029011072759,401.68165092365473,17.183915543113724,1.3336087923438056,,,,,,34.808693768075585,,9.953418717579641,19.773124473091656,12.73918927068849,36.46514816514102,-36.20601404105555,533.9387496536887,497.7327356126331
DEHHALKAJ000107G,943.96875,"(1969, 1978)",0.4488150780853302,0.24606413616274458,7.4819407796175925,434.56846998808726,9.663518066109374,1.2540762152240932,,,,,,35.83894389851739,,21.76142958984375,24.653660577790898,10.605852836469364,24.755818879498136,-39.81188949231276,563.1017700515403,523.2898805592275
DEHHALKAJ000109Xbt_2,310.957763671875,"(1979, 1983)",0.1971287474415966,0.10807639342018305,3.286221177350474,178.17219938773985,7.2445433214894575,0.5430089610738228,,,,,,12.097934205475633,,3.9770999611360063,8.321074207862532,4.950825233902607,13.375544083165796,-16.386677820203218,228.6822293618457,212.2955515416425
DEHHALKAJ00010Cq,1121.9658203125,"(1949, 1957)",3.2006685216176463,1.7547755709878348,53.356523662461484,206.0702838887365,3.453410794921875,0.5278931932186993,,,,,,42.59657099538076,,9.08792314453125,9.898424503658845,3.7240658561558373,0.11229401201894058,-43.14739172976519,275.47086638862265,232.32347465885746
DEHHALKAJ00010EB,596.498291015625,"(1969, 1978)",0.37814447714848437,0.20731877928700954,6.303831404760673,254.21758271413609,5.685370359587403,0.7447691256216753,,,,,,22.64688265525126,,12.779478803100586,14.439983484279804,6.269557543001044,14.393029691584525,-24.481464601279903,331.1766543765624,306.6951897752825
DEHHALKAJ00010DH,1074.5458984375,"(1949, 1957)",3.0653921624852383,1.6806099244254245,51.10140845503851,190.13132834663986,3.307452275390625,0.505581770243441,,,,,,40.796156786447796,,8.70382177734375,9.479035862860059,3.5660867001244934,0.09552313455755852,-41.27970730963143,256.5849866536076,215.30527934397617
DEHHALKAJ00010Bibt_0,534.6513671875,"(1979, 1983)",0.25420290143364,0.13936745979697163,4.237671921913152,289.91328882129164,11.342614146716265,0.8651718338614298,,,,,,20.606282636416157,,6.385014488797532,13.029880076642824,8.115023086709625,22.71237753309395,-26.57997645058693,372.96965262352944,346.38967617294253
DEHHALKAJ00010Bibt_1,982.666015625,"(1979, 1983)",0.46721390356887843,0.2561513442804666,7.788657129856286,497.690402047285,20.617919229963068,1.5565091263078759,,,,,,37.44145737001424,,11.223167811316785,23.34735474415917,14.693950949251352,41.390664570537666,-44.68181306283372,647.9614258488351,603.2796127860014
DEHHALKAJ000107r,2700.552490234375,"(1949, 1957)",8.804519139514122,4.827102524351903,146.77512858052856,620.3863171918897,9.49977207421875,1.4521484158453881,,,,,,102.5286643111261,,24.9994001953125,27.23659345578531,10.248604323130087,0.3979240693462287,-119.01763808433162,796.7494240366541,677.7317859523225
DEHHALKAJ00010Adbt_1,839.4833984375,"(1979, 1983)",0.3991369492062793,0.2188279614759372,6.653784961188064,458.437352548872,18.86305393810895,1.3998588343601865,,,,,,32.16825490331983,,9.858447186018124,21.131094456026087,13.129059294936537,36.646306501635266,-40.905697806724525,591.6334276632771,550.7277298565525
DEHHALKAJ00010Adbt_4,551.091796875,"(1979, 1983)",0.2620195931768272,0.14365298315693353,4.367979542068313,387.91224522698013,11.703284873902428,0.8634258648878745,,,,,,21.49490231215599,,5.937528289303457,13.002053643202299,8.293668184196372,23.409621726851405,-37.71015021763181,472.6167301214799,434.9065799038481
DEHHALKAJ00010Dfbt_0,271.61328125,"(1979, 1983)",0.12914001235023034,0.0708013770806606,2.152819661953976,144.8541428410876,5.967790297460247,0.45493415684874516,,,,,,10.540454628315592,,3.374449442062027,6.87606338582294,4.230139377526346,11.75636570454939,-13.050396353536371,188.05433983367286,175.00394348013648
DEHHALKAJ00010Dfbt_1,2431.568359375,"(1979, 1983)",1.156102406020018,0.6338364144684573,19.27272535921942,1189.7164210026194,52.23696683530268,3.89390233763305,,,,,,92.32191099991049,,27.455034035436093,58.41975791188139,36.75213042845265,103.48312529489023,-104.12359581474591,1564.2792488461257,1460.1556530313799
DEHHALKAJ00010Dfbt_2,287.0009765625,"(1979, 1983)",0.13645617580715938,0.07481248439179335,2.2747832598621955,150.33647111650265,6.281221591684012,0.4763147644334235,,,,,,11.126540367081773,,3.4932714194335217,7.188257182748487,4.443108450348042,12.382469538950367,-13.459357111311697,195.72765443118226,182.26829731987056
DEHHALKAJ00010Bo,1804.3603515625,"(1949, 1957)",5.147357677342162,2.8220534073836623,85.8086708621272,318.38976735963445,5.553821162109375,0.8489648529919045,,,,,,68.50444268754906,,14.61531884765625,15.916921049099177,5.988045540526164,0.15894430896873116,-69.31088977732202,429.9762258085351,360.6653360312131
DEHHALKAJ00010AY,659.5224609375,"(1949, 1957)",1.8814412540967689,1.0315054897559697,31.364436559337573,161.90175647194116,2.0300101347656248,0.31031018200427873,,,,,,25.03974833950847,,5.342131933593749,5.824383302880332,2.1923872288740625,0.13381957353483104,-25.611681847846473,202.7745471671025,177.162865319256
DEHHALKAJ000107X,722.7646484375,"(1958, 1968)",2.405496691368808,1.3188203656818116,40.10066655328741,174.7585532369827,3.362175709293642,0.5112019739590056,,,,,,27.440571162439188,,8.517640602201384,9.29069805668797,3.6825692006208683,2.4879856082285445,-35.38525351092356,230.0513955504133,194.66614203948973
DEHHALKAJ00010ET,2587.2734375,"(1949, 1957)",7.380799395401574,4.046544147241647,123.04110685900972,559.5875780165163,7.963627640625,1.2173312340935485,,,,,,98.22793570739546,,20.95691484375,22.83798481923219,8.59454945109158,0.39931236084480265,-100.01294177578244,719.7852340735487,619.7722922977663
DEHHALKAJ000109lbt_0,287.72607421875,"(1979, 1983)",0.18240123657719787,0.10000199392777845,3.040707224056649,158.70637861638286,4.5302420002469,0.37541373091485547,,,,,,11.170078164511027,,3.0975568507148616,5.588072694389162,3.589467812932693,10.17845355263033,-16.516897435371103,197.23566342272267,180.71876598735156
DEHHALKAJ00010C0,580.3701171875,"(1949, 1957)",1.6556407791925318,0.907709740648171,27.600245328396287,111.64528640994538,1.7863792207031248,0.27306842050276203,,,,,,22.034668994959535,,4.700997949218749,5.12097420985596,1.9267896522877064,0.06648602631932143,-22.35004121955309,147.5546508837926,125.2046096642395
DEHHALKAJ000108Kbt_0,1100.91796875,"(1979, 1983)",0.5234374380614553,0.2869760561104509,8.725927680767388,544.0264608126998,18.20968067020945,1.4717645423524601,,,,,,41.91274075804969,,11.569779404797023,21.64639974795871,14.295373299647292,41.48228044242104,-53.278644840512584,694.6144796781356,641.335834837623
DEHHALKAJ000108Kbt_2,2633.3828125,"(1979, 1983)",1.252056185780254,0.686443345654855,20.872316221472182,1168.9610463803017,41.093981650739664,3.3998466352237795,,,,,,99.9827378945538,,27.535817513067215,49.69927657232289,33.096746226291785,96.68180115261396,-114.27343393736219,1520.4512540251148,1406.1778200877527
DEHHALKAJ00010Bs,570.626953125,"(1969, 1978)",0.271307689501788,0.14874520824114368,4.522816110739761,230.11886038632875,6.355686775372883,0.8335617845452737,,,,,,21.66457681522914,,14.485386507904284,16.40154563650867,6.908676056115956,16.106733450311562,-25.964902144445645,312.8750274123165,286.91012526787085
DEHHALKAJ00010B5bt_0,746.830078125,"(1979, 1983)",0.35508442396016304,0.1946760398945232,5.9194103798122875,381.59390355021463,16.33571517375424,1.2261510020537127,,,,,,28.584079493178887,,8.80318018913465,18.466595209960257,11.492080557649588,32.1495591555072,-33.75993659805927,498.65126433145315,464.8913277333939
DEHHALKAJ00010B5bt_3,1702.4951171875,"(1979, 1983)",0.8094605663168418,0.4437890452751035,13.494056497511162,814.1346579150712,33.63815628965864,2.576201438189618,,,,,,64.64313981031472,,18.914395969365444,38.41688454242695,24.485481912382312,69.55963459424203,-73.69184661173847,1066.368552471651,992.6767058599124
DEHHALKAJ00010DP,1558.0380859375,"(1949, 1957)",4.444666109126754,2.436800767344472,74.09449957770184,273.22107026798756,4.795641228515625,0.7330684103307293,,,,,,59.15255215648926,,12.62010849609375,13.743779397285945,5.170450449167881,0.13441220533497933,-59.83853012926472,369.5710826112057,309.732552481941
DEHHALKAJ00010Cgbt_2,284.637451171875,"(1979, 1983)",0.18044323306778176,0.09892851296496531,3.0080664617047446,177.42945470198353,5.034319893987348,0.3984423251911888,,,,,,11.112732180760585,,3.0954841891318927,5.987602401153641,3.7911330134647945,10.629034277817093,-18.18998421804951,217.47820298349006,199.28821876544055
DEHHALKAJ00010Cgbt_3,3.0,"(1979, 1983)",,,,4.591215235550797,0.04859034549243974,0.0033918764131011235,,,,,,0.12480762210221058,,0.020085472416526896,0.05232892036305425,0.03602242816074647,0.10420080128790793,-0.5017450217470855,4.980642701786784,4.478897680039698
DEHHALKAJ00010Cgbt_4,21.325927734375,"(1979, 1983)",,,,27.963304745655634,0.3599790378335126,0.027257873211885605,,,,,,0.8767923921429961,,0.1978018688188329,0.42262853094425856,0.2702680103507402,0.7592068392896874,-3.0187477993127487,30.877239298247545,27.858491498934796
DEHHALKAJ00010E0,608.939453125,"(1949, 1957)",1.7371414564530987,0.9523927175043702,28.958896743058325,109.89428302125226,1.87431563671875,0.28651050376692416,,,,,,23.119210145000064,,4.932409570312499,5.372025708639464,2.021055124325639,0.057705041108874894,-23.406080763588292,147.55751475112447,124.15143398753618
DEHHALKAJ00010C8,2470.76171875,"(1949, 1957)",7.048422611856755,3.8643176354399245,117.5002426313393,598.5700348956127,7.6050045703124995,1.1625116111203588,,,,,,93.80448054964694,,20.013169921874997,21.818687159102716,8.212675880047197,0.48808557262433444,-95.90024556621343,751.6746501603419,655.7744045941284
DEHHALKAJ00010At,606.01171875,"(1949, 1957)",1.7287894130271142,0.9478136860699184,28.81966457962791,120.33899003108141,1.8653040703125001,0.28513298315075747,,,,,,23.008123018536132,,4.908694921875,5.347762932895284,2.012220506257224,0.07567929856691386,-23.360419972716365,157.84190776267522,134.48148778995886
DEHHALKAJ00010Cv,1684.3408203125,"(1860, 1918)",8.445886536138975,4.403832063364864,135.6199365498648,721.3998615762671,33.66220998785064,2.4626776733935825,,,,,,63.94822967076078,,15.488572614787701,41.92928054902902,20.374891356977127,38.87095919639923,-119.52799615182417,938.1366826254653,818.6086864736411
DEHHALKAJ00010CW,1060.134765625,"(1979, 1983)",0.504046842244468,0.27634510710191346,8.402678091642363,492.3135302292033,21.20633374858243,1.617766664496141,,,,,,40.24889423438051,,11.811485971297829,24.13498477829414,15.348019149464994,43.55294360359878,-43.87665603462941,650.2339583793181,606.3573023446887
DEHHALKAJ00010DT,1031.4501953125,"(1958, 1968)",3.4328602505667285,1.882075343205219,57.22725985279901,291.61627829667555,4.579811119370117,0.6954789877428578,,,,,,39.16009144707108,,11.603814697265623,12.661987320172834,5.051608760155073,3.3191962927090213,-49.862336136899714,368.68826692116215,318.8259307842624
DEHHALKAJ0001078,478.849609375,"(1958, 1968)",1.5937015645479722,0.8737513910064179,26.5676919260382,124.70788998937155,2.339300439170364,0.3561183779897922,,,,,,18.180202712877325,,5.925574465738482,6.465330955188454,2.5465999242027673,1.81924172324851,-23.962185259245384,162.34025858778728,138.3780733285419
DEHHALKAJ000107v,685.254638671875,"(1969, 1978)",0.8688214566816322,0.4763338213369418,14.48362812293301,317.5289036346848,6.794491156894043,0.8850692494503285,,,,,,26.016713258535095,,15.103583281860349,17.11967361824699,7.717117004315524,18.56395053669371,-32.63015830724619,409.7295017406808,377.0993434334346
DEHHALKAJ000109H,1071.4990234375,"(1949, 1957)",3.05670024270903,1.6758445548205247,50.95651040637176,194.0198670350444,3.298073994140625,0.5041481930845215,,,,,,40.680498625760286,,8.679142089843749,9.452478379047497,3.5562688336617896,0.09954046163257897,-41.176341908618554,260.2900176122154,219.11367570359687
DEHHALKAJ000108E,598.4482421875,"(1969, 1978)",0.2845354727552278,0.15599737782842932,4.743328958414271,237.57578400424538,6.606055571016388,0.8653429254268872,,,,,,22.720824553266322,,15.038441930918886,17.02894764993855,7.187660146826685,16.760589555311633,-26.96726141654632,323.78364633695077,296.81638492040446
DEHHALKAJ000108obt_0,823.3544921875,"(1979, 1983)",0.39146837297637266,0.21462364286511862,6.525946490473324,384.58769037548484,16.47017180130405,1.2594781139385156,,,,,,31.378476162599462,,9.240818701703002,18.799043126169934,11.935654319834262,33.84047111312954,-34.37275911894396,507.5118037141636,473.1390445952196
DEHHALKAJ000108obt_1,1615.3154296875,"(1979, 1983)",0.7680105095720955,0.42106393441139583,12.803066187651254,936.0599832363572,32.57246772387958,2.4460482361722256,,,,,,61.408934885488875,,17.305939745847827,36.56958925051902,23.467526966704188,66.70304363291496,-88.41619467867785,1176.533533677884,1088.1173389992061
DEHHALKAJ000108obt_2,460.986328125,"(1979, 1983)",0.21917845781832454,0.12016520950816821,3.653799352197426,234.94242657561261,9.488894365598384,0.7230618177286185,,,,,,17.743167805855514,,5.29588413025443,10.838608017944605,6.82751129201883,19.24846847876841,-21.34788467121541,305.1080224837814,283.760137812566
DEHHALKAJ00010Dn,1353.4423828125,"(1958, 1968)",4.504510812547464,2.469610795282822,75.09213657527704,323.34189350350687,6.247024428232251,0.9496362958835893,,,,,,51.3845443048427,,15.826359927664662,17.26189791299288,6.849166690880839,4.584133718693396,-66.03497655556374,426.44465678269717,360.40968022713344
DEHHALKAJ000107Tbt_0,558.22998046875,"(1979, 1983)",0.2123307851228375,0.11641095358225684,3.539645697190101,305.58577128687443,9.148222849239014,0.7398071867142113,,,,,,21.510900304567503,,5.760834182931665,10.81026149619073,7.307140941907859,21.521856328386594,-30.20339636100608,382.38479457681194,352.18139821580587
DEHHALKAJ000107Tbt_1,1430.43212890625,"(1979, 1983)",0.5440853906494881,0.2982963545255091,9.070137949154677,554.0311173652295,24.017328157893182,1.9209323305003343,,,,,,54.310135618754295,,14.728401847116363,27.94193321407929,18.79638789984547,55.42768086352268,-49.469729020188225,751.1739172969413,701.7041882767531
DEHHALKAJ00010BU,1223.6181640625,"(1949, 1957)",3.4906554810231123,1.9137617417933541,58.19073125278794,217.0404576094484,3.7662967089843753,0.5757213706630052,,,,,,46.455732356668214,,9.91130712890625,10.79414295145762,4.060854404305975,0.10966018790273123,-47.009703744560284,292.71417271833656,245.70446897377627
DEHHALKAJ00010Dl,750.333984375,"(1949, 1957)",2.1405022515036176,1.1735364144127738,35.68309503484048,141.30344904558012,2.3095280039062502,0.3530376735379551,,,,,,28.48745244267134,,6.0777052734375,6.620239999870576,2.49081394153574,0.08090418979032586,-28.876833779180785,187.72313057032977,158.84629679114897
DEHHALKAJ000108Y,2588.2119140625,"(1949, 1957)",7.383476618127514,4.048011942174439,123.08573731566636,475.3228777036197,7.966516271484375,1.2177727942376897,,,,,,98.26356645579344,,20.96451650390625,22.834217903636635,8.590873996010885,0.2589606427826814,-99.53444270334225,635.4193022714716,535.8848595681293
DEHHALKAJ00010Cs,598.256103515625,"(1949, 1957)",1.5170353033509674,0.8317188964326021,25.28963231066666,157.33559776784537,1.63682869921875,0.25020791909644313,,,,,,22.713978755698335,,4.3074439453124995,4.700113050256153,1.7699104756201889,0.1524638965657658,-20.81437512978223,192.86654450961353,172.0521693798313
DEHHALKAJ000109s,1131.0458984375,"(1949, 1957)",3.226571556899436,1.768976983355257,53.78833842416128,198.71417858172197,3.4813592753906253,0.5321654369442225,,,,,,42.94118923860397,,9.161471777343749,9.977245111802333,3.753479048280388,0.09819330862630853,-43.44158940226261,268.6592817787136,225.217692376451
DEHHALKAJ00010By,599.380859375,"(1949, 1957)",1.7098733440269689,0.93744289773105,28.504325557048684,106.25523463929296,1.8448942851562502,0.2820131149106734,,,,,,22.756294241645946,,4.8549849609375,5.28742732194679,1.9891764588972607,0.053615607268141574,-23.027008018675772,143.3236406300555,120.29663261137974
DEHHALKAJ00010Hy,580.6455078125,"(1949, 1957)",1.6564263950184586,0.9081404567470756,27.613341882795016,106.2590726218163,1.787226873046875,0.2731979938228951,,,,,,22.045054951759003,,4.70322861328125,5.122628154132562,1.927266507789225,0.057470474373107296,-22.327498113950814,142.17514619002122,119.84764807607041
DEHHALKAJ00010pb,902.23828125,"(1969, 1978)",0.42897409967310135,0.23518626362232928,7.151183118526394,335.20870001965375,9.514829302987142,1.2398110727046208,,,,,,34.254296681353075,,21.518343365165254,24.36230634569842,10.400867306855492,24.154150966457067,-38.73298431708534,460.65330506087486,421.9203207437895
DEHHALKAJ00010Nn,809.625,"(1949, 1957)",2.3096436673025593,1.2662686740896587,38.502755331876564,145.3045064050692,2.49202575,0.38093453367469554,,,,,,30.738339253787206,,6.5579624999999995,7.142345874676236,2.687060624732381,0.07538007733584401,-31.115002629248416,195.37855501927555,164.26355239002714
DEHHALKAJ00010fSbt_0,1030.7373046875,"(1979, 1983)",0.4900696594975026,0.26868207712241043,8.169672431438572,451.95235267583286,19.022364070123764,1.4836325421301644,,,,,,39.14168531670107,,11.145694784675785,21.966921047722813,14.196925843666534,40.719299871918295,-40.77150257088326,599.6288761527715,558.8573735818882
DEHHALKAJ00010fSbt_1,207.1416015625,"(1979, 1983)",0.09848660146852721,0.05399555785278272,1.6418140917120063,111.99754609359923,4.055059031054293,0.3350727270726116,,,,,,8.043482009405803,,2.822054409865377,5.062486326253287,3.0810308713557464,8.536413215050347,-10.782516295222853,143.9331446836567,133.15062838843386
DEHHALKAJ00010hJbt_1,846.0361328125,"(1979, 1983)",0.40225248241666156,0.22053606137171053,6.705722242521068,384.20765469048666,16.28140861834557,1.2612079512872372,,,,,,32.207568557308576,,9.425445071375531,18.765881643904585,11.986604498369594,34.130726803476975,-34.6751610051093,508.2664978345548,473.5913368294455
DEHHALKAJ00010Mlbt_0,379.3408203125,"(1979, 1983)",0.18035965691608744,0.09888269210337973,3.0066732112367953,185.35799572783083,7.433509209025911,0.587017636004706,,,,,,14.617021437386194,,4.5677139272672775,8.792373256336164,5.507342343972975,15.508348214525356,-17.116165149832288,242.3713217523494,225.2551566025171
DEHHALKAJ00010Mlbt_1,2192.3134765625,"(1979, 1983)",1.0423473702608483,0.5714698943246744,17.376379887573805,997.3543417018689,43.20870900034987,3.2991861732268544,,,,,,83.23723070465006,,24.061677943304574,49.1198646679627,31.392541570216217,89.35659446818038,-88.79918744092245,1321.0301462297598,1232.2309587888374
DEHHALKAJ00010iu,602.981689453125,"(1969, 1978)",0.3822545665640289,0.2095721474356512,6.372348366662274,252.71246710063303,5.693127998652344,0.7452799246108648,,,,,,22.89282554733961,,12.776177030029297,14.43230729035098,6.283922566578964,14.38243078654841,-24.509024418701905,329.91853824474356,305.40951382604163
DEHHALKAJ00010HQ,661.7978515625,"(1969, 1978)",0.31465538920194897,0.17251070722318598,5.245440946502497,252.53369254001925,7.093778994967782,0.9263101866989903,,,,,,25.12589365090655,,16.079907525024836,18.20436148132451,7.740871453430724,17.985502453073625,-28.913199051937596,345.69031828544627,316.77711923350864
DEHHALKAJ00010LW,648.451171875,"(1949, 1957)",1.8498578263714895,1.014189786162781,30.837927207499476,117.62323871565054,1.99593270703125,0.3051010588470131,,,,,,24.61931450263177,,5.2524544921875,5.720680980918153,2.152241669722852,0.06244453002694924,-24.928457053575674,157.73140865701603,132.80295160344036
DEHHALKAJ00010ZK,694.1630859375,"(1969, 1978)",0.3300436159766866,0.18094734608245874,5.5019693187735,273.15777232274405,7.356529062490917,0.959057116865019,,,,,,26.354707654698068,,16.649762999116675,18.853159012486174,8.038727181822162,18.702528329263295,-30.030457609228684,370.07224367948635,340.0417860702577
DEHHALKAJ00010kz,1332.9111328125,"(1949, 1957)",3.8024391007904543,2.0846979933003915,63.38829856515562,241.53011324365977,4.1027004667968745,0.6271445185212163,,,,,,50.60518194276075,,10.796580175781248,11.758998596521787,4.4239783528901775,0.12794407027814755,-51.23969106434545,323.97264136721,272.73295030286454
DEHHALKAJ00010Qw,715.884765625,"(1958, 1968)",2.382599147364337,1.3062667224090752,39.71895462647116,171.81748830018722,3.3141734475598987,0.503840570470123,,,,,,27.179379730644758,,8.39613936849554,9.157889768889333,3.6322283985304025,2.4398437056417754,-34.9742042722438,226.44098329041907,191.46677901817526
DEHHALKAJ00010MKbt_0,334.86328125,"(1979, 1983)",0.21228342530354408,0.11638498842735835,3.5388561885915966,200.8434497912546,8.028857761876706,0.6005378981244499,,,,,,13.042215371242753,,4.399316227347984,9.2313074962461,5.452196920852751,14.65353898039043,-18.522155786127914,256.25142044733576,237.72926466120785
DEHHALKAJ00010OW,1385.126953125,"(1969, 1978)",0.6585661459925367,0.36106075248406005,10.978581479030321,508.6353581170613,14.620892401556723,1.90354271154299,,,,,,52.58747152382367,,33.082721223288424,37.47235089883141,15.9849762867896,37.28783621622374,-59.46267003165712,701.5751493791178,642.1124793474606
DEHHALKAJ00010f9bt_1,396.541015625,"(1979, 1983)",0.18853758335937554,0.10336626340952816,3.1430027695256486,197.35270552209917,5.753652739878798,0.4906915286674046,,,,,,15.284381083603929,,4.121905328234698,7.150435163055953,4.819529796644671,14.16218561520305,-20.20738691102521,249.13548677738768,228.92809986636246
DEHHALKAJ00010NS,425.843994140625,"(1958, 1968)",1.3497989594987017,0.7400310978395261,22.50173038401944,118.07632841363427,2.144176114648505,0.3258716420481727,,,,,,16.16791270139544,,5.37421582217298,5.867130949083371,2.347117682594421,2.0807502779399347,-20.969223975884013,152.38350360351706,131.41427962763305
DEHHALKAJ00010LF,579.9189453125,"(1984, 1994)",0.27572561774273996,0.15116734989662556,4.596464878531645,271.14031622875865,11.150323701013834,0.7841639830706914,,,,,,22.017296383903187,,5.079067067643216,11.802146955732715,7.948944902649901,23.129105102822507,-24.62565044530603,353.0513643255947,328.4257138802887
DEHHALKAJ00010KN,390.866455078125,"(1949, 1957)",0.9911444409253302,0.5433977434742724,16.522804988384575,97.72684022689502,1.06941062109375,0.16347159986332974,,,,,,14.840002757417464,,2.8142384765624997,3.070063157591199,1.1559511588368145,0.09118273591650396,-13.568045093097176,120.93116073417657,107.36311564107939
DEHHALKAJ00010n9,364.85595703125,"(1969, 1978)",0.23129699981399932,0.12680923443807646,3.855820670050096,152.868159288355,4.049176498815923,0.5376268567621372,,,,,,13.852335050891687,,9.308663670538051,10.53526902513368,4.395320726937666,10.310773146543088,-17.251885049357277,205.8573242639772,188.60543921461993
DEHHALKAJ00010Zr,287.15478515625,"(1949, 1957)",0.7281562930127566,0.3992137474436305,12.138679221448804,83.46717991100321,0.7856554921875001,0.12009639488894075,,,,,,10.902504102701077,,2.067514453125,2.2571242420012694,0.8501721347062787,0.08640103223298715,-10.039056116797841,100.53664776284627,90.49759164604843
DEHHALKAJ00010Ir,1416.34765625,"(1949, 1957)",4.040461194944122,2.2151942797340536,67.35622945619339,247.87105599105178,4.3595180859375,0.6664020181625342,,,,,,53.772796194675784,,11.472416015624999,12.493826778332545,4.700201127221614,0.12135213059109853,-54.39365563372048,335.4575683415979,281.0639127078774
DEHHALKAJ00010IZbt_1,169.8310546875,"(1979, 1983)",0.16149419791891267,0.08853965084180493,2.6921778792187174,108.23926237940246,4.475097011964523,0.3192488316515667,,,,,,6.68027302062223,,2.1917163855495936,5.002942690635475,2.825478223746512,7.257036485873144,-10.105224763003982,136.99105502944548,126.8858302664415
DEHHALKAJ00010k6,488.178955078125,"(1949, 1957)",1.2379058146744997,0.6786853646677329,20.636423436687583,129.77949043963613,1.33565762109375,0.2041704878211635,,,,,,18.53454252771194,,3.5148884765624997,3.835506517319984,1.4443648256645911,0.1267282491528656,-16.99308900338864,158.77534914496295,141.7822601415743
DEHHALKAJ00010Ji,624.638671875,"(1949, 1957)",1.7819271302743556,0.9769465898660264,29.705493227150168,116.41065499357582,1.92263783203125,0.29389710197422797,,,,,,23.715298247234294,,5.0595732421875,5.511048704607516,2.073456648538034,0.0653190136354896,-24.03196523478374,155.05188578378414,131.0199205490004
DEHHALKAJ00010JR,660.173828125,"(1958, 1968)",2.19718266895879,1.2046116136194258,36.627982021643035,164.25559248202416,3.129005310604371,0.47597758620918906,,,,,,25.064314477753197,,7.926547877601772,8.646971709120772,3.4190748707817655,2.3611889158233845,-32.58996563798628,215.2786732299186,182.6887075919323
DEHHALKAJ00010fI,2724.6953125,"(1949, 1957)",8.883231159179822,4.870256611793197,148.08729187124334,628.5025564677371,9.584699624999999,1.4651305597710635,,,,,,103.44526622638354,,25.222893749999997,27.480454081597113,10.340433083646435,0.40575623977729613,-120.09731319769149,806.4471900339125,686.349876836221
DEHHALKAJ00010m0,777.3193359375,"(1984, 1994)",0.36958070747154087,0.20262366833654102,6.161069673478119,333.7354147012781,13.96752675486996,1.0031945877761967,,,,,,29.51163545184639,,6.752760815576636,15.009664695679344,10.232738065668007,30.017102448830748,-30.29299086339683,440.2300375215254,409.93704665812857
DEHHALKAJ00010n5,589.107421875,"(1949, 1957)",1.680565973499498,0.9213750489350422,28.01575905962108,98.97389065683235,1.81327264453125,0.2771793867979067,,,,,,22.366172601610913,,4.7717701171875,5.1960213921616845,1.9546427038738066,0.04361471789662794,-22.59904724877044,135.39656422089206,112.79751697212163
DEHHALKAJ00010L9,630.291015625,"(1969, 1978)",0.2996752926346518,0.1642978269046561,4.995716280683314,255.06782678578836,6.820618582079213,0.8910733190915048,,,,,,23.929785510466612,,15.485600248433126,17.53908857328704,7.437841665841975,17.363419435449856,-27.87238686212489,344.5352541204377,316.6628672583128
DEHHALKAJ00010XQbt_0,2723.8212890625,"(1979, 1983)",1.2950556515150218,0.7100179243802907,21.589135846951795,1405.3628574595386,50.59992996884242,3.912891583576408,,,,,,103.4193649279942,,28.93810304714664,58.059556570173385,37.68369132304991,108.08128329553216,-133.0366787617181,1796.0576781758534,1663.0209994141353
DEHHALKAJ00010XQbt_1,1487.9638671875,"(1979, 1983)",0.7074605162934766,0.3878672293133317,11.793671704182636,740.3727527608451,31.089200812309773,2.3477196025697054,,,,,,56.4995920504873,,16.925254139315772,35.18973855685579,22.174609653657882,62.52088840588518,-66.1909651894686,967.1197559819265,900.9287907924579
DEHHALKAJ00010XQbt_2,396.0400390625,"(1979, 1983)",0.18829939132704676,0.10323567395400927,3.1390320056919925,203.39215842027505,8.393781078343668,0.6440655586624384,,,,,,15.288682599536871,,4.809299276647279,9.699447842570523,6.017022079211373,16.817358368564886,-18.3800539812468,265.0618152238121,246.68176124256533
DEHHALKAJ00010XQbt_3,433.8203125,"(1979, 1983)",0.20626222788592297,0.11308384991045986,3.4384802326562163,216.96256385606242,9.010669707007645,0.6924176291082209,,,,,,16.721310877662454,,5.166632129215345,10.401354800220258,6.4927912313339515,18.220089213798772,-19.591713521044483,283.6678294444091,264.0761159233646
DEHHALKAJ00010F7,855.0908203125,"(1949, 1957)",2.4393454971169573,1.3373780691843113,40.66494073308732,149.97826567922402,2.631969544921875,0.40232653745283936,,,,,,32.46446524869311,,6.926235644531249,7.5429386757778705,2.8376765726289976,0.07381475546164235,-32.84107138407258,202.8576926586916,170.016621274619
DEHHALKAJ00010FPbt_1,393.203125,"(1979, 1983)",0.18695056510109137,0.10249617616008652,3.1165464911953635,189.68623304219582,7.741133531771227,0.5972140467338412,,,,,,15.150639786175578,,4.446701568522242,8.912055281211227,5.659828036654573,16.052313142813617,-16.97491960358835,248.24611843607812,231.27119883248977
DEHHALKAJ00010FT,738.9658203125,"(1958, 1968)",2.459417238570253,1.3483824582147712,40.99954531352613,216.02717951726567,3.2811316494794927,0.4982646792090628,,,,,,28.05578696570731,,8.313365478515625,9.0725277804899,3.6197223463072534,2.3901771534560763,-35.76798713282541,271.2581555704304,235.490168437605
DEHHALKAJ00010Sj,884.236328125,"(1958, 1968)",2.942904811809875,1.6134558879269756,49.059491530333304,227.95625890476276,4.13479857045489,0.62875988040322,,,,,,33.57100606293754,,10.474838648543319,11.427747740791512,4.526829284177257,3.0980212677048407,-43.46895999518263,295.81826035977537,252.34930036459275
DEHHALKAJ00010H5bt_0,784.65625,"(1979, 1983)",0.37306908318087056,0.20453618018705447,6.219222399954253,349.16655379586354,14.764838249148557,1.1505466202889938,,,,,,29.88484550452555,,8.661607142020621,17.081687232017902,10.961943129775559,31.309903758115617,-31.632154284202343,462.98192543175634,431.349771147554
DEHHALKAJ00010H5bt_2,213.65234375,"(1979, 1983)",0.10158216926489363,0.05569271165384396,1.6934185409887783,103.7644478704459,4.221181755035547,0.3307299429280546,,,,,,8.267230749259191,,2.539416922425321,4.951791874067188,3.1082593970360533,8.760954577224766,-9.512582250255013,135.94401308842203,126.43143083816702
DEHHALKAJ00010Hwbt_0,881.7412109375,"(1979, 1983)",0.4192286560735911,0.22984329660110922,6.988722373683111,465.43629061014195,20.286734031611036,1.4960111374111515,,,,,,33.69478606209803,,10.436550121438197,22.60716704917673,13.985443387661903,38.94205878889994,-40.57325398840999,606.8850411884389,566.3117872000289
DEHHALKAJ00010Hwbt_1,396.0859375,"(1979, 1983)",0.18832121398887805,0.10324763829008995,3.139395798869735,298.1871589622224,8.9821491939288,0.6533198016068968,,,,,,15.580919399680631,,4.406886461662691,9.901998596422464,6.230104149521109,17.420608027584912,-28.85860843157769,361.36314459262985,332.50453616105216
DEHHALKAJ00010Llbt_0,1279.119140625,"(1979, 1983)",0.6081641547774224,0.33342771822385314,10.138358563492275,580.7037030441446,24.531750397394248,1.9042104794137757,,,,,,48.56866581560084,,14.279183522758208,28.330666129669954,18.09489907904979,51.52648568683566,-52.507809940593965,767.9395641548672,715.4317542142733
DEHHALKAJ00010cJ,1133.9541015625,"(1969, 1978)",0.539144647148493,0.2955875779247753,8.987773625657733,427.4751220845331,12.208223781340815,1.5928001104978748,,,,,,43.051506519482764,,27.705238233258036,31.38662401833154,13.320786553441561,31.156575460883243,-49.7011261887535,587.8968767617688,538.1957505730153
DEHHALKAJ00010kC,1404.9287109375,"(1969, 1978)",0.6679809994809006,0.36622247254167495,11.135531144244826,517.4842514401133,14.760278894464417,1.922011347414203,,,,,,53.33926135783425,,33.36552183635343,37.77881710532452,16.14212249587798,37.513230414788296,-60.0576069758782,712.3054948921704,652.2478879162921
DEHHALKAJ00010mrbt_1,210.458984375,"(1979, 1983)",0.10006386917578038,0.054860299335039366,1.6681078241543634,131.4505844510961,4.847647392378042,0.384877536724186,,,,,,8.228050178569433,,3.104679743350714,5.895287489444769,3.481429649896781,9.434917468574076,-12.379283411124064,166.82747391003406,154.44819049890998
DEHHALKAJ00010mrbt_2,786.5283203125,"(1979, 1983)",0.3739591691964149,0.20502417236294082,6.234060517437914,386.6756378410013,17.039487253163475,1.2660562378412676,,,,,,30.049621883091742,,8.878343998227162,19.004633823731055,11.945604721893638,33.61180029368053,-33.74476965674434,508.4711860526301,474.7264163958858
DEHHALKAJ00010mrbt_4,268.2744140625,"(1979, 1983)",0.12755252977999235,0.06993103527087684,2.126355643343314,137.73700948323344,5.338350448643467,0.42646154720384144,,,,,,10.38900516982208,,3.398353066031697,6.416192822487004,3.9666009753518456,11.083835221618324,-12.88458569901546,178.75580873439168,165.8712230353762
DEHHALKAJ00010lN,589.67431640625,"(1949, 1957)",1.4952739306975846,0.8197881623170871,24.926860849934133,151.7399147397272,1.6133489296874999,0.24661876876074693,,,,,,22.388121799317265,,4.245655078124999,4.632215137991336,1.744253187127799,0.14472344177681618,-20.495452178250574,186.75485108251368,166.2593989042631
DEHHALKAJ00010O9bt_0,974.098388671875,"(1979, 1983)",0.6175205049596002,0.33855736367835815,10.294332953379215,519.1730083088158,22.012564746446678,1.628940907218448,,,,,,37.200454041265495,,11.55777609438545,24.81500804664149,15.024073542298403,41.03753722413824,-47.02232752736646,672.44936291121,625.4270353838435
DEHHALKAJ00010O9bt_1,463.212890625,"(1979, 1983)",0.29364945209749216,0.1609941427843362,4.895262921944159,251.32472061282226,10.313240487437078,0.7763027258553563,,,,,,17.903793134806808,,5.693439068050233,11.840652050454247,7.126863890123586,19.407301450116954,-23.1453031989702,324.3863134196665,301.2410102206963
DEHHALKAJ00010O9bt_2,464.256591796875,"(1979, 1983)",0.29431109663173877,0.16135689127188868,4.906292821482092,261.0765805684583,10.960859911805283,0.8080795523624078,,,,,,17.97491247377841,,5.7294662943771595,12.366724614517548,7.402654148592278,20.065097386628594,-23.62737677881301,336.38437495052005,312.75699817170704
DEHHALKAJ00010UZ,1314.66015625,"(1949, 1957)",3.7503739441566233,2.0561531238946316,62.520349965305385,245.61594000809316,4.0465239609375,0.6185572994433177,,,,,,49.912222655568634,,10.648747265625,11.5990424552928,4.3639972764971855,0.13848908349591035,-50.583143680958734,326.94352000495354,276.3603763239948
DEHHALKAJ00010gr,2024.767578125,"(1949, 1957)",5.7761205676405085,3.1667744406263063,96.29041922428674,364.5063436885609,6.23223460546875,0.9526680786446683,,,,,,76.87194787475357,,16.4006173828125,17.86224432156135,6.720081595652902,0.19037632055294207,-77.82142046033235,489.73651386800753,411.91509340767516
DEHHALKAJ00010ZQ,2617.6005859375,"(1949, 1957)",7.4673146417637986,4.09397637579298,124.48335330174872,467.82222056961126,8.056974603515625,1.2316003811032408,,,,,,99.37933064522316,,21.20256474609375,23.091656141610837,8.687384542188154,0.24044785622231973,-100.5860338265312,629.7121794855685,529.1261456590373
DEHHALKAJ00010G5bt_0,313.968017578125,"(1979, 1983)",0.19903706957195,0.10912263642638698,3.3180337297019866,170.60208222046342,7.368799427321209,0.5371642355119003,,,,,,12.189322150198938,,3.7123293742005012,8.198626281374292,4.951085836244409,13.491270017836339,-15.243220988119312,221.050679543151,205.8074585550317
DEHHALKAJ00010le,1411.2080078125,"(1969, 1978)",0.6709665253442029,0.36785929554164853,11.185301147072131,508.8023417636271,14.701266485814667,1.9111544132853215,,,,,,53.5776592476081,,33.198533969934445,37.600154481884545,16.094660883502435,37.484385006118835,-59.74488725407747,703.3701562517756,643.6252689976982
DEHHALKAJ00010da,1340.302734375,"(1969, 1978)",0.637254227310488,0.3493764327797386,10.623302609703211,496.0228448034453,14.139114833986802,1.8418494423839906,,,,,,50.8856843601871,,31.981912716671566,36.2144073798733,15.456594545675179,35.94907273421555,-57.5393163989691,682.4914808164388,624.9521644174697
DEHHALKAJ00010al,1089.498046875,"(1949, 1957)",3.1080466444382906,1.7039953648166486,51.81247705219764,193.17764289208003,3.35347498828125,0.5126168663588941,,,,,,41.3638316226333,,8.8249341796875,9.610992417756774,3.615740494778728,0.09751875805815843,-41.85655017463107,260.55675221963463,218.70020204500355
DEHHALKAJ00010HUbt_0,828.4677734375,"(1979, 1983)",0.3938995103667693,0.21595652081657454,6.566474598529898,394.5015006248401,16.952450511177897,1.2882024707457502,,,,,,31.59001605007755,,9.37086796796665,19.266947720694937,12.18130760345539,34.437193498482785,-35.104713507046235,519.5884864474411,484.4837729403949
DEHHALKAJ00010HUbt_1,357.841796875,"(1979, 1983)",0.17013782925191961,0.09327854617112187,2.8362709387262,174.46126545221298,7.480181981645451,0.559455802507061,,,,,,13.811051820758166,,3.9520277500886083,8.368764591289626,5.30599202445904,15.011661703454632,-15.195894478467912,228.95040112641556,213.75450664794764
DEHHALKAJ00010HUbt_2,579.6181640625,"(1979, 1983)",0.2755826096609519,0.15108894531124578,4.594080872175375,267.8926380137984,11.419834838824343,0.8778602900322321,,,,,,22.195358695687638,,6.490430176569779,13.087526378948343,8.327769854824693,23.64908489681965,-24.040510365877036,353.940503145505,329.89999277962795
DEHHALKAJ00010HUbt_3,338.2734375,"(1979, 1983)",0.16083394632052764,0.0881776660352789,2.681171200521917,149.48237672600052,6.642843874429993,0.5023940502718431,,,,,,13.011014990134349,,3.589215017801863,7.460882671192696,4.805590858626684,13.73695106054573,-13.147137563367338,199.2312692490037,186.08413168563635
DEHHALKAJ00010HUbt_4,846.8369140625,"(1979, 1983)",0.40263321821882453,0.22074480085226703,6.7120692724306155,384.0971807841512,16.63694442540331,1.2713197233926594,,,,,,32.235687554327974,,9.28128491911145,18.921986947716476,12.101339204447546,34.46117519502423,-34.21512336846082,509.00691875357484,474.791795385114
DEHHALKAJ00010Ok,1045.513671875,"(1958, 1968)",3.479666145699219,1.9077368076155357,58.00753429681335,253.95266167409994,4.878024676322722,0.7417361329713127,,,,,,39.69392860515683,,12.357753170379704,13.479590669086182,5.340845619135738,3.621122970980946,-51.25362623836025,334.0656635181333,282.81203727977305
DEHHALKAJ00010Nr,1493.20703125,"(1969, 1978)",0.7099534071737363,0.38923396379029246,11.835229269529416,556.5486949157589,15.90314598174217,2.0729323807606024,,,,,,56.69081930998699,,36.02944365965871,40.80892908535945,17.370177950251318,40.52810838252506,-64.7224135660351,765.9522516660431,701.229838100008
DEHHALKAJ00010FD,632.396484375,"(1949, 1957)",1.8040580952430085,0.9890799540138865,30.07442595106318,118.11726179704897,1.9465163789062498,0.29754720997116874,,,,,,24.00981033890607,,5.122411523437499,5.579531378061015,2.099229292462643,0.0665640874998646,-24.332024109786488,157.2388720062935,132.906847896507
DEHHALKAJ00010LB,764.4580078125,"(1969, 1978)",0.36346571903924063,0.19927110863052983,6.059130180906484,283.8657242093216,8.106550032095125,1.056329975080309,,,,,,29.023408127570143,,18.352854603699676,20.785213613307242,8.85787151961209,20.641079352869582,-32.989627250407466,390.6890314335558,357.6994041831483
DEHHALKAJ00010Fv,605.6279296875,"(1949, 1957)",1.7276945654399187,0.9472134327831474,28.80141299849777,113.16284847002153,1.864122767578125,0.2849524075663166,,,,,,22.99352491982908,,4.905586230468749,5.34336324063978,2.010375180429313,0.0638219326244122,-23.3023562045095,150.62859514915732,127.32623894464783
DEHHALKAJ00010NO,2445.3046875,"(1949, 1957)",6.975800507777847,3.8245023614461666,116.28960085805576,438.45821318654345,7.526647828125,1.1505338901656441,,,,,,92.83797786671298,,19.806967968749998,21.57191932796566,8.115677800118227,0.22699799565818432,-93.97396147644173,589.6949358640392,495.72097438759744
DEHHALKAJ00010kp,598.71484375,"(1969, 1978)",0.2846622299186308,0.15606687280183412,4.745442054957328,223.58383980131234,6.326907116520039,0.8247438783150322,,,,,,22.730881225141985,,14.31214161346285,16.202617991058734,6.9143125758467825,16.04877483579542,-25.763113226387826,306.9442190374532,281.1811058110654
DEHHALKAJ00010c0bt_0,1328.0634765625,"(1979, 1983)",0.6314350055927949,0.346186028011672,10.526293675732044,647.7218221351866,22.02328657433498,1.7781913383809451,,,,,,50.451076707956744,,13.960087619234757,26.151659204833173,17.262431980959455,50.085898394674786,-63.19285390957085,829.4344539555615,766.2416000459906
DEHHALKAJ00010c0bt_2,2534.205078125,"(1979, 1983)",1.2049015923704172,0.6605907064275898,20.08622882689435,1137.2726960763341,39.75600946141754,3.2820685740909896,,,,,,96.21771366192009,,26.510600273806652,48.00526003508047,31.944404676396815,93.25835175000114,-111.21826769716645,1476.2471045090476,1365.028836811881
DEHHALKAJ00010pZbt_1,1065.1142578125,"(1979, 1983)",0.5064143688971862,0.27764311028649585,8.442145781287218,531.8163630397746,22.722932864125134,1.7157076105452014,,,,,,40.51165774732425,,12.414069210755356,25.780596647195402,16.12322416023484,45.25959657435003,-47.227742175237886,696.3441478543048,649.1164056790669
DEHHALKAJ00010pZbt_2,352.798828125,"(1979, 1983)",0.16774012232220067,0.09196399656430017,2.796300130856806,200.999130097854,7.709037716490753,0.5989863449902144,,,,,,13.695728433582419,,4.60687204838826,9.083603529570745,5.532602538742656,15.285007014605442,-18.628419780023044,257.5109677242245,238.88254794420143
DEHHALKAJ00010pZbt_3,1482.970703125,"(1979, 1983)",0.7050864892734044,0.3865656622839592,11.754095650612493,735.8560171624903,31.422464905798922,2.3546348394269714,,,,,,56.30992894896588,,16.745466453295432,35.306434640664776,22.247680122764105,62.70638349741809,-65.19847452154028,962.9490105708244,897.7505360492842
DEHHALKAJ00010pZbt_5,372.3369140625,"(1979, 1983)",0.17702961158302308,0.09705698532953673,2.9511599203693866,186.08662334136935,7.922257563589696,0.5994151060833038,,,,,,14.377645675401462,,4.353609832772756,9.007263701183284,5.630882418159847,15.804088517341487,-16.55980333609906,243.78178615590116,227.2219828198021
DEHHALKAJ00010pZbt_8,828.7158203125,"(1979, 1983)",0.394017445603049,0.21602117914347863,6.568440629745782,417.0963238223214,17.537366435706232,1.3112890189220616,,,,,,31.663211109330007,,9.279720632440167,19.65648631252081,12.411256865652414,35.01313946098551,-37.124399224677525,543.9687936578787,506.84439443320116
DEHHALKAJ00010pZbt_9,4.0,"(1979, 1983)",,,,8.854541965013542,0.06120321227592244,0.004515892991023379,,,,,,0.1739013611716197,,0.02946920787652562,0.07056119320409017,0.05053034146013081,0.14726637732698594,-0.9994083786278568,9.39198955131984,8.392581172691983
DEHHALKAJ00010b5,674.4716796875,"(1949, 1957)",1.9240873784346515,1.0548863480610353,32.075365831449915,165.2585715479586,2.076023830078125,0.3173438996801562,,,,,,25.60731033990473,,5.4632206054687495,5.956358386390771,2.2420563131169664,0.13633225976857755,-26.19030762779341,207.0572171823667,180.8669095545733
DEHHALKAJ00010oz,697.059814453125,"(1969, 1978)",0.44189450841308764,0.24226991426311692,7.366571900591001,283.1460807269123,7.6266036223895295,1.010314257605399,,,,,,26.464729141302172,,17.50632921843564,19.820291737600716,8.292180204320342,19.508507619442014,-32.45761612725874,383.37503652800814,350.9174204007494
DEHHALKAJ00010l3bt_0,1781.9599609375,"(1979, 1983)",0.8472425586261156,0.4645031294358887,14.12389859238884,800.7650581620863,27.532270623582512,2.2871365352758715,,,,,,67.65896771261144,,18.617436386339676,33.41650179046329,22.289387981001287,65.1671710781925,-78.77912998637902,1037.7339302695527,958.9548002831737
DEHHALKAJ00010Jq,1178.029296875,"(1969, 1978)",0.5601004385619331,0.3070766498466737,9.337115699935302,443.9997337796725,12.680462843232096,1.6543853895247904,,,,,,44.72484876550228,,28.776142109835597,32.599738780182506,13.8362999163622,32.36118714548104,-51.62332613740655,610.6327987297931,559.0094725923865
DEHHALKAJ00010bo,673.759765625,"(1949, 1957)",1.9220564779484797,1.0537729011245058,32.04150984507874,164.69818084968892,2.0738325585937503,0.3170089388632164,,,,,,25.58027707168649,,5.4574541015625,5.950016304703894,2.239658753116342,0.1355463885135479,-26.160311232962876,206.45197496672864,180.29166373376577
DEHHALKAJ00010jv,604.2275390625,"(1949, 1957)",1.7236996253889307,0.945023195599357,28.73481562612979,108.5734931957302,1.859812365234375,0.2842935134490441,,,,,,22.940296791942767,,4.89424306640625,5.3303903811022,2.0053785640662944,0.05647603643972217,-23.222099771989985,145.94438391437086,122.72228414238087
DEHHALKAJ00010j8,617.4033203125,"(1969, 1978)",0.29354776777959746,0.1609383940694071,4.893567800541487,232.09206815458958,6.5561544157851195,0.855085933904804,,,,,,23.440406727615805,,14.841510220020552,16.80251970177562,7.161307041548826,16.632190740828207,-26.703688172530107,318.38124293606853,291.6775547635384
DEHHALKAJ00010K6,476.650390625,"(1949, 1957)",1.359756129349171,0.7454901443767629,22.66772069671486,124.9820545383427,1.4671299023437498,0.2242675241977407,,,,,,18.096851254547822,,3.8608681640624996,4.210538509079925,1.5851242940731227,0.10997467707638109,-18.558673357555037,154.53680886372396,135.97813550616894
DEHHALKAJ00010Lc,1457.19140625,"(1969, 1978)",0.6928295823154802,0.3798457783720926,11.549767729207328,557.102635605466,15.448738967706433,2.013432987888208,,,,,,55.32345837220402,,34.97108301196551,39.60371504001986,16.881131530450737,39.31781195497369,-62.96393414262681,760.6620074706746,697.6980733280477
DEHHALKAJ00010IB,581.041015625,"(1949, 1957)",1.6575546730663315,0.9087590383784807,27.632150764112332,112.01211610300501,1.78844424609375,0.2733840831656395,,,,,,22.06014679063663,,4.7064322265625,5.126927895211196,1.9290361114220853,0.06695836932442382,-22.377326558134357,147.96344582542122,125.58611926728686
DEHHALKAJ00010HS,1681.4013671875,"(1969, 1978)",0.7994314281135249,0.4382905418848346,13.326866441357227,625.2065423341463,17.913232946502156,2.334546455982327,,,,,,63.83576891969216,,40.58855116285885,45.97744362335033,19.566137637149858,45.69632193212952,-72.88862390960637,861.1185450118115,788.2299211022051
DEHHALKAJ00010Fcbt_4,199.026123046875,"(1979, 1983)",0.12617073740531312,0.06917346369266202,2.1033205689398833,129.01110151514987,3.351783228693739,0.27035985523352396,,,,,,7.800446700959611,,2.1549488477235896,4.055016665519897,2.5850258518951694,7.274610098687441,-13.486175702645237,156.50329276386287,143.01711706121765
DEHHALKAJ00010OG,782.2734375,"(1958, 1968)",2.6035531340942115,1.4274053706655945,43.40235281083212,189.1034266432801,3.570723826300188,0.5426422289195771,,,,,,29.699871383490404,,9.046424298943927,9.866720595097156,3.9209008956905556,2.594169192694575,-38.00073502540518,248.3448790644165,210.34414403901133
DEHHALKAJ00010Wy,601.388671875,"(1949, 1957)",1.715601096289752,0.9405831541117148,28.599809655785485,115.39536769714827,1.8510743320312502,0.2829578055000125,,,,,,22.832660696051494,,4.8712482421875,5.306392433292801,1.9965462539935235,0.0684061190541948,-23.157678218708902,152.6046535792591,129.4469753605502
DEHHALKAJ00010IL,732.69921875,"(1979, 1983)",0.3483658299878484,0.1909925517437273,5.807408522749907,347.80791190881286,13.91734864010984,1.0857181927586517,,,,,,27.81768085174184,,8.20641928417863,16.158245786538956,10.326888734116647,29.408388533225484,-32.042933357174086,454.7286019314829,422.6856685743088
DEHHALKAJ00010I3,2117.5283203125,"(1969, 1978)",1.0067903608344586,0.5519756633234341,16.78362921626509,817.5662207214552,23.33267060932684,3.05011196029165,,,,,,80.39368132028538,,53.14063454557071,60.22753273304064,25.404313874654136,59.73750727830925,-95.05226450044678,1122.8526730429342,1027.8004085424873
DEHHALKAJ00010MPbt_1,1095.7197265625,"(1979, 1983)",0.5209659055310731,0.2856210314092287,8.684726168317974,489.49716693461835,20.994362094756568,1.6198319934233831,,,,,,41.60631135168777,,11.999644063661087,24.065874518293978,15.438917541724969,44.06815022368497,-43.950021007956984,649.290258721851,605.3402377138941
DEHHALKAJ00010MPbt_2,388.6474609375,"(1979, 1983)",0.18478454983634723,0.10130865216399373,3.0804380832343408,153.53666985170037,5.694747340216573,0.49801996983743757,,,,,,14.865774924646093,,4.363167518637558,7.273678125070325,4.786923500987113,13.945616427194357,-15.137386049209617,204.96459765828982,189.8272116090802
DEHHALKAJ00010Yebt_0,788.1611328125,"(1979, 1983)",0.3747354987832643,0.20544979725500237,6.24700226622909,410.05527684753025,17.555663468268236,1.312861874959433,,,,,,30.159895273429065,,9.383659912373714,19.80703184831346,12.278232131139344,34.257354638901994,-36.20360572505203,534.8099759949155,498.6063702698634
DEHHALKAJ00010NW,530.296875,"(1949, 1957)",1.5127952065883425,0.8293942513881606,25.218948070259355,105.75678901680814,1.6322537812499998,0.2495085907516113,,,,,,20.133533139021466,,4.2954046875,4.6796803446277355,1.7608509633472202,0.06697727712829693,-20.444539279364918,138.5749978004345,118.13045852106957
DEHHALKAJ000110T,498.8759765625,"(1949, 1957)",1.4231597838961965,0.7802513773376323,23.724686943383574,131.11017134842052,1.535540255859375,0.23472482630025537,,,,,,18.940681949107468,,4.040895410156249,4.406913280140147,1.6590607278116556,0.11560225787472651,-19.425870629844958,162.04359005567042,142.61771942582547
DEHHALKAJ00010y9,1255.5927734375,"(1979, 1983)",0.5969784154970468,0.3272951050213083,9.951887468917995,632.418849981303,25.94618320006719,1.9754817935889215,,,,,,47.66962080692569,,14.455052075059017,29.61429860790771,18.63616758732983,52.51844282561267,-56.80543180138073,823.2340968777938,766.4286650764132
DEHHALKAJ000115n,1289.1806640625,"(1949, 1957)",3.677687765028083,2.0163027205736577,61.30864003332975,295.8082829911928,3.968098083984375,0.6065690104518546,,,,,,48.94502692695338,,10.442363378906249,11.38208087193058,4.283837756330353,0.22720869824975062,-49.937690560941455,375.6634677179993,325.72577715705785
DEHHALKAJ00010zU,658.533203125,"(1969, 1978)",0.31310319434020406,0.17165971199940502,5.219565189200525,250.0041274007317,7.001892395379866,0.9138980453348322,,,,,,25.00193582582681,,15.849911888565728,17.939161213695627,7.6459517133235995,17.71159101919801,-28.53918739474731,342.06846950205613,313.5292821073088
DEHHALKAJ00010xp,676.0947265625,"(1949, 1957)",1.9287174972385162,1.057424823792876,32.15255190737432,165.88321261378718,2.081019568359375,0.3181075552051959,,,,,,25.668924648889533,,5.4763672851562495,5.9707241320881765,2.2474698440446357,0.1370378413244291,-26.254715111387334,207.7828634888548,181.52814837746746
DEHHALKAJ000116v,672.5458984375,"(1949, 1957)",1.918593639396612,1.05187439009281,31.98378283402337,125.78463250527568,2.070096275390625,0.31643780539894173,,,,,,25.534148390109195,,5.447621777343749,5.933787153334407,2.232518125171746,0.07107015018049573,-25.877835099010348,167.39031218220487,141.5124770831945
DEHHALKAJ00010vT,720.9482421875,"(1958, 1968)",2.3994513497295866,1.3155059900271215,39.9998881027724,177.04910212744662,3.3182196656097185,0.5043790775568633,,,,,,27.371643502809263,,8.406519607064194,9.169324005414783,3.6397657834274764,2.4333350681246593,-35.1509426982019,231.89228883745355,196.74134613925165
DEHHALKAJ00010t9,436.673828125,"(1979, 1983)",0.20761894741509393,0.11382767523019902,3.461097331919262,172.5556061488647,7.223179075521056,0.582809352532552,,,,,,16.578777860881523,,4.567324514372817,8.5371347242221,5.637465043925576,16.399774872799092,-15.97159230624671,232.08207159311945,216.11047928687273
DEHHALKAJ0001119,1958.2861328125,"(1979, 1983)",1.8621555927813533,1.0209320713847563,31.042936273577862,1030.902239370357,35.96177601284625,2.7458654911318723,,,,,,74.34792550193175,,19.331839686996314,40.08810704289693,27.282777497824114,79.23688893080416,-104.44612184859308,1309.8974195347882,1205.4512976861952
DEHHALKAJ000113R,597.1162109375,"(1949, 1957)",1.7034129075009987,0.9339009451304853,28.39662729587619,114.83959155408499,1.837923697265625,0.280947581118515,,,,,,22.670434317395358,,4.83664130859375,5.2687317625123065,1.9823833727817868,0.0683593056090874,-22.994767627502924,151.78501289936142,128.7902452718585
DEHHALKAJ0001115,673.69140625,"(1949, 1957)",1.9218614669278595,1.0536659857808062,32.03825892732019,165.3119815394079,2.0736221484375,0.3169767752731124,,,,,,25.5776880620846,,5.456900390624999,5.949502572777767,2.2394822243524697,0.1365813757843609,-26.161499580416056,207.0627350887427,180.90123550832664
DEHHALKAJ00010zH,749.181640625,"(1949, 1957)",2.1372149228703083,1.171734127190408,35.6282938497678,138.95213686881652,2.30598108984375,0.3524954873047741,,,,,,28.44365529754877,,6.068371289062499,6.609768306482118,2.486816971382609,0.07722991761441231,-28.81947826845675,185.29645522805544,156.4769769595987
DEHHALKAJ0001158,2768.60595703125,"(1949, 1957)",9.026391535288726,4.948744692965179,150.4738370394762,632.3179525553055,9.7391647265625,1.4887423107462392,,,,,,105.11236894077045,,25.629380859374997,27.92242285351998,10.50656970515493,0.40179409584276543,-121.99430117293647,813.1183960472774,691.1240948743409
DEHHALKAJ0001104,2688.719482421875,"(1949, 1957)",8.76594038789203,4.805951614644002,146.1320041645231,615.6227472816263,9.458146933593751,1.4457855387631073,,,,,,102.07941446352822,,24.8898603515625,27.116959115439325,10.20353354700827,0.39277862941526437,-118.48367429953984,791.2092258609366,672.7255515613967
DEHHALKAJ000115cbt_0,424.447265625,"(1979, 1983)",0.20180576175280088,0.11064057974658019,3.3641890215930004,208.49157664353012,8.592808441874379,0.6660452255334905,,,,,,16.349053521677753,,5.031582919287553,9.985917871625343,6.256193062305691,17.603618003708334,-18.948377922367253,272.97679568954266,254.0284177671754
DEHHALKAJ000110O,607.013671875,"(1949, 1957)",1.7316477174150595,0.9493807595361451,28.86731374563178,113.00710325743175,1.86838808203125,0.28560440948570975,,,,,,23.046140520466558,,4.9168107421875,5.355530272492587,2.014941787893109,0.06327822954840258,-23.353147341560117,150.55779730153688,127.20464995997676
DEHHALKAJ00010wG,871.703125,"(1949, 1957)",2.4867359609993533,1.3633600250653848,41.45496019009692,156.10737077093336,2.6831022187499998,0.41014274932796024,,,,,,33.09518789768177,,7.060795312499999,7.689938098443712,2.8930642105209716,0.08059702059339675,-33.49868815971547,210.0201982787512,176.52151011903572
DEHHALKAJ000111u,758.015625,"(1949, 1957)",2.1624159184778655,1.1855506443205115,36.048405307536825,139.32721231706384,2.33317209375,0.356651942105923,,,,,,28.779047970415014,,6.1399265624999995,6.687527224584727,2.5160387020029225,0.07603917258717265,-29.15160399835574,186.21561598500958,157.06401198665384
DEHHALKAJ00010tmbt_2,363.2197265625,"(1979, 1983)",0.1726947951818116,0.0946804099752983,2.8788966627650754,201.46133180859917,5.767661786437417,0.47381390669727214,,,,,,14.069210025572694,,3.8036055311632317,6.964901932325633,4.632256706130482,13.47873763772079,-20.449674149550802,250.6515193346467,230.20184518509592
DEHHALKAJ0001127bt_0,396.10888671875,"(1979, 1983)",0.3766642506395874,0.20650724091626058,6.279155390917213,258.49555038727567,10.82675607542409,0.76375194277252,,,,,,15.508487430149026,,5.135919714740915,11.987700674349542,6.754149698083658,17.31093913583446,-23.87906214772349,326.7832550586299,302.9041929109064
DEHHALKAJ0001127bt_1,2.0,"(1979, 1983)",,,,6.152525966139723,0.03293553989243213,0.0021189379863860137,,,,,,0.09138338170557521,,0.010530140701246075,0.03597277722195574,0.024086168884734603,0.06497784981828048,-0.7013105612103179,6.414530762350332,5.713220201140015
DEHHALKAJ00010se,723.5107421875,"(1958, 1968)",2.063982712884032,1.131584360907075,34.40748134806823,205.30234143095453,3.61334934500991,0.5463830593873322,,,,,,27.469345317343453,,8.863339053962799,9.683826929156389,4.032270699139859,4.731262031255612,-33.326253082562864,264.24211786620987,230.915864783647
DEHHALKAJ00010r1,2258.4638671875,"(1949, 1957)",6.442793600347393,3.5322798166841674,107.40414599870816,483.34514127138925,6.951551783203125,1.062623906213642,,,,,,85.74441517769239,,18.29355732421875,19.934835898662147,7.501879217157853,0.34003872347611375,-87.27132851452042,623.1740433020133,535.9027147874929
DEHHALKAJ000112q,619.58203125,"(1949, 1957)",1.7675018864919179,0.9690379091563565,29.465018196382093,116.35197208533336,1.9070734921875,0.2915179152662522,,,,,,23.52335727118565,,5.018614453125,5.4665611598006585,2.0567424517665245,0.0662601046624071,-23.842804712234784,154.68209893332732,130.83929422109253
DEHHALKAJ00010yH,1040.1845703125,"(1949, 1957)",2.967368480034707,1.6268681632337574,49.46731142286287,197.21649272475804,3.201688107421875,0.48941451193775604,,,,,,39.49176796479427,,8.42549501953125,9.17742509673915,3.4530361867358748,0.1106826494649473,-40.023991191268266,261.5660022613831,221.54201107011485
DEHHALKAJ000110K,675.41796875,"(1958, 1968)",2.247918036156774,1.2324274222052907,37.473762458492125,201.66052763832218,2.9989685760507814,0.4554160805285122,,,,,,25.64317392946956,,7.5984521484375,8.292953172753425,3.308785104482455,2.1918598180918325,-32.71872456851216,252.15013646813625,219.4314118996241
DEHHALKAJ000110I,1477.1123046875,"(1969, 1978)",0.7023010818622146,0.3850385547914489,11.707661708627889,605.7001708769105,15.582640877817266,2.029653075597296,,,,,,56.07978908953705,,35.24882398031178,39.92384447818709,17.03983157440964,39.73541224694573,-63.74239283611392,811.3401661997165,747.5977733636025
DEHHALKAJ00010tRbt_1,596.6630859375,"(1979, 1983)",0.2836867105035767,0.1555320415229936,4.729179725884206,272.40401362930925,11.363361143437384,0.8880750128281681,,,,,,22.825530495489794,,6.739467527635181,13.217315418381604,8.426200432704341,23.97468200731251,-24.79651910995536,359.83864566709815,335.0421265571428
DEHHALKAJ0001149,1531.3896484375,"(1969, 1978)",0.7281075402576017,0.3991870186077056,12.137866492009168,560.451367579856,16.03462962140982,2.086888638573547,,,,,,58.140452581152076,,36.22948917374762,41.0231523052331,17.54247622053189,40.7747294863374,-65.2215885776878,772.2831856068415,707.0615970291536
DEHHALKAJ00010vxbt_0,529.48828125,"(1979, 1983)",0.2517480841335966,0.13802159926806645,4.196749059557326,305.7952503736266,9.382632015117258,0.7384283717551643,,,,,,20.469867684997524,,5.599741132985297,10.945828881368838,7.160657967004859,20.608248568817224,-30.224945635534382,380.70065499567266,350.4757093601383
DEHHALKAJ00010xi,1624.2900390625,"(1860, 1918)",8.204731556512234,4.248642445174527,131.07501714221013,656.2716480443257,28.72083307489389,2.161139576496727,,,,,,61.66756223727957,,14.693929112161419,37.30485642355886,17.937638268778056,38.78477961903344,-111.20487844243021,857.5423863565276,746.3375079140974
DEHHALKAJ000116f,1221.1708984375,"(1949, 1957)",3.4836740864849145,1.909934172488906,58.074348397031905,222.13211550050104,3.7587640253906254,0.5745699141372834,,,,,,46.362914451924134,,9.89148427734375,10.773342757738394,4.053176981758821,0.1186319310893632,-46.949359093113145,297.6649998398834,250.71564074677028
DEHHALKAJ00010tt,399.333984375,"(1949, 1957)",1.0126160829195059,0.5551696319362907,16.880746514161544,103.37472192030762,1.09257778125,0.1670129642937286,,,,,,15.161522747543643,,2.8752046874999997,3.1370751539060717,1.1812770357404485,0.09903087590403314,-13.883494060906525,127.08842316644555,113.20492910553902
DEHHALKAJ00010zLbt_0,1165.072265625,"(1979, 1983)",0.5539399475581548,0.3036991432271326,9.234417659886672,534.1738101907827,23.034314571188688,1.7535894115036776,,,,,,44.23942562301654,,12.71945454381767,26.1069858028061,16.699001265669196,47.54666397679984,-47.32421162321768,706.2732453855843,658.9490337623666
DEHHALKAJ00010zLbt_1,448.126953125,"(1979, 1983)",0.213064398009932,0.11681315892284132,3.551875340186546,223.694626983852,9.037120237290377,0.7070675940046404,,,,,,17.262866366724285,,5.434643828791918,10.614732392853734,6.619058525607199,18.578350958460526,-20.523853590108182,291.9484668875847,271.4246132974765
DEHHALKAJ00010xgbt_0,1618.5771484375,"(1979, 1983)",0.7695613114979788,0.4219141659541503,12.828918724112093,718.1113432857424,30.61666590946216,2.3663486636605353,,,,,,61.455401136885634,,17.54606454503309,35.102909405002706,22.606172178861474,64.67630545901778,-64.38362390232477,952.4812105836659,888.0975866813411
DEHHALKAJ00010xgbt_1,829.486328125,"(1979, 1983)",0.39438378773464244,0.21622202725342873,6.5745477109636274,397.42775622985704,16.029214443208186,1.2665607621232797,,,,,,31.634866357182286,,9.841333750991318,18.93410156751765,11.917134038727408,33.659451736621996,-36.665231216725104,520.7104188862291,484.04518766950406
DEHHALKAJ00010xgbt_2,916.66015625,"(1979, 1983)",0.4358310586076655,0.23894561075508353,7.265491579141268,432.6754321778843,18.144718363962028,1.4029293894530657,,,,,,34.891221218432634,,10.502587335357436,20.954779119979424,13.259379601480438,37.53530252416981,-39.10850077386275,569.3663497307191,530.2578489568564
DEHHALKAJ000110C,1499.03515625,"(1949, 1957)",4.276346525486138,2.3445190794731783,71.2885395769339,265.91334634424516,4.6140302109375,0.7053070967522842,,,,,,56.912094757573605,,12.142184765625,13.223735823406095,4.974889811028035,0.13437710515870785,-57.590965698819915,358.6199659147264,301.0290002159065
DEHHALKAJ00010uC,1841.9482421875,"(1969, 1978)",0.87576431332766,0.4801402621329923,14.599368535417723,685.7286050037252,19.652057222866006,2.5614227681894235,,,,,,69.93106043609572,,44.538979436733484,50.45424992397452,21.462595314737424,50.14728839232322,-79.96545205146234,944.4762584986449,864.5108064471826
DEHHALKAJ000112P,678.5439453125,"(1949, 1957)",1.9357044635201606,1.06125544782143,32.26902764649489,168.2540372534591,2.088558263671875,0.31925993069063496,,,,,,25.76192871785123,,5.49620595703125,5.9926061684296625,2.2557538577281204,0.14047817403546045,-26.360611754192817,210.30882832289728,183.94821656870448
DEHHALKAJ00010zl,1774.623046875,"(1949, 1957)",5.062525097500715,2.775543705512251,84.39447519547623,323.6671235418678,5.46228973828125,0.8349732318168231,,,,,,67.37500979707583,,14.374446679687498,15.655725992240633,5.89012951996741,0.17014542371983962,-68.21679926878141,433.429843924657,365.2130446558756
DEHHALKAJ00010uLbt_0,1569.4658203125,"(1979, 1983)",0.7462110633384967,0.40911232634782524,12.439660023927773,742.9416528064038,32.13167646762418,2.434874756903793,,,,,,59.592366546600914,,17.61217246306515,36.39938430961223,23.051054489963597,65.22395031095797,-65.89676515827105,979.3871321511317,913.4903669928607
DEHHALKAJ00010uLbt_1,512.3603515625,"(1979, 1983)",0.24360451677489395,0.13355686542723655,4.060992282016406,264.9771129779648,10.718733576513323,0.8317950532713658,,,,,,19.719535482807906,,6.334964066106585,12.531464588583134,7.753087099837937,21.644674683166198,-24.201004209852897,344.5113675282513,320.3103633183984
DEHHALKAJ000116sbt_1,1953.9296875,"(1979, 1983)",0.9290065007645194,0.5093304420060824,15.486938746024919,924.1782887233715,40.54770292984986,3.045622715672036,,,,,,74.1878309346829,,21.681341294780406,45.53762507570535,28.863397415009008,81.67917268226145,-81.2497917252597,1219.7209817713326,1138.471190046073
DEHHALKAJ000115l,1479.5048828125,"(1949, 1957)",4.2206318768949895,2.3139733657781814,70.35975237331654,261.2446373369258,4.553916029296875,0.6961179590595828,,,,,,56.170611067783476,,11.98398955078125,13.051277745472841,4.9099773017879365,0.13062333074483976,-56.83329911869241,352.74115032185256,295.90785120316013
DEHHALKAJ000112T,1371.8896484375,"(1969, 1978)",0.6522723974580015,0.35761018704632414,10.873661978513349,548.5789680951198,14.336732268049152,1.86559775202883,,,,,,52.08492735837084,,32.38299883151775,36.67253620916839,15.691541371623426,36.52024289417027,-58.57881694879075,738.1335447800483,679.5547278312575
DEHHALKAJ00010sN,676.6240234375,"(1984, 1994)",0.32170457328541,0.176375442337587,5.362953883193655,302.1228274871206,12.591660803857632,0.8944621106590371,,,,,,25.688718151986365,,5.902450796733473,13.422878060038082,9.093039406689208,26.563150535219258,-27.366410443702517,396.2791873523038,368.91277690860124
DEHHALKAJ000112c,1052.1044921875,"(1969, 1978)",0.5002288050478997,0.27425185740847907,8.339029766098205,388.4090717106912,11.05208652322791,1.4393860051446143,,,,,,39.94402811970274,,24.98096940952963,28.282771207616538,12.086345464474062,28.0643571406186,-44.977611946860506,534.2590155810053,489.2814036341448
DEHHALKAJ00010zdbt_1,653.140625,"(1979, 1983)",0.3105392637310042,0.17025402979009646,5.176823360955987,431.4462337291777,13.885890801739297,1.0240673438239016,,,,,,25.340442797228597,,7.037885510667734,15.40113654598617,9.817232360676385,27.726489759217003,-41.30509486546263,531.6793788485168,490.3742839830541
DEHHALKAJ00010zdbt_2,406.7548828125,"(1979, 1983)",0.19339382208476874,0.10602871002799216,3.223958361993889,207.64728678275063,8.60630776113305,0.6593868571506605,,,,,,15.69964628070203,,4.907612433474437,9.92499497886328,6.166566263157397,17.251165578060544,-18.730144932127157,270.86296693529204,252.13282200316488
DEHHALKAJ00010zdbt_3,298.87109375,"(1979, 1983)",0.1420998876062945,0.07790666535053031,2.3688663678506705,157.23083505412544,6.3850680001468305,0.49254964272014823,,,,,,11.574241364599196,,3.7218262690461255,7.433337651934154,4.582663640432698,12.76095441913419,-14.302935913868573,204.18147604213877,189.8785401282702
DEHHALKAJ000115G,1403.6142578125,"(1969, 1978)",0.6673560355910088,0.36587983432115173,11.125112726856715,527.0627036926683,15.02618350793794,1.9597894305298185,,,,,,53.289357674054145,,34.06826041763451,38.5884711324433,16.403646850007803,38.29211478736249,-61.17243274024549,724.6905274926382,663.5180947523927
DEHHALKAJ00010uybt_0,259.579833984375,"(1979, 1983)",0.1645581925024168,0.0902194945396005,2.7432559894298194,162.0273750994549,4.552127361670575,0.3614565845881009,,,,,,10.137887257059365,,2.8207778120129374,5.429296670280405,3.4415241791528253,9.655751178851649,-16.655767012508623,198.42619614307077,181.77042913056215
DEHHALKAJ00010wabt_1,613.4130859375,"(1979, 1983)",0.2916505891361366,0.15989826051141456,4.861941014919034,292.03769345130564,11.561772712331804,0.9072905850256576,,,,,,23.501679353341412,,6.926058555593629,13.50358965351911,8.621999161181158,24.54550755657833,-27.050038004070423,381.6055910288767,354.5555530248063
DEHHALKAJ00010xY,761.6005859375,"(1969, 1978)",0.36210714226225427,0.19852626506942211,6.036482120521928,284.76678140507755,8.10578178198177,1.0568042850406247,,,,,,28.914936020839573,,18.36010846396557,20.792577922117836,8.853415880913564,20.626720938566212,-32.99797205228397,391.47712669850273,358.4791546462188
DEHHALKAJ00010xEbt_1,415.5927734375,"(1979, 1983)",0.19759584526717705,0.10833248112437797,3.294007899410236,233.57398493472806,9.200173350194769,0.6942556560214369,,,,,,16.10225714601868,,5.0510733252778595,10.494498049836684,6.484442427547309,18.048064983597545,-21.265440702571425,299.64874987322236,278.38330917065093
DEHHALKAJ00010xEbt_2,1365.3935546875,"(1979, 1983)",0.6491837943409429,0.35591685165039505,10.82217363344224,735.1986171265518,30.89313129323513,2.266174698788075,,,,,,51.86936646541938,,15.576932326655715,34.16265215330368,21.33467373678749,59.710315067394,-64.4361405498741,951.0118628681354,886.5757223182613
DEHHALKAJ00010qz,1463.5859375,"(1984, 1994)",,,,716.01337115771,24.168382650979957,1.6869834458867827,,,,,,55.56642929969076,,10.888863511039048,25.44830330039499,17.62628563862389,52.62711634341967,-66.03007493824096,904.0257353477451,837.9956604095041
DEHHALKAJ000113t,1581.9609375,"(1969, 1978)",0.7521519347881005,0.4123694259255331,12.538696911357846,588.7015345992955,16.809216608574626,2.190730531615301,,,,,,60.06043285777196,,38.067273328666786,43.11393494602516,18.363582770152227,42.810591836021516,-68.40965218962481,810.1172974781232,741.7076452884984
DEHHALKAJ000113Y,652.1806640625,"(1949, 1957)",1.8604970704821753,1.0200227818426248,31.015287992069446,117.94729037840469,2.007412083984375,0.30685581242711346,,,,,,24.76088140937156,,5.28266337890625,5.75353253548686,2.1645916958464633,0.062217444908128194,-25.069682275295367,158.28544473933545,133.21576246404007
DEHHALKAJ00010yu,7984.75830078125,"(1919, 1948)",40.494898956575284,22.20144290440454,675.0674178822728,2885.5056817645445,150.11385550943228,11.30432936573259,,,,,,303.1478065455741,,77.01713868856056,192.2213057735729,89.62028723043979,143.66906362842911,-584.6011364731729,3852.5994685062856,3267.9983320331125
DEHHALKAJ00010qZ,79.50537109375,"(1949, 1957)",,,,15.682475617725936,,,,,,,,3.0186912239535775,,,0.0022373981609488973,0.001261193649189825,0.026084934683999507,-0.09557467584883944,18.730750368173652,18.63517569232481
DEHHALKAJ0001131bt_0,2458.0908203125,"(1979, 1983)",1.1687126543748279,0.640750018800694,19.482943633991862,1119.1816967258053,49.314722642815276,3.7247913971597795,,,,,,93.32763815511213,,26.652479759325665,55.47958643467546,35.47686891191599,100.96418976360755,-98.58922917105433,1484.1219737904169,1385.5327446193626
DEHHALKAJ00010qj,602.71142578125,"(1969, 1978)",0.38208323545305556,0.20947821466940075,6.369492203202978,257.50370763845075,5.75737678631836,0.7543213922200019,,,,,,22.88277263461513,,12.946241425781249,14.629299214404462,6.347558794641096,14.581898748739883,-24.79082243953671,335.4031766351709,310.61235419563417
DEHHALKAJ000111hbt_0,1329.779296875,"(1979, 1983)",0.6322508016957221,0.3466332905328156,10.539893348355305,606.9764428040344,26.467671225757243,2.011183610330689,,,,,,50.49201437997658,,14.550402548626682,29.95765713979729,19.13680393213353,54.44317368093803,-53.8029678031574,804.0353493215945,750.232381518437
DEHHALKAJ000111hbt_1,523.29296875,"(1979, 1983)",0.2488024890983261,0.13640666845751712,4.147644720842485,245.77002228414378,10.02201554247781,0.7897644753695938,,,,,,20.07794290191461,,6.095516056967351,11.784187040908462,7.455339711927115,21.121720671646464,-22.587470074163942,323.11650868535526,300.5290386111913
DEHHALKAJ000115x,903.091796875,"(1949, 1957)",2.5762794499246358,1.412452496168169,42.94768874145796,164.07248327119453,2.77971655078125,0.4249113509439814,,,,,,34.286910662890904,,7.315043554687499,7.9671751977750755,2.997427446991663,0.08739789203713971,-34.719208498943516,219.931065927302,185.21185742835848
DEHHALKAJ000114Jbt_0,1505.09765625,"(1979, 1983)",0.572485495619122,0.31386679241297155,9.543579938724655,578.0529786704677,24.947325196727746,2.005451095272605,,,,,,57.144630064197614,,15.481055811027225,29.138258330593256,19.641938624412823,58.001675912774886,-51.81104744432176,784.4133137054738,732.6022662611521
DEHHALKAJ000114Jbt_1,565.7666015625,"(1979, 1983)",0.2151974471259523,0.11798260913464202,3.587434188240767,302.85492371193794,9.094457581684717,0.7411165656411529,,,,,,21.779576801597834,,5.828610676785353,10.808599565151404,7.328553845950107,21.63250279934188,-29.981349504623367,380.06834154809036,350.086992043467
DEHHALKAJ000114Jbt_3,5.0,"(1979, 1983)",,,,7.757908598286372,0.0702256455754446,0.0054641354904222585,,,,,,0.20840096847506115,,0.038650406409305366,0.08192990695452833,0.06004978982161755,0.18059911334958992,-0.8622119334494676,8.40322856436234,7.541016630912873
DEHHALKAJ00010t3,414.017578125,"(1979, 1983)",0.262462546780807,0.14389583372333706,4.375363769548445,227.72426101546606,9.383505440100457,0.7027089616849438,,,,,,15.718826688113092,,5.1147515787459765,10.731551441952757,6.443394772437637,17.513351864500038,-20.888174598472084,293.33235176300093,272.44417716452887
DEHHALKAJ000112ebt_1,815.400390625,"(1979, 1983)",0.38768655211220515,0.21255024887837137,6.462901906798612,366.14313049450817,15.43536008284133,1.2026893049238403,,,,,,31.04523537887767,,9.063153133914287,17.87196670322712,11.443231555388731,32.64006064777445,-33.192667004649614,484.84482730145567,451.6521602968061
DEHHALKAJ00010xe,482.2607421875,"(1949, 1957)",1.375760962398631,0.7542648393704005,22.93452816132718,126.81293429070573,1.4843985644531248,0.2269072359855586,,,,,,18.309859060736876,,3.9063120117187493,4.260130195022117,1.603806878447104,0.11167744778243585,-18.77848655027697,156.71602568485167,137.9375391345747
DEHHALKAJ00010tF,1766.76953125,"(1949, 1957)",5.040121117103194,2.763260659883212,84.02099118670125,309.90236945957287,5.4381166171875,0.8312780947937368,,,,,,67.07684224206355,,14.310833203125,15.585054158835673,5.863145536918843,0.15254871256535962,-67.85561302766084,419.16018802506255,351.3045749974017
DEHHALKAJ00010wg,700.6640625,"(1979, 1983)",0.4441793875380193,0.2435226057067981,7.404661820328664,361.9902099989648,15.036956451527235,1.133747671438206,,,,,,26.60155156240243,,8.29203411412939,17.21879658639305,10.47726134849395,28.736476714959835,-33.310328733303315,469.4870344483089,436.1767057150056
DEHHALKAJ00010yg,2747.956298828125,"(1949, 1957)",8.959068159227238,4.911834461595946,149.35152734586066,629.2978120900251,9.666525128906251,1.477638520482635,,,,,,104.3283880849645,,25.4382240234375,27.714405321891594,10.428342808232586,0.4016183083702176,-121.0947422775338,808.7529542863105,687.6582120087767
DEHHALKAJ0001154bt_0,158.73974609375,"(1979, 1983)",0.15094735188704478,0.08275731267004761,2.516357410443874,116.53743244618904,3.1525156690808833,0.24126906902033501,,,,,,6.277245556118808,,1.8414394092317004,3.742698768214735,2.1972159758993266,5.774846958755691,-12.297144661817129,139.76466385251052,127.4675191906934
DEHHALKAJ000113a,675.1015625,"(1949, 1957)",1.9258842656960793,1.0558714965851252,32.105320716510825,164.49542525992766,2.077962609375,0.31764026418897123,,,,,,25.631215568284173,,5.46832265625,5.961790078321915,2.244076364357729,0.13493351919394533,-26.209175058735273,206.3313663198994,180.12219126116412
DEHHALKAJ000114L,911.2431640625,"(1949, 1957)",2.5995331211977155,1.4252013872233285,43.33533746332376,174.79493953993244,2.804806458984375,0.42874662932394936,,,,,,34.596467369840745,,7.381069628906249,8.040405932484727,3.0252256372429396,0.1035583440397936,-35.08890761232257,231.17521954075522,196.08631192843265
DEHHALKAJ000110dbt_0,1138.5234375,"(1979, 1983)",0.5413171627805912,0.2967786657656581,9.023990397544042,531.995131476929,22.77748260520556,1.7419280467619767,,,,,,43.23569905257476,,12.782779376814235,26.000973066722423,16.506663031098064,46.797860689494094,-47.552254283241226,701.8385173456,654.2862630623588
DEHHALKAJ000110dbt_2,535.2509765625,"(1979, 1983)",0.2544879889733084,0.13952375984704687,4.242424454064935,254.75941347508464,10.755913150250532,0.8265863565962045,,,,,,20.537074327990904,,6.130912788739535,12.35833379596809,7.807529738562632,22.074008995005958,-22.91315103615056,335.2497726281984,312.33662159204783
DEHHALKAJ0001133,689.73828125,"(1949, 1957)",1.9676389110825558,1.078763599033278,32.80138865029837,122.60550148019638,2.1230144296875,0.3245269483100877,,,,,,26.186762449463618,,5.586880078125,6.084561059706435,2.2890740355944894,0.06225070860520975,-26.50038285089162,165.26257118968874,138.76218833879713
DEHHALKAJ00010vG,1154.033203125,"(1969, 1978)",0.5486913652317523,0.3008215931195586,9.146921530499448,427.95480929920825,12.202190772789486,1.589809884210707,,,,,,43.813815921783025,,27.611116341995437,31.266940451643634,13.336350701611313,31.038379615185125,-49.65898947787916,588.813412988427,539.1544235105479
DEHHALKAJ00010uo,800.193359375,"(1969, 1978)",0.3804562863667397,0.20858623523053493,6.342370260760229,306.1109886051697,8.618269994800226,1.1256344038204373,,,,,,30.380152868762732,,19.551514142004116,22.13851349122421,9.400665654858269,21.88429734487567,-35.12502202555615,419.21003650551535,384.0850144799592
DEHHALKAJ00010tH,2882.0947265625,"(1949, 1957)",8.221845711003464,4.50765016891165,137.06171140976085,690.6388708765478,8.871087568359375,1.3560468249737656,,,,,,109.42106946995258,,23.344967285156248,25.449809177081946,9.579279102897026,0.5549864373007443,-111.8119913402651,869.2161167422695,757.4041254020044
DEHHALKAJ00010zJbt_0,849.7275390625,"(1979, 1983)",0.40400758160224204,0.22149829946500757,6.734980502348006,417.51244346672104,17.73573073037386,1.3485519444503473,,,,,,32.411301661604526,,9.859160513639265,20.229402803986716,12.692763542890603,35.71494652930259,-37.2758409157787,547.5043011929689,510.2284602771902
DEHHALKAJ000111Bbt_0,4.0,"(1979, 1983)",,,,14.939029937968696,0.05889259968264495,0.004402774115204559,,,,,,0.1879083082166677,,0.02933886585049269,0.07321808833327491,0.053572505151963774,0.1521212864421515,-1.7268269315131521,15.498484365761097,13.771657434247945
DEHHALKAJ000111Bbt_1,1886.8251953125,"(1979, 1983)",0.897101304855217,0.49183832809578937,14.955065379885216,847.1679132680657,36.520150952504125,2.8054677697814365,,,,,,71.63923231799096,,20.64200179002859,41.70738464563407,26.730765168711294,76.23936601812562,-75.78151625412656,1123.4522819308418,1047.6707656767153
DEHHALKAJ000111Bbt_2,852.2236328125,"(1979, 1983)",0.40519436295630124,0.22214895569952273,6.7547646589928885,380.2851991716594,16.062410448010027,1.251784722201629,,,,,,32.41969793310122,,9.428608731225715,18.589802214403505,11.921404286062053,34.03617900727127,-34.46253585122741,503.9950865139349,469.5325506627075
DEHHALKAJ00010zw,1310.623046875,"(1949, 1957)",3.738857150453147,2.0498390091681395,62.32836005082195,234.88328022953846,4.03409773828125,0.6166578097077495,,,,,,49.75914819861102,,10.6160466796875,11.561673408673801,4.3497283143274394,0.11823909358658427,-50.353045462652304,315.9388714724138,265.5858260097615
DEHHALKAJ00010zSbt_1,2804.33203125,"(1979, 1983)",1.3333349219268769,0.7310046426675101,22.227267782113774,1245.1202749745426,53.120919875635565,4.118118493775983,,,,,,106.4727689358926,,30.728360996680667,61.13639011712351,39.268577901128054,112.19367346748852,-112.23724346571375,1652.1590847622674,1539.9218412965536
DEHHALKAJ00010zSbt_3,4.0,"(1979, 1983)",,,,12.382641645083607,0.05721244073009803,0.0043205198712599055,,,,,,0.18413247270676497,,0.029244087815191798,0.06997051374300928,0.05120653951097784,0.147510583627648,-1.4240017745425557,12.926238803088557,11.502237028546002
DEHHALKAJ00010t5,894.6357421875,"(1949, 1957)",2.552156586673935,1.3992270681525192,42.54555021472547,161.6563377239715,2.753688814453125,0.4209327148481216,,,,,,33.96584409583256,,7.246549511718749,7.892449424291876,2.9692904266886035,0.0851160579976259,-34.38875474217147,216.99020876980214,182.60145402763067
DEHHALKAJ000110x,2385.73046875,"(1949, 1957)",6.805851189179193,3.731327166773954,113.45647247316282,508.8530762905888,7.343278382812501,1.1225037808699017,,,,,,90.57619408485334,,19.324416796875,21.057936312694157,7.924478245348448,0.35632431123091096,-92.1786141323342,656.5582082052731,564.3795940729389
DEHHALKAJ00010zW,436.3486328125,"(1979, 1983)",0.20746433153445945,0.11374290663626571,3.4585198185535555,233.10939553284405,6.903104567774723,0.5679467106485545,,,,,,16.566613001212417,,4.567950265842105,8.339833647185007,5.548464554270586,16.1570752792082,-23.532115222042894,291.76038355898567,268.2282683369428
DEHHALKAJ000111S,790.3623046875,"(1984, 1994)",0.3757820579272586,0.20602357626619064,6.264448858199968,344.3426769811997,14.385014169341762,1.0289924963563035,,,,,,30.00682508987777,,6.876398086195395,15.410032605819094,10.480890943555707,30.701222426435663,-30.81538898914146,453.23205279878147,422.41666380964
DEHHALKAJ000111Jbt_0,528.65234375,"(1979, 1983)",0.2513506331010948,0.13780369561519284,4.190123379554188,240.68918478926525,10.154721774272813,0.7883797949489645,,,,,,20.246511936478598,,5.915825502324127,11.732688665437555,7.488283497651407,21.314236431540536,-21.772361896664034,318.32983239191924,296.5574704952552
DEHHALKAJ000111Ubt_1,631.990234375,"(1979, 1983)",0.3004831954343634,0.1647407618999833,5.009184368540158,307.9559756128645,9.746670136063484,0.8102784708585973,,,,,,24.224238810888494,,6.601851851669354,11.854862612683874,7.913511956356639,23.122750104138042,-30.813214741467167,392.23013955552295,361.4169248140558
DEHHALKAJ00018J5,1568.9208984375,"(1949, 1957)",4.475711863609466,2.45382169006146,74.61204568486278,292.5009944396021,4.829138525390626,0.7381888538752798,,,,,,59.5653764443793,,12.70825927734375,13.842257327107603,5.2079627934768595,0.16424536849784227,-60.362367192052346,389.55642302967334,329.194055837621
DEHHALKAJ00018Cs,1703.0869140625,"(1969, 1978)",1.6194838787217585,0.8878866176848831,26.997494214839847,765.6679573995058,17.54340207734717,2.263939222571088,,,,,,64.65912296402335,,39.044331934204095,44.30155594467379,19.711393063731713,47.210743136097484,-78.34075885752178,1000.4024457421546,922.0616868846328
DEHHALKAJ000187x,1445.013671875,"(1949, 1957)",4.12223767350528,2.2600284654334852,68.71947859739966,256.25373300669014,4.447752082031251,0.6798895899327004,,,,,,54.86115866685396,,11.7046107421875,12.74717444888265,4.795601029993673,0.12940681313968136,-55.51506327830559,345.6193263797116,290.104263101406
DEHHALKAPE0001Oe,2582.578125,"(2010, 2015)",0.8186005471285221,0.4488000656101703,13.646423916742187,1104.8032978122956,41.17548665395768,3.949247142405829,,,,,,98.04966900058092,,24.17679514931671,46.58591525761166,32.392224543631336,104.04391828825985,-121.23937388723616,1455.1765538480595,1333.9371799608234
DEHHALKAPE0001O7,2515.681640625,"(2010, 2015)",0.7973963488197683,0.43717480390522584,13.292940792462657,912.5811217461666,39.81016834401949,3.5983826194200965,,,,,,95.50988924000085,,23.560981864868825,44.998975731768034,31.49688746283011,97.60654414627264,-89.35688606166165,1249.1629511553467,1159.806065093685
DEHHALKAPE0001OZ,2381.560546875,"(2010, 2015)",0.7548839463245967,0.41386725897869714,12.58424072109904,1033.0003399929894,38.183935046270065,3.6683583578573726,,,,,,90.41787417371647,,22.305133603224846,43.14321636228224,29.955893648708386,96.39294398748868,-113.92461607479672,1357.0676951725375,1243.1430790977408
DEHHALKAPE0001Oibt_0,1602.5595703125,"(1979, 1983)",0.5079637778872079,0.278492578148224,8.467975096906926,570.3482589238,25.493941798905148,2.1060345011939745,,,,,,60.8439674854784,,16.841344250126593,30.382056150446708,20.71453159161,61.804383398919086,-50.339736373913794,788.5345181004799,738.1947817265661
DEHHALKAPE0001Oibt_1,748.99365234375,"(1979, 1983)",0.23740873806262255,0.13016001222169266,3.957705980659088,383.136399062625,11.819720722985561,0.9683069505660169,,,,,,28.68522354210809,,7.613559827761988,14.012183113950345,9.666172979770229,28.883454698946473,-37.40471207456697,484.7850208987137,447.3803088241467
DEHHALKAbr0000Mgbt_1,1207.75146484375,"(1979, 1983)",0.4593856040268448,0.25185945691195116,7.658156002691687,551.2009010820606,18.67702580968338,1.54599003106261,,,,,,45.87013532162992,,12.400855104038762,22.41000573380097,15.279431573413417,45.35330600374516,-53.423600392755425,712.7376506594348,659.3140502666794
DEHHALKAbr0000Mgbt_2,677.674560546875,"(1979, 1983)",0.2577632454958176,0.14131942850051707,4.297024391847798,336.2396015443895,10.429772446732429,0.8650144875874601,,,,,,25.962426611221563,,6.955353535923601,12.55416527885154,8.570522771512294,25.43089667234924,-33.24113299703062,427.0077533485677,393.7666203515371
DEHHALKAbr0000MWbt_1,1306.641845703125,"(1979, 1983)",0.4969999797207762,0.2724816447892231,8.28520385635309,584.900441197698,19.857014409132436,1.6554757948705547,,,,,,49.61540840322121,,13.396530921429335,23.955637656898745,16.3796842326546,48.71475447267075,-56.80442603163225,758.4749470885756,701.6705210569434
DEHHALKAbr0000MWbt_4,473.2568359375,"(1979, 1983)",0.18001003001483293,0.09869100816574675,3.0008447801125397,253.7355166245085,7.159255954424725,0.5979953733762948,,,,,,18.24777233154846,,4.850281461290134,8.681263763909804,5.946614393428353,17.661175690863953,-25.59993216361906,316.8798755933502,291.27994342973113
DEHHALKA10001o2abt_1,186.56201171875,"(1979, 1983)",0.17740384701783204,0.09726216096530325,2.957398586353649,109.9578710057116,3.0840293705019426,0.25315309719482787,,,,,,7.28822253896136,,2.1291557008822184,3.879358193407843,2.309776380072462,6.153232790783903,-11.890376779216545,135.05479907751615,123.1644222982996
DEHHALKA100050O4bt_0,131.423828125,"(1979, 1983)",0.1249723482524075,0.0685164434495933,2.0833429052855634,93.29766281269676,3.559011646590337,0.25305267455244634,,,,,,5.207796170257861,,1.7305261481133603,3.976413321474601,2.236496247963903,5.722758459587775,-8.536613889645004,115.98371748123704,107.44710359159203
DEHHALKA100050O3bt_1,129.41162109375,"(1979, 1983)",0.12305891869056168,0.0674674002796258,2.0514452098498985,98.72566418526802,3.6366961542633733,0.26197642669294546,,,,,,5.15021193344312,,1.8524369297426688,4.137091439468297,2.290295450191718,5.796754385130384,-9.138706757909743,121.85112690420051,112.71242014629077
DEHHALKA100050O2bt_1,131.869140625,"(1979, 1983)",0.12539580075432533,0.06874860248162688,2.090402040989841,94.74458583881655,3.7165476925227017,0.2692152871582262,,,,,,5.228112736144766,,1.9268875146578617,4.252350153687684,2.344151871199646,5.920071667117972,-8.960972880363395,118.4019227613054,109.440949880942
DEHHALKA100050O2bt_2,2.0,"(1979, 1983)",,,,9.165705865917557,0.031873225507801146,0.002066931081678043,,,,,,0.09870178151185313,,0.010470215376862584,0.03735442233710859,0.02562634868587025,0.0674615939544603,-1.0614586200015685,9.439260384373192,8.377801764371624
DEHHALKA1b4000CPbt_0,1713.072509765625,"(1979, 1983)",0.6515917161336467,0.3572370015847439,10.86231472747994,838.4587978427958,29.437734802428672,2.3370679902504286,,,,,,65.04585747087621,,17.755550459050042,34.19704308759351,22.918447666426825,67.25241699944274,-79.41388654156493,1077.402916318864,997.9890297772992
DEHHALKA1b4000CPbt_1,1990.797119140625,"(1979, 1983)",0.7572282573796221,0.4151525341461725,12.623321396725022,969.6333479550584,34.210202606496054,2.715955218301224,,,,,,75.58905657487972,,20.634093712395714,39.737563942790224,26.63088397900384,78.14988198400644,-91.72171669819262,1247.3009859729318,1155.579269274739
DEHHALKA3zZ0002pbt_1,1350.97705078125,"(1979, 1983)",0.4282195927480833,0.23477260306634842,7.138605162912961,581.9649458132135,19.433633065823592,1.6542324692885653,,,,,,51.296346962148924,,13.626370549461708,23.676965143566527,16.589689115472897,50.141579919778025,-56.45834031489332,758.3837630387538,701.9254227238605
DEHHALKA3zZ0002pbt_2,1268.55322265625,"(1979, 1983)",0.40209368772844234,0.22044900173469792,6.703075066631963,547.649717979198,18.237313260475332,1.5527848211427373,,,,,,48.1679768055073,,12.794416906812042,22.224731311420317,15.573948573483605,47.07346258244897,-53.16692633878784,713.2743522404884,660.1074259017006
DEHHALKA3zZ0002pbt_4,797.26171875,"(1979, 1983)",0.2527082812541735,0.13854803005561628,4.212755959377989,368.95918330292255,11.469765024339416,0.9762855189027344,,,,,,30.4137442400349,,8.041498085897796,13.992601807800462,9.807443634078167,29.6213883085133,-36.35760389496613,473.2819099224893,436.9243060275232
DEHHALKA3zZ0002pbt_6,1539.37646484375,"(1979, 1983)",0.4879366103814823,0.26751262691060973,8.134113583384352,700.5899089133836,22.067711746958498,1.881200327055263,,,,,,58.44999989551369,,15.522336589095655,26.9454973078745,18.896567091193813,57.10400065174278,-68.87628128092604,901.4572225228177,832.5809412418917
DEHHALKA3zZ0002pbt_7,3402.38232421875,"(1979, 1983)",1.078454125040605,0.591265524771011,17.978295050849475,1368.8054307624836,48.78017117683874,4.158155606957674,,,,,,129.17538185886244,,34.308299832868045,59.42686249598479,41.65021155356575,126.00888605684813,-130.81991570528731,1812.3133993444092,1681.493483639122
DEHHALKA3zZ0002pbt_10,1758.7646484375,"(1979, 1983)",0.5574761473987319,0.3056378747928867,9.293367635241689,896.7971889086234,25.252480966003784,2.1512495779247223,,,,,,66.78587999083457,,17.736783512839274,30.88914533367533,21.66915898315451,65.39323333206133,-90.13201554577522,1126.675120605117,1036.5431050593418
DEHHALKAJ00010BSbt_0,1329.8388671875,"(1979, 1983)",0.5058232997799259,0.277319054970949,8.432292404366665,568.0216714838517,24.22817833654185,1.9024650550851683,,,,,,50.49290472211703,,14.325780990288564,27.953217643415158,18.39686710018492,53.52687863725882,-50.23160411933613,758.8479639687433,708.6163598494072
DEHHALKAJ00010d0bt_0,598.486328125,"(1979, 1983)",0.22764286473714257,0.1248058445454183,3.794904663479195,323.1879516600294,9.80416708497395,0.7929731214853879,,,,,,23.030864073708752,,6.176059690268101,11.583511497306976,7.829633285401037,23.065058015959558,-31.85704645026275,405.4702184291331,373.61317197887035
DEHHALKAJ00010d0bt_2,1112.301025390625,"(1979, 1983)",0.4230796594188833,0.2319546200788356,7.05292025913407,546.1680755874312,18.220575639231885,1.4737250095706198,,,,,,42.32541097377265,,11.478313753699876,21.48724068980392,14.515539491343045,42.802736945068936,-52.71588904018198,698.4716180899222,645.7557290497402
DEHHALKAJ00010d0bt_4,819.23095703125,"(1979, 1983)",0.3116062526009682,0.17083900945633895,5.194610525263474,420.23193247745735,13.413087751201207,1.085097918409122,,,,,,31.341847506170453,,8.453618629817385,15.833697578290714,10.700001168247805,31.53947714061276,-40.97435645594951,532.5987601702068,491.62440371425726
DEHHALKAJ00010d0bt_6,1029.189453125,"(1979, 1983)",0.39146698004051106,0.2146228791840922,6.525923269632192,494.8778316075493,16.3491260227471,1.3386399692213236,,,,,,39.18227668608767,,10.591880374942132,19.463905340619526,13.214783603634839,39.097674493536246,-48.066592772802615,634.116118098338,586.0495253255353
DEHHALKAJ00010iS,2019.51904296875,"(1949, 1957)",6.145224426735438,3.3691366754914673,102.44353962981717,343.6513074793819,6.630484921875,1.0135451777541036,,,,,,76.67267673443675,,17.44864453125,18.997373418786047,7.145955782826477,0.1291102054754413,-82.52528917606091,471.6890982517857,389.16380907572477
DEHHALKAJ00010OEbt_0,2138.53515625,"(1979, 1983)",0.8134225402191059,0.4459612086746018,13.560104309972342,962.8422289079645,34.09830448938956,2.787741568691525,,,,,,81.19583677937449,,22.015836170032063,40.49704004458893,27.467850689908317,81.2869626599531,-91.94374483014047,1252.1918013099025,1160.248056479762
DEHHALKAJ00010dobt_0,293.857421875,"(1979, 1983)",0.11177288802815302,0.0612798020431783,1.863302214714081,193.18729528082324,4.416095742471768,0.3698777806228988,,,,,,11.471153028323076,,3.0100141139417818,5.393329353727486,3.703766309389658,10.97945265344888,-20.172706371619988,232.53098426274877,212.35827789112878
DEHHALKAJ00010dobt_1,1736.378173828125,"(1979, 1983)",0.6604563599566896,0.3620970676369204,11.01009216044711,765.802815026762,26.269482002567777,2.1941507480216567,,,,,,65.92793778350426,,17.79579432644565,31.730756578200857,21.710702502457444,64.60833248770106,-74.24555662328976,996.0399714556607,921.794414832371
DEHHALKAJ00010dobt_3,1949.3994140625,"(1979, 1983)",0.7414820460884604,0.40651962926310814,12.360825268282966,851.4810566595883,29.47013574038614,2.4622491364721975,,,,,,74.0148623510496,,19.97775871012746,35.59960632355987,24.359698809851366,72.50347031077838,-82.39189196417148,1109.8688380418132,1027.4769460776417
DEHHALKAJ00010iU,843.173828125,"(1958, 1968)",2.806241088559341,1.5385296150622447,46.78124836514237,196.68949455741375,3.832349518823893,0.5823358959750677,,,,,,32.011914346882946,,9.709363458525734,10.589008845595078,4.210117913241369,2.764952650741169,-40.862959360747325,260.38953718719904,219.52657782645173
DEHHALKAJ00010kQ,1875.9150390625,"(1979, 1983)",0.8919140117067237,0.4889943799533781,14.86859096750782,864.5116302169713,37.22092036529806,2.84508916894391,,,,,,71.22063654417136,,20.823543717009144,42.41102813009575,27.016935831906807,76.75399480661581,-77.14272520080272,1142.803778781012,1065.6610535802092
DEHHALKAJ00010hjbt_0,2279.134521484375,"(1979, 1983)",0.8669015267524324,0.4752812143221843,14.45162206357206,809.2452348185676,34.11593751013046,2.8441311137343224,,,,,,86.53095513871124,,22.93673485517089,40.89669997235746,28.135306530015708,84.14870116355667,-74.31273109600122,1108.8537011022445,1034.5409700062432
DEHHALKAJ00010hjbt_2,1692.25341796875,"(1979, 1983)",0.6436728757606109,0.35289547494951073,10.73030424564173,602.59555986038,25.39654260102562,2.1159569763167556,,,,,,64.2495019509703,,17.05616928721668,30.436888154587894,20.92301542405665,62.54980185938702,-55.32418749871097,825.3234361139409,769.9992486152299
DEHHALKAJ00010mabt_1,385.5048828125,"(1979, 1983)",0.1832903939688345,0.10048947698298052,3.0555298609795556,198.28054601841896,7.722549637995601,0.6147454103618756,,,,,,14.881052286498107,,4.873125868404696,9.251286103461348,5.718533547976162,15.975178600465924,-18.49700769150946,257.31701747358267,238.8200097820732
DEHHALKAJ00010mabt_2,1800.1064453125,"(1979, 1983)",0.8558704033526914,0.46923336971357277,14.267728482363488,817.5395108135289,34.98122087333417,2.6930911090938543,,,,,,68.34730031207305,,19.917948951262463,40.0791773390078,25.610716495537613,72.92078869111083,-73.35755269857742,1082.0897545849487,1008.7322018863713
DEHHALKAJ00010FRbt_1,276.05224609375,"(1979, 1983)",0.2625010846729771,0.14391696223173484,4.376006212819776,172.84278379691435,7.118663060325987,0.5103520387978597,,,,,,10.819250488912097,,3.5322853983635256,7.988015038186703,4.522413155353846,11.637769697239568,-16.211200887557567,218.97153267409394,202.76033178653637
DEHHALKAJ00010cH,3263.802978515625,"(1958, 1968)",11.724657343290515,6.428076555022626,195.45509094311208,645.8849650648859,13.72059918892673,2.090380791810059,,,,,,123.91292027531762,,35.49329908503774,38.65971420449227,14.958710407136598,4.3333217164584115,-161.13861869981508,879.0539107340653,717.9152920342502
DEHHALKAJ00010F3,630.4287109375,"(1979, 1983)",0.2997407606201457,0.16433371991289814,4.9968076602165405,286.5885493142703,12.47940155690187,0.9499569071824432,,,,,,23.934898674888196,,6.890688791682868,14.143720898551503,9.042843036856167,25.7422315633694,-25.438525751309164,379.77229074370274,354.3337649923936
DEHHALKAJ00010GS,1089.8603515625,"(1984, 1994)",0.5181800338079295,0.2840936693563762,8.638284486052992,677.9827130110897,22.045943905508118,1.5271051741478943,,,,,,41.37778329112996,,9.606785479589371,23.195522549776744,15.507705425601559,44.73807546104911,-67.35594483879115,835.9816342978925,768.6256894591013
DEHHALKAJ00010cWbt_1,794.0029296875,"(1979, 1983)",0.3775130128912385,0.20697257722169632,6.293304623447277,351.18787682452046,14.959555966825288,1.161878060886315,,,,,,30.224252424222733,,8.692420950728302,17.24128751910198,11.08356145729438,31.685360124396087,-31.701382354079364,466.23619332797557,434.5348109738962
DEHHALKAJ00010oBbt_0,4.0,"(1979, 1983)",,,,12.030234225204302,0.06212052232318539,0.004560801030400291,,,,,,0.18283593138765494,,0.029520953483040742,0.07365497180060189,0.052989426605657,0.1518594987577504,-1.3768302178925234,12.587776330592595,11.210946112700071
DEHHALKAJ00010oBbt_1,1232.595703125,"(1979, 1983)",0.586044333295662,0.3213004635242045,9.76961160630832,604.3694080857024,26.194101715630428,1.9675916729945606,,,,,,46.80808140245511,,14.072704411851058,29.519307427637017,18.549540479415047,52.21262653933828,-53.313266730603665,793.6933617350239,740.3800950044202
DEHHALKAJ00010g4,309.11474609375,"(1949, 1957)",0.5878811513851213,0.32230750423771853,9.800232155481698,60.73096219364195,0.634303458984375,0.09696051188735079,,,,,,11.736404293746899,,1.66921962890625,1.8213524685403581,0.6858560005380635,0.058684090951716124,-8.06452082277147,77.43374264719696,69.3692218244255
DEHHALKAJ00010e6,2335.155029296875,"(1949, 1957)",7.105677847510802,3.8957079803501484,118.4547120852492,532.0322478831655,7.6667809921875,1.1719548411748815,,,,,,88.65605776971157,,20.175739453125,21.985736586240982,8.273646460825953,0.37328941169586843,-96.24411778664691,680.335453398127,584.0913356114801
DEHHALKAJ00010eLbt_1,251.5595703125,"(1979, 1983)",0.2392107327555426,0.13114796090954606,3.9877460088041534,174.74392371016842,6.4886356183297025,0.4885235544525398,,,,,,9.917279522403224,,3.7396893934472297,7.700659288847567,4.241532240575453,10.721026444795323,-17.058609360602212,218.04126977301945,200.98266041241723
DEHHALKAJ00010IHbt_1,156.59814453125,"(1979, 1983)",0.29782175931485355,0.1632816220188249,4.964817081416346,143.54789056752642,5.867619395124921,0.38409397327101535,,,,,,6.338862323814651,,2.3585881448224413,6.346049447612148,3.1318460032130213,6.920233172697642,-13.919202046109739,174.89518302808227,160.97598098197253
DEHHALKAJ00010IHbt_3,1.0,"(1979, 1983)",,,,6.7088789968901175,0.019916030510678234,0.0009750137209049198,,,,,,0.0475630516658567,,0.001123466467225183,0.020989669895469416,0.01257221940435499,0.027138641974317916,-0.7783512316447739,6.839157090528924,6.06080585888415
DEHHALKAJ00010hfbt_0,349.47265625,"(1979, 1983)",0.16615867580736282,0.09109696403896425,2.769936735891051,178.07659597028746,7.295967539221992,0.5633168036899973,,,,,,13.511974030064682,,4.246667006306075,8.475928864806594,5.26501679831166,14.732441300418557,-16.173158511474423,232.16790831310703,215.99474980163262
DEHHALKAJ00010hfbt_1,1898.00390625,"(1979, 1983)",0.9024162837910212,0.49475228033228974,15.043668369366424,872.8215885953915,38.6206217180577,2.9030794587563764,,,,,,72.06402689416919,,20.62001153811632,43.28854765916902,27.62362617607029,78.49701328033339,-76.58765742873315,1156.4385153200637,1079.8508578913306
DEHHALKAJ00010hfbt_2,343.4482421875,"(1979, 1983)",0.1632943353640173,0.08952658128828977,2.7221869462422728,174.52367586383826,7.160629894023928,0.5526809885307139,,,,,,13.279964030645157,,4.1627463824126,8.313808149384068,5.167894924035464,14.466794384032902,-15.842323326716063,227.6281946169031,211.78587129018703
DEHHALKAJ00010Nkbt_0,1238.1494140625,"(1979, 1983)",0.4709479003017986,0.2581985185519732,7.850904464652116,440.0383353459473,18.530032671134347,1.5455452936062724,,,,,,47.00929983533639,,12.474421456290202,22.22578688683666,15.286364843560502,45.713690283772145,-40.42999017185595,602.8234766164837,562.3934864446278
DEHHALKAJ00010nL,362.155517578125,"(1979, 1983)",0.22958508164012753,0.1258706704565986,3.8272822562982647,180.42456990279396,7.469039046654839,0.5684116844406919,,,,,,13.749775649374149,,4.207555780837081,8.60331636740572,5.273881541357936,14.540253989016385,-16.7140238921336,234.83680396188075,218.12278006974714
DEHHALKAJ00010m4,648.736328125,"(1958, 1968)",2.1591165177337555,1.18374173852925,35.99340287517433,196.34190948794122,2.880497635841797,0.4374253714302686,,,,,,24.630203437753934,,7.29828369140625,7.965741209643263,3.178290987647625,2.1098175514566857,-31.44295207624088,244.842169373121,213.39921729688012
DEHHALKAJ00010FLbt_0,2049.407958984375,"(1979, 1983)",0.779521731532125,0.42737499441378224,12.99496321877016,891.801122961574,31.4277791051204,2.6103907245296476,,,,,,77.81153031504228,,21.027807730849766,37.781826571261064,25.790115149765366,76.65143954909222,-85.7475029896742,1164.902012107235,1079.1545091175608
DEHHALKAJ00010cMbt_0,2602.054443359375,"(1979, 1983)",0.9897287537780193,0.5426215889910811,16.499204873513587,927.9747684047951,39.32429690947972,3.2631638605881275,,,,,,98.79085392855724,,26.156888817284006,46.955654294654956,32.26749202248314,96.43022136211282,-84.90858188691179,1271.1633395999552,1186.2547577130433
DEHHALKAJ00010cMbt_1,1469.501953125,"(1979, 1983)",0.5589461590446438,0.3064438128361085,9.317873362916844,542.6216351941473,22.379788855799443,1.8728762141307849,,,,,,55.79286107046403,,15.263264274558544,27.046416751912517,18.405778668553523,54.73373939391111,-50.19721779529253,738.1163604234772,687.9191426281847
DEHHALKAJ00010mCbt_1,444.7900390625,"(1979, 1983)",0.2114778440636017,0.11594332623374183,3.5254268021366393,255.75407104961127,10.33123231711923,0.7858760531557083,,,,,,17.225800313855732,,5.859121163087425,11.958864625548264,7.231349801213137,19.869850040064726,-23.12635558293968,329.0161653636555,305.88980978071584
DEHHALKAJ00010mCbt_2,996.7177734375,"(1979, 1983)",0.4738948882729307,0.25981421304354896,7.900032024208089,506.9008331694143,22.514585571626363,1.653238873892727,,,,,,37.96998088244818,,11.386074818639461,24.901801554199576,15.544436412212956,43.52254497480597,-43.83968264345755,664.3934962572396,620.553813613782
DEHHALKAJ00010mCbt_3,827.095703125,"(1979, 1983)",0.39324715207159977,0.2155988635358649,6.555599504599514,419.8238713562687,18.660908938238073,1.370164402373853,,,,,,31.598451534316194,,9.432839605382984,20.6344185881308,12.886483772154891,36.090855136339485,-36.29918366820749,550.4979933332049,514.1988096649975
DEHHALKAJ00010mCbt_5,955.916015625,"(1979, 1983)",0.45449547052882006,0.2491784273885108,7.5766353697558895,487.2056216093369,21.211855228172016,1.57628188517539,,,,,,36.43807396300582,,11.10733922162181,23.740213352964602,14.795917132817966,41.41034550688676,-42.66681184251787,637.4856478999812,594.8188360574634
DEHHALKAJ00010mCbt_6,404.677734375,"(1979, 1983)",0.19240623055891432,0.10548726018025595,3.207494785630953,234.91297650215157,9.43655526163523,0.7190640494179288,,,,,,15.710164709913961,,5.382895124775393,10.950967677544728,6.6062836901880235,18.12548907787464,-21.28907750221796,301.84439609350153,280.5553185912836
DEHHALKAJ00010mCbt_7,1208.5849609375,"(1979, 1983)",0.5746282952861732,0.3150415883919572,9.579301332666802,624.6497146689926,27.36815296471243,2.0201441562483966,,,,,,45.9312950628555,,14.08122674702513,30.46896976877634,18.939435036166437,52.90030989392128,-54.400009986784724,816.359248298698,761.9592383119133
DEHHALKAJ00010mCbt_8,772.966796875,"(1979, 1983)",0.36751126909319903,0.2014890928916138,6.126571243835616,398.47418956056333,17.209794050188925,1.2823513049143997,,,,,,29.579882701316112,,9.094583111589316,19.332196534222813,12.013634772202836,33.565952667737875,-35.02716067715582,520.5525847027357,485.5254240255798
DEHHALKAJ00010H1,548.575927734375,"(1958, 1968)",1.7388227300380157,0.9533144805032665,28.98692429830524,169.0284729334033,2.497239772620117,0.37847144095076635,,,,,,20.827575530474807,,6.253765576171874,6.82899993706945,2.7735508923477896,2.3407896429049457,-26.024518483535225,210.92886572594304,184.90434724240782
DEHHALKAJ00010oXbt_1,218.86474609375,"(1979, 1983)",0.20812086863721363,0.11410285496005461,3.4694645750073363,153.74793196173954,5.939206914286734,0.4356223214472306,,,,,,8.634640228004201,,3.1856586572770196,6.871214594767289,3.7943794420791317,9.599350708995201,-14.697694700266908,192.20800482859633,177.51031012832942
DEHHALKAJ00010oXbt_3,2.0,"(1979, 1983)",,,,5.519165018434999,0.027617663432869897,0.0018585948165274193,,,,,,0.08965424684277114,,0.010230158439421306,0.031227439838392844,0.0214886414273227,0.05908190484170603,-0.6314584170270119,5.760323668074011,5.128865251046999
DEHHALKAJ00010IT,575.7099609375,"(1958, 1968)",1.8248295548107674,1.0004679654799546,30.42069513403088,174.76343703091445,2.620759933605469,0.3971916510912398,,,,,,21.857730799971158,,6.5630935546875,7.166391831682542,2.910524160450746,2.452064598832162,-27.295156127620224,218.73119356123524,191.436037433615
DEHHALKAJ00010c6bt_0,1959.10400390625,"(1979, 1983)",0.7451733261216257,0.40854338398313766,12.422360497284068,874.1786140544624,30.59382860908002,2.522336234289379,,,,,,74.38371106642424,,20.132324690900766,36.5759883007692,24.893972118268437,73.83342272822665,-83.97004131878923,1137.1141978024211,1053.1441564836318
DEHHALKAJ00010mKbt_1,587.4423828125,"(1979, 1983)",0.27930267703525635,0.1531284827724881,4.656095998559881,272.7896552789834,11.602073202648887,0.892239279250355,,,,,,22.495483613722246,,6.605334794912595,13.307830621352004,8.457901774687166,24.001700465487637,-24.499522609439143,360.15221903104435,335.6526964216052
DEHHALKAJ00010mKbt_5,1272.263671875,"(1979, 1983)",0.6049046848613442,0.3316407046220157,10.084021795242245,591.2767952357126,25.14921153389755,1.9336451417873084,,,,,,48.30891576480556,,14.311175252359458,28.84294605319133,18.328015943324914,52.00460306053387,-53.09611052445333,780.1553079856126,727.0591974611592
DEHHALKAJ00010mKbt_6,4.0,"(1979, 1983)",,,,4.341514564140998,0.05737951094489162,0.00432869899870656,,,,,,0.1619792920903881,,0.02925351227273579,0.06413849923261748,0.04600158918865607,0.138295009301742,-0.46570860713374035,4.842890676170736,4.377182069036996
DEHHALKAJ00010mKbt_7,1081.10546875,"(1979, 1983)",0.514017477141599,0.28181153588907243,8.568892872468732,493.8397747306059,20.824320851469757,1.6160827937082383,,,,,,41.057912592276715,,12.123622803738806,24.058697208308836,15.343101551202912,43.64997043574935,-44.66772611332946,652.5134829670604,607.845756853731
DEHHALKAJ00010jFbt_0,1671.42822265625,"(1979, 1983)",0.6357517138278058,0.34855267551256686,10.59825506240163,766.1555906156912,26.190985422071016,2.1563401408340743,,,,,,63.46309987878242,,17.181137003751044,31.29225647885049,21.288623954898664,63.102274951746516,-73.96904656688204,990.8303084466253,916.8612618797432
DEHHALKAJ00010jFbt_2,3374.3359375,"(1979, 1983)",1.283477104321683,0.7036699531282936,21.396116475178154,1496.3609010280588,52.549762490325065,4.3373579622934715,,,,,,128.11190997610686,,34.66750087767327,62.87480661733392,42.81159403180634,127.01859854151361,-143.67195909926434,1948.7324315251115,1805.0604724258471
DEHHALKAJ00010jFbt_3,267.119140625,"(1979, 1983)",0.10160259899086335,0.05570391230889821,1.6937591133253882,162.4080731991346,4.151860162674824,0.3429581408613852,,,,,,10.398511258900797,,2.7438922932075243,5.00340806485778,3.4145591019548482,10.098463714979594,-16.619002031628035,198.56172593657138,181.94272390494334
DEHHALKAJ00010Hg,2041.070556640625,"(1958, 1968)",6.987154327985519,3.830727125492566,116.47887393412668,540.0925406272106,8.92546601710449,1.35708130017958,,,,,,77.49090073679318,,22.778347412109376,24.843644195013106,9.801926460808831,5.273379141490118,-99.73670634621982,690.5632858907093,590.8265795444895
DEHHALKAJ00010vcbt_0,542.23388671875,"(1979, 1983)",0.20624644127949182,0.11307519485882703,3.438217063123381,229.2826878361227,9.484990830682278,0.7650359282665161,,,,,,20.70126230456435,,6.010635239901514,11.229985272426132,7.378563822399584,21.476133953086805,-20.828324941595287,306.3292951874498,285.50097024585455
DEHHALKAJ00010vcbt_1,1980.101318359375,"(1979, 1983)",0.7531599560399247,0.4129220764283236,12.555501060057393,935.1744491908433,32.922852029498834,2.647337670158004,,,,,,75.18215273560163,,20.46098297305091,38.615146997557076,26.01578806279337,76.62566829319479,-88.90882772790003,1207.6443779526978,1118.7355502247979
DEHHALKAJ00010t7bt_1,808.16796875,"(1979, 1983)",0.3842478577819382,0.21066497498446715,6.405577390322869,353.07625966904624,14.939526259437665,1.1685962207968845,,,,,,30.74806355681425,,8.832115498680889,17.31559051496504,11.160858740873461,31.96742334490019,-32.04868168775107,469.2084338055146,437.1597521177635
DEHHALKAJ000115Vbt_1,150.711669921875,"(1979, 1983)",0.28662673379540093,0.15714391760943727,4.778191181234518,147.18490265395087,5.294682621369282,0.37201688322397475,,,,,,6.127230633706475,,2.6869316830468746,6.172651813578592,2.96641330903511,6.407925023184982,-15.040296839070367,177.2127546210962,162.17245778202582
DEHHALKAJ00010us,2035.4248046875,"(1949, 1957)",6.193624304805519,3.3956720455563576,103.25038645636745,346.3810177212673,6.6827067187499996,1.0215278744980005,,,,,,77.27655184258003,,17.5860703125,19.14700030827283,7.202239294109434,0.13016551443538182,-83.17540039411368,475.427279586413,392.2518791922993
DEHHALKAJ00010uR,297.6181640625,"(1958, 1968)",0.8490250522169737,0.4654803865893722,14.153613528758052,92.34918452193538,1.421523756029297,0.21464304588224212,,,,,,11.299634015611813,,3.48213251953125,3.805576002774818,1.5977962969779953,1.8695327770363979,-13.490726694892274,116.04002293577919,102.54929624088692
DEHHALKAJ00011Iz,3129.6142578125,"(1969, 1978)",,,,1147.4984002167805,28.699310096025396,3.6434391671302087,,,,,,118.81834036335705,,63.87386219482423,72.38480854508475,31.267569100661706,71.33282218075368,-104.13270915213936,1537.5185518646174,1433.385842712478
DEHHALKAJ00011Ad,125.828369140625,"(1919, 1948)",,,,73.05697665796757,6.380211491940678,0.36450282098618797,,,,,,4.777932078732546,,0.4134488957205641,5.988755065677612,3.083538608534647,7.391664475564134,-5.932153310711038,101.45703009512394,95.5248767844129
DEHHALKAJ00010ta,4191.6552734375,"(1969, 1978)",1.594356244402911,0.8741103210888381,26.57860572137047,1599.6720482798983,40.33571354121289,5.159209569268049,,,,,,159.13958399509363,,89.28016149658204,101.0130309433709,44.58276082029268,101.6397477359516,-160.02431735618262,2140.8222563816703,1980.7979390254877
DEHHALKAJ00011DAbt_2,3132.5771484375,"(1979, 1983)",1.489400848793244,0.8165682285493319,24.828954043439172,1418.2162372472312,62.23141467446759,4.718614591115889,,,,,,118.93499947578768,,33.972712975497124,70.2350264323163,44.962545825640305,128.06990195612303,-125.34881047455566,1881.341453178179,1755.9926427036235
DEHHALKAJ00011DAbt_3,4.0,"(1979, 1983)",,,,4.439764403780725,0.06138919609993795,0.004524998057426259,,,,,,0.16220025315097444,,0.029479699253791573,0.06743505351049943,0.04771137331995644,0.14229821144980517,-0.4731822298136902,4.954803188623117,4.481620958809427
DEHHALKAJ00011DAbt_4,739.1328125,"(1979, 1983)",0.35142471713986007,0.19266959527775934,5.858401489876856,355.692543882815,14.848549693421752,1.139910311494927,,,,,,28.249542338436356,,8.436682385043493,17.040742019237243,10.774973872627804,30.475419961154138,-31.86639508915453,466.6583644642308,434.79196937507623
DEHHALKAJ00011Apbt_0,749.1240234375,"(1979, 1983)",0.35617509273977377,0.19527400213821494,5.937592298419028,346.29905652670357,14.462857137767468,1.1263311678666688,,,,,,28.576762388201743,,8.51141820205233,16.78567999726331,10.67056644210056,30.302764667441323,-31.454313671778095,456.7354365293969,425.2811228576188
DEHHALKAJ00011Apbt_2,1633.02734375,"(1979, 1983)",0.7764317354792049,0.4256808953368267,12.943451652857917,738.6049372130918,31.41599125745377,2.430030264606952,,,,,,62.004402111408865,,18.106738096472267,36.14430906252063,23.112515548108156,65.85023501157926,-66.5459586162341,977.6691585652417,911.1231999490076
DEHHALKAJ000114x,1902.276611328125,"(1969, 1978)",0.7235582117337082,0.3966928363753975,12.062027224870453,744.1313798369856,18.35521996574463,2.348377007527946,,,,,,72.22147776578976,,40.648797769165036,45.996029707887374,20.283508672192763,46.302886454312954,-72.92301840571847,990.2876771796059,917.3646587738874
DEHHALKAJ00010q6bt_0,1468.360595703125,"(1979, 1983)",0.5585120273677874,0.3062057989162057,9.310636200763884,695.9989207231181,23.79675055149706,1.9329265469883896,,,,,,55.756097609149755,,15.13818079289702,28.140826704121103,19.04049901460108,56.22651022268728,-66.8823141758294,896.0307121650598,829.1483979892304
DEHHALKAJ00010q6bt_2,781.785888671875,"(1979, 1983)",0.5947269668327929,0.32606074192226137,9.914354849367513,446.3308815078786,12.516023909209295,1.0066229523183825,,,,,,30.048302969069717,,7.58822678393227,14.489324771717872,10.23518873886663,30.486111868614802,-46.688679370528675,552.7006835016075,506.0120041310788
DEHHALKAJ00010smbt_1,2395.46142578125,"(1979, 1983)",0.9111481343952611,0.4995395421266137,15.189232082145631,1113.3934676900758,39.91959680229299,3.2070981129229827,,,,,,90.95073523080885,,24.758135524889703,46.77486636382257,31.498455403815548,92.76615700290434,-105.3245562613901,1443.2685121315326,1337.9439558701424
DEHHALKAJ00010wVbt_1,2108.89404296875,"(1979, 1983)",0.8021481173555437,0.4397799744467079,13.372154821845962,981.5974645651016,34.279829273334755,2.781126543339149,,,,,,80.07129455704954,,21.747586559610554,40.48545967907276,27.376609251894934,80.8321159646587,-93.80364051551607,1269.171486394062,1175.367845878546
DEHHALKAJ000116bbt_0,1521.22265625,"(1979, 1983)",0.7232735885059937,0.3965367908856644,12.057282432999047,679.0475402750418,28.91883440349034,2.2417167570961567,,,,,,57.75963816286735,,16.736370832071874,33.29768509503812,21.35899396509908,60.97541356654829,-61.23453232631134,900.3361930572529,839.1016607309416
DEHHALKAJ000116bbt_1,364.42578125,"(1979, 1983)",0.17326822044482534,0.09499479199784376,2.8884559090312845,186.81504211557225,7.1784042919845295,0.5768581560913086,,,,,,14.073962257525567,,4.63751550424242,8.676489786693962,5.3632804201001525,14.989562095792081,-17.556890781619558,242.3111146280023,224.75422384638273
DEHHALKAJ000112ibt_0,2711.553955078125,"(1979, 1983)",1.0313784646629243,0.5654561608019099,17.19352350393582,992.9874213708334,42.595208422725776,3.479288761580624,,,,,,102.948248938005,,27.341833959621795,50.24432860126919,34.30376567425574,102.08399166111468,-89.80112594965375,1355.9840873894063,1266.1829614397525
DEHHALKAJ00010qnbt_0,245.83203125,"(1979, 1983)",0.23376435353679684,0.12816196809621946,3.8969525199761144,172.51982833710383,6.448364987929275,0.4828045942372128,,,,,,9.699165261093825,,3.663786783246969,7.615516941998239,4.1908704469173,10.58376912469504,-16.767246137419367,215.20410647722167,198.4368603398023
DEHHALKAJ00011CB,771.3798828125,"(1958, 1968)",2.5672973351772668,1.4075280263494303,42.79795301755528,180.5822336807876,3.514053702859588,0.534002249302913,,,,,,29.286226274780393,,8.902897663275525,9.709622597194436,3.859299683261927,2.5417833422590888,-37.42079024161309,238.93011919372148,201.50932895210838
DEHHALKAJ00010tV,784.91015625,"(1958, 1968)",2.6123286300221142,1.4322165611320798,43.548644109966816,183.62520366135078,3.574132321321322,0.5431256503237503,,,,,,29.79991026777712,,9.05511815353222,9.875608528513563,3.9255033508608372,2.5839834357731606,-38.069930623675624,242.98258536945275,204.91265474577713
DEHHALKAJ00010qObt_1,255.96484375,"(1979, 1983)",0.24339975520324292,0.13344460431635188,4.05757881836993,106.43068516696674,4.83152799369252,0.377100809784748,,,,,,9.87549986311538,,2.963730146051185,5.778864418454734,3.3879893222276802,8.97412947655107,-10.389715008940746,142.61952719684405,132.2298121879033
DEHHALKAJ00010txbt_0,3319.781494140625,"(1979, 1983)",1.2627265387918478,0.692293396877622,21.05019560482744,1439.4888043072822,50.61810164881557,4.214260096247388,,,,,,126.04047642297374,,34.045975984059694,60.964088623773925,41.65398862380083,123.87752469865552,-138.5976319393706,1880.9032204056089,1742.3055884662383
DEHHALKAJ00010txbt_1,5.0,"(1979, 1983)",,,,11.250728170654453,0.06939659903788394,0.00542354849950773,,,,,,0.21868597629990155,,0.03860363976149274,0.08385497348711791,0.06200024545958394,0.1838684404376819,-1.2792637811662968,11.912561593637621,10.633297812471325
DEHHALKAJ00010txbt_3,1025.52490234375,"(1979, 1983)",0.3900731155550315,0.21385868903698166,6.502686947938946,472.25148852184554,15.53445431299398,1.2968402184267465,,,,,,39.00945085293657,,10.511494775047343,18.770953035562847,12.84363937108179,38.20051125618869,-46.20802290456935,608.4188323440835,562.2108094395142
DEHHALKAJ00010txbt_4,917.706298828125,"(1979, 1983)",0.3490627622305881,0.19137464681728258,5.81902668359653,431.65162657196174,13.922645946096583,1.1615448804849997,,,,,,34.97149270881911,,9.407575912111664,16.821393868074487,11.508042449706954,34.21561423270091,-42.4057048128787,553.6599365699565,511.2542317570778
DEHHALKAJ000115Cbt_1,2089.410400390625,"(1979, 1983)",0.7947372342600277,0.43571693682577817,13.248612206740733,942.6761446898824,33.25574748837747,2.7208017515067757,,,,,,79.33088637355183,,21.5067617627452,39.520564647193964,26.813836456221445,79.36449040510752,-90.12679864368113,1225.1892335745865,1135.0624349309055
DEHHALKAJ00010wo,2266.988525390625,"(1949, 1957)",6.89825298249242,3.781986711342965,114.99685019052772,521.3654719207016,7.442976726562501,1.1377438088208751,,,,,,86.06806170877289,,19.586780859375,21.34463553716202,8.032518093085697,0.37048294374051516,-93.4642577962841,665.3486715982212,571.8844138019372
DEHHALKAJ00011CH,281.9130859375,"(1979, 1983)",,,,200.30228750275376,5.994628518538407,0.41311915767485247,,,,,,10.703458567320205,,2.635286670868611,6.503516268389796,3.7363299183841177,9.886987598611517,-18.442187679003357,240.17561420254128,221.73342652353793
DEHHALKAJ00011Az,630.8408203125,"(1979, 1983)",0.29993670026467345,0.1644411443772821,5.000074058535844,275.10392776459116,11.685155499573076,0.912168862740431,,,,,,23.95051137929962,,6.869390873616528,13.514423415987137,8.71589014552703,24.970790231572284,-24.920250487987136,365.72225817290723,340.8020076849201
DEHHALKAJ000116qbt_0,492.901611328125,"(1979, 1983)",0.18748220228825796,0.10278764775183921,3.1254091122275978,266.73486088509077,7.818460548189099,0.6405414241189854,,,,,,19.00882739518935,,5.072037381049467,9.334507954346986,6.343629744198365,18.74825878790182,-26.574316226099544,333.70112412008484,307.1268078939853
DEHHALKAJ000116qbt_1,3410.601806640625,"(1979, 1983)",1.2972713481588287,0.7112326863329926,21.62607246491321,1521.7136682757043,54.23696222072144,4.438923323851926,,,,,,129.48886152926167,,35.10340761987972,64.45982305211643,43.73837141990656,129.48307909796662,-145.1357427131593,1982.6630965394086,1837.5273538262493
DEHHALKAJ000116qbt_2,500.728759765625,"(1979, 1983)",0.19045937053639078,0.10441988866565423,3.175039790008108,270.18258925791287,7.941984280557161,0.6506821444812497,,,,,,19.305483922322516,,5.152544389856161,9.481645250079088,6.4435890906903825,19.04444500265176,-26.90308993086702,338.2029633385513,311.2998734076843
DEHHALKAJ00011dJbt_0,2015.93505859375,"(1979, 1983)",0.7667898334454047,0.42039469527190426,12.782716990538814,914.8980859447032,32.236262153840315,2.632465251678261,,,,,,76.54159729343952,,20.758923849569545,38.255359481793676,25.935975352494637,76.72530054791314,-87.43915923102638,1187.9839698754322,1100.5448106444057
DEHHALKAJ00011cK,1854.052734375,"(1969, 1978)",0.8815194599957209,0.48329553757384336,14.695309310696796,694.3658045876239,19.997660975428385,2.6078894987923444,,,,,,70.39061739823502,,45.40630520534792,51.45663015360158,21.819955630291496,51.2008061222383,-81.36457006405675,957.245669571559,875.8810995075023
DEHHALKAJ00017ydbt_0,1094.767578125,"(1979, 1983)",0.5205132013760623,0.2853728350756401,8.677179394949913,498.5275225399465,21.012611907739476,1.6322916696589118,,,,,,41.57405766886864,,12.260388850529822,24.291828177575468,15.502710118814392,44.124952274833205,-45.12071567569057,658.9263632079663,613.8056475322758
DEHHALKAJ00017ydbt_1,1008.275390625,"(1979, 1983)",0.47939002024683147,0.26282693469280044,7.991638242475765,466.38567578975346,19.79777785231207,1.525688357747293,,,,,,38.316796855133546,,11.329288794194033,22.745718831913244,14.467966757927856,41.08137645131956,-41.95462769343983,615.6502896903011,573.6956619968612
DEHHALKAJ00017ydbt_2,4.0,"(1979, 1983)",,,,4.679074689679827,0.05778930581136648,0.004348761009424768,,,,,,0.16294272301976948,,0.029276628866711618,0.06471842278039694,0.046391123668033926,0.13908609564350846,-0.5054969659370226,5.183627750479038,4.678130784542015
DEHHALKAJ00017xx,1821.58984375,"(1949, 1957)",5.196508812153585,2.8490006560821386,86.62804146232827,432.68567207932796,5.6068535390625,0.8570714561376782,,,,,,69.15822109023503,,14.754877734374999,16.084781385363875,6.054171486966004,0.34551551652182916,-70.65075844136155,545.5471642879899,474.89640584662834
DEHHALKAJ00018HM,2063.482666015625,"(1919, 1948)",10.465003311467992,5.737467668782406,174.45611535363597,725.2205787393394,36.90606398655625,2.8135177232491375,,,,,,78.34182381414809,,19.781047288080646,47.806393021787265,22.248482871304553,33.63040881486046,-149.42342792262923,966.7483162593257,817.3248883366965
DEHHALKAJ00018Kk,5639.3310546875,"(1969, 1978)",,,,2056.1276542810383,52.50368797132812,6.676036802406251,,,,,,214.1017643036528,,117.17402065429687,132.82806168198906,57.1219499158594,130.86261462181832,-190.70984800187117,2767.3957902323887,2576.6859422305174
DEHHALKAJ00018CN,1930.560302734375,"(1984, 1994)",0.7343163197045811,0.40259099950282945,12.241369521217058,897.5680371354139,30.00726825656767,2.2808580402600795,,,,,,73.29528871558603,,16.89481844768428,33.74655547406258,23.9626667523886,72.08323249939772,-89.05488724318009,1149.8387253213612,1060.7838380781811
DEHHALKAJ00018HHbt_1,242.92333984375,"(1979, 1983)",0.23099844722766907,0.1266455521380791,3.850843669767365,170.35990241774653,7.061281330726764,0.4963066954349064,,,,,,9.592044872938933,,3.3357150664099198,7.8262944422622,4.356643482389235,11.068275002752067,-15.681918376743837,214.09646331066057,198.41454493391672
DEHHALKAJ00018HHbt_4,2.0,"(1979, 1983)",,,,4.465893684349226,0.02320448794775601,0.0016425423934082535,,,,,,0.08689981946588947,,0.009981210504297018,0.026897888355502723,0.018986968279250428,0.05357364418210164,-0.5106179907996407,4.687080245477431,4.176462254677791
DEHHALKAJ00018Aqbt_0,256.037109375,"(1979, 1983)",0.24346847337241379,0.1334822792469889,4.058724379865801,167.55387968677118,6.770429446943878,0.4766448400912568,,,,,,10.07608920887673,,3.175957122426485,7.460994798102182,4.243365053811422,10.942452885837811,-15.285560283232503,210.69981304286097,195.41425275962845
DEHHALKAJ00018Aqbt_3,2.0,"(1979, 1983)",,,,6.527456328209476,0.031948879944688806,0.002070634837502943,,,,,,0.09228215357173825,,0.010474483055750428,0.035457724844039376,0.023927184545163856,0.06445822515840376,-0.7470259056196703,6.788075614166764,6.041049708547093
DEHHALKAJ00018JBbt_0,2957.1845703125,"(1979, 1983)",1.4060094932565705,0.7708486819799303,23.43878420707997,1454.0100316626592,64.92702198933652,4.784602781428552,,,,,,112.27728470155965,,33.03483529870348,71.83809369573038,45.18473133247728,127.13833627082114,-125.80883604198097,1913.194937732716,1787.386101690735
DEHHALKAJ00018JBbt_2,1032.3818359375,"(1979, 1983)",0.49085156082779824,0.2691107567385777,8.182707063594277,515.6851699138399,22.32778000979413,1.6717923613088939,,,,,,39.28396982421495,,11.915331795050875,25.127123398004013,15.7243015021804,44.1386568315286,-45.42134425936629,675.8741256359217,630.4527813765554
DEHHALKAJ00018JBbt_3,227.9736328125,"(1979, 1983)",0.1083913040682105,0.05942583907135754,1.8069297527247707,143.3139249870815,5.329386059189938,0.42036373118482184,,,,,,8.913027941548158,,3.35906054012677,6.44296571042943,3.8021475309004313,10.29560568023486,-13.433134397384364,181.87648218069594,168.4433477833116
DEHHALKAJ00018JBbt_4,467.2900390625,"(1979, 1983)",0.22217559148047322,0.12180839651669532,3.7037628620341687,262.1201203567159,10.59554758828019,0.8094442884261672,,,,,,18.06964630162098,,6.062066929981484,12.289577537605373,7.470430273701643,20.60255141198491,-23.750515142360793,338.0193846883167,314.2688695459559
DEHHALKAJ00018JBbt_6,805.4248046875,"(1979, 1983)",0.3829436055035531,0.20994991498339002,6.38383494274248,408.04149650230084,17.496297122432242,1.3142066316090253,,,,,,30.78168810101058,,9.437624609424642,19.77686148534127,12.33146272576453,34.541510063875336,-36.09831791884688,533.7211472417584,497.62282932291157
DEHHALKAJ00018IEbt_1,2018.47900390625,"(1979, 1983)",0.7677574595572434,0.4209251990249284,12.79884773484552,879.6055746008121,30.911487552869602,2.5689397246812833,,,,,,76.6373324880264,,20.708094429264676,37.17881148625341,25.384495947928954,75.45538924911556,-84.64827859846581,1148.4501254789523,1063.8018468804864
DEHHALKAJ00018Agbt_1,2096.561279296875,"(1979, 1983)",0.7974571736857237,0.4372081513100464,13.293954769192109,945.0930248103743,33.36163253570722,2.7297252710227022,,,,,,79.60234271359029,,21.579919962884233,39.64884479125273,26.901820048705158,79.62747535170146,-90.34718634289035,1228.5447854852382,1138.1975991423478
DEHHALKAJ00018Eb,783.423828125,"(1958, 1968)",2.6073818504657185,1.4295044752468982,43.466179162824965,183.52896352621343,3.5170040263187494,0.5342421529699022,,,,,,29.74349170064862,,8.910724707735284,9.71757998619039,3.870239798722057,2.5066162698568983,-37.77905277212342,242.32886216865532,204.54980939653188
DEHHALKAJ00018DZbt_0,155.06689453125,"(1979, 1983)",0.2949095947402608,0.1616850195529098,4.916270042888685,180.62265528493498,7.131784486386607,0.4697461665150009,,,,,,6.388582234374797,,2.960529524203182,7.805608772292957,3.783354129288441,8.278645050876158,-17.21969653837961,217.44090564887216,200.22120911049257
DEHHALKAJ00018BC,781.921875,"(1958, 1968)",2.602383067970491,1.4267638786033965,43.38284730428084,197.6321433766484,3.5103455417205507,0.5332310546744535,,,,,,29.686567210386364,,8.893854109294514,9.701320259979486,3.864077437436629,2.526718938124839,-37.79829929235097,256.34825792826524,218.54995863591427
DEHHALKAJ00018Aebt_0,1.0,"(1979, 1983)",,,,3.9983610751236798,0.014563479100875817,0.000712972996293246,,,,,,0.048231189999138016,,0.0008215281859101527,0.014675251741789876,0.008598228758692785,0.018786678725228167,-0.46103817864304203,4.104750404631608,3.6437122259885664
DEHHALKAJ00018Aebt_1,112.166748046875,"(1979, 1983)",0.21332116252041505,0.11695393079204588,3.556155715235302,115.62936064301219,4.231489989640279,0.2821249729571415,,,,,,4.589840872536993,,1.8158723584151517,4.673337969135915,2.2874717768251696,5.019161264749707,-11.137530764314008,138.52865984727254,127.39112908295853
DEHHALKAJ000186hbt_0,337.203125,"(1979, 1983)",0.3206501208382001,0.17579733580058235,5.34537570645636,219.51748803157997,6.893913861294571,0.5221692489447235,,,,,,13.197339384836464,,3.92280305759458,8.088154691072353,4.729962577882614,12.425754179354648,-22.573361034875656,269.29758503255994,246.72422399768428
DEHHALKAJ000186hbt_2,134.65625,"(1979, 1983)",0.12804609338694262,0.07020163291457386,2.134583561384593,120.2187084890979,2.7470229390429606,0.20822835217430236,,,,,,5.388565433613388,,1.5661684946110546,3.2492447921591774,1.9077426370383412,4.99421685950421,-12.899930708475967,140.27989799724133,127.37996728876537
DEHHALKAJ00018KPbt_0,365.4599609375,"(1979, 1983)",0.1737599268039602,0.09526437140017223,2.896652865951054,181.77360344079307,7.163947601429835,0.5699495778956508,,,,,,14.098877154967472,,4.496328545922498,8.549778172312394,5.3288273457774515,14.964263118174848,-16.911245729633038,236.9455749572732,220.03432922764017
DEHHALKAJ00018KPbt_1,1415.4833984375,"(1979, 1983)",0.67299928307819,0.3689737607195466,11.219188094564814,635.9619939153424,27.091142698463646,2.0966131605045235,,,,,,53.7454979356548,,15.623096158587476,31.16401981750348,19.960184784578402,56.92597222264146,-57.29366597574177,842.5685206932761,785.2748547175344
DEHHALKAJ000189D,1904.2724609375,"(1969, 1978)",0.7243173617782649,0.39710904253479984,12.074682583287661,726.3210100248123,18.03726951170899,2.3035133829855483,,,,,,72.29725080721369,,39.80405511474609,45.018030949085606,19.969818958362236,45.321587582838234,-71.55619249062163,969.0725363317528,897.5163438411312
DEHHALKAJ00018BIbt_0,569.5986328125,"(1979, 1983)",0.2708187690143763,0.14847715620086804,4.514665595502257,274.15465129736674,11.061138080353652,0.8729440507285692,,,,,,21.838329332212737,,6.773560497101953,13.05605800004508,8.208978314238076,23.16971342527041,-25.274578041653626,359.1353729973172,333.86079495566355
DEHHALKAJ00018BIbt_1,2463.298828125,"(1979, 1983)",1.1711888300247484,0.6421075891053376,19.52422254924505,1091.2935362072528,46.901933631131385,3.620821505780964,,,,,,93.52507757345695,,26.820331650508372,53.74908095800437,34.55199909167254,98.74737746196774,-97.96382908836031,1449.2101580797753,1351.2463289914149
DEHHALKAJ00018BIbt_2,540.2412109375,"(1979, 1983)",0.25686062305751906,0.14082456319539288,4.2819772867939445,261.695201864394,10.45709076478907,0.8212442570227314,,,,,,20.733705075802177,,6.310132481455914,12.26744698019146,7.748247832587942,21.922115755742432,-23.880829881115794,341.9551850119857,318.0743551308699
DEHHALKAJ00018G0bt_0,862.81982421875,"(1979, 1983)",0.32818590384930363,0.1799288501535483,5.471000456983135,410.8099082224501,13.14435263225846,1.0947378908834138,,,,,,32.91340068766787,,8.847993106269657,15.862758815542243,10.845349581280352,32.22779159489943,-40.40480247056806,525.7462925312516,485.34149006068355
DEHHALKAJ00018G0bt_1,270.10009765625,"(1979, 1983)",0.10273644878218281,0.05632554866440916,1.7126608780072357,160.61736901033962,4.122246110030634,0.3430673379738321,,,,,,10.503629435202505,,2.770228976754886,4.995511737369839,3.419136861407212,10.133302760483089,-16.455323026958848,196.90449222956158,180.44916920260275
DEHHALKAJ00018Cj,3124.43359375,"(1984, 1994)",1.1884231611280227,0.6515563598849674,19.811526276296984,1304.721599377166,45.063639664529205,3.519994044063852,,,,,,118.6216505600077,,27.145248201804655,51.68341684769631,37.24121427822328,113.08262197821135,-128.85740108652095,1701.0793849517022,1572.2219838651813
DEHHALKAJ00018FFbt_0,2110.159912109375,"(1979, 1983)",0.8026296088516937,0.4400439535215092,13.380181492597426,975.7921319528575,34.067593180272276,2.7713982927340393,,,,,,80.11919502611526,,21.747507606248792,40.3178428574175,27.293315213276742,80.64739485807092,-93.34380557883934,1262.7563789869932,1169.412573408154
DEHHALKAJ00018II,782.5390625,"(1979, 1983)",0.2976499638919264,0.16318743469223235,4.961953177676672,315.85479913822525,13.505856763762209,1.0785208775509765,,,,,,29.70974655335531,,8.293900304203252,15.759252163163163,10.486671816148299,30.73220207702437,-28.293565359267852,425.42094969343293,397.1273843341651
DEHHALKAJ00018ALbt_1,2274.87548828125,"(1979, 1983)",0.8652815423454244,0.47439305328845055,14.424616225334974,971.9170832752237,34.02337923074892,2.8553771664391148,,,,,,86.37138032006783,,23.29257852925386,41.232092017915434,28.261937810558287,84.22740005002558,-93.94676201290403,1272.1812284002328,1178.234466387329
DEHHALKAJ00018GKbt_0,2961.810546875,"(1979, 1983)",1.4082089389819925,0.7720545343206573,23.47544991522817,1344.4450639936317,58.99935413893443,4.47070438009411,,,,,,112.4517751284254,,32.162439693575934,66.56338487626456,42.58642057788259,121.25396957123934,-118.78282271671807,1782.933112360048,1664.1502896433299
DEHHALKAJ0001861bt_0,4.0,"(1979, 1983)",,,,6.468590361574926,0.06892311710666807,0.004893830408322548,,,,,,0.16773121379570885,,0.029904688943039465,0.07499742121490076,0.0521334108118695,0.15197069090792836,-0.7069674023921791,7.019144734763365,6.312177332371186
DEHHALKAJ0001861bt_1,1552.9619140625,"(1979, 1983)",0.7383641913183088,0.4048102565656241,12.308849285548076,828.1180132256591,28.906609871497096,2.233715500200811,,,,,,58.98787354139245,,16.50204077440344,33.16830405290288,21.526234056028308,61.70867151377798,-78.98972893540953,1051.151462535862,972.1617336004525
DEHHALKAJ0001861bt_2,4.0,"(1979, 1983)",,,,7.172932434623819,0.06892311710666807,0.004893830408322548,,,,,,0.16959397641301407,,0.029904688943039465,0.07552002701945972,0.052595330207097724,0.15279209795072102,-0.7908912055614339,7.727155502672142,6.936264297110708
DEHHALKAJ00018DMbt_0,1620.308837890625,"(1979, 1983)",0.616307722136125,0.33789245206468305,10.274115341033193,717.6465766273762,24.618698827359168,2.052632358919621,,,,,,61.521668057690306,,16.612158141545848,29.696536252006418,20.30460174742993,60.39512564372668,-69.53303430469064,932.8479976560542,863.3149633513635
DEHHALKAJ00018DMbt_1,4452.340087890625,"(1979, 1983)",1.6935114550849926,0.9284724458343054,28.23156581682607,1910.4840461318504,69.32107177015595,5.722195680722056,,,,,,169.03715835458908,,45.741829192182536,82.9005464626543,56.439846226508806,167.50654122374567,-181.97245582799542,2507.1532350424086,2325.180779214413
DEHHALKAJ00018Go,856.5146484375,"(1949, 1957)",2.4434072980893005,1.3396049630573703,40.73265270582966,150.4061127662423,2.636352087890625,0.402996459086719,,,,,,32.51848694801832,,6.937768652343749,7.5555239791254705,2.842415966457173,0.07423392827258285,-32.89684118154598,203.37389078743695,170.47704960589095
DEHHALKAJ0004nAHbt_0,74.17138671875,"(1979, 1983)",0.14106075745356192,0.07733695930481634,2.3515436203658324,150.57815788563826,3.750287721388815,0.22726919245615157,,,,,,3.2348129439318978,,1.1229665168221628,3.8095117229747015,1.9258460829343096,4.306990188942096,-15.386035753241096,168.9558422550884,153.56980650184732
DEHHALKAJ0004nAHbt_1,119.199951171875,"(1979, 1983)",0.22669706128713532,0.12428730512847488,3.7791377123502334,211.59700520538914,6.041321186606491,0.3659406311218659,,,,,,5.111535288239842,,1.8055115518005276,6.111147652939784,3.0809295891290303,6.900112771865199,-21.089971561833863,241.0135038770919,219.92353231525803
DEHHALKAJ0004nAHbt_2,530.823486328125,"(1979, 1983)",1.009531658610032,0.5534785875834408,16.82932783161383,586.7612252093272,28.25560974426832,1.6732057460133432,,,,,,21.63543209785656,,7.612936736733179,27.643676743202874,13.93692245002431,31.533444847684876,-49.90293723460671,719.0524535751107,669.149516340504
DEHHALKAJ0004nAD,409.1875,"(1919, 1948)",,,,331.7663317619651,28.85683006090899,1.6485967550146152,,,,,,15.537776521396745,,1.8699732035136323,26.972007735268676,13.946836533476155,31.88987206506869,-26.949410748943283,452.48822463661253,425.5388138876692
DEHHALKA10004m2m,939.4140625,"(2010, 2015)",0.357319621706032,0.19590149338159518,5.956672089549558,500.70657195960916,16.955330994864063,1.6239193980523678,,,,,,35.665619699804324,,8.750378986469341,18.552515223667154,12.448926730334113,40.65820194794378,-58.29593857332312,635.3614649407443,577.0655263674212
DEHHALKA10004m2qbt_0,721.5634765625,"(1979, 1983)",0.3430712807780139,0.1880898001622812,5.71914610560531,466.1937935799977,14.886229633440024,1.1091054348178246,,,,,,27.92689510857864,,7.749543069628565,16.641524299750504,10.652392304656425,30.178296526098453,-44.866644258261026,575.3377799569682,530.4711356987073
DEHHALKA10004m2qbt_1,1156.0927734375,"(1979, 1983)",0.5496705991424372,0.3013584608811362,9.163245781815588,708.3653900760404,24.11318556564445,1.789860180493626,,,,,,44.282559167200105,,12.431159907713816,26.845470569467388,17.149692396744904,48.56130912138897,-67.01254321968956,883.5386269846936,816.526083765004
DEHHALKA10004m2qbt_3,4.0,"(1979, 1983)",,,,11.73314398113474,0.07696140102598263,0.00528735446471817,,,,,,0.181303005097471,,0.03035812982487299,0.08536611648950651,0.058884455299256705,0.16590582613796923,-1.3257637061395005,12.337210269474516,11.011446563335015
DEHHALKA10004m2qbt_4,536.603515625,"(1979, 1983)",0.2551310610294007,0.13987632592091365,4.253144742387768,360.55944195323724,11.099165295427277,0.8262137630207442,,,,,,20.88433020136803,,5.764707684311938,12.40917267268385,7.942734456453298,22.48668541981021,-34.9876988036949,441.97245144631256,406.98475264261765
DEHHALKA10004m2qbt_5,214.171875,"(1979, 1983)",0.1018291832243457,0.055828137755863545,1.6975363701496067,197.20728644352485,4.42171482377757,0.32715328293061535,,,,,,8.519818080702123,,2.2512345840840826,4.94729453600949,3.1914857963052246,9.020276689148218,-20.301801226048376,229.88626423648213,209.58446301043375
DEHHALKA10004m2qbt_6,1783.365234375,"(1979, 1983)",0.8479107035277161,0.46486944176823114,14.135036855852059,819.474554581442,37.728791922699074,2.767386708388044,,,,,,67.71178193200858,,18.76782164885332,41.29365697765869,26.402742706829827,75.02797911250784,-70.05704816859449,1089.1747155903872,1019.1176674217927
DEHHALKA4jt0009d,252.872314453125,"(1979, 1983)",0.16030602362899193,0.08788823092626336,2.6723705017327024,108.1798098883635,4.128884467568433,0.3421759685821192,,,,,,9.600635867487847,,2.8425035370485414,5.093948109107412,3.2179086264665946,9.072175952827664,-10.681025212013862,142.47804241745212,131.79701720543827
DEHHALKAJ00010Ekbt_0,1471.39453125,"(1979, 1983)",0.4663883569149202,0.255698735992138,7.774894911345097,639.1064356088519,21.160411939786645,1.801415288909798,,,,,,55.86791002879096,,14.840633087893988,25.786937733150083,18.069623143087433,54.61177731400537,-62.12418320744323,831.2451441444763,769.120960937033
DEHHALKAJ00010Ekbt_1,999.82470703125,"(1979, 1983)",0.31691473116941843,0.17374939784804933,5.283105150819397,504.0379733126881,15.949279214200164,1.30096742457679,,,,,,38.12564343116632,,10.172930534390726,18.836911685606935,12.968695826693144,38.713691407420356,-48.86783118712313,640.1060928367426,591.2382616496195
DEHHALKAJ00010Ekbt_2,844.66259765625,"(1979, 1983)",0.2677329517690409,0.1467853481669918,4.463223692113412,430.7388287783582,13.47545283210024,1.099136359260198,,,,,,32.29031793435977,,8.594275532795127,15.918346757805962,10.959867159729251,32.71277159035752,-41.86914630824659,545.7889969447663,503.9198506365197
DEHHALKAJ000108Abt_1,178.4765625,"(1979, 1983)",0.16971530537390953,0.09304689625977258,2.829227283582678,136.64341881829606,5.278244313628896,0.38276633715966335,,,,,,7.083425378335274,,2.7612084179794274,6.069977587416605,3.3089999558175136,8.288088959394432,-12.9310322351773,169.81612976802788,156.88509753285058
DEHHALKAJ00010fMbt_0,259.5771484375,"(1979, 1983)",0.246834735037879,0.135327841727519,4.114841412602653,185.45746603310857,7.133458995750781,0.5096791891058402,,,,,,10.23744866438511,,3.530325267419943,8.025726722619687,4.486275798288869,11.429618606580615,-17.59431285636978,230.8099992772594,213.21568642088963
DEHHALKAJ00010Uobt_1,500.1552734375,"(1979, 1983)",0.23780154597558578,0.13037537027114485,3.96425425785845,240.5562434019317,10.394732790733611,0.7854575891042324,,,,,,19.221227452441433,,5.664232986416236,11.760710646729086,7.420918751637158,20.948033640919917,-21.307805646109184,316.7515572599133,295.4437516138041
DEHHALKAJ00010Uobt_2,1223.4169921875,"(1979, 1983)",0.5816802652413574,0.31890785086841106,9.696860711040225,589.9240019004642,25.36508435087497,1.9115589105663344,,,,,,46.45770045103643,,13.701709415343144,28.600018138188453,18.09501501759371,51.153075158828884,-51.951890843023456,775.2081633428961,723.2562724998727
DEHHALKAJ00010Uobt_3,564.212890625,"(1979, 1983)",0.26825808858885347,0.14707325591395448,4.471977949220361,282.29395905139893,11.831996905285182,0.9038753675850897,,,,,,21.66773776408134,,6.677072370712342,13.580393325672667,8.480594366938721,23.797364304872723,-25.35335644433406,369.2329934565469,343.87963701221287
DEHHALKAJ00010fabt_0,1952.767333984375,"(1979, 1983)",0.7427630827691526,0.40722196124707816,12.382180701844481,854.8508074476358,29.432409117650124,2.4621635477138364,,,,,,74.14271947869881,,20.00727342478267,35.5912547865735,24.366656096247297,72.54498165533789,-82.8540478095062,1113.3982655546397,1030.5442177451334
DEHHALKAJ00010eubt_0,2041.06201171875,"(1979, 1983)",0.7763472307036029,0.42563456535455685,12.942042921829213,910.4020720180129,38.82248939583416,3.0187259930102925,,,,,,77.49448871576475,,22.495561548826167,44.572853785283435,29.019377585270398,83.86158325687668,-80.16604453504317,1209.6871522988788,1129.5211077638355
DEHHALKAJ00010eubt_1,5.0,"(1979, 1983)",,,,9.062938771116233,0.0678835103001306,0.00534947338300973,,,,,,0.21165793742490335,,0.03851828618373584,0.08101520985917335,0.05994456944107099,0.1798496253353352,-1.0201815616564105,9.707157383043592,8.68697582138718
DEHHALKAJ00010eubt_2,5.0,"(1979, 1983)",,,,7.4821844937071,0.0678835103001306,0.00534947338300973,,,,,,0.20763775950157248,,0.03851828618373584,0.07984232612474101,0.058907884160203844,0.17800614225222494,-0.8318314461195349,8.11832987561272,7.286498429493184
DEHHALKAJ00010eubt_3,707.8662109375,"(1979, 1983)",0.26924707305056944,0.1476154694427171,4.48846474642443,270.15052108819816,11.826667127610694,0.9434917892577965,,,,,,26.884657286795278,,7.190859283164887,13.703497316079707,9.255289897607542,27.35046584944222,-24.021407152902317,367.30544963815635,343.284042485254
DEHHALKAJ00010eubt_5,5.0,"(1979, 1983)",,,,9.493710479608941,0.0678835103001306,0.00534947338300973,,,,,,0.21272083924900545,,0.03851828618373584,0.08133483267301943,0.0602270767832876,0.18035199333056237,-1.071508894578515,10.140096491511693,9.068587596933178
DEHHALKAJ00010hr,1848.1787109375,"(1969, 1978)",0.7029812988746155,0.38541148569268696,11.719001219380921,718.6492722773207,17.63587645265039,2.2538946411020193,,,,,,70.16760729490433,,38.97346856689453,44.08822528242099,19.511149918013814,44.39355881391401,-70.0413373220286,955.6730532472209,885.6317159251923
DEHHALKAJ00010nPbt_0,901.3125,"(1979, 1983)",0.42853393194084466,0.23494494041797861,7.143845332728527,459.6345416575963,20.224426054779368,1.4928973472253777,,,,,,34.38986860094472,,10.389239521130039,22.489283485549578,14.022883514077046,39.245262006970755,-39.98054708707316,601.8884021882732,561.9078551012
DEHHALKAJ00010nPbt_2,4.0,"(1979, 1983)",,,,8.93456257751995,0.06667870214566729,0.004783952318850515,,,,,,0.1740372512199647,,0.029778081136033398,0.07502268064302618,0.052829654722073995,0.15266986886537326,-1.0031624931626257,9.490362768570941,8.487200275408316
DEHHALKAJ00010mg,2173.253173828125,"(1979, 1983)",0.8266280364987605,0.4532011593654647,13.780245624188732,921.1727567440773,39.809391249768,3.110545997393969,,,,,,82.50931759186655,,23.22230511336595,45.69307518131568,30.107171553702543,87.64014028104476,-81.10085217626228,1233.2647037125348,1152.1638515362724
DEHHALKAJ00010l9bt_0,851.737060546875,"(1979, 1983)",0.3239704156202335,0.17761769680724038,5.400726451435841,446.0099625075261,14.2583627798118,1.1434795297639597,,,,,,32.596421021101264,,8.806707847076009,16.72040426801441,11.258996978668423,33.10515035245324,-43.35439901499729,563.8994852844152,520.5450862694179
DEHHALKAJ00010l9bt_1,1008.153076171875,"(1979, 1983)",0.38346549213968867,0.21023604080795774,6.392535017886787,516.5329094580633,16.76431900849584,1.3479645870696806,,,,,,38.4543072703305,,10.417656772338416,19.69210564727173,13.273009632270886,39.062318212408584,-50.07850602449034,655.5445905882491,605.4660845637587
DEHHALKAJ00010eVbt_0,537.421875,"(1979, 1983)",0.20441612355738648,0.11207171799010297,3.4077048778752888,212.13821797198892,9.281301625243374,0.7343670012526412,,,,,,20.482122159224303,,5.5489400383287375,10.708871597155174,7.170511397855184,21.0793741543102,-18.789111479498796,287.14370594535853,268.35459446585975
DEHHALKAJ00010eVbt_1,1943.592529296875,"(1979, 1983)",0.7392733141239614,0.4053086857155383,12.324004754527214,921.8800797485999,32.33910734323747,2.599666261840705,,,,,,73.79626677912188,,20.08503998201334,37.92481423843262,25.548255913881007,75.24003963408285,-87.71540189179474,1189.41326990121,1101.6978680094153
DEHHALKAJ00010odbt_1,2761.6552734375,"(1979, 1983)",1.0504352201850882,0.5759040809244473,17.511207831469427,1163.5413462112817,41.60494029913533,3.4811192756124876,,,,,,104.85156611930665,,28.29373550410535,50.28500320925201,34.42232985937836,102.52350138627054,-111.78375748906738,1529.0035418643422,1417.219784375275
DEHHALKAJ00010lBbt_2,2082.9892578125,"(1979, 1983)",0.9903685756504347,0.542972373142553,16.50987097987378,1033.0961317800732,42.43936023833889,3.204821476308525,,,,,,79.08901162289345,,22.991952633125514,47.88827932848365,30.46244162606211,86.35325113223337,-93.11660603525719,1345.5252498375185,1252.4086438022612
DEHHALKAJ00010lBbt_7,275.041015625,"(1979, 1983)",0.13076974730826937,0.07169488388157931,2.1799880460789907,138.61798791629062,5.705384462785556,0.4402295337800548,,,,,,10.641910308773033,,3.310829692439991,6.617165048829722,4.121507318427781,11.552038780311227,-12.571652847303428,181.00705306163795,168.43540021433452
DEHHALKAJ00010ndbt_0,1208.116455078125,"(1979, 1983)",0.45952443330104814,0.25193557045425163,7.660470346524559,545.6637399060425,18.43513016590558,1.5343386165244988,,,,,,45.8808671371707,,12.390638953157033,22.21353214181102,15.17873197158462,45.12029422826642,-53.02146264361838,706.4172731204623,653.3958104768438
DEHHALKAJ00010ndbt_1,913.33984375,"(1979, 1983)",0.34740191837164064,0.19046408447344035,5.791339700686223,426.38865112191957,13.858129322893626,1.1561028088688186,,,,,,34.79668215426068,,9.362912024730896,16.740365203983202,11.451891298230844,34.05074876937205,-41.81973484333322,547.8054827042597,505.9857478609265
DEHHALKAJ00010pV,756.556640625,"(1969, 1978)",0.3597089710205814,0.19721146090225827,5.9965035723721565,331.9786664348354,8.69116145328157,1.1430966858086922,,,,,,28.723619644528913,,19.8961106186699,22.538554169435336,9.421499561700045,22.10170491950288,-35.63633001931312,444.49441348776276,408.85808346844965
DEHHALKAJ00010kEbt_1,293.02392578125,"(1979, 1983)",0.27863963956514815,0.15276497060390923,4.645042878180815,193.5605828852069,7.330821367274972,0.5300665612545031,,,,,,11.498668851727057,,3.7228644545123397,8.294467425880326,4.7116508637433725,12.143831497526476,-18.642116859933978,241.79295390712596,223.150837047192
DEHHALKAJ00010oibt_0,4517.23681640625,"(1979, 1983)",1.4318298810105734,0.7850047826064513,23.869221198872577,1804.901408893093,64.50759898473285,5.508105358007548,,,,,,171.5005496826269,,45.53560026725589,78.68390977303171,55.184365416048585,167.0350090473177,-172.47637863077364,2392.856547422114,2220.3801687913406
DEHHALKAJ00010oibt_2,6.0,"(1979, 1983)",,,,8.749749728509682,0.08006451633971284,0.0064523476880981815,,,,,,0.24880948293076738,,0.047877660310083114,0.09550461019742765,0.07127391514807763,0.217159225340329,-0.9729995920538105,9.516891486464177,8.543891894410367
DEHHALKAJ00010oibt_3,772.9306640625,"(1979, 1983)",0.2449960597006042,0.13431978277263634,4.084189902307765,356.4092341482456,11.02673504642257,0.9419384040707557,,,,,,29.494072157116868,,7.790839690736474,13.48985166754234,9.469132457979864,28.625705377315033,-35.192504924633646,457.2475089494295,422.0550040247959
DEHHALKAJ00010jrbt_0,780.2587890625,"(1979, 1983)",0.296782629162121,0.16271191597311094,4.947494333931508,403.2533983466052,12.78189187955929,1.0338151741372321,,,,,,29.87701749365016,,8.051854534761947,15.088234532653818,10.195786143969526,30.049284393961038,-39.37682478494626,510.33128249929825,470.954457714352
DEHHALKAJ00010ii,1091.13671875,"(1958, 1968)",3.6315082267213463,1.990984658064891,60.53880722754466,271.3576134677577,5.170069120808346,0.7864538311438921,,,,,,41.426060893978985,,13.097079787869877,14.287413426686365,5.649565956688933,3.9001967939674125,-53.85753888365116,355.6744532789015,301.81691439525036
DEHHALKAJ00010hvbt_1,106.443359375,"(1979, 1983)",0.20243629738613908,0.11098627269120914,3.3747003223456415,77.420686445799,2.1353721701122885,0.1672095128639096,,,,,,4.230910274127087,,1.4284243427689798,2.753924730647795,1.3405871643718577,2.870598558480577,-8.984728381118149,92.3477131991715,83.36298481805335
DEHHALKAJ00010gRbt_0,2119.1376953125,"(1979, 1983)",1.0075555469344153,0.5523951787672842,16.796385198327204,1034.3878073702967,45.451775429223936,3.388172239900105,,,,,,80.46044432366566,,23.88274937754531,50.821027635476874,31.989754282903796,90.10536849889768,-90.51060649542765,1360.4870991579098,1269.976492662482
DEHHALKAJ00010gRbt_1,325.4501953125,"(1979, 1983)",0.15473706605442783,0.08483503418261126,2.5795335788850045,167.63474780828162,7.074235980676111,0.5349036286513028,,,,,,12.589273295859998,,3.8950525197862884,8.06052785837125,5.003375880093301,13.97952950254484,-14.946541178130495,218.7716464742647,203.8251052961342
DEHHALKAJ00010dc,119.04443359375,"(1949, 1957)",,,,25.591863858409976,,,,,,,,4.520235524591378,,,0.003651157542202128,0.0020581123131270997,0.042567392640093446,-0.15596607017010242,30.160376045496776,30.004409975326674
DEHHALKAJ00010oJbt_0,1021.7568359375,"(1979, 1983)",0.4857998467698311,0.26634114021607186,8.09849281308711,501.30539698276266,20.38396002400412,1.5505983530245926,,,,,,38.895708574948436,,11.24879391724813,23.13393522703707,14.760063722308963,41.930642480337404,-45.481728828522385,653.2090992816713,607.727370453149
DEHHALKAJ00010fObt_1,1421.1953125,"(1979, 1983)",0.6757150436963011,0.3704626841607356,11.264460994492792,683.2169992274091,28.44831918379498,2.1695098749154482,,,,,,53.96392343401997,,15.831067237395452,32.38270182595451,20.59616500808726,58.42928502320368,-61.281203374856375,895.0379708147805,833.756767439924
DEHHALKAJ00010fObt_3,1195.3046875,"(1979, 1983)",0.5683141170256683,0.31157982229916714,9.474041259813223,641.7365206798866,21.59737933385697,1.687364163446515,,,,,,45.56358017771437,,12.664742502409718,25.008581502916208,16.30396541375189,46.86965459672514,-62.0030996450033,811.4317883707074,749.4286887257041
DEHHALKAJ00010dP,1000.4638671875,"(1949, 1957)",3.044326329138734,1.6690605217024383,50.75023193431147,251.14386406848155,3.28472296875,0.5021073367124488,,,,,,37.98379600471841,,8.6440078125,9.422785501543617,3.5465917604186936,0.1985232067093075,-41.375822396821434,314.726398659834,273.35057626301256
DEHHALKAJ00010o1,4276.961669921875,"(1919, 1948)",21.690716755657583,11.891996819716708,361.59359646654787,1339.0331027845891,63.47727864660314,5.087855232797704,,,,,,162.37831012826425,,40.156433782925006,88.15475867458836,39.81825165725946,71.96337072665649,-296.2657521744688,1810.0693616336832,1513.8036094592144
DEHHALKAJ00010fubt_0,1692.6552734375,"(1979, 1983)",0.8047821590697759,0.44122409526767986,13.416065432427501,821.4544009055736,35.2664797110976,2.637113123149323,,,,,,64.26983239578952,,18.608654700962372,39.43511418346609,25.03749514527817,70.88520764394767,-72.64021537826552,1077.5942978092644,1004.9540824309988
DEHHALKAJ00010okbt_0,182.5927734375,"(1979, 1983)",0.1736294551449263,0.0951928399440303,2.894477847164977,111.59292965597331,4.222428215039973,0.30647818546016775,,,,,,7.157351826748467,,2.1465874866748464,4.76370070084513,2.756220504313804,7.193676728958074,-10.837557620110763,140.13937330401376,129.301815683903
DEHHALKAJ00010FF,247.3564453125,"(1958, 1968)",0.7056418063702177,0.3868701164531611,11.76335302594398,73.79456050576565,1.188660863321707,0.17951778951072828,,,,,,9.391087495914345,,2.912272591873285,3.1823477361968684,1.3345562496041912,1.5587541633345032,-11.22348709976992,93.54175739552127,82.31827029575135
DEHHALKAJ00010jM,2604.0625,"(1860, 1918)",13.161688501131914,6.811663653479043,210.17756947090015,1018.8189567540885,42.851160403065045,3.2822607825136103,,,,,,98.86534823983216,,23.350330823539192,56.68612490291868,27.227475937972077,56.88262647839985,-175.44543479923556,1327.964284322329,1152.5188495230934
DEHHALKAJ00010cybt_1,1439.4677734375,"(1979, 1983)",0.6844027846649245,0.375225762722556,11.409289380636137,691.3645282901343,29.947453121296725,2.2601382297557064,,,,,,54.65748684819742,,16.260027636171195,33.83788428691652,21.36071003672818,60.31034177611551,-61.15733322131495,909.9985702253156,848.8412370040006
DEHHALKAJ00010hdbt_1,721.689453125,"(1979, 1983)",0.34313117702006146,0.18812263844641752,5.720144601774006,352.64371251080587,15.050620603737993,1.1423359970882458,,,,,,27.59433181662025,,8.319519766922198,17.127853083227855,10.762614721808859,30.309156573701756,-31.41528156624338,462.95014507391306,431.5348635076697
DEHHALKAJ00010hdbt_2,1088.9462890625,"(1979, 1983)",0.5177454378191191,0.2838554008761312,8.631039583619655,609.6203697729209,20.72603226903143,1.5886454230215712,,,,,,41.61292948819723,,11.597084461431393,23.646332758381195,15.300643731637503,43.74700098066869,-58.354243543070076,767.8390388852897,709.4847953422196
DEHHALKAJ00010hbbt_0,1676.9248046875,"(1979, 1983)",0.797303022117043,0.43712363727645526,13.29138499610678,901.310090590291,31.938235294848464,2.447472541915726,,,,,,63.681433766865325,,17.86014392570273,36.40340603286927,23.54635312975845,67.34507466839136,-85.37507015900871,1144.5322099506425,1059.1571397916337
DEHHALKAJ00010hbbt_1,1140.7744140625,"(1979, 1983)",0.5423874018342321,0.29736542735429555,9.041831743814171,569.7144663643192,24.723757712570812,1.8486178126017256,,,,,,43.349882333188006,,13.141811317609955,27.785306523598173,17.39067060786786,48.817956165080645,-50.10975843982513,746.7724688368362,696.6627103970111
DEHHALKAJ00010eqbt_1,2533.51318359375,"(1979, 1983)",0.9636581018808874,0.5283282803401456,16.06459587059751,1148.8221999650812,40.54625387840329,3.3099755814090654,,,,,,96.19156815510397,,26.09053374734544,48.103419892619286,32.607995024682516,96.45541761911319,-109.7376048360921,1492.1273638637583,1382.3897590276663
DEHHALKAJ00010ff,5173.162841796875,"(1979, 1983)",1.967686735213803,1.0787898187485185,32.80218589917725,2190.668253901277,78.43709055032349,6.5454595101518755,,,,,,196.40331107356843,,53.028467244082535,94.6064627597334,64.69367062034893,192.54819685590928,-210.18808165435962,2876.9309125153945,2666.742830861035
DEHHALKAJ00010Gjbt_0,398.98486328125,"(1979, 1983)",0.3793990480478067,0.20800660133147741,6.324745642340669,293.1807710869593,9.517214561643346,0.6844309132302221,,,,,,15.695809397058266,,4.718261529819521,10.688430530062348,6.176664774284857,16.06052255181374,-29.25811344389268,356.72210534487164,327.46399190097895
DEHHALKAJ00010cBbt_1,1994.390869140625,"(1979, 1983)",0.7585951917717778,0.4159019597934388,12.646108782156373,888.9269478495156,36.719953287162404,2.903205914249236,,,,,,75.72268885134812,,22.201778610010045,42.80536918988902,27.91930324618957,80.82072629350628,-80.10274573079475,1178.0199732418705,1097.9172275110757
DEHHALKAJ00010cBbt_3,488.447265625,"(1979, 1983)",0.18578792796863278,0.10185875706336277,3.0971648291301115,268.19723125507,7.729636559842923,0.6338633903147575,,,,,,18.846014085514067,,5.025176545700704,9.238418685054924,6.2813869219456855,18.56572744257428,-26.814803238317943,334.5174548860173,307.7026516476993
DEHHALKAJ00010fBbt_1,222.689453125,"(1979, 1983)",0.21175782417177763,0.11609682612005351,3.53009419120427,145.2255574760218,5.639413654053964,0.40815575760391665,,,,,,8.75961121729403,,2.877260171986752,6.391527041412109,3.6166652838499695,9.30089749183238,-13.891876836908398,182.21908809405494,168.32721125714653
DEHHALKAJ00010cdbt_1,229.90234375,"(1979, 1983)",0.21861664035415723,0.11985719149417629,3.6444336129406545,135.9504998605837,5.256449889951504,0.38986036161211635,,,,,,9.001793960263491,,2.8533468149472228,6.065627257378188,3.47385801105348,9.020468262599,-13.049072861387195,172.0119044183887,158.9628315570015
DEHHALKAJ00010kabt_0,894.490966796875,"(1979, 1983)",0.34023247749213054,0.18653341823042452,5.6718220313772925,469.5847094022584,15.104910385622308,1.2072828668035969,,,,,,34.210989556585325,,9.256150827141283,17.665769837342367,11.878619897993625,34.895167647166204,-45.533907384013,593.8036004209131,548.2696930369001
DEHHALKAJ00010kabt_4,1313.609619140625,"(1979, 1983)",0.4996502723533935,0.2739346752221701,8.329385376747844,656.0596450239947,22.24865265484341,1.7762054069924855,,,,,,49.91921069550766,,13.59690848013402,25.971534484562316,17.449595542187758,51.27061523843565,-62.801388407670515,838.2923675266582,775.4909791189876
DEHHALKAJ00010X6bt_1,4.0,"(1979, 1983)",,,,5.3543804326560425,0.060323729447103305,0.004472836829558916,,,,,,0.16428866568002692,,0.029419596109454424,0.06725707762549109,0.04787398607265234,0.14233154342290683,-0.5832854254316168,5.870347867843236,5.287062442411619
DEHHALKAJ00010X6bt_2,795.9404296875,"(1979, 1983)",0.3784342078076913,0.2074776249405062,6.308661339716231,389.2180094832984,16.94279532468571,1.269924696154473,,,,,,30.393447847363802,,9.044131049989335,19.048679234821748,11.979766065990546,33.73390514630262,-34.25183448003947,511.63065884860663,477.37882436856717
DEHHALKAJ00010X6bt_3,393.59765625,"(1979, 1983)",0.18713814713044974,0.10259901853831194,3.1196735644678726,202.74127980596646,8.484401118666048,0.6449159529181838,,,,,,15.198047625898077,,4.739816877907093,9.717117240216876,6.0287734166097025,16.843778850339234,-18.166817793059835,264.3981308885217,246.23131309546184
DEHHALKAJ00010X6bt_4,4.0,"(1979, 1983)",,,,7.558962349070296,0.06347914991895974,0.004627314312089121,,,,,,0.1704648708762804,,0.02959759388306829,0.07142968167629452,0.05061459587407296,0.14796268766515175,-0.8426346888794444,8.097138243276213,7.254503554396768
DEHHALKAJ00010oH,304.0361328125,"(1919, 1948)",0.9637042235349708,0.5283535666674651,16.06536473844835,139.00458397576293,9.571517995847715,0.611751201098454,,,,,,11.543815557062526,,2.221617614719047,10.065396500033643,5.032641757908334,8.47948352706909,-19.636198985047955,186.5308081295017,166.89460914445374
DEHHALKAJ00010iWbt_1,891.79443359375,"(1979, 1983)",0.3392068123860598,0.18597109443463267,5.6547237520234015,440.80792428086846,14.268310398617107,1.1649158468731,,,,,,34.03689597779657,,9.183623140313479,16.95622318490628,11.500258026102738,33.99088342760707,-42.97163221925828,561.9090342830849,518.9374020638267
DEHHALKAJ00010iWbt_2,5.0,"(1979, 1983)",,,,13.075598895266989,0.07446544630935759,0.0056717001397760276,,,,,,0.22130608996466278,,0.03888957424697835,0.08928417274982119,0.06527699746581186,0.19091241935419806,-1.4913496615245274,13.761405295497596,12.270055633973069
DEHHALKAJ00010iWbt_3,2456.209716796875,"(1979, 1983)",0.9342546187789681,0.5122077375533142,15.574427135131765,1130.2584674660786,39.36174187200708,3.211557954554519,,,,,,93.25695180240315,,25.297419973236238,46.69023467233253,31.645466825195264,93.58262562289752,-108.29843174943252,1463.3044661887047,1355.0060344392723
DEHHALKAJ00010Vabt_1,459.4697265625,"(1979, 1983)",0.2184573813539842,0.11976987729682156,3.641778696771173,277.48862026916686,10.183440473644353,0.7917954365962387,,,,,,17.81702163664684,,6.112033298030861,12.038608688812444,7.296306607623488,20.08288394935321,-26.02865639431469,351.81071035987424,325.78205396555956
DEHHALKAJ00010Vabt_2,2372.40234375,"(1979, 1983)",1.1279716019836215,0.6184136215794372,18.803772732268392,1152.9862603795757,50.815988385093206,3.7843717318007553,,,,,,90.0755283865375,,26.612733350570323,56.74226230984492,35.75671654885642,100.78066511086932,-100.74672714591436,1517.5545262031483,1416.807799057234
DEHHALKAJ00010Vabt_3,391.826171875,"(1979, 1983)",0.18629588524615265,0.10213724607766621,3.1056326958630933,215.35052397016574,8.619008287724002,0.6569461738018028,,,,,,15.170355824338712,,4.872437702993839,9.935139537261517,6.11143729916598,16.977398603272885,-19.578478358512015,277.69324739872445,258.1147690402124
DEHHALKAJ00010Vabt_4,2371.3291015625,"(1979, 1983)",1.1274613231463324,0.618133859763423,18.795266164133523,1149.9997516192893,50.65744091695079,3.7755012978725855,,,,,,90.03474609756438,,26.581419444421385,56.59668330575592,35.68087730854197,100.5986293539608,-100.54534453144069,1513.9250493443571,1413.3797048129165
DEHHALKAJ00010Vabt_5,339.1162109375,"(1979, 1983)",0.16123464753670647,0.08839735161054751,2.6878510624876966,198.92395519135542,7.617824756831981,0.5972283676596473,,,,,,13.178307911495246,,4.691669710695657,9.099521146545401,5.459455087379213,14.945908489772652,-18.48113573031767,254.51387066173524,236.03273493141756
DEHHALKAJ00010Jgbt_0,707.08740234375,"(1979, 1983)",0.26895084202400854,0.14745305994443048,4.483526447543587,352.61167175218606,11.023765855785044,0.9094765759673238,,,,,,27.077766750474666,,7.265205554880735,13.213980193680852,9.00165948980867,26.673785308738896,-34.74659813878109,447.77731148152225,413.03071334274114
DEHHALKAJ00010Jgbt_1,1378.45947265625,"(1979, 1983)",0.524316844902061,0.287458193398468,8.740587771802367,625.2791203528494,21.413370006458152,1.7692284809933376,,,,,,52.34159927786989,,14.159078915063311,25.6522304690057,17.476154036830405,51.85279347069721,-60.416432992453736,809.9435750097675,749.5271420173137
DEHHALKAJ00010Jgbt_3,471.495361328125,"(1979, 1983)",0.17934002786541686,0.09832367759203572,2.989675555527812,107.96915337811308,3.122287846070768,0.3970153171792659,,,,,,17.900986627130376,,4.552005514595045,5.275089786155189,4.172649581844713,13.527541198957282,-12.458305928955035,156.9167292500457,144.45842332109066
DEHHALKAJ00010ly,98.435546875,"(2002, 2009)",0.15632822539881094,0.004738604794104685,0.7567439308630332,53.35706355283001,2.7608571071003736,0.1679113430931507,,,,,,3.7373404599033675,,0.15253712735795139,2.242878793379649,1.1598672142998687,2.7335397560268606,-5.817156542504183,66.31199535399122,60.49483881148704
DEHHALKAJ00010m8bt_0,1278.497314453125,"(1979, 1983)",0.48629480331264296,0.2666125015407953,8.106743951969522,629.318530787644,21.104239605040696,1.7018161280902984,,,,,,48.581600862421965,,13.202458595066252,24.828542495236704,16.751565392430315,49.35631823184154,-60.60628686144542,804.8450720977717,744.2387852363263
DEHHALKAJ00010m8bt_1,625.82275390625,"(1979, 1983)",0.2380406666318223,0.130506468847348,3.9682405022528613,338.9845645799517,10.337994022168978,0.8334037564093049,,,,,,24.07136972857917,,6.463008996347597,12.18251813331541,8.223232387618978,24.203198357324112,-33.34462978738683,425.2992899617152,391.95466017432835
DEHHALKAJ00010m8bt_2,971.50390625,"(1979, 1983)",0.3695254543490319,0.20259337565582614,6.160148580113197,492.95917371579077,16.029941771249074,1.2928453605326875,,,,,,37.0721950372707,,10.031897643816679,18.87223028452756,12.736081789977865,37.5155256320005,-47.81842863630478,626.5098912351658,578.691462598861
DEHHALKAJ00010hZ,106.029052734375,"(1949, 1957)",,,,20.756488280426815,,,,,,,,4.025857716349489,,,0.0029613008710112376,0.001669248646506317,0.03452462827056167,-0.12649754334192884,24.821501174564382,24.695003631222452
DEHHALKAJ00010ehbt_0,759.65478515625,"(1979, 1983)",0.24078800046279578,0.13201270239180268,4.014039741246511,350.0607549065407,10.80181910553613,0.9240206972748628,,,,,,28.992211112215806,,7.655020295217511,13.229424068295298,9.291766048115207,28.099316999079676,-34.598514784103465,449.0543332322752,414.4558184481717
DEHHALKAJ00010ehbt_1,1291.32861328125,"(1979, 1983)",0.40931280998701525,0.22440690593432297,6.823420945941287,560.374070601426,18.401239906318107,1.5726587678454589,,,,,,49.032950103264724,,13.014902479815788,22.494445103545313,15.78836472914102,47.76341775138289,-54.63866822715555,728.4420494427393,673.8033812155837
DEHHALKAJ00010ehbt_2,547.47509765625,"(1979, 1983)",0.17353334257047784,0.09514014595320688,2.892875609126835,297.249415063006,8.610833120333032,0.706373487486293,,,,,,21.0883846326525,,5.563490598421804,10.231806347796109,7.0649409119306785,21.10445158696418,-29.4202821542915,371.61969574859063,342.19941359429913
DEHHALKAJ00010ehbt_4,639.02783203125,"(1979, 1983)",0.20255283968655724,0.1110501673370868,3.376643132720393,337.653577895019,10.079335889286163,0.8258954278765441,,,,,,24.54691272837022,,6.495467406996941,11.958882354251735,8.251999595678317,24.650515333879582,-33.201433041792235,424.46258663135853,391.2611535895663
DEHHALKAJ00010iqbt_1,604.5029296875,"(1979, 1983)",0.2874142068691428,0.1575756519497102,4.791318696754752,309.65467792093443,13.13894936396628,0.9911907973146421,,,,,,23.222667788384364,,7.1832979642428265,14.92959280700962,9.28120443402692,25.953811587747424,-27.53572145153552,404.3553926636265,376.819671212091
DEHHALKAJ00010iqbt_4,345.7353515625,"(1979, 1983)",0.16438175395995105,0.09012276160958652,2.7403146828863707,183.37966626705344,7.577472376487172,0.5771880984064345,,,,,,13.384953411393111,,4.272642306690251,8.719662448296887,5.371610705533417,14.941214345957462,-16.502356945816285,238.22440995981813,221.72205301400186
DEHHALKAJ00010iqbt_8,612.8671875,"(1979, 1983)",0.29139103875393035,0.15975596128015712,4.857614198188013,375.05357607526287,11.828980685921742,0.9021408963387532,,,,,,23.716633256079337,,6.536189935264819,13.464066234139997,8.699658082277905,24.81766319900822,-36.47630760140547,465.0189083642936,428.5426007628881
DEHHALKAJ000110R,2387.9169921875,"(1958, 1968)",7.947436881961863,4.357204752145339,132.4871979663798,576.8711748456303,11.101819874852927,1.6879511099669844,,,,,,90.65920684705843,,28.12507790481793,30.677586969881652,12.16063934025928,8.210252362211046,-116.87862268149894,759.4937092546785,642.6150865731795
DEHHALKAJ000110Zbt_0,2490.48486328125,"(1979, 1983)",0.7894097189014694,0.43279611146003993,13.159800229689333,1086.6307895903983,49.45644516249153,3.744749661235485,,,,,,94.55659720417614,,26.51010055400026,55.103042062079965,36.31446352362309,105.78252987605495,-91.61139426209152,1458.0987176340598,1366.4873233719682
DEHHALKAJ000110Zbt_1,352.04150390625,"(1979, 1983)",0.11158669893465624,0.061177723345979325,1.8601983622827047,191.32375259932087,7.0890545266188445,0.5431702412461392,,,,,,13.605418072808678,,3.9539543217081516,8.05327687104051,5.240104738924783,15.128409203731675,-17.431122074518257,244.93714057539964,227.5060185008814
DEHHALKAJ000110Zbt_4,6.0,"(1979, 1983)",,,,13.41679956172407,0.09679675596470178,0.00727149501803856,,,,,,0.2603774491602768,,0.04882152862411149,0.11241962600370195,0.08120061911861859,0.2388290122591371,-1.511423835481201,14.262516047872655,12.751092212391454
DEHHALKAJ000110Zbt_5,6.0,"(1979, 1983)",,,,13.414055562386162,0.09679675596470178,0.00727149501803856,,,,,,0.2603677377053617,,0.04882152862411149,0.1124175900185797,0.08119881955763371,0.23882581219418597,-1.5110968823299658,14.259755301468775,12.74865841913881
DEHHALKAJ000110Zbt_6,6.0,"(1979, 1983)",,,,13.414055559498014,0.09679675596470178,0.00727149501803856,,,,,,0.2603677295465692,,0.04882152862411149,0.11241759001643678,0.08119881955573961,0.23882581219081783,-1.5110968819858366,14.259755290414429,12.748658408428593
DEHHALKAJ000110Zbt_7,6.0,"(1979, 1983)",,,,13.414055555790393,0.09679675596470178,0.00727149501803856,,,,,,0.2603677231842378,,0.04882152862411149,0.11241759001368581,0.08119881955330809,0.23882581218649396,-1.5110968815440664,14.259755280334971,12.748658398790905
DEHHALKAJ00010rBbt_1,414.8388671875,"(1979, 1983)",0.15778991715103938,0.08650876843219543,2.630425922367047,223.74053350549738,7.828791459595465,0.6383967338609399,,,,,,16.017420310608212,,5.189591024708185,9.524633938756024,6.027878823547246,17.142842541699135,-21.339645296671264,286.1100883382726,264.7704430416013
DEHHALKAJ00010rBbt_2,3011.002197265625,"(1979, 1983)",1.1452779014397436,0.627901849212099,19.092276202778837,1285.9275755651756,55.09838291586118,4.333776844062209,,,,,,114.31847524598565,,32.77128974915608,63.74079525726572,41.82317720110385,121.49191512982819,-114.27860924291427,1719.5053879084385,1605.2267786655243
DEHHALKAJ00010rBbt_3,1498.038330078125,"(1979, 1983)",0.5698003795899654,0.3123946699543639,9.49881789730159,637.0419895186646,27.30564117467957,2.149425624708534,,,,,,56.878230780123246,,16.265333304312,31.598516387998764,20.75535222970352,60.331913488733974,-56.62834764252647,852.3264025089242,795.6980548663977
DEHHALKAJ00010sRbt_1,1318.09375,"(1979, 1983)",0.6266948448558659,0.3435872214787435,10.447273153358175,643.3508292448175,27.508140037100453,2.0617264631212313,,,,,,50.05016072984456,,14.625611674082315,30.85151881708759,19.545710964685508,55.271751091333144,-57.01471276829198,843.2654490220724,786.2507362537805
DEHHALKAJ00010sRbt_3,708.7021484375,"(1979, 1983)",0.3369562923457136,0.18473724045627,5.617206613033674,352.3778684290625,14.985151995532009,1.1358098841963034,,,,,,27.123092120559743,,8.269971412479968,17.05854588715719,10.675640777478243,29.986012556529104,-31.39733889004772,461.6120930629951,430.2147541729474
DEHHALKAJ00010sRbt_4,4.0,"(1979, 1983)",,,,9.022299849053564,0.059746864365834845,0.004444595691394055,,,,,,0.17416177659737342,,0.029387055057934604,0.06951480986705012,0.05004275628430142,0.1460496402405792,-1.0209345494434816,9.55564734715803,8.53471279771455
DEHHALKAJ00010xObt_1,1.0,"(1979, 1983)",,,,5.76466566913699,0.02251665177869177,0.0011023303273858564,,,,,,0.0528259845516057,,0.001270167928994853,0.022379899132325066,0.013020137724697506,0.028559597946106362,-0.6631007857260978,5.906340438526798,5.243239652800701
DEHHALKAJ00010xObt_2,81.954345703125,"(1979, 1983)",0.15586255823057785,0.08545208845196366,2.598296018520057,83.05351343935244,3.2067129072888827,0.2156020119031794,,,,,,3.3419177050293465,,1.418764654575107,3.574588541689291,1.7368100057835616,3.79470215038866,-8.165032374283873,100.34261141601048,92.17757904172662
DEHHALKAJ00010wzbt_0,1988.42041015625,"(1979, 1983)",0.7563242420054619,0.41465690516002185,12.608251070830034,919.4299932126551,32.122220781252295,2.612492526970212,,,,,,75.49750426577896,,20.493980245188872,38.00789915564438,25.726894090084095,76.01405375079597,-87.9294893109204,1189.9050380283695,1101.975548717449
DEHHALKAJ00010wzbt_1,5.0,"(1979, 1983)",,,,11.227685276928405,0.07524090428745618,0.005709663636981253,,,,,,0.2184447328808496,,0.038933317955578764,0.08853650559597771,0.06438330911513052,0.1895094187499246,-1.2703483069853572,11.908443129150303,10.638094822164947
DEHHALKAJ00010wzbt_2,486.0595703125,"(1979, 1983)",0.18487973378688796,0.10136083703413286,3.0820248407117274,270.1560280051633,7.87418210929177,0.6396910714146335,,,,,,18.766718745427138,,5.010897084153085,9.342272148286803,6.327644070436981,18.65561079705344,-26.88084354884177,336.77304403122713,309.89220048238536
DEHHALKAJ00010wzbt_3,1299.879150390625,"(1979, 1983)",0.4944276914964069,0.27107138049375595,8.242322703061758,630.5088799481671,21.022848805251357,1.709013875128321,,,,,,49.379462588536654,,13.398757749993193,24.88765700935567,16.84737038198311,49.74964859499719,-60.966191312771066,807.5036389534124,746.5374476406413
DEHHALKAJ00010wzbt_4,5.0,"(1979, 1983)",,,,12.20788449821384,0.0753323200653621,0.005714139008603007,,,,,,0.21927210246864498,,0.03893847473423491,0.08933728641481539,0.06506365219028276,0.19074118740490092,-1.3870445472153985,12.892283660500684,11.505239113285286
DEHHALKAJ00010wzbt_6,1608.26904296875,"(1979, 1983)",0.6117282133352308,0.3353817234101357,10.19777295566994,753.0454019861309,25.789376879736537,2.103647733708556,,,,,,61.0659452321016,,16.565077857935563,30.594353108541732,20.73588476126932,61.30659721141283,-72.44057541688116,971.2062847708371,898.7657093539559
DEHHALKAJ00010wzbt_7,403.917236328125,"(1979, 1983)",0.1536357180998784,0.08423121705105026,2.561173633829582,233.51852595107275,6.555696666362476,0.5321839659554333,,,,,,15.64701216349121,,4.164762862549097,7.7799796444286295,5.269224619435976,15.525250025547905,-23.399674369606917,288.99263589884345,265.5929615292365
DEHHALKAJ00011DGbt_2,105.087890625,"(1979, 1983)",0.1998584374183235,0.10957295367163632,3.3317262856897782,118.69229278311998,4.2738285231263795,0.29757488997309833,,,,,,4.313573425667387,,2.122113307836467,4.952617071909325,2.36267520550203,5.090254351545496,-11.88368475967763,142.10492955868014,130.2212447990025
DEHHALKAJ00011GYbt_1,1205.1611328125,"(1979, 1983)",0.5730004175759495,0.3141490998324071,9.552163909663298,550.3686671527071,23.977364668444878,1.8228017298670036,,,,,,45.760860137587066,,13.19917631945268,27.152534519769034,17.342219712547635,49.334140287853785,-48.80983534486855,728.9577645282292,680.1479291833606
DEHHALKAJ00011GYbt_3,993.84375,"(1979, 1983)",0.4725284181927287,0.25906504195662483,7.877252379057115,625.1048168392125,20.3030100507045,1.5178078718946155,,,,,,38.227613330885255,,10.662504425373678,22.747348079808717,14.578619216434259,41.3517233577631,-59.9823266912303,774.4934431720767,714.5111164808463
DEHHALKAJ00011HI,1142.5439453125,"(1919, 1948)",5.7944398410092965,3.1768180340720753,96.59580940648743,381.8076622305061,18.996093679449046,1.475643974027145,,,,,,43.377810970225426,,10.859475519609152,25.398994903590754,11.622604473801845,20.718784451980437,-81.10684352355602,514.2570702031899,433.1502266796339
DEHHALKAJ0001117bt_1,2294.560546875,"(1979, 1983)",1.0909612961416584,0.5981226167072922,18.18679498337811,1111.9009690003459,48.28179622917445,3.6314121998551316,,,,,,87.12021573851555,,25.994674726981437,54.418969801036745,34.28895350605953,96.6844350732827,-98.10489417801874,1462.3214262752513,1364.2165320972326
DEHHALKAJ00011Bybt_1,1177.96875,"(1979, 1983)",0.5600716512207939,0.3070608671054609,9.336635802551896,594.8771013929556,25.698911964272018,1.9225894947287219,,,,,,44.758375532358755,,13.700621908794012,28.926518116207642,18.056523060030294,50.60311600702047,-52.40419274354444,778.5437574763675,726.1395647328231
DEHHALKAJ00011Bybt_2,1255.4970703125,"(1979, 1983)",0.5969329129255687,0.3272701581077784,9.951128921441,607.7123269485625,26.421755888454765,1.9861573451717587,,,,,,47.67424538009835,,14.201255467211352,29.761126887140314,18.75809263245729,52.90092420632154,-53.58454203740216,799.4158847554178,745.8313427180157
DEHHALKAJ00011Bybt_9,4.0,"(1979, 1983)",,,,10.217800818315135,0.05917315155277004,0.004416508876388563,,,,,,0.1766075125130872,,0.029354691826368448,0.06994059815283533,0.05059136634799057,0.1468874481143171,-1.1639866147161415,10.754772095698891,9.590785480982749
DEHHALKAJ00011CJbt_0,1104.828125,"(1979, 1983)",0.5252965431246999,0.2879953157203878,8.756919763398887,530.7984014340022,23.17226766907656,1.740181382014475,,,,,,41.973918456766576,,12.408570318958313,26.057656788204998,16.454595382563003,46.45627696195038,-46.72468516242234,699.0618683935365,652.3371832311142
DEHHALKAJ00011CJbt_1,261.1923828125,"(1979, 1983)",0.12418533949061943,0.06808496366966249,2.0702231300457066,137.2968612958068,5.604205505057192,0.4309795634790437,,,,,,10.127392626021248,,3.239399076117278,6.504109782780638,4.011709334768297,11.172788550650711,-12.454448005284384,178.3874457346812,165.93299772939682
DEHHALKAJ00011CJbt_2,285.40625,"(1979, 1983)",0.13569795438651044,0.07439678735307534,2.262143382005743,150.62738499324198,6.1332110749632776,0.4720178115387992,,,,,,11.060534734216253,,3.5540703968084104,7.125949317644729,4.390774349230215,12.220948172562487,-13.677026548275494,195.58489085020614,181.90786430193063
DEHHALKAJ00011CJbt_3,636.2822265625,"(1979, 1983)",0.30252384647156616,0.16585955460369775,5.043202900799257,314.48734260172466,13.460047630599938,1.0173628170730051,,,,,,24.387415263933015,,7.365429164653032,15.272174983481744,9.573580341206908,26.914820034901147,-27.93132300521246,412.4781728375735,384.54684983236103
DEHHALKAJ00010skbt_1,252.74462890625,"(1979, 1983)",0.2403376178675542,0.13176577885992488,4.0065316692803385,136.50486488755234,5.391715674590188,0.40607947776068976,,,,,,9.836216866249469,,3.0354850155789697,6.286605595255609,3.6361893830528995,9.513473035277173,-13.379590451973748,174.61062993531735,161.2310394833436
DEHHALKAJ00010s4bt_0,995.003662109375,"(1979, 1983)",0.3784639237727382,0.20749391680240328,6.30915671766039,461.18880665344756,14.827475990494314,1.2462671415416962,,,,,,37.87373580877699,,10.184855437167554,18.017830727086455,12.36296474824782,36.82983143877139,-45.44761080189636,592.5317679455338,547.0841571436374
DEHHALKAJ00010s4bt_2,831.597900390625,"(1979, 1983)",0.31631019700549623,0.17341796028258033,5.273027305767896,388.3859028517601,12.423871627807182,1.0431373281240999,,,,,,31.721538834232955,,8.51400889298143,15.086298383804188,10.347474854222927,30.815336535283492,-38.30058975103775,498.33756930821636,460.0369795571786
DEHHALKAJ00011Ax,1093.4267578125,"(1958, 1968)",3.6391299074439134,1.9951632660811531,60.66586392994127,271.3516642696238,5.173713653543671,0.7869804095313551,,,,,,41.51297168519179,,13.10635932580637,14.297412664030006,5.654537207987158,3.89736503940841,-53.93714046017344,355.7810042551225,301.8438637949491
DEHHALKAJ000115e,149.48486328125,"(1919, 1948)",,,,64.17494550751212,5.607429494365869,0.32035362334921746,,,,,,5.6759461018173365,,0.3633712667997002,5.2662242288398495,2.7100450208202544,6.534635604924873,-5.210685219096757,90.65295084842923,85.44226562933247
DEHHALKAJ00010zfbt_1,256.90185546875,"(1979, 1983)",0.24429076984269502,0.13393310561292254,4.0724324164143475,172.24970390201645,6.969154402751741,0.5001061127825642,,,,,,10.104292173645527,,3.491588953756029,7.8638077436134,4.3959540438668006,11.211104392653109,-16.16407829015313,216.7857117250856,200.62163343493248
DEHHALKAJ00010qrbt_0,159.330810546875,"(1979, 1983)",0.303018803014378,0.16613091592842122,5.051454039681669,179.25746837311098,7.318326843883204,0.4737951594282624,,,,,,6.565806257028105,,2.854283961380731,7.861489275256434,3.8403507215901276,8.455782552954247,-16.86488446927518,216.6273031446321,199.7624186753569
DEHHALKAJ00011Abbt_1,1938.90380859375,"(1979, 1983)",0.7374898919091956,0.40433091944137056,12.29427433759725,933.0164883305104,32.74393615377446,2.6170330326666686,,,,,,73.61866527735364,,20.06382413839192,38.2314279549706,25.69351725929222,75.54237692400618,-88.5859698346774,1201.5272690709662,1112.9412992362888
DEHHALKAJ00011Abbt_2,562.493896484375,"(1979, 1983)",0.21395262677766097,0.11730013285735913,3.5666824965486983,320.7405116621951,9.574144352676262,0.7628886517012914,,,,,,21.707917444731308,,5.8249215842095445,11.188594216525328,7.517463737143688,22.046492638514383,-31.585819513629758,399.362934287697,367.77711477406723
DEHHALKAJ000114Zbt_0,198.94482421875,"(1979, 1983)",0.18917879816765243,0.10371781124202638,3.1536920967269717,137.64422893650294,5.236589848262985,0.3804923624656922,,,,,,7.848467370278067,,2.7184335248400697,5.980724144042939,3.3447377053451133,8.533504878575467,-12.92733245317493,171.68717877031327,158.75984631713834
DEHHALKAJ00010r3bt_0,140.15673828125,"(1979, 1983)",0.1332765675471448,0.07306925516880439,2.2217778198370963,87.5387796170949,2.325084087407083,0.1905841592178014,,,,,,5.496517083555072,,1.6000124226479,2.924640464038132,1.7418328683406208,4.636361136414528,-9.51177218281082,106.45381183871604,96.94203965590522
DEHHALKAJ00010vLbt_1,1336.854248046875,"(1979, 1983)",0.5084917005787436,0.27878201325723956,8.47677579569614,551.9646529402909,23.586877212174564,1.8748907379634028,,,,,,50.75863815510073,,14.358913109943568,27.47081140305459,18.167540084023777,53.04361182972502,-49.339180051944254,741.2259354722765,691.8867554203323
DEHHALKAJ00010wv,2941.11328125,"(1969, 1978)",,,,1231.0673940717995,28.920891874658203,3.72915208565918,,,,,,111.66175367172579,,65.78351312255859,74.68591972170628,31.138381458199383,73.09010544235544,-107.52459315808825,1620.0771114486627,1512.5525182905744
DEHHALKAJ000117Ibt_1,329.611328125,"(1979, 1983)",0.15671549928981365,0.08591971580047866,2.612514913573519,174.33682893477518,6.864720171818486,0.5322064381869904,,,,,,12.75987595293589,,4.042629699410497,8.013968232473342,4.969859859203327,13.891503865675254,-15.798408060355658,225.41159315447894,209.61318509412328
DEHHALKAJ000117Ibt_3,1416.3837890625,"(1979, 1983)",0.6734273786996464,0.36920846535500157,11.226324633072865,650.1251138200665,28.710378912264,2.161668671744838,,,,,,53.7799882714186,,15.395803094108274,32.225748663239166,20.57106699579972,58.47260696330655,-57.13124401367758,861.4423753919476,804.31113137827
DEHHALKAJ00011CDbt_0,1044.607421875,"(1979, 1983)",0.4966642821781374,0.2722975976618544,8.279607633640161,539.7310093009852,22.278072859818316,1.6791487345856515,,,,,,39.794561223474076,,12.104134500225689,25.23662711120768,15.807000935651631,44.38947416455238,-48.45766727084582,701.0200288305005,652.5623615596546
DEHHALKAJ00011CDbt_2,1332.087890625,"(1979, 1983)",0.6333484351546407,0.3472350711816395,10.558191371167707,720.12211799503,24.676668016948298,1.9102121285400817,,,,,,50.6880233738146,,14.148303730404052,28.36274652192053,18.42235028288288,52.82836490159033,-69.04638527691465,911.1587869511309,842.1124016742162
DEHHALKAJ00011Dtbt_0,504.1650390625,"(1979, 1983)",0.191766408686499,0.10513647602878416,3.196828679270762,284.8390114069754,8.372506320340902,0.6735559945604019,,,,,,19.472630846872043,,5.209115348615769,9.858520079854646,6.65050197067082,19.554735405158873,-28.216165549518298,354.6305773730488,326.41441182353054
DEHHALKAJ00011Dtbt_1,1554.345703125,"(1979, 1983)",0.5912176970855396,0.32413677485635156,9.855853810274391,758.113119712165,25.85563564192136,2.07869053065729,,,,,,59.02086021604639,,16.06218538463888,30.339504905129857,20.442525345787516,60.18925358411247,-72.6411896470412,972.1017753204587,899.4605856734175
DEHHALKAJ00011Hqbt_0,145.064453125,"(1979, 1983)",0.13794336699536422,0.07562784116767443,2.299575377911318,95.63848469620754,2.551228780753577,0.20434305946790737,,,,,,5.704103757546933,,1.6642025331265877,3.147142826854987,1.8655153944823164,4.944938735896518,-10.29190915620178,115.71995978433635,105.42805062813457
DEHHALKAJ00011Hqbt_2,2.0,"(1979, 1983)",,,,8.19024375743389,0.029398694967933705,0.0019457874015719392,,,,,,0.09817459630946454,,0.010330626713239323,0.034641210374398414,0.023971215453336872,0.06392418718134488,-0.9478426842173246,8.45263007583518,7.504787391617855
DEHHALKAJ00011a1,2523.326171875,"(1969, 1978)",1.1997291572044473,0.657754904216127,20.000002103489035,1190.3739051720725,27.76489341871973,3.6236171976656983,,,,,,95.80013499040345,,63.25821005004882,71.77536582787371,30.264935956290763,71.95855876168747,-114.25909060306924,1554.8196213747622,1440.5605307716928
DEHHALKAJ00011Y3bt_1,836.881103515625,"(1979, 1983)",0.3183197391417905,0.17451969744337126,5.306527239241703,417.9626367221535,13.285781677539111,1.0880962172581161,,,,,,31.9862082692205,,8.612267065205767,15.831747647231214,10.752283111952718,31.80206377179823,-40.947446993442846,531.3210844823591,490.37363748891624
DEHHALKAJ00011WCbt_0,2063.052734375,"(1979, 1983)",0.9808896471124384,0.5377755237577224,16.35185315596718,990.5541116197418,43.24426733188872,3.247908970266171,,,,,,78.33096835612753,,23.16255909689975,48.63154228732541,30.713550522403818,86.72151195895862,-87.2006333447145,1304.6064201436118,1217.4057867988972
DEHHALKAJ00011WCbt_1,413.025390625,"(1979, 1983)",0.19637516914048628,0.10766324198488644,3.2736587022977965,219.63853828963107,8.87892683964603,0.6854236738787307,,,,,,15.958445753499783,,5.192107741248651,10.354218462415478,6.36665907318364,17.699426101318927,-20.00867357980375,284.77374593482233,264.76507235501856
DEHHALKAJ00017sUbt_0,373.480224609375,"(1979, 1983)",0.1420585638424012,0.07788400948007966,2.368177482897073,219.15181413198584,6.041209738430386,0.4910785916471514,,,,,,14.48832645727445,,3.849773353742316,7.179649733225888,4.8658767355623525,14.339251529559847,-22.042886626421964,270.4069802714282,248.36409364500625
DEHHALKAJ00017sUbt_1,1653.33251953125,"(1979, 1983)",0.6288687534238256,0.3447790730006527,10.483513146085617,783.7079642620791,26.667301736119416,2.170195048236132,,,,,,62.77705198668877,,17.037990118964345,31.58356189247189,21.386903086914742,63.1861721173547,-75.44576033774672,1008.5171402488292,933.0713799110824
DEHHALKAJ00017sUbt_3,5.0,"(1979, 1983)",,,,11.987655981487896,0.07507698634086621,0.0057016388326939695,,,,,,0.2193974497184183,,0.03892407131798843,0.08896860193666155,0.06481444795857912,0.1902367313113466,-1.361073424841169,12.670775908904448,11.309702484063278
DEHHALKAJ00017sUbt_4,2488.223876953125,"(1979, 1983)",0.9464316640808289,0.5188838370863323,15.777423728312,1154.2734594848914,40.11479417665715,3.265167411311607,,,,,,94.47252079366578,,25.640684898250896,47.49864391868756,32.162508677692095,95.04597079560627,-110.56272438248403,1492.4737501567627,1381.9110257742786
DEHHALKAJ00017sUbt_6,1356.22802734375,"(1979, 1983)",0.5158607955984124,0.28282214044737647,8.599621785567393,655.1553082703614,21.897408328001934,1.7812985065048046,,,,,,51.50693606449884,,13.977510770340636,25.934968084189265,17.560844115499552,51.867473346524726,-63.327842028304275,839.681747485921,776.3539054576167
DEHHALKAJ00017yRbt_1,1847.21923828125,"(1979, 1983)",0.7026163496788836,0.3852114012637633,11.712917359004209,821.0261291393203,34.017950945170014,2.68339927539331,,,,,,70.13539895966856,,20.431419140535198,39.54747866407995,25.833114473699638,74.83752726419658,-73.84964024084879,1088.5124178620636,1014.6627776212148
DEHHALKAJ00017yRbt_3,706.64306640625,"(1979, 1983)",0.26878183247280446,0.14736039997989075,4.480708985486178,359.72075945995186,11.215534026291346,0.9186324420769783,,,,,,27.078565860682804,,7.271848524132112,13.370860363428822,9.082343917430155,26.858268904131894,-35.388463632532,455.51681349812594,420.1283498655939
DEHHALKAJ00017vfbt_0,248.3125,"(1979, 1983)",0.23612305826239177,0.12945513463430122,3.936273144293799,159.1205714931227,6.4566384508116625,0.465518703802556,,,,,,9.752269950712606,,3.2658990574041282,7.2978117662133215,4.1100488431313025,10.539750383088085,-14.998750856891494,201.00850864828638,186.0097577913949
DEHHALKAJ000180Rbt_1,214.2158203125,"(1979, 1983)",0.20370015452453857,0.11167918594251988,3.395769365533188,128.58332798051467,4.731375253453802,0.36622043557281664,,,,,,8.378183184131823,,2.896718362103848,5.714023492844822,3.2221945214158016,8.29190654522369,-12.84623828186896,162.18394977526128,149.33771149339233
DEHHALKAJ0001806bt_0,556.5517578125,"(1979, 1983)",0.2646155613108432,0.1450762300298499,4.411255449658898,267.217087023284,11.67778891608202,0.8765139514964311,,,,,,21.34634177486282,,6.243625852066155,13.124415334327608,8.28926785591415,23.40530968670535,-23.508607834017447,352.1803503947385,328.6717425607211
DEHHALKAJ0001806bt_1,366.37890625,"(1979, 1983)",0.17419684435253988,0.09550391268212792,2.903936469786278,244.3192703467394,6.830118624929908,0.5274929701148497,,,,,,14.30649227852315,,3.8937917066830003,7.869829132115609,5.114892226338915,14.625637208125593,-24.456684600646437,297.48752449357033,273.0308398929239
DEHHALKAJ00018Lp,2077.3017578125,"(1969, 1978)",0.98766442283117,0.5414898137099176,16.464791586955236,820.2001784302208,23.189656884374223,3.0366476364051063,,,,,,78.866448225646,,52.90551580070605,59.95633137689902,25.214103939164016,59.28690521876786,-94.56911225986839,1122.6557875121832,1028.0866752523148
DEHHALKAJ000180bbt_1,1550.853515625,"(1979, 1983)",0.737361741809931,0.4042606607869394,12.292138020213061,741.4397157821091,31.97447862611699,2.3961421908769065,,,,,,58.88609651418609,,16.952225772947283,35.790383501295956,22.777791273494106,64.5921996494265,-65.5417540368455,974.8090333104531,909.2672792736075
DEHHALKAJ000180bbt_2,955.904296875,"(1979, 1983)",0.45448989878537377,0.24917537266440506,7.57654248639136,465.2785962189207,19.9169381831856,1.5100960811859494,,,,,,36.39784697526875,,10.972132591454107,22.634266697592423,14.237187662910298,40.11748380451874,-41.39329194603734,611.0645482150366,569.6712562689992
DEHHALKAJ00018E7,136.772216796875,"(1949, 1957)",,,,23.497254193163343,,,,,,,,5.19318472064949,,,0.0033523223374063073,0.0018896626071154578,0.0390833919224596,-0.14320076163938064,28.734764290679816,28.591563529040435
DEHHALKAJ00018EGbt_0,1460.2978515625,"(1979, 1983)",0.6943065586407001,0.38065553482044656,11.574389561088147,734.4239676209215,31.00219429308796,2.328827901094197,,,,,,55.44951670824836,,16.654306960324615,34.948582995004976,21.972276409821063,61.846659424170326,-65.38049366558833,958.6263323126728,893.2458386470845
DEHHALKAJ00018EGbt_1,663.84765625,"(1979, 1983)",0.31562997999309533,0.1730450293813422,5.261687795014863,323.1727143478987,14.06711659232065,1.0554033268152654,,,,,,25.41053042949091,,7.525334140583766,15.823814546484845,9.96149402011459,28.06926480978589,-28.455577510824007,425.0856722134946,396.6300947026706
DEHHALKAJ00018EGbt_2,472.4892578125,"(1979, 1983)",0.22464758832280932,0.12316367577825975,3.744972114763962,250.2570911192216,10.222268735288196,0.7845710018735602,,,,,,18.22865817996406,,5.882750240888786,11.849110351607713,7.296697637677765,20.29858418389778,-22.67401109639574,324.81973145041945,302.1457203540237
DEHHALKAJ00018Hd,246.56689453125,"(1969, 1978)",0.23446314302735202,0.1285450814111433,3.9086016419442475,113.08127708717092,2.8849055053808463,0.39232559210950474,,,,,,9.361410272125278,,6.802786820700718,7.711722478602457,3.1093965359306734,7.577650857401272,-13.205846090789702,150.92147514942167,137.71562905863198
DEHHALKAJ00018G8bt_0,769.710693359375,"(1979, 1983)",0.2927705095688403,0.16051226005666125,4.880610571189557,373.5749978787396,11.762791644958657,0.9784073980108265,,,,,,29.420451640847073,,7.895263585131991,14.185883357412672,9.694787415852774,28.79404973011132,-36.851261459987654,476.30663265106494,439.4553711910773
DEHHALKAJ00018G8bt_1,1081.70166015625,"(1979, 1983)",0.4114407516715431,0.22557355598236012,6.858894650911354,499.10999691479935,16.443375887756265,1.370717070880313,,,,,,41.12744462718295,,11.090569039923142,19.846535893242326,13.571630311937211,40.35044987528593,-48.79590753044743,642.9107196210074,594.11481209056
DEHHALKAJ00018G8bt_2,958.86962890625,"(1979, 1983)",0.36471982562660915,0.19995867611465562,6.0800366782061035,447.6675039087522,14.580389131290268,1.215273221289328,,,,,,36.511863547407586,,9.831424340828255,17.600158908872366,12.035680131683078,35.77868437091471,-43.87404994611042,575.2209775610378,531.3469276149274
DEHHALKAJ00018B7,104.38818359375,"(1969, 1978)",0.19852771935856858,0.10884338373105712,3.309542642127872,78.08653624944841,1.590485983552044,0.23144093205425778,,,,,,3.9634846082792596,,3.984136031209819,4.511589820102875,1.6648582157319334,4.226779457694069,-8.411152156367628,98.25931129807266,89.84815914170503
DEHHALKAJ00018K3bt_0,124.58349609375,"(1979, 1983)",0.236935604181642,0.12990061523304985,3.9498186349544184,93.42762659967279,3.5155198730016215,0.25200898636929725,,,,,,4.978976120622143,,1.875147553764443,4.156536690198671,2.0182934364555676,4.375043601911285,-9.84371321450393,114.59915286199582,104.75543964749188
DEHHALKAJ0001813bt_1,774.5078125,"(1979, 1983)",0.36824395335638577,0.20189078911151398,6.138785406271305,385.57662382524023,16.268169583246404,1.2276673919201773,,,,,,29.61004058838028,,8.846874535757895,18.408675938242737,11.582297316649809,32.629358745094386,-34.01624836869839,504.1497079245319,470.13345955583355
DEHHALKAJ00018yQbt_0,330.62255859375,"(1979, 1983)",0.1257570354544263,0.06894665042781342,2.0964239791235335,199.19869397200952,5.297733245742176,0.4322669628937002,,,,,,12.846518605773829,,3.4051697694769345,6.319236998466357,4.290300355580346,12.65113191039119,-20.185448485054025,244.44105182033405,224.25560333528003
DEHHALKAJ00018yQbt_1,1061.65771484375,"(1979, 1983)",0.4038167493892067,0.22139367516438718,6.731799247112855,512.5050901439275,16.957934915736484,1.3854253000298855,,,,,,40.409498365090236,,10.931274961689413,20.15423447216495,13.671174258074682,40.42368224573036,-49.72485894631062,656.4383146624434,606.7134557161328
DEHHALKAJ00018yQbt_3,1544.0771484375,"(1979, 1983)",0.5873119049296923,0.32199541325825237,9.790742571738887,717.0230853583914,24.60719396509919,2.0122012578642825,,,,,,58.62879206245188,,15.895283640967394,29.245920362833395,19.84161275790382,58.70444968399174,-68.99975144886955,925.9585390895031,856.9587876406335
DEHHALKAJ00018yQbt_4,515.04638671875,"(1979, 1983)",0.1959052854431827,0.10740562691863866,3.2658255385557693,278.51605627751985,8.230120048700925,0.6722760580870752,,,,,,19.852861916776806,,5.303317686561037,9.802289516498353,6.653282950447339,19.648905746764118,-27.680340975933625,348.67911020135557,320.99876922542194
DEHHALKAJ000181abt_0,243.458984375,"(1979, 1983)",0.2315077974410505,0.12692480483340896,3.8593347573414793,149.71201125746492,6.230868261984451,0.44506698089264307,,,,,,9.539760215954823,,3.052136855450417,6.957560506916967,3.9546787598101374,10.2037298990838,-13.995486189552299,190.0958127375582,176.10032654800588
DEHHALKAJ00018BE,623.3798828125,"(1995, 2001)",0.5927787138744078,0.3249926067266332,9.881876632903536,362.608598551094,14.954734996961875,1.1541715396001184,,,,,,23.66747535330531,,7.55102562775734,16.844289346767912,9.66392468181174,25.182794939416965,-48.50559668908553,461.62701503671525,413.12141834762974
DEHHALKAJ00018L7bt_0,206.03759765625,"(1979, 1983)",0.19592339360938313,0.1074155547719822,3.2661274094904917,130.03280543619366,5.031443180112646,0.37438805571281947,,,,,,8.084300812009081,,2.7824090549349347,5.862939953111983,3.294181095521201,8.44336640497758,-12.592112342041313,163.9058339925739,151.31372165053259
DEHHALKAJ00019u9bt_1,2924.953125,"(1979, 1983)",1.3906848772195115,0.762446917887531,23.183316253220685,1400.1416796409635,60.76872741077396,4.583812472260259,,,,,,111.05328526747071,,32.93208420018089,68.60623853893887,43.345468952608805,122.44357122634436,-123.75300423487391,1843.8748677095414,1720.1218634746674
DEHHALKAJ00019u9bt_3,4.0,"(1979, 1983)",,,,7.3770924450617175,0.05986349828937001,0.004450305648290776,,,,,,0.1699456522799466,,0.02939363439622003,0.06838787322071076,0.04901166158771351,0.1442441040710985,-0.8247815805367849,7.902389174555068,7.077607594018283
DEHHALKAJ0001A8nbt_0,776.5625,"(1979, 1983)",0.3692208657073015,0.20242638407138092,6.1550709561855586,400.64940380903136,16.384778501187874,1.2442151903120875,,,,,,29.719700118042084,,9.090457624634181,18.698333177099283,11.69930256143467,32.845560758258934,-36.18598260559958,520.3317517400004,484.14576913440084
DEHHALKAsT0000Edbt_1,241.58935546875,"(1979, 1983)",0.229729946969731,0.12595009328334694,3.829697223776044,119.12664699480884,4.748756579065214,0.36135271762282617,,,,,,9.37445922412341,,2.723238196334937,5.553536222237949,3.2697092867644653,8.659467708414208,-11.794096843044759,153.8171669293718,142.02307008632704
