building_name,net_leased_area ,building_age_group,a1,a2,a3,a1_a3,a4,a5,b1,b2,b3,b4,b5,b6,b7,c1,c2,c3,c4,d,sum,sum with d
DEHHALKA10000t7C,1350.308837890625,"(2002, 2009)",6.204057911233656e-13,2.274667899890622e-14,2.356790480835375e-11,2.713118782265643e-05,5.121297301283639e-09,3.1993131441757394e-08,,,,,,2.233169017911706e-09,,1.056150537780035e-09,8.472345500155266e-09,1.4706994240936183e-08,3.409064007526971e-09,-1.5039008999593103e-07,2.7198179974703783e-05,2.7047789884707853e-05
DEHHALKA10000t7F,1348.009033203125,"(2002, 2009)",6.193491349669809e-13,2.2707937551380433e-14,2.3527764674162316e-11,3.450682464368923e-05,5.154399280478868e-09,3.205086902108556e-08,,,,,,2.229365552906236e-09,,1.061637094249178e-09,8.525034842199003e-09,1.47678065670035e-08,3.4210038480126647e-09,-1.5097205618431953e-07,3.457403475989517e-05,3.442306270371085e-05
DEHHALKA10000t79,1348.662109375,"(2002, 2009)",6.196491939073555e-13,2.2718938970927303e-14,2.3539163279147677e-11,3.4437499246129046e-05,5.1173049522650265e-09,3.1960161117141836e-08,,,,,,2.2304456239422615e-09,,1.0552550198241638e-09,8.465636345071026e-09,1.4694108554848413e-08,3.40595973359216e-09,-1.5025837522969925e-07,3.4504428117475736e-05,3.435416974224604e-05
DEHHALKA3Aw000Dnbt_1,603.001953125,"(1979, 1983)",,,,1.588640457033525e-05,2.3602415777694646e-09,9.918691455574522e-09,,,,,,9.972851516172197e-10,,4.681218324557636e-10,3.873295706307269e-09,6.299335249421224e-09,1.47984791980394e-09,-6.296185658644683e-08,1.59118013892282e-05,1.584883953264175e-05
DEHHALKA3gi00005bt_1,759.09765625,"(1979, 1983)",,,,1.660138567095348e-05,5.284565546649697e-09,1.8693667956616357e-08,,,,,,1.2554524865616356e-09,,9.922609017263364e-10,8.587941357174168e-09,1.2653763729941608e-08,2.8386826788179224e-09,-1.2522725943877027e-07,1.665169200561097e-05,1.65264647461722e-05
DEHHALKA900014M0bt_1,852.228515625,"(1979, 1983)",,,,2.2086087904144716e-05,3.4567750181809606e-09,1.4342922653108139e-08,,,,,,1.4094568568618956e-09,,6.826819695299414e-10,5.66835923081565e-09,9.150025278381981e-09,2.1425274890942763e-09,-9.13892076615006e-08,2.2122940652640682e-05,2.203155144497918e-05
DEHHALKA900014M0bt_2,4.0,"(1979, 1983)",,,,9.85049552983436e-07,1.622463907181449e-11,6.731960918998093e-11,,,,,,6.619170437589528e-12,,3.2042202625866464e-12,2.660567074603709e-11,4.299348419851973e-11,1.0068516828943864e-11,-4.296630168230046e-10,9.852225882941715e-07,9.847929252773484e-07
DEHHALKAJ000109w,1832.744140625,"(1949, 1957)",6.3154723196549924e-12,2.315517096021179e-13,2.3991144599071787e-10,3.819987852222394e-05,5.904872386691225e-10,3.0455628770849344e-09,,,,,,3.0310306198332213e-09,,3.896246306898562e-10,1.516293235775407e-09,8.398104044818586e-09,5.541027936029866e-10,-8.608312098144206e-08,3.821740372766441e-05,3.8131320606682964e-05
DEHHALKAJ00010D9bt_1,1199.3701171875,"(1979, 1983)",,,,2.2966891140529556e-05,6.6056004795598374e-09,2.485626662541541e-08,,,,,,1.983544108053873e-09,,1.2639836618845925e-09,1.0770498427095303e-08,1.643141679448902e-08,3.749418100567326e-09,-1.6320010833456669e-07,2.3032551868726623e-05,2.2869351760392055e-05
DEHHALKAJ00010A0,590.72265625,"(1958, 1968)",5.509082555428116e-12,9.495767488099401e-14,1.246044554413923e-10,9.594683258981755e-06,1.4106466398354544e-10,1.7341820625216779e-09,,,,,,9.769495215251051e-10,,9.71325263671875e-11,3.7819547285221727e-10,2.095064231972994e-09,4.613720562232346e-12,-2.1945288245495643e-08,9.600110461181539e-06,9.578165172936044e-06
DEHHALKAJ00010D6,620.953125,"(1969, 1978)",,,,0.0002583323493372266,2.086447882511512e-05,2.5631413270364237e-08,,,,,,1.0269452987490717e-09,,3.0046687717091627e-10,2.0865194921573095e-05,7.958515403581327e-07,3.822964655323337e-10,3.124136544158151e-06,0.0003008852157461848,0.00030400935229034294
DEHHALKAJ00010Ax,810.3994140625,"(1949, 1957)",2.792563868533767e-12,1.0238710664912267e-13,1.0608359942237363e-10,1.7228037214619568e-05,2.671136889278981e-10,1.3744933392685317e-09,,,,,,1.3402555609382221e-09,,1.757181076466846e-10,6.838385752608124e-10,3.787437378429277e-09,2.665917717151571e-10,-3.880954758225119e-08,1.7235932663041755e-05,1.7197123115459503e-05
DEHHALKAJ000108c,718.572265625,"(1969, 1978)",,,,0.00029888848526881084,2.414455250252339e-05,2.959592741251555e-08,,,,,,1.1883898730008906e-09,,3.4717835814754527e-10,2.414537991572935e-05,9.209549249216032e-07,4.421194661678698e-10,3.6154090874650624e-06,0.000348130946227095,0.00035174635531456006
DEHHALKAJ000107hbt_0,947.62060546875,"(1979, 1983)",,,,1.7560434035673875e-05,5.362533943363502e-09,1.9397778351712572e-08,,,,,,1.567208666871482e-09,,1.0137088864919643e-09,8.724925738534447e-09,1.3017143785676964e-08,2.9383958028129083e-09,-1.2899238563189607e-07,1.761245573084934e-05,1.7483463345217444e-05
DEHHALKAJ00010AW,669.5283203125,"(1949, 1957)",2.307134684231884e-12,8.458923630361494e-14,8.764317064090104e-11,1.4397808222683019e-05,2.2361774413350384e-10,1.1491468527869298e-09,,,,,,1.1072800092951114e-09,,1.4685028929827484e-10,5.714947672053595e-10,3.165200264897525e-09,2.308039360191721e-10,-3.242204765392267e-08,1.4404402616546654e-05,1.437198056889273e-05
DEHHALKAJ00010Em,1410.43359375,"(1958, 1968)",1.184890136526789e-11,2.1908986852286802e-13,2.7975119968136864e-10,2.2881331964003246e-05,3.3660536102161096e-10,3.771372984846663e-09,,,,,,2.3326045981690417e-09,,2.319175958203125e-10,9.02924162332341e-10,5.001885289668839e-09,9.287321041652349e-12,-5.2253847383351574e-08,2.2893918561316144e-05,2.2841664713932792e-05
DEHHALKAJ00010CR,1537.02734375,"(1949, 1957)",5.296458697554847e-12,1.9419039529933825e-13,2.0120127212115047e-10,3.261628641132751e-05,5.055640827627876e-10,2.602040642824431e-09,,,,,,2.54196800198693e-09,,3.3267147522225294e-10,1.2946507176376513e-09,7.170427385919793e-09,5.018518994585398e-10,-7.347695868571319e-08,3.263123558553333e-05,3.2557758626847614e-05
DEHHALKAJ00010DZbt_1,109.232421875,"(1979, 1983)",,,,2.7527081839599184e-06,6.730036556614358e-10,1.8058682336613742e-09,,,,,,1.806760675172145e-10,,1.1722993900195637e-10,1.0799049075829612e-09,1.3744478523072335e-09,2.8392191272475643e-10,-1.337585311487365e-08,2.7582232365283755e-06,2.744847383413502e-06
DEHHALKAJ00010CC,654.6484375,"(1949, 1957)",2.255859939471272e-12,8.270928905536533e-14,8.569535145403848e-11,1.397823790287423e-05,2.168705151938883e-10,1.1153866386536756e-09,,,,,,1.0826713382642443e-09,,1.425713722738589e-10,5.548421810988604e-10,3.072981712348185e-09,2.1927972579661924e-10,-3.1486292383965007e-08,1.3984642506357858e-05,1.3953156213973892e-05
DEHHALKAJ000109u,1563.70703125,"(1949, 1957)",5.388394513454296e-12,1.9756114799489372e-13,2.0469371946544954e-10,3.283620355974906e-05,5.081596282835727e-10,2.6186229235268417e-09,,,,,,2.586091420970869e-09,,3.349160448379279e-10,1.3033854112874516e-09,7.218858993327392e-09,4.883844808904284e-10,-7.39862076316492e-08,3.285126197865218e-05,3.277727577102053e-05
DEHHALKAJ000106X,691.1787109375,"(1958, 1968)",6.305809450325722e-12,1.1028587907684302e-13,1.4388697934289757e-10,1.1223384043891344e-05,1.6503141943923396e-10,1.9894378310719716e-09,,,,,,1.1430858484934013e-09,,1.1365051543945313e-10,4.425023541966535e-10,2.4513025490585543e-09,5.212675072631969e-12,-2.5661796908103973e-08,1.1229694267084117e-05,1.1204032470176013e-05
DEHHALKAJ0001087bt_0,1165.005859375,"(1979, 1983)",,,,2.7884633552562673e-05,4.794267103463405e-09,1.9791591748330826e-08,,,,,,1.926717014863416e-09,,9.452210564314257e-10,7.859132210270321e-09,1.2648590440656165e-08,2.9578545931138623e-09,-1.262956786773397e-07,2.7935556926729803e-05,2.7809261248052465e-05
DEHHALKAJ0001087bt_1,1333.10546875,"(1979, 1983)",,,,3.140694272879324e-05,5.482058548874628e-09,2.263666426720677e-08,,,,,,2.204718974517554e-09,,1.0809149736983445e-09,8.98675042745297e-09,1.4465517242468818e-08,3.3829610939111368e-09,-1.4443954006827418e-07,3.1465182314321366e-05,3.132074277425309e-05
DEHHALKAJ00010Eh,1836.6298828125,"(1958, 1968)",1.5122369098832143e-11,2.834969643636957e-13,3.601067328140696e-10,2.9789047119268626e-05,4.382701747296202e-10,4.824120591245549e-09,,,,,,3.037456941175171e-09,,3.019970516308594e-10,1.1757477269248603e-09,6.513237769438899e-09,1.1691002548458212e-11,-6.800852740525313e-08,2.980534964052632e-05,2.9737341113121067e-05
DEHHALKAJ00010Apbt_0,4522.6318359375,"(1979, 1983)",,,,8.468193070169572e-05,2.3284150583799274e-08,8.936995175169443e-08,,,,,,7.479623319268149e-09,,4.483307696943619e-09,3.800713069355994e-08,5.864281788066838e-08,1.3453184073700728e-08,-5.831183584119335e-07,8.491665086769535e-05,8.433353250928342e-05
DEHHALKAJ00010ED,2555.748046875,"(1949, 1957)",8.806879088178164e-12,3.228971335651737e-13,3.345547236640667e-10,5.264634522104405e-05,8.123072027777343e-10,4.1955692650135705e-09,,,,,,4.226749612822117e-09,,5.369754433886718e-10,2.0897302509594353e-09,1.1574331085698528e-08,7.323878272134246e-10,-1.1859187632206862e-07,5.2670513271731916e-05,5.2551921395409845e-05
DEHHALKAJ00010Dw,1936.94921875,"(1949, 1957)",6.674553694888034e-12,2.447171392189534e-13,2.535521885354023e-10,4.040604603468951e-05,6.246713774661381e-10,3.2215496759224125e-09,,,,,,3.2033671594027334e-09,,4.12126422449365e-10,1.6038636981035425e-09,8.883125617278204e-09,5.878403984028164e-10,-9.10397658328948e-08,4.042458257903852e-05,4.033354281320563e-05
DEHHALKAJ00010CLbt_0,1726.1591796875,"(1979, 1983)",,,,3.319185812139195e-05,9.772647938618654e-09,3.6486693679660745e-08,,,,,,2.854758802167954e-09,,1.865438991228227e-09,1.5927516789296498e-08,2.4191078103501275e-08,5.5083321610693256e-09,-2.401615873113909e-07,3.328846458785749e-05,3.3048303000546094e-05
DEHHALKAJ00010CLbt_1,911.1748046875,"(1979, 1983)",,,,1.8703375208154826e-05,5.1586149652563444e-09,1.925995955557022e-08,,,,,,1.506936364503039e-09,,9.846954026548954e-10,8.407540859020343e-09,1.2769627681629185e-08,2.9076589569845923e-09,-1.2677327754532518e-07,1.8754370241940446e-05,1.8627596964395122e-05
DEHHALKAJ00010AK,860.0478515625,"(1969, 1978)",,,,0.00035814224760841927,2.889824131976931e-05,3.568433636061041e-08,,,,,,1.4223651551906117e-09,,4.195133677544818e-10,2.8899241286867387e-05,1.1023621125513522e-06,5.30314388667889e-10,4.3262956997482724e-06,0.00041708014885687947,0.00042140644455662777
DEHHALKAJ00010D1,682.2548828125,"(1949, 1957)",2.35098927986884e-12,8.619712975634111e-14,8.930911404466772e-11,1.4554949934175955e-05,2.2578836697424718e-10,1.16136988532137e-09,,,,,,1.128327458905091e-09,,1.4845361583143497e-10,5.77733975131691e-10,3.199769424045701e-09,2.2771009997514748e-10,-3.278585503681229e-08,1.456161908700214e-05,1.4528833231965328e-05
DEHHALKAJ00010C2,689.3984375,"(1958, 1968)",6.885135676870408e-12,1.1348672231815652e-13,1.516225254666825e-10,1.1206948835021479e-05,1.6470055850021936e-10,2.1528456967302687e-09,,,,,,1.1401415968221876e-09,,1.13357785078125e-10,4.4139492732153696e-10,2.445160255881709e-09,5.9882461078642846e-12,-2.5661254161220164e-08,1.121341242408792e-05,1.11877511699267e-05
DEHHALKAJ00010EY,856.015625,"(1958, 1968)",7.76163304796262e-12,1.3630656120528252e-13,1.7754840834658724e-10,1.3899005765280306e-05,2.0438161685103464e-10,2.4503014460114755e-09,,,,,,1.4156965759729265e-09,,1.4075464921875e-10,5.48030663158553e-10,3.0358917150097965e-09,6.392202121054463e-12,-3.1776507119560625e-08,1.390680721414865e-05,1.387503070702909e-05
DEHHALKAJ00010Dybt_0,1084.08984375,"(1979, 1983)",,,,2.0172282027298666e-05,5.337104775497662e-09,2.0767057529315466e-08,,,,,,1.7928910213050439e-09,,1.0321296329997757e-09,8.718618301738609e-09,1.3558239325901867e-08,3.121770804042357e-09,-1.3492301462673902e-07,2.0226609838689468e-05,2.009168682406273e-05
DEHHALKAJ00010Dybt_1,522.205078125,"(1979, 1983)",,,,1.0165120959755326e-05,2.790700800273072e-09,1.0593320969287526e-08,,,,,,8.636549950856308e-10,,5.354665624055575e-10,4.55247797095923e-09,6.979900099411644e-09,1.5964848493828672e-09,-6.93608391284971e-08,1.0193032966002131e-05,1.0123672126873634e-05
DEHHALKAJ00010Kr,830.3896484375,"(1958, 1968)",7.672275760249564e-12,1.3306277757200858e-13,1.7417956988288158e-10,1.3485915161318731e-05,1.9828579931904284e-10,2.4174134166981657e-09,,,,,,1.373315804992582e-09,,1.3654096989257814e-10,5.316323921160528e-10,2.9450494100075298e-09,6.390283493959767e-12,-3.084097455770136e-08,1.3493523789395252e-05,1.346268281483755e-05
DEHHALKAJ00010mObt_0,1644.840087890625,"(1979, 1983)",,,,4.032856516029464e-05,6.797618547801137e-09,2.8672300221570144e-08,,,,,,2.720271661417418e-09,,1.349899423786455e-09,1.1157830684486817e-08,1.8185821942090698e-08,4.27626633561984e-09,-1.8180319424015845e-07,4.0401725169111414e-05,4.0219921974871254e-05
DEHHALKAJ00010mObt_1,1554.635009765625,"(1979, 1983)",,,,3.8404283738783845e-05,6.434104714932581e-09,2.7124765921913185e-08,,,,,,2.57108865890056e-09,,1.2774850428447222e-09,1.0560805946767255e-08,1.720744622604541e-08,4.045667380159913e-09,-1.7201744453012546e-07,3.84735051026754e-05,3.8301487658145274e-05
DEHHALKAJ00010bibt_0,445.697021484375,"(1979, 1983)",,,,1.0750038873641436e-05,1.6493808327837778e-09,6.781444239977909e-09,,,,,,7.371378955337897e-10,,3.247491513602621e-10,2.703133494579191e-09,4.3402406686471475e-09,1.0139008225161622e-09,-4.3327631790129156e-08,1.0767588860746835e-05,1.0724261228956705e-05
DEHHALKAJ00010is,531.865234375,"(1949, 1957)",1.8327600078081015e-12,6.719667059225434e-14,6.96226792505713e-11,9.76462284696304e-06,1.4778019140722657e-10,7.747641743575859e-10,,,,,,8.796098568376171e-10,,9.960107277832033e-11,3.8761650927251586e-10,2.1470693944248803e-09,7.63898286943247e-11,-2.203047420420536e-08,9.769135677990809e-06,9.747105203786604e-06
DEHHALKAJ00010Kj,732.373046875,"(1958, 1968)",6.6257498896836e-12,1.1653191628939057e-13,1.51702000130302e-10,1.1891128681457334e-05,1.7485847170878967e-10,2.092193954971737e-09,,,,,,1.2112138986410537e-09,,1.2042410009765627e-10,4.688725150791135e-10,2.5973843845013097e-09,5.449313670650934e-12,-2.718509168513009e-08,1.1897799078096004e-05,1.1870613986410874e-05
DEHHALKAJ00010JX,538.5830078125,"(1860, 1918)",1.712200030876802e-11,1.9549723512129222e-13,3.084468234670009e-10,9.139076000817847e-06,2.7305482614232614e-09,8.834041030170212e-09,,,,,,8.907198886968295e-10,,6.093106970479342e-10,5.141757013942527e-09,8.0203954656586e-09,1.2637525334864662e-09,-8.035761155166938e-08,9.166566525708271e-06,9.086208914156601e-06
DEHHALKAJ00010Hc,839.201171875,"(1949, 1957)",2.8918121488530373e-12,1.0602596496720531e-13,1.0985383183545608e-10,1.7116599666634803e-05,2.6368905196645477e-10,1.3635951163240434e-09,,,,,,1.3878884905391368e-09,,1.745846533979813e-10,6.794265921721129e-10,3.763115293068886e-09,2.2970736734726036e-10,-3.858736135804692e-08,1.7124461673199623e-05,1.7085874311841577e-05
DEHHALKAJ00010I1,1226.453125,"(1958, 1968)",9.513897169604898e-12,1.8589212228495174e-13,2.3251533957309505e-10,1.988015298013826e-05,2.9257284587500004e-10,3.0560425434532585e-09,,,,,,2.0283338908104814e-09,,2.0166568734375e-10,7.851041386621765e-10,4.349253816052217e-09,7.176643334122984e-12,-4.530321446184216e-08,1.989087312970379e-05,1.9845569915241946e-05
DEHHALKAJ00010lF,656.58984375,"(1958, 1968)",5.093328174319298e-12,9.951858496461686e-14,1.244786346643103e-10,1.0642968222198122e-05,1.5663082040625e-10,1.63607271667992e-09,,,,,,1.0858820465135266e-09,,1.079630680078125e-10,4.203105313562581e-10,2.3283977524703456e-09,3.830648088070834e-12,-2.4257086354606695e-08,1.0648707309781642e-05,1.0624450223427035e-05
DEHHALKAJ00010h2,599.4443359375,"(1949, 1957)",2.065631544999091e-12,7.573471807706898e-14,7.84689767861804e-11,1.2897157911137127e-05,2.0032565643011745e-10,1.029392075557048e-09,,,,,,9.913736433003714e-10,,1.315444467829326e-10,5.119290405120966e-10,2.8352929187027403e-09,2.0704398920413537e-10,-2.9047260051406872e-08,1.2903064812907616e-05,1.287401755285621e-05
DEHHALKAJ00010Kz,1310.1083984375,"(1969, 1978)",,,,0.000542439553458394,4.402056163992948e-05,5.3294614654664735e-08,,,,,,2.1666847216588095e-09,,6.07862279951442e-10,4.402200893928009e-05,1.6785542743126018e-06,8.028932586310154e-10,6.597233589094695e-06,0.0006322175503668311,0.0006388147839559258
DEHHALKAJ00010PF,677.8642578125,"(1949, 1957)",2.33585957897997e-12,8.564241145036683e-14,8.87343686837611e-11,1.4439524590474672e-05,2.2394696051309875e-10,1.1520997165767666e-09,,,,,,1.1210661497069946e-09,,1.4727642643572033e-10,5.731527024154795e-10,3.1743995311548503e-09,2.2485097524372986e-10,-3.252671710892108e-08,1.4446141382936719e-05,1.4413614665827797e-05
DEHHALKAJ00010pq,1350.03662109375,"(2002, 2009)",6.202807198267234e-13,2.2742093360478275e-14,2.3563153614126205e-11,3.442861661857358e-05,5.1041543586267065e-09,3.194345248412561e-08,,,,,,2.2327188201880143e-09,,1.0531313459872363e-09,8.444794121617723e-09,1.4671577571751097e-08,3.4016833085263023e-09,-1.5004651280826512e-07,3.44954681305844e-05,3.434542161777614e-05
DEHHALKAJ00010KY,562.689453125,"(1949, 1957)",1.9389775075537177e-12,7.10910497314386e-14,7.365765758056604e-11,1.2258578536530436e-05,1.907595088288994e-10,9.788407590909777e-10,,,,,,9.305876497703497e-10,,1.2503060594842266e-10,4.865794449099534e-10,2.69487185385297e-09,2.0409902999999777e-10,-2.76030427222767e-08,1.2264189305382838e-05,1.2236586262660562e-05
DEHHALKAJ00010Po,760.1845703125,"(1949, 1957)",2.6195280100583017e-12,9.604288616576016e-14,9.951033286147103e-11,1.6338229559336247e-05,2.5373420612278066e-10,1.303995281324474e-09,,,,,,1.2572092066491896e-09,,1.666417008067206e-10,6.485163392636139e-10,3.591777398900916e-09,2.6145537156874674e-10,-3.67979973766098e-08,1.6345712888840882e-05,1.630891489146427e-05
DEHHALKAJ00010Nibt_0,4.0,"(1979, 1983)",,,,6.102413040989264e-07,1.6594574077626233e-11,6.831225443030759e-11,,,,,,6.617744484360727e-12,,3.2686589291543294e-12,2.719893238311837e-11,4.3728861180102366e-11,1.0219288185626403e-11,-4.367076876948837e-10,6.104172444125966e-07,6.099805367249017e-07
DEHHALKAJ00010Nibt_1,936.0869140625,"(1979, 1983)",,,,1.8041167233309017e-05,5.106122675899077e-09,1.9267235181692864e-08,,,,,,1.5481272055551184e-09,,9.779064084257435e-10,8.326865486591784e-09,1.2723494318157074e-08,2.905504913389976e-09,-1.2639260412852143e-07,1.8092022489498727e-05,1.7965629885370206e-05
DEHHALKAJ00010FV,674.16015625,"(1949, 1957)",2.3230955764284835e-12,8.517442956990409e-14,8.824949120290728e-11,1.4379432589330955e-05,2.2305899082868955e-10,1.1473571734150206e-09,,,,,,1.1149402298064983e-09,,1.4666343409597996e-10,5.707671569164985e-10,3.1611842668834033e-09,2.248272625135525e-10,-3.2390604526408234e-08,1.4386021387845414e-05,1.4353630783319005e-05
DEHHALKAJ00010Gn,1125.1611328125,"(1949, 1957)",3.8772045873275824e-12,1.421545856323095e-13,1.472868079957668e-10,2.3907903515321405e-05,3.7065516604045756e-10,1.907396610302719e-09,,,,,,1.8608150710193764e-09,,2.438497277196817e-10,9.489850652724035e-10,5.2559531454684895e-09,3.6940043105931095e-10,-5.3856407792938846e-08,2.3918860570538293e-05,2.3865004162745353e-05
DEHHALKAJ00010kcbt_1,1111.580078125,"(1979, 1983)",,,,2.1685097362092333e-05,6.065052610967045e-09,2.288381486399977e-08,,,,,,1.8383563390921936e-09,,1.1615285198059482e-09,9.890607841351379e-09,1.51122350136944e-08,3.4509183835542104e-09,-1.5012125723797354e-07,2.1745499875664796e-05,2.1595378618426822e-05
DEHHALKAJ00010Knbt_1,617.4208984375,"(1979, 1983)",,,,1.2077787969061854e-05,3.4771078023980623e-09,1.3001309878577196e-08,,,,,,1.021126856232981e-09,,6.640306391720918e-10,5.667474375612946e-09,8.615177902857365e-09,1.9624798163584284e-09,-8.553628761266486e-08,1.2112196676333064e-05,1.20266603887204e-05
DEHHALKAJ00010K2,1443.42578125,"(1958, 1968)",1.3090853945446591e-11,2.29860078545241e-13,2.9942654915905325e-10,2.3436766618325926e-05,3.4463169020582653e-10,4.132604143101002e-09,,,,,,2.3871677686060695e-09,,2.373425012109375e-10,9.240973038491092e-10,5.1191648859019686e-09,1.0782699415213305e-11,-5.358233918991824e-08,2.344992240931822e-05,2.33963400701283e-05
DEHHALKAJ00010JBbt_0,1263.5400390625,"(1979, 1983)",,,,2.3569387799660864e-05,6.131597640049403e-09,2.3965932426813952e-08,,,,,,2.089669488932053e-09,,1.187482592629055e-09,1.0019069083314509e-08,1.562088255199123e-08,3.600995121044655e-09,-1.5548913868197494e-07,2.3632003428565635e-05,2.347651428988366e-05
DEHHALKAJ00010SBbt_1,742.314453125,"(1979, 1983)",,,,1.693909177259083e-05,4.503131010351825e-09,1.6497054216045292e-08,,,,,,1.2276925628459918e-09,,8.54557197581203e-10,7.331656315247248e-09,1.1016902488526316e-08,2.4955943206606897e-09,-1.0925260742283281e-07,1.6983018360702088e-05,1.6873765753279256e-05
DEHHALKAJ00010k2,2309.94921875,"(1949, 1957)",7.959878319867046e-12,2.9184253210229203e-13,3.023789545694331e-10,4.837451642196168e-05,7.483109022656394e-10,3.8574023032581216e-09,,,,,,3.820242365710896e-09,,4.93401157838336e-10,1.9201582685663004e-09,1.0634904318059262e-08,7.129997357413147e-10,-1.0900230614162942e-07,4.8396703841013116e-05,4.828770153487149e-05
DEHHALKAJ00010Jw,2018.2841796875,"(1949, 1957)",6.954826692648557e-12,2.549931231045585e-13,2.641991673774461e-10,4.216459788268761e-05,6.520063766864779e-10,3.3619340437758946e-09,,,,,,3.3378806196120952e-09,,4.300628676605495e-10,1.6736659242766918e-09,9.269708887742491e-09,6.164441166441771e-10,-9.501361999339548e-08,4.2183939585524015e-05,4.208892596553062e-05
DEHHALKAJ00010FJ,306.08154296875,"(1919, 1948)",3.811161505859417e-12,5.841081586731754e-14,8.04409865619475e-11,4.17277927687015e-06,1.5245431195165196e-09,3.632101594626683e-08,,,,,,5.062041281400276e-10,,3.2336066184161475e-10,2.841738839101298e-09,4.219769162488243e-09,7.037547190341326e-10,-4.424659716865626e-08,4.219219663446539e-06,4.174973066277883e-06
DEHHALKAJ00010SZ,720.0390625,"(1949, 1957)",2.4811901822467908e-12,9.097084105003576e-14,9.425517115295014e-11,1.5233965487638819e-05,2.360249642154412e-10,1.2151987622905884e-09,,,,,,1.1908157168960579e-09,,1.5537980625458747e-10,6.04688327375568e-10,3.34907551337671e-09,2.3218220233535917e-10,-3.432042320693167e-08,1.524094885293156e-05,1.520662842972463e-05
DEHHALKAJ00010ki,458.909912109375,"(1958, 1968)",5.060553216519347e-12,7.292349685035604e-14,1.0314395182733515e-10,6.6518602895813255e-06,9.76100716219415e-11,1.5530299541374358e-09,,,,,,7.58954859948196e-10,,6.707427275390626e-11,2.61228768882508e-10,1.4470956591429129e-09,4.850285553031347e-12,-1.5292465257443417e-08,6.656050133453366e-06,6.640757668195922e-06
DEHHALKAJ00010Rb,1708.4765625,"(1958, 1968)",1.3654459114653154e-11,2.6130055555435587e-13,3.293622669719112e-10,2.7701831310212245e-05,4.076239955961693e-10,4.370719035310251e-09,,,,,,2.8255142978238134e-09,,2.80924801171875e-10,1.0936858810824486e-09,6.058647604508212e-09,1.0324798950806251e-11,-6.321890630526628e-08,2.771687875062669e-05,2.7653659844321426e-05
DEHHALKAJ00010h6,653.5068359375,"(1860, 1918)",2.0775524077802504e-11,2.3721279302432537e-13,3.742637712942233e-10,1.1036487216004585e-05,3.0133083286143736e-09,9.780017577209478e-09,,,,,,1.0807833124311026e-09,,6.793181985060453e-10,5.686123184367474e-09,9.028310994387131e-09,1.387731468665859e-09,-9.058754412726615e-08,1.1067142809068767e-05,1.09765552649415e-05
DEHHALKAJ00010Io,1474.216796875,"(1958, 1968)",1.2591623312065155e-11,2.302082131638954e-13,2.952181070749034e-10,2.3920416302427557e-05,3.5186019275220214e-10,4.000467554827807e-09,,,,,,2.438090594650155e-09,,2.4240546791015623e-10,9.437679249424188e-10,5.228144940792862e-09,9.988863154512329e-12,-5.463723778686964e-08,2.3933631027966584e-05,2.3878993790179713e-05
DEHHALKAJ00010gfbt_1,345.5048828125,"(1979, 1983)",,,,7.562745510628402e-06,2.7512385897285253e-09,8.75197520495151e-09,,,,,,5.714556122932835e-10,,5.010064259344282e-10,4.44751134143515e-09,6.183412651790405e-09,1.3455153049850774e-09,-6.080725724427372e-08,7.5872976257595196e-06,7.5264903685152455e-06
DEHHALKAJ00010Ezbt_0,1507.0732421875,"(1979, 1983)",,,,2.89202941417001e-05,8.435176951156665e-09,3.159517251934455e-08,,,,,,2.4924299406754004e-09,,1.6117589179436627e-09,1.3750146735806868e-08,2.092240261682893e-08,4.768242917820085e-09,-2.077501313351526e-07,2.9003869472299676e-05,2.8796119340964523e-05
DEHHALKAJ00010Ezbt_1,395.2939453125,"(1979, 1983)",,,,7.566269922138701e-06,5.793901321159877e-10,3.905102582441578e-09,,,,,,6.537485857693638e-10,,1.382850878185387e-10,9.860966074681523e-10,2.1529452090811637e-09,5.618103264125025e-10,-2.2039241852379248e-08,7.575247300669807e-06,7.5532080588174285e-06
DEHHALKAJ00010iY,725.8193359375,"(1949, 1957)",2.5011084873093397e-12,9.17011296739374e-14,9.501182546594084e-11,1.5810567392993666e-05,2.4602873319275034e-10,1.2624599518166348e-09,,,,,,1.20037527121521e-09,,1.6125890251043798e-10,6.275684771097563e-10,3.475725876487393e-09,2.6314734918028216e-10,-3.5601246577279074e-08,1.581780395755518e-05,1.57822027109779e-05
DEHHALKAJ00010NBbt_0,1350.72265625,"(1979, 1983)",,,,2.5884183925056085e-05,7.416214223735864e-09,2.7931329289587812e-08,,,,,,2.2338540713738993e-09,,1.4194890253616621e-09,1.2092807463971575e-08,1.845804950933129e-08,4.212881283862001e-09,-1.8333846145304119e-07,2.595794854992331e-05,2.5774610088470267e-05
DEHHALKAJ00010NBbt_1,1340.203125,"(1979, 1983)",,,,2.5820911767025805e-05,7.850645769895696e-09,2.9034488477131658e-08,,,,,,2.21645672380418e-09,,1.4941680256791101e-09,1.278839585784964e-08,1.931937521745226e-08,4.38768604977897e-09,-1.916912733156833e-07,2.5898002983147395e-05,2.570631170983171e-05
DEHHALKAJ00010MC,1302.25,"(1958, 1968)",1.1258181053470415e-11,2.041465955106558e-13,2.6262346634783575e-10,2.11329419928013e-05,3.1083725584015965e-10,3.5721199540292677e-09,,,,,,2.1536883070405553e-09,,2.141289675e-10,8.336850111990443e-10,4.618320481614012e-09,8.99639883180683e-12,-4.8280869126594774e-08,2.1144653769177354e-05,2.109637290005076e-05
DEHHALKAJ00010JFbt_1,587.47119140625,"(1979, 1983)",,,,1.3013907102609964e-05,2.900486883329945e-09,1.01116108744972e-08,,,,,,9.716155467653353e-10,,5.422503215440245e-10,4.7100157291139e-09,6.884067336605836e-09,1.538033821684396e-09,-6.807036359619393e-08,1.3041565183123505e-05,1.2973494819527311e-05
DEHHALKAJ00010Nv,1889.986328125,"(1969, 1978)",,,,0.0007864858677393352,6.350492518692706e-05,7.754325018449299e-08,,,,,,3.125698947205481e-09,,9.169700741022847e-10,6.350711091935604e-05,2.422374737233854e-06,1.1616904414016162e-09,9.50850484229534e-06,0.0009160030261924993,0.0009255115310347947
DEHHALKAJ00010pAbt_0,627.797607421875,"(1979, 1983)",,,,1.4485355641722416e-05,2.479604221841178e-09,9.971645741064445e-09,,,,,,1.0382904692969926e-09,,4.846641050327391e-10,4.058409133386936e-09,6.432746507729698e-09,1.4940874246764067e-09,-6.413614654194879e-08,1.4511315089325444e-05,1.4447178942783496e-05
DEHHALKAJ00010LObt_1,310.868408203125,"(1979, 1983)",,,,5.422297089023117e-06,1.4314962460555854e-09,5.4841783239486095e-09,,,,,,5.141367447135166e-10,,2.754684958241796e-10,2.3364112269505206e-09,3.601116923428449e-09,8.257153489642499e-10,-3.5804148108412927e-08,5.436765612333003e-06,5.40096146422459e-06
DEHHALKAJ00010LObt_2,3.0,"(1979, 1983)",,,,6.399433920777734e-07,1.2871753117800294e-11,5.039479102640433e-11,,,,,,4.96402472307883e-12,,2.4941625300633775e-12,2.1035078956238357e-11,3.285848749959831e-11,7.579077068940862e-12,-3.272707710748394e-10,6.400755894526957e-07,6.397483186816209e-07
DEHHALKAJ00010Lg,759.1484375,"(1949, 1957)",2.61595758909676e-12,9.591197955485297e-14,9.937470011504711e-11,1.547526029655369e-05,2.3838255013536174e-10,1.232812953104843e-09,,,,,,1.2554956057344779e-09,,1.5784347791299533e-10,6.142753797642154e-10,3.4022660496080174e-09,2.072469136307952e-10,-3.488751036866881e-08,1.5482368619483582e-05,1.5447481109114912e-05
DEHHALKAJ00010JN,1330.7109375,"(1949, 1957)",4.585510822245734e-12,1.6812406365641664e-13,1.7419386489071936e-10,2.7411574898155135e-05,4.229470431046874e-10,2.1845228119489427e-09,,,,,,2.200757636701489e-09,,2.795890215234375e-10,1.088071407010078e-09,6.02644399847747e-09,3.816338419465593e-10,-6.17533401147794e-08,2.7424158863915848e-05,2.736240552380107e-05
DEHHALKAJ00010MGbt_0,556.2841796875,"(1979, 1983)",,,,1.4750079469742425e-05,2.1690831467820163e-09,9.127971752216746e-09,,,,,,9.200225402261253e-10,,4.304085287342649e-10,3.5598960509670242e-09,5.794352509626938e-09,1.3616973488487018e-09,-5.791905072455777e-08,1.4773442901619824e-05,1.4715523850895266e-05
DEHHALKAJ00010MGbt_1,28.51171875,"(1979, 1983)",,,,3.414063378895692e-06,1.1117391233587776e-10,4.678439057953252e-10,,,,,,4.716745262932729e-11,,2.2060104110396298e-11,1.8246084679160315e-10,2.971251649605519e-10,6.982965717509032e-11,-2.9707492981912365e-09,3.41526103993949e-06,3.412290290641299e-06
DEHHALKAJ00010os,654.0126953125,"(1949, 1957)",2.2536692287776216e-12,8.262896841097271e-14,8.56121309847435e-11,1.3914287185209433e-05,2.1576073418276582e-10,1.1101446012518157e-09,,,,,,1.0816199330777895e-09,,1.4191932423973598e-10,5.523045533963023e-10,3.0589349921482265e-09,2.1583987085716577e-10,-3.1344241237637204e-08,1.3920663709218587e-05,1.388931946798095e-05
DEHHALKAJ00010P7,576.5947265625,"(1949, 1957)",1.986893835613464e-12,7.284786333436739e-14,7.547789761480742e-11,1.2497345640388983e-05,1.9432822642311083e-10,9.977324947355364e-10,,,,,,9.535844823928985e-10,,1.2746616932207676e-10,4.96057803202671e-10,2.7473766329098826e-09,2.050323410519998e-10,-2.8143178424593807e-08,1.250306721853902e-05,1.2474924040114427e-05
DEHHALKAJ00010u5,53.537841796875,"(1949, 1957)",,,,4.797089110119869e-07,8.562349868847654e-12,3.9602626861523434e-11,,,,,,8.854202012802706e-11,,4.890681848144532e-12,1.9033767101869268e-11,1.0534594313201973e-10,3.0738407875355734e-11,-1.05816548650308e-09,4.800056268088026e-07,4.789474613222995e-07
DEHHALKAJ00010u1,759.708984375,"(1949, 1957)",2.617889183471807e-12,9.598279990797335e-14,9.944807730302764e-11,1.6129488105919494e-05,2.5003204547554047e-10,1.286790433128229e-09,,,,,,1.2564226655538457e-09,,1.645135000459259e-10,6.402338051507157e-10,3.5459358113257695e-09,2.485753592327343e-10,-3.633568387319916e-08,1.6136880609539407e-05,1.6100544925666207e-05
DEHHALKAJ00010rf,1804.3740234375,"(1949, 1957)",6.217711434307448e-12,2.279673854235461e-13,2.3619771656907686e-10,3.7660170602629045e-05,5.8226794394054e-10,3.002679579499768e-09,,,,,,2.984111526212008e-09,,3.841195798674415e-10,1.4948694243343463e-09,8.279438387645894e-09,5.48831475401801e-10,-8.486479520027042e-08,3.767744692054595e-05,3.7592582125345684e-05
DEHHALKAJ00010uw,1118.2529296875,"(1949, 1957)",3.853399537485976e-12,1.4128179263932416e-13,1.4638250446305924e-10,2.3962695330054133e-05,3.7197750652570056e-10,1.912327488112529e-09,,,,,,1.849390140860674e-09,,2.444077137521622e-10,9.511567617285081e-10,5.267948293808103e-09,3.800409558414709e-10,-5.3973114255898804e-08,2.397367257891476e-05,2.3919699464658864e-05
DEHHALKAJ00010tJ,721.7001953125,"(1958, 1968)",6.6580104281391444e-12,1.1558746211456162e-13,1.5124455865400455e-10,1.1720537413720675e-05,1.7233064150548554e-10,2.0981568316246363e-09,,,,,,1.193562914425399e-09,,1.1866916311523438e-10,4.6204664187099807e-10,2.559569879307989e-09,5.5405558254301044e-12,-2.6803103119275055e-08,1.1727147290348353e-05,1.1700344187229078e-05
DEHHALKAJ00010uN,808.54296875,"(1949, 1957)",2.7861667240965465e-12,1.0215256049706368e-13,1.0584058542524651e-10,1.719071973632727e-05,2.665401331547661e-10,1.3715220215622596e-09,,,,,,1.337185333723579e-09,,1.7533747704651368e-10,6.823572857150901e-10,3.7792329244685105e-09,2.661186704665707e-10,-3.8725396983312414e-08,1.7198598030173407e-05,1.7159872633190096e-05
DEHHALKAJ00010z0,542.968505859375,"(1949, 1957)",1.66312967809143e-12,6.09773110798985e-14,6.31787815298016e-11,1.102309353508881e-05,1.7269685255683594e-10,8.815632045693195e-10,,,,,,8.979727614295201e-10,,1.1242705882324219e-10,4.375291790036831e-10,2.4231661127771765e-09,2.074623901761955e-10,-2.4782256075941293e-08,1.1028226352648146e-05,1.1003444096572204e-05
DEHHALKAJ00010yl,647.953125,"(1949, 1957)",2.2327884916745436e-12,8.186339299091701e-14,8.481891591258481e-11,1.3828178623014617e-05,2.1452579376106079e-10,1.1033931268437008e-09,,,,,,1.071598489380644e-09,,1.4104086989453035e-10,5.488859461491627e-10,3.0399943408391663e-09,2.1658233696254843e-10,-3.1148562251967145e-08,1.3834514643918449e-05,1.3803366081666481e-05
DEHHALKAJ00010xG,1587.3701171875,"(1949, 1957)",5.469935390286638e-12,2.0055077861590419e-13,2.0779128504376987e-10,3.3884472381608774e-05,5.256909345755857e-10,2.7037686168391933e-09,,,,,,2.625225935708868e-09,,3.456055288774218e-10,1.3449861681751867e-09,7.44917899778868e-09,5.310936665923561e-10,-7.632590625179056e-08,3.389999793145733e-05,3.3823672025205535e-05
DEHHALKAJ00010wi,1759.9853515625,"(1949, 1957)",6.064752042803291e-12,2.223592524431735e-13,2.3038711255781147e-10,3.7229964287824305e-05,5.768015773987664e-10,2.9697808875064546e-09,,,,,,2.9107006129693856e-09,,3.7972943174672776e-10,1.4777850429532792e-09,8.184735966212301e-09,5.671182026938219e-10,-8.387520426085182e-08,3.724703093954579e-05,3.716315573528494e-05
DEHHALKAJ000114D,1038.564453125,"(1949, 1957)",3.578800177558779e-12,1.3121382811845944e-13,1.3595105513135535e-10,2.200883891072133e-05,3.4107467363126593e-10,1.755723638791471e-09,,,,,,1.7175996671956858e-09,,2.2448040455145713e-10,8.736057207417449e-10,4.838472945667914e-09,3.3718563427979415e-10,-4.958202313209343e-08,2.201892705340619e-05,2.1969345030274096e-05
DEHHALKAJ0001108,1780.3466796875,"(1969, 1978)",,,,0.0007367026216882279,5.982089160095806e-05,7.217722467840788e-08,,,,,,2.9443746017346805e-09,,8.21764230924551e-10,5.9822847997320513e-05,2.280947099557709e-06,1.089984410216007e-09,8.966174079340075e-06,0.0008587043417339856,0.0008676705158133256
DEHHALKAJ00010zs,2251.7880859375,"(1949, 1957)",7.759460260294443e-12,2.8449436525422475e-13,2.9476549605975443e-10,4.7045075548764816e-05,7.274803910520523e-10,3.7510783888101175e-09,,,,,,3.7240542669083827e-09,,4.798418742212451e-10,1.867389759991094e-09,1.0342660739717762e-08,6.879089243538648e-10,-1.0601118624300162e-07,4.7066655963109866e-05,4.6960644776866865e-05
DEHHALKAJ00010rm,644.9228515625,"(1949, 1957)",2.2223464405495072e-12,8.148054359068608e-14,8.442224445909432e-11,1.3665163663971765e-05,2.117671472789426e-10,1.0901139258117041e-09,,,,,,1.0665869555752999e-09,,1.3937862199766818e-10,5.42416881541607e-10,3.004180935941735e-09,2.0926984458778046e-10,-3.078526910354104e-08,1.3671427378284499e-05,1.3640642109180957e-05
DEHHALKAJ000116jbt_0,1266.5126953125,"(1979, 1983)",,,,2.420991708819999e-05,6.75548652912949e-09,2.565768667252228e-08,,,,,,2.094585851508321e-09,,1.2964382355062937e-09,1.10205866378324e-08,1.6902214317671746e-08,3.866556147087779e-09,-1.6796640846201238e-07,2.4277510642591245e-05,2.4109544234129235e-05
DEHHALKAJ000116jbt_1,1430.556640625,"(1979, 1983)",,,,2.734908475879109e-05,7.881434373341768e-09,2.96543475699029e-08,,,,,,2.365885172157789e-09,,1.5080709210148577e-09,1.2850692116106361e-08,1.9603907740475794e-08,4.473222755314345e-09,-1.9470885720836776e-07,2.7427422319439402e-05,2.7232713462231036e-05
DEHHALKAJ000116jbt_2,4.0,"(1979, 1983)",,,,3.5989328397137095e-07,1.648120689842586e-11,6.800805669536877e-11,,,,,,6.616764386416496e-12,,3.2489115958513296e-12,2.70167985192567e-11,4.348397188460473e-11,1.0167946249009854e-11,-4.342501889433505e-10,3.6006830762759987e-07,3.596340574386565e-07
DEHHALKAJ00010yDbt_0,1147.109375,"(1979, 1983)",,,,2.190745349927317e-05,5.975891122806256e-09,2.285582621248988e-08,,,,,,1.897114166708749e-09,,1.149355643054065e-09,9.752608633436064e-09,1.50173044307759e-08,3.44183174745114e-09,-1.4929515526509735e-07,2.196754343122989e-05,2.1818248275964793e-05
DEHHALKAJ00010yDbt_1,4.0,"(1979, 1983)",,,,4.2593729104346574e-07,1.5908404308781863e-11,6.647105761357265e-11,,,,,,6.617028469132952e-12,,3.1491355960045936e-12,2.609773812146625e-11,4.231781799235165e-11,9.927258514126703e-12,-4.229217410549367e-10,4.2610777948408117e-07,4.256848577430262e-07
DEHHALKAJ00010yDbt_2,2102.55078125,"(1979, 1983)",,,,3.961837164313569e-05,1.0952029285356187e-08,4.188935669713434e-08,,,,,,3.4772429306463774e-09,,2.1064494682855133e-09,1.787366201488493e-08,2.7522813313009062e-08,6.308038689988951e-09,-2.736195959196789e-07,3.9728501235535e-05,3.945488163961532e-05
DEHHALKAJ00010w4bt_0,783.0673828125,"(1979, 1983)",,,,1.4875341959537254e-05,4.121457391938434e-09,1.5715228685972027e-08,,,,,,1.2950642848828795e-09,,7.919255966087098e-10,6.725035083521932e-09,1.0337339978142117e-08,2.367282525285385e-09,-1.0275101747138894e-07,1.4916695293083605e-05,1.4813944275612216e-05
DEHHALKAJ00010yw,1389.83984375,"(1949, 1957)",4.789263742490239e-12,1.7559450048696183e-13,1.819340077092633e-10,2.926353727312561e-05,4.530565085511501e-10,2.3339298334591567e-09,,,,,,2.2985462393424475e-09,,2.984759421890405e-10,1.161572367939032e-09,6.433408585501234e-09,4.3910101187104063e-10,-6.593314918782868e-08,2.9276955363614468e-05,2.921102221442664e-05
DEHHALKAJ00010rK,757.517578125,"(1979, 1983)",,,,1.477251160122109e-05,4.0414475981493215e-09,1.5348618956088682e-08,,,,,,1.252798440550553e-09,,7.755738923382151e-10,6.59300575291324e-09,1.0111291901961522e-08,2.313022542344609e-09,-1.00481044072902e-07,1.4812947360305437e-05,1.4712466316232536e-05
DEHHALKAJ00010vN,653.1806640625,"(1958, 1968)",5.995120567742736e-12,1.0443335243572021e-13,1.364663719562385e-10,1.060712390620398e-05,1.5596438963220933e-10,1.8902478674059616e-09,,,,,,1.0802438795577356e-09,,1.0740249659179687e-10,4.181774219050843e-10,2.3165507906007158e-09,4.9737668564863036e-12,-2.425498122776412e-08,1.061309746681653e-05,1.0588842485588767e-05
DEHHALKAJ00010qW,689.431640625,"(1984, 1994)",,,,1.4185382380101116e-05,3.853147514665182e-09,1.317874603174557e-08,,,,,,1.1401965010654539e-09,,7.364617016062295e-10,6.2820406619358045e-09,9.56123610422244e-09,2.1735643646125904e-09,-9.45627200676829e-08,1.4222307772980972e-05,1.412774505291329e-05
DEHHALKAJ00010wLbt_0,194.54248046875,"(1979, 1983)",,,,3.619987019638107e-06,1.2430358488287658e-09,4.1066029887285565e-09,,,,,,3.217633399426888e-10,,2.2878161950015475e-10,2.013084615864225e-09,2.856581605732845e-09,6.284904576257354e-10,-2.8155451956591856e-08,3.63138536011433e-06,3.603229908157738e-06
DEHHALKAJ00010yS,538.2734375,"(1958, 1968)",4.648165543121145e-12,8.43511449914096e-14,1.0848088816391003e-10,8.73500226086486e-06,1.2848097195045371e-10,1.475003248760295e-09,,,,,,8.902079008921389e-10,,8.8508301328125e-11,3.4459598531655254e-10,1.9089401051254897e-09,3.711555594247614e-12,-1.9955883445573082e-08,8.739841708933828e-06,8.719885825488256e-06
DEHHALKAJ000113H,695.6376953125,"(1949, 1957)",2.3971052542863386e-12,8.788793484198872e-14,9.106096244899695e-11,1.4875496432379502e-05,2.3084282133874563e-10,1.1870438217314225e-09,,,,,,1.1504602335980274e-09,,1.5172288637093743e-10,5.904569755361755e-10,3.27023005277702e-09,2.344214831924662e-10,-3.3506512347090226e-08,1.4882311610654046e-05,1.4848805098306955e-05
DEHHALKAJ00010zB,872.6298828125,"(1958, 1968)",7.643141868908397e-12,1.3737729286808422e-13,1.773312678027126e-10,1.4163134027276014e-05,2.0830585006930832e-10,2.421699807798458e-09,,,,,,1.443173586652167e-09,,1.4348653163085938e-10,5.586527516683993e-10,3.0947387306403457e-09,6.163618966741269e-12,-3.236236174980979e-08,1.4171010248153441e-05,1.413864788640363e-05
DEHHALKAJ00010z2,1937.244140625,"(1958, 1968)",1.7069982819675824e-11,2.827214905919111e-13,3.769858133735173e-10,2.799033478838699e-05,4.1137250176562495e-10,5.341243814133676e-09,,,,,,3.203854908428254e-09,,2.8314760359375003e-10,1.102521389052519e-09,6.107587485036786e-09,1.4919168072564005e-11,-6.404062255624777e-08,2.8006799435257073e-05,2.7942758812700826e-05
DEHHALKAJ000113y,2227.1494140625,"(1949, 1957)",7.674557601614242e-12,2.8138147760748736e-13,2.915402234939907e-10,4.5877469718157485e-05,7.078669248783203e-10,3.656134900174933e-09,,,,,,3.683306361664663e-09,,4.679352276416016e-10,1.8210481954320831e-09,1.0086182052626293e-08,6.381969621498424e-10,-1.0335268679916727e-07,4.5898530388782054e-05,4.579517770198289e-05
DEHHALKAJ00010ub,1699.013671875,"(1949, 1957)",5.8546490901794934e-12,2.1465599678625525e-13,2.2240574542965217e-10,3.611646984279121e-05,5.59965620640077e-10,2.8814504112675176e-09,,,,,,2.809864374678647e-09,,3.6837150008885254e-10,1.4335838498568853e-09,7.93989913252233e-09,5.587628085422544e-10,-8.135955660615889e-08,3.613302174048881e-05,3.6051662183882655e-05
DEHHALKAJ000112abt_0,142.30029296875,"(1979, 1983)",,,,3.1858345049855485e-06,1.1845834894328594e-09,3.742669130667126e-09,,,,,,2.3536563335246827e-10,,2.1530803665346207e-10,1.914322266991226e-09,2.651783605892973e-09,5.758712185624897e-10,-2.6066675444986423e-08,3.196354408367101e-06,3.1702877329221143e-06
DEHHALKAJ000114z,1425.2294921875,"(1949, 1957)",4.9112133044368045e-12,1.8006568302481815e-13,1.865666138333502e-10,3.008203009074685e-05,4.65902012331312e-10,2.39941461689638e-09,,,,,,2.3570743772738394e-09,,3.068239062849465e-10,1.1940600556661451e-09,6.6133311317340454e-09,4.549805482112164e-10,-6.777432845769648e-08,3.0095821677395248e-05,3.002804734893755e-05
DEHHALKAJ000113Pbt_0,2650.8984375,"(1979, 1983)",,,,5.860870550736815e-05,1.063858447937738e-08,4.430877956887985e-08,,,,,,4.384111780980414e-09,,2.1036784187171664e-09,1.7448962310780326e-08,2.8228507096607382e-08,6.6162568440743795e-09,-2.8199931374212385e-07,5.8722434387867566e-05,5.8440435074125445e-05
DEHHALKAJ000113Pbt_1,4.0,"(1979, 1983)",,,,4.934513385080072e-07,1.6052798294921287e-11,6.685850946544209e-11,,,,,,6.617249936384776e-12,,3.174287462632625e-12,2.6329493489915043e-11,4.2616287080605907e-11,9.989115893663037e-12,-4.2584627765038634e-10,4.936229762496306e-07,4.931971299719802e-07
DEHHALKAJ000110n,1468.6025390625,"(1949, 1957)",5.0606729430663126e-12,1.855455003828124e-13,1.9224426962945927e-10,3.0895385635203995e-05,4.78257903077157e-10,2.464004525884313e-09,,,,,,2.42880562815573e-09,,3.1512023547988527e-10,1.2263465692381094e-09,6.792166937758472e-09,4.622858452794794e-10,-6.961090495350983e-08,3.090955262284887e-05,3.0839941717895356e-05
DEHHALKAJ00010ye,1470.9853515625,"(1949, 1957)",5.06888390173376e-12,1.8584654857377708e-13,1.925561865957876e-10,3.0776170179081755e-05,4.760112374429402e-10,2.4540220474567025e-09,,,,,,2.4327463698089263e-09,,3.139050334958548e-10,1.2216171712880221e-09,6.7659998644693294e-09,4.5218840948863055e-10,-6.934911997052411e-08,3.07902866692152e-05,3.072093754924468e-05
DEHHALKAJ00010robt_0,231.98291015625,"(1979, 1983)",,,,4.878734642190625e-06,2.073026921600591e-09,6.482129436407497e-09,,,,,,3.8369942370834677e-10,,3.7571621112163183e-10,3.348451654878957e-09,4.6127357760990735e-09,9.986470271216758e-10,-4.531391268221979e-08,4.897009048641562e-06,4.851695135959342e-06
DEHHALKAJ00010robt_2,2.0,"(1979, 1983)",,,,4.225831224173071e-07,8.932937848129432e-12,3.189775088540713e-11,,,,,,3.309346290035293e-12,,1.6820422643635526e-12,1.4524419004003344e-11,2.1533831501303812e-11,4.844280552831085e-12,-2.1333968599712306e-10,4.2266984702565317e-07,4.2245650733965605e-07
DEHHALKAJ000113V,768.6767578125,"(1949, 1957)",2.648791328325564e-12,9.711580217749334e-14,1.0062198447589361e-10,1.6508430373446497e-05,2.5634887585230685e-10,1.3175456436108662e-09,,,,,,1.2712537636907644e-09,,1.6837771642310024e-10,6.552723423743451e-10,3.6291971194561426e-09,2.635871588490639e-10,-3.718182008939372e-08,1.6515991956066753e-05,1.647881013597736e-05
DEHHALKAJ000111f,714.564453125,"(1949, 1957)",2.462325168193631e-12,9.027917049325375e-14,9.353852913932859e-11,1.522490279016163e-05,2.3613607362936324e-10,1.2147734047492653e-09,,,,,,1.181761702316746e-09,,1.5528690261168184e-10,6.043269158973758e-10,3.3470569818110578e-09,2.372557955431848e-10,-3.42957297410765e-08,1.5231879387938188e-05,1.5197583658197111e-05
DEHHALKAJ000116Vbt_0,599.603515625,"(1979, 1983)",,,,1.29009086304747e-05,3.0816101022581937e-09,1.1834129773895146e-08,,,,,,9.916635262646253e-10,,5.934552003771744e-10,5.030316876868423e-09,7.763903528410775e-09,1.7813621826235823e-09,-7.720363555342195e-08,1.29319850716654e-05,1.2854781436111978e-05
DEHHALKAJ000116Vbt_1,4.0,"(1979, 1983)",,,,2.49561542573324e-07,1.8755710514803884e-11,7.411122388266753e-11,,,,,,6.616263341652961e-12,,3.645105461909409e-12,3.066637057164221e-11,4.812269940491689e-11,1.112581433554908e-11,-4.793577978224188e-10,2.497545857608371e-07,2.492752279630147e-07
DEHHALKAJ000116Vbt_2,703.4443359375,"(1979, 1983)",,,,1.3523671619901902e-05,3.6222164047632604e-09,1.3902176656726305e-08,,,,,,1.1633865619043801e-09,,6.974375769333809e-10,5.912590754275496e-09,9.122533173378663e-09,2.092761462241435e-09,-9.07102822723831e-08,1.3560184722492125e-05,1.3469474440219742e-05
DEHHALKAJ00010z8bt_0,1239.7236328125,"(1979, 1983)",,,,2.3709905028403998e-05,6.64921102272603e-09,2.521322959625779e-08,,,,,,2.0502815472565485e-09,,1.2753941992012421e-09,1.0846234180124933e-08,1.6619472313551172e-08,3.800216509116583e-09,-1.6514122477010714e-07,2.3776359067772237e-05,2.361121784300213e-05
DEHHALKAJ00017t6,344.34716796875,"(1949, 1957)",7.910596863843055e-13,2.9003566718127526e-14,3.0050685620895924e-11,6.97209961005265e-06,1.1300429062120061e-10,5.62053757830101e-10,,,,,,5.694886254339151e-10,,7.110320936024131e-11,2.7671192189956645e-10,1.5322417223935644e-09,2.0938679854881354e-10,-1.562894302530567e-08,6.975433600378737e-06,6.959804657353431e-06
DEHHALKAJ00018HV,703.094970703125,"(1949, 1957)",2.1536020960229362e-12,7.896008752739767e-14,8.181079209824307e-11,1.4273918958669635e-05,2.2362676136582028e-10,1.141544396776023e-09,,,,,,1.1627932891477499e-09,,1.4558284463378906e-10,5.665636729172387e-10,3.1377857062812043e-09,2.6888217301670464e-10,-3.2086071667779494e-08,1.428056573751377e-05,1.4248479665845991e-05
DEHHALKAJ00018M0,241.99755859375,"(1949, 1957)",5.559346224224281e-13,2.0382895488005783e-14,2.1118781365976224e-11,4.768850214189886e-06,7.707883598574218e-11,3.841846186495092e-10,,,,,,4.0022067437566863e-10,,4.863424935058594e-11,1.8926981830582076e-10,1.0480673189963982e-09,1.3878392882638047e-10,-1.0686932972683631e-08,4.771136453634377e-06,4.760449520661693e-06
DEHHALKAP0006abHbt_0,593.348388671875,"(1979, 1983)",,,,1.19573348265299e-05,2.9806266995082705e-09,1.1761172486813618e-08,,,,,,9.813083034953674e-10,,5.790125054082895e-10,4.873029354513552e-09,7.639309448185879e-09,1.7654841104645627e-09,-7.60824242483164e-08,1.198791476943829e-05,1.1911832345189972e-05
DEHHALKAP0006abHbt_1,868.353271484375,"(1979, 1983)",,,,2.542751365287988e-05,4.0335984653517295e-09,1.633080567733804e-08,,,,,,1.4361363493325555e-09,,7.901539597409811e-10,6.604494101978886e-09,1.0509612007185246e-08,2.4453003238028975e-09,-1.048240070606099e-07,2.5469663753764604e-05,2.5364839746703993e-05
DEHHALKAbr0000Mkbt_1,1208.04443359375,"(1979, 1983)",,,,2.9911645890104843e-05,4.805644191512056e-09,2.055689895286958e-08,,,,,,1.9978917065434488e-09,,9.588826263728439e-10,7.895021132571837e-09,1.2974981218540447e-08,3.061877516770517e-09,-1.2981203209225585e-07,2.9963897087450027e-05,2.9834085055357772e-05
DEHHALKAbr0000Mkbt_2,675.5908203125,"(1979, 1983)",,,,1.8848915261441946e-05,2.694941693709174e-09,1.1516211440222256e-08,,,,,,1.117334408213407e-09,,5.375407175261026e-10,4.427141518125352e-09,7.271431502864753e-09,1.715493143750203e-09,-7.27456400319993e-08,1.8878195355866356e-05,1.8805449715834356e-05
DEHHALKA10000t7Ibt_0,584.130859375,"(1979, 1983)",,,,1.6887380892641398e-05,2.3401443178035633e-09,9.984106976981452e-09,,,,,,9.66079365875919e-10,,4.66518135241358e-10,3.843912203347086e-09,6.307570567284484e-09,1.4874959312264462e-09,-6.309744734243139e-08,1.6912776720139158e-05,1.6849679272796727e-05
DEHHALKA10000t7Ibt_1,2172.493896484375,"(1979, 1983)",,,,3.4467769938833806e-05,8.674406092912006e-09,3.705488219943906e-08,,,,,,3.5929160062789804e-09,,1.7300119820460356e-09,1.4249624422840647e-08,2.339824722377143e-08,5.519634005287301e-09,-2.3407125309501526e-07,3.456198966076638e-05,3.432791840767136e-05
DEHHALKA1000143I,389.1025390625,"(2002, 2009)",4.469375112590614e-13,1.638660413335562e-14,1.6978211472790017e-11,8.5209768658224e-06,3.1243640094105896e-09,1.2611108268887243e-08,,,,,,6.435059532477113e-10,,5.83975621524048e-10,5.07767583798393e-09,7.4051006175522215e-09,1.578886897456666e-09,-7.382435698227012e-08,8.552001483028463e-06,8.478177126046192e-06
DEHHALKA2Rp000FHbt_0,1538.765869140625,"(1979, 1983)",,,,3.983052910617527e-05,5.767233308048708e-09,2.5234703489959494e-08,,,,,,2.544844079666664e-09,,1.1597233945770315e-09,9.488329482169756e-09,1.5804232890414952e-08,3.750803312966572e-09,-1.5831639659548945e-07,3.9894278976133076e-05,3.973596257953759e-05
DEHHALKA4Eq0000Ubt_0,3080.425537109375,"(1979, 1983)",,,,6.768298666667174e-05,9.66838675181576e-09,4.6876041792883294e-08,,,,,,5.094472323302941e-09,,2.0168704794633934e-09,1.6016261125257564e-08,2.8380350836764793e-08,6.905171411833027e-09,-2.85869200156801e-07,6.779794422139306e-05,6.751207502123627e-05
DEHHALKA4Eq0000Ubt_1,732.0810546875,"(1979, 1983)",,,,2.0608274358129843e-05,2.2845192613367064e-09,1.1104866485440147e-08,,,,,,1.2107493184774095e-09,,4.770166380895894e-10,3.785134269891584e-09,6.717983042949616e-09,1.6355375582428655e-09,-6.76792951298685e-08,2.063549016470427e-05,2.0567810869574402e-05
DEHHALKA70001vybbt_0,880.7734375,"(1979, 1983)",,,,1.590993475159618e-05,4.38660456814373e-09,1.7007659646575437e-08,,,,,,1.4566433262435538e-09,,8.473461467291051e-10,7.164431978256258e-09,1.1118446833005467e-08,2.557570292739186e-09,-1.1062092581990726e-07,1.5954473454387874e-05,1.5843852528567968e-05
DEHHALKA70001vybbt_1,4.0,"(1979, 1983)",,,,6.125910406026029e-07,1.8396515557547967e-11,7.314739737512455e-11,,,,,,6.617772785386423e-12,,3.582537595338853e-12,3.0090331853998105e-11,4.74086240930852e-11,1.0979407589558166e-11,-4.72516915954057e-10,6.127812631894529e-07,6.123087462734988e-07
DEHHALKA70001xCY,750.6943359375,"(1979, 1983)",,,,1.3534502771354071e-05,3.887914662911119e-09,1.4896073435877445e-08,,,,,,1.241514012033355e-09,,7.481852141977956e-10,6.345672028167314e-09,9.780974266906178e-09,2.2427654595471204e-09,-9.724755083536302e-08,1.3573645870433713e-05,1.347639831959835e-05
DEHHALKA70001xUI,657.490234375,"(1979, 1983)",,,,1.3957399540940363e-05,3.6313655091704107e-09,1.3653482237359296e-08,,,,,,1.0873711351384545e-09,,6.946878530377631e-10,5.920715168252656e-09,9.028543273027398e-09,2.059738757503631e-09,-8.966949755985935e-08,1.3993475444873851e-05,1.3903805947313992e-05
DEHHALKA7000Cli9,958.3779296875,"(2010, 2015)",2.876188761564197e-06,3.5129246593982687e-09,8.852536243655633e-07,3.358534670003947e-05,4.1016847664557025e-09,3.540806888619524e-08,,,,,,1.5849854791520769e-09,,8.277044396833191e-10,8.27321236031503e-09,6.933917835264681e-08,2.6310441477320326e-09,-1.272932358362019e-06,3.370751257847165e-05,3.243458022010963e-05
DEHHALKAJ00010AMbt_0,304.939453125,"(1979, 1983)",,,,5.920502267545114e-06,1.5596589459722192e-09,5.99820433178277e-09,,,,,,5.043336916819298e-10,,3.0049733872603296e-10,2.546143993441158e-09,3.933024064371231e-09,9.027505927436648e-10,-3.9112778230957876e-08,5.9362468805038345e-06,5.897134102272877e-06
DEHHALKAJ00010AMbt_1,916.00390625,"(1979, 1983)",,,,1.716413722045679e-05,4.705262901016579e-09,1.807219558160455e-08,,,,,,1.5149103043476183e-09,,9.061828165026531e-10,7.680779242398671e-09,1.1855624833123524e-08,2.7202828919530763e-09,-1.1789174025863674e-07,1.7211592459027735e-05,1.7093700718769098e-05
DEHHALKAJ000107G,943.96875,"(1969, 1978)",,,,0.00038935073521558346,3.171799069494205e-05,3.787449984931172e-08,,,,,,1.5611553165020456e-09,,4.2307351918945315e-10,3.1718997211385086e-05,1.2091233932816154e-06,5.761946607211598e-10,4.756876586710149e-06,0.00045403728143853796,0.0004587941580252481
DEHHALKAJ000109Xbt_2,310.957763671875,"(1979, 1983)",,,,6.552587518592969e-06,2.06014266912386e-09,7.171495233877186e-09,,,,,,5.143012933817605e-10,,3.849793930342012e-10,3.345150348811531e-09,4.88509378607563e-09,1.0909676361984132e-09,-4.8299346982905124e-08,6.5720396489534726e-06,6.523740301970567e-06
DEHHALKAJ00010Cq,1121.9658203125,"(1949, 1957)",3.866193826360416e-12,1.417508849434421e-13,1.4686853245731343e-10,2.40995998622649e-05,3.742360793900995e-10,1.9234108604170866e-09,,,,,,1.8555305996265467e-09,,2.458038244712435e-10,9.565900528190583e-10,5.298031450955225e-09,3.8497591308565193e-10,-5.4279207778726406e-08,2.4110638441045668e-05,2.405635923326694e-05
DEHHALKAJ00010EB,596.498291015625,"(1969, 1978)",,,,0.00021936020073064536,1.7815786626553342e-05,2.2293096237935814e-08,,,,,,9.865013929276373e-10,,2.4368182980303957e-10,1.7816364553043816e-05,6.792864159264398e-07,3.657298108197637e-10,2.670297630437639e-06,0.0002556955273354404,0.00025836582496587804
DEHHALKAJ00010DH,1074.5458984375,"(1949, 1957)",3.7027890185842265e-12,1.3575977918243244e-13,1.4066112915773529e-10,2.2591711668094482e-05,3.496850538676241e-10,1.8017216386553097e-09,,,,,,1.777106528907195e-09,,2.3042623466560348e-10,8.967447494864572e-10,4.966656961040661e-09,3.373610347858018e-10,-5.090231546905612e-08,2.2602071370295895e-05,2.255116905482684e-05
DEHHALKAJ00010Bibt_0,534.6513671875,"(1979, 1983)",,,,1.2350548831396525e-05,3.1658569109808796e-09,1.1673981911072421e-08,,,,,,8.842524542548045e-10,,6.019910625068368e-10,5.1562316935308895e-09,7.776625031365199e-09,1.7647529606435055e-09,-7.714879345777004e-08,1.238157252342088e-05,1.2304423729963109e-05
DEHHALKAJ00010Bibt_1,982.666015625,"(1979, 1983)",,,,2.0726183270878746e-05,5.809033252633984e-09,2.1430312989050006e-08,,,,,,1.625169204263124e-09,,1.1047482799632992e-09,9.461404825754726e-09,1.4273238351741255e-08,3.239430803161876e-09,-1.4160227637785615e-07,2.0783126608585314e-05,2.0641524332207458e-05
DEHHALKAJ000107r,2700.552490234375,"(1949, 1957)",1.0635271135186944e-11,3.899336563902673e-13,4.040114733153371e-10,5.66627551627581e-05,8.575494867466797e-10,4.4958570816790365e-09,,,,,,4.466230230975983e-09,,5.77972243959961e-10,2.2492800347598097e-09,1.245907744436939e-08,4.426687025907135e-10,-1.2791963007109328e-07,5.668830379798318e-05,5.656038416791209e-05
DEHHALKAJ00010Adbt_1,839.4833984375,"(1979, 1983)",,,,1.8700147442280594e-05,5.404647736852854e-09,1.9493859585057228e-08,,,,,,1.3883889736795227e-09,,1.0207756573570074e-09,8.79209653734489e-09,1.3096223322577146e-08,2.953891526326028e-09,-1.297544430302069e-07,1.875229732561979e-05,1.8622542882589583e-05
DEHHALKAJ00010Adbt_4,551.091796875,"(1979, 1983)",,,,1.957729161129599e-05,3.3672778206144027e-09,1.2312209081748377e-08,,,,,,9.114718688758006e-10,,6.386302847699668e-10,5.481784091196728e-09,8.228638985307947e-09,1.8630140099530662e-09,-8.159475991110896e-08,1.9610094637438453e-05,1.9528499877527345e-05
DEHHALKAJ00010Dfbt_0,271.61328125,"(1979, 1983)",,,,5.8103264770053375e-06,1.6677130223422318e-09,6.0899872292312074e-09,,,,,,4.4922537147553497e-10,,3.1616933008075213e-10,2.7147726779560326e-09,4.071941233121939e-09,9.215764853124455e-10,-4.0372999054407755e-08,5.826557862354857e-06,5.786184863300449e-06
DEHHALKAJ00010Dfbt_1,2431.568359375,"(1979, 1983)",,,,4.7279223590840144e-05,1.4895076432990742e-08,5.4426066925586526e-08,,,,,,4.021379254627185e-09,,2.8243829556072334e-09,2.4247630425848872e-08,3.6381953575710853e-08,8.235491059991396e-09,-3.6073610635117784e-07,4.7424255571470506e-05,4.706351946511933e-05
DEHHALKAJ00010Dfbt_2,287.0009765625,"(1979, 1983)",,,,6.015001707497603e-06,1.7638207196253318e-09,6.439368261034612e-09,,,,,,4.746740590207954e-10,,3.343646324710154e-10,2.871182868213447e-09,4.305944124409774e-09,9.744709854453886e-10,-4.269247446082578e-08,6.032165533147823e-06,5.989473058686997e-06
DEHHALKAJ00010Bo,1804.3603515625,"(1949, 1957)",6.217664322249521e-12,2.2796565809786025e-13,2.3619592688156516e-10,3.7876368904740646e-05,5.861275893756762e-10,3.0205288867732817e-09,,,,,,2.984088971157166e-09,,3.8632375915883803e-10,1.5034476657963459e-09,8.326914944558704e-09,5.626944454242503e-10,-8.534319488370978e-08,3.789373903100289e-05,3.780839583611918e-05
DEHHALKAJ00010AY,659.5224609375,"(1949, 1957)",2.2726553881225955e-12,8.332508066237549e-14,8.633337505196662e-11,1.3585637303446564e-05,2.0961958518105467e-10,1.0826858187679655e-09,,,,,,1.090732106481581e-09,,1.3856896665527343e-10,5.392665260389072e-10,2.9868112388090006e-09,1.8915870407698503e-10,-3.060122920500429e-08,1.3591874146392575e-05,1.3561272917187572e-05
DEHHALKAJ000107X,722.7646484375,"(1958, 1968)",6.461275601480074e-12,1.1454930964105464e-13,1.486562563866669e-10,1.1733498457060335e-05,1.7255214170922386e-10,2.0428011758014623e-09,,,,,,1.1953233260548323e-09,,1.1884419114257812e-10,4.627169132348956e-10,2.5632855566530777e-09,5.275087735128393e-12,-2.6819900057825324e-08,1.1740059255452664e-05,1.171323935539484e-05
DEHHALKAJ00010ET,2587.2734375,"(1949, 1957)",8.915512763466086e-12,3.268800998359615e-13,3.3868148739644823e-10,5.329573808841563e-05,8.223270879171876e-10,4.2473220033695765e-09,,,,,,4.278886963009189e-09,,5.435990855859375e-10,2.115513814199465e-09,1.1717074680374198e-08,7.419640357313832e-10,-1.2007828775508914e-07,5.332020477608581e-05,5.320012648833072e-05
DEHHALKAJ000109lbt_0,287.72607421875,"(1979, 1983)",,,,8.141469200986827e-06,1.1546258116508928e-09,4.618937468746128e-09,,,,,,4.758752535541706e-10,,2.252963828833441e-10,1.8892120330401006e-09,2.9854346195338027e-09,6.924528190879021e-10,-2.975709954056074e-08,8.153511035375326e-06,8.123753935834765e-06
DEHHALKAJ00010C0,580.3701171875,"(1949, 1957)",1.999903493895575e-12,7.332485198447784e-14,7.597210703768664e-11,1.2807993899969844e-05,1.9968486842839924e-10,1.023155796091429e-09,,,,,,9.598283094507849e-10,,1.306336343758406e-10,5.083848623145359e-10,2.815613819278488e-09,2.2103211851817246e-10,-2.883379119085889e-08,1.28138522333783e-05,1.2785018442187441e-05
DEHHALKAJ000108Kbt_0,1100.91796875,"(1979, 1983)",,,,2.7714841475482548e-05,4.7696364759878855e-09,1.934443235889862e-08,,,,,,1.820734771286924e-09,,9.34873336010524e-10,7.810465793405456e-09,1.244111813310534e-08,2.8960183317389714e-09,-1.2410056352348405e-07,2.776485875468299e-05,2.7640758191159503e-05
DEHHALKAJ000108Kbt_2,2633.3828125,"(1979, 1983)",,,,5.92524998442124e-05,1.0476372137958703e-08,4.37693674682466e-08,,,,,,4.355144088145513e-09,,2.073767280694061e-09,1.7186177685886857e-08,2.7854342783905523e-08,6.533782214444866e-09,-2.783103035767147e-07,5.9364748797871686e-05,5.908643849429497e-05
DEHHALKAJ00010Bs,570.626953125,"(1969, 1978)",,,,0.00023760736730279352,1.917348570691601e-05,2.37399545426566e-08,,,,,,9.437148244998572e-10,,2.7814920699611233e-10,1.9174148676848627e-05,7.313941949879933e-07,3.5211531342134176e-10,2.870444869392263e-06,0.0002767117098154337,0.000279582154684826
DEHHALKAJ00010B5bt_0,746.830078125,"(1979, 1983)",,,,1.5157492870367551e-05,4.630563907709601e-09,1.686584445410248e-08,,,,,,1.2351493815499162e-09,,8.771814253556692e-10,7.53677796902329e-09,1.1288104259042896e-08,2.5529471519630025e-09,-1.119036065578097e-07,1.5202479438916296e-05,1.5090575832358487e-05
DEHHALKAJ00010B5bt_3,1702.4951171875,"(1979, 1983)",,,,3.483324622182802e-05,9.339512922709974e-09,3.5183757007961075e-08,,,,,,2.815622778566271e-09,,1.78775493527171e-09,1.522913297971934e-08,2.3248653931293396e-08,5.3066568154904655e-09,-2.3092612471144342e-07,3.492615731319904e-05,3.4695231188487597e-05
DEHHALKAJ00010DP,1558.0380859375,"(1949, 1957)",5.368859835149161e-12,1.9684492473729128e-13,2.0395163832219714e-10,3.259036092357368e-05,5.040540945187365e-10,2.5986613835779165e-09,,,,,,2.5767160448079727e-09,,3.3240910912397547e-10,1.2936290575249438e-09,7.164843148407964e-09,4.784915500164839e-10,-7.343739444040095e-08,3.2605309727961666e-05,3.2531872333521265e-05
DEHHALKAJ00010Cgbt_2,284.637451171875,"(1979, 1983)",,,,8.96475806260887e-06,1.3514674092381407e-09,5.130797336045805e-09,,,,,,4.707739716266223e-10,,2.5932456639075004e-10,2.20467331073808e-09,3.3807043287249137e-09,7.732913761282832e-10,-3.35962508582607e-08,8.978329094907763e-06,8.944732844049503e-06
DEHHALKAJ00010Cgbt_3,3.0,"(1979, 1983)",,,,3.056773670221314e-07,1.464624780696825e-11,5.515628609855191e-11,,,,,,4.962693721457009e-12,,2.8032602629219115e-12,2.388213506714516e-11,3.646420030744038e-11,8.322883436168888e-12,-3.6225932372388876e-10,3.0582360472883206e-07,3.0546134540510816e-07
DEHHALKAJ00010Cgbt_4,21.325927734375,"(1979, 1983)",,,,1.7846969074239903e-06,1.0125616353756693e-10,3.8441537737831e-10,,,,,,3.527686278962535e-11,,1.9429407268187763e-11,1.6518201640639233e-10,2.5335246402149877e-10,5.7953065790079465e-11,-2.5180463254035137e-09,1.7857137727811822e-06,1.7831957264557786e-06
DEHHALKAJ00010E0,608.939453125,"(1949, 1957)",2.0983508692300702e-12,7.693434576590082e-14,7.971191476306986e-11,1.2947980540222798e-05,2.0075953350717157e-10,1.0330278933601355e-09,,,,,,1.007076860654223e-09,,1.3206347336995848e-10,5.139487290473164e-10,2.846502676622149e-09,2.0049304447346158e-10,-2.9167768370290917e-08,1.2953914412433833e-05,1.2924746644063542e-05
DEHHALKAJ00010C8,2470.76171875,"(1949, 1957)",8.514023805803877e-12,3.1215983034103706e-13,3.234297704215714e-10,5.089569982940171e-05,7.852955391835937e-10,4.0560539373334435e-09,,,,,,4.086197444658824e-09,,5.191193909179688e-10,2.0202406299924674e-09,1.1189454242533651e-08,7.080460452772869e-10,-1.1464433564042518e-07,5.09190642366316e-05,5.080441990099118e-05
DEHHALKAJ00010At,606.01171875,"(1949, 1957)",2.0882621585394934e-12,7.656445130831388e-14,7.932866596591728e-11,1.281223308030537e-05,1.984823830226098e-10,1.021993302519164e-09,,,,,,1.0022349188568128e-09,,1.3067917729664074e-10,5.085616583393609e-10,2.8166821779134688e-09,1.9483629169594904e-10,-2.8859907572291963e-08,1.2818106550215013e-05,1.2789246642642722e-05
DEHHALKAJ00010Cv,1684.3408203125,"(1860, 1918)",5.354659101220882e-11,6.113894582572099e-13,9.646230351219323e-10,2.8605099664467734e-05,8.675435977048128e-09,2.8053173437440863e-08,,,,,,2.7855981297545885e-09,,1.932753184852229e-09,1.6330871020811783e-08,2.5401809065400708e-08,4.018427759884289e-09,-2.544000142808723e-07,2.8692297733042927e-05,2.8437897718762055e-05
DEHHALKAJ00010CW,1060.134765625,"(1979, 1983)",,,,2.0355199338331775e-05,5.911180673419139e-09,2.216503581196726e-08,,,,,,1.7532730663808413e-09,,1.1298632907546326e-09,9.636363446509834e-09,1.4671788825033107e-08,3.3446982343054507e-09,-1.4569342133413242e-07,2.041381154168014e-05,2.0268118120346007e-05
DEHHALKAJ00010DT,1031.4501953125,"(1958, 1968)",8.001211700424355e-12,1.5633574731025176e-13,1.955459915484509e-10,1.671924357564485e-05,2.460545069921875e-10,2.570139546367231e-09,,,,,,1.7058339447114626e-09,,1.6960135561523437e-10,6.602738150406303e-10,3.6577170130174426e-09,5.991009124064395e-12,-3.811459803884838e-08,1.6728259186835717e-05,1.669014458879687e-05
DEHHALKAJ0001078,478.849609375,"(1958, 1968)",4.9051813832421895e-12,7.954553613024852e-14,1.0698740134720395e-10,7.786812709359926e-06,1.1441887466060139e-10,1.5301046713446268e-09,,,,,,7.91931536716085e-10,,7.873724126953125e-11,3.065953934826015e-10,1.6984204781747384e-09,4.3221037447803874e-12,-1.783758363734271e-08,7.791337239659318e-06,7.773499656021976e-06
DEHHALKAJ000107v,685.254638671875,"(1969, 1978)",,,,0.000253987015925933,2.0466734323345295e-05,2.4666287940506758e-08,,,,,,1.1332885122941378e-09,,3.010384729557495e-10,2.046744390816048e-05,7.808156951161006e-07,5.469103100793507e-10,3.0633744359668723e-06,0.0002957286573777907,0.00029879203181375756
DEHHALKAJ000109H,1071.4990234375,"(1949, 1957)",3.692289759960278e-12,1.3537483231529725e-13,1.4026228451226627e-10,2.2500728855061606e-05,3.4821292911707254e-10,1.7943900166075587e-09,,,,,,1.7720675452926732e-09,,2.2949835390935367e-10,8.931337581261759e-10,4.946662541978527e-09,3.346830814581785e-10,-5.0697309191711855e-08,2.251104750328809e-05,2.2460350194096376e-05
DEHHALKAJ000108E,598.4482421875,"(1969, 1978)",,,,0.0002489487647749764,2.0108297965017505e-05,2.477605628170697e-08,,,,,,9.897262534999313e-10,,2.8930612830054247e-10,2.0108987416888327e-05,7.670020741528485e-07,3.687400546245623e-10,3.010946611654013e-06,0.0002899594760597532,0.00029297042267140724
DEHHALKAJ000108obt_0,823.3544921875,"(1979, 1983)",,,,1.5925115865672997e-05,4.580606399848113e-09,1.718680963760782e-08,,,,,,1.3616946272505685e-09,,8.757121520768326e-10,7.467535133430491e-09,1.1373795371399235e-08,2.5933123943390786e-09,-1.1294799628180144e-07,1.5970555331388948e-05,1.5857607335107147e-05
DEHHALKAJ000108obt_1,1615.3154296875,"(1979, 1983)",,,,4.464097998969537e-05,9.214500457527834e-09,3.4329939030876324e-08,,,,,,2.671452570325958e-09,,1.7577392425468952e-09,1.5016108017672143e-08,2.2780102102670686e-08,5.184082204824771e-09,-2.2612990283068136e-07,4.473193391332182e-05,4.450580401049114e-05
DEHHALKAJ000108obt_2,460.986328125,"(1979, 1983)",,,,9.988762851122178e-06,2.649344090050323e-09,9.85001088957482e-09,,,,,,7.624161164064904e-10,,5.05057603852469e-10,4.316922129780855e-09,6.541105594345133e-09,1.4877147458491612e-09,-6.492257124162033e-08,1.0014875422292038e-05,9.949952851050418e-06
DEHHALKAJ00010Dn,1353.4423828125,"(1958, 1968)",1.1825842660449292e-11,2.1290372228838271e-13,2.746500181749682e-10,2.196631296278672e-05,3.230762800167585e-10,3.7479413972222525e-09,,,,,,2.238351340871384e-09,,2.2254653100585938e-10,8.66464558276465e-10,4.7999060079157725e-09,9.515776447086033e-12,-5.0192593979656136e-08,2.1978520764678476e-05,2.192832817069882e-05
DEHHALKAJ000107Tbt_0,558.22998046875,"(1979, 1983)",,,,1.6902013978300063e-05,2.3923943251189713e-09,9.960034839925191e-09,,,,,,9.232484369194356e-10,,4.730082688124223e-10,3.923810787014396e-09,6.346515180827405e-09,1.48735889849215e-09,-6.340051103838903e-08,1.692752034903717e-05,1.686411983799878e-05
DEHHALKAJ000107Tbt_1,1430.43212890625,"(1979, 1983)",,,,2.6231217556026874e-05,6.3584263479371505e-09,2.6133950945086843e-08,,,,,,2.365678883546133e-09,,1.2517809194875053e-09,1.0420459005190587e-08,1.6727360907766563e-08,3.9072277153231714e-09,-1.6697796231353554e-07,2.629838244075121e-05,2.6131404478437673e-05
DEHHALKAJ00010BU,1223.6181640625,"(1949, 1957)",4.216478707348905e-12,1.545937981786457e-13,1.6017511477659528e-10,2.5761886865411438e-05,3.988398891563283e-10,2.0546487051177562e-09,,,,,,2.023645352236653e-09,,2.627605683738904e-10,1.0225796178516283e-09,5.663592734820836e-09,3.864703576713808e-10,-5.804371603519259e-08,2.5773699402636665e-05,2.5715655686601474e-05
DEHHALKAJ00010Dl,750.333984375,"(1949, 1957)",2.585583772321195e-12,9.479834800909587e-14,9.822086300927685e-11,1.6353268594979195e-05,2.544936238797493e-10,1.3058177105847545e-09,,,,,,1.2409181091594298e-09,,1.6679411276014026e-10,6.49109769993079e-10,3.5950288612968555e-09,2.7259229092137436e-10,-3.68229288590656e-08,1.636075334945779e-05,1.6323930420598723e-05
DEHHALKAJ000108Y,2588.2119140625,"(1949, 1957)",8.918746669728142e-12,3.2699866840625537e-13,3.3880433666064556e-10,5.48000765098693e-05,8.491323750001386e-10,4.371462973423454e-09,,,,,,4.2804390353443235e-09,,5.589366561670707e-10,2.1752023483584307e-09,1.2047388982296227e-08,8.37224851872913e-10,-1.234519771854531e-07,5.482519629709177e-05,5.470174431990632e-05
DEHHALKAJ00010Cs,598.256103515625,"(1949, 1957)",1.8324773354605337e-12,6.718630663813917e-14,6.961194112550099e-11,1.21455222002073e-05,1.9028165535410156e-10,9.71328101127438e-10,,,,,,9.894085532956623e-10,,1.2387490879394532e-10,4.820828135292446e-10,2.669903444599502e-09,2.287745409107016e-10,-2.7306400829412897e-08,1.215117785422491e-05,1.2123871453395496e-05
DEHHALKAJ000109s,1131.0458984375,"(1949, 1957)",3.8974829631185814e-12,1.428980759596674e-13,1.4805714063473997e-10,2.3683864075711003e-05,3.6636295473277294e-10,1.8885538819910986e-09,,,,,,1.870547406964445e-09,,2.415661656317923e-10,9.400976497231509e-10,5.206783949640565e-09,3.489676392282355e-10,-5.336694738599514e-08,2.3694726955358917e-05,2.3641360007972922e-05
DEHHALKAJ00010By,599.380859375,"(1949, 1957)",2.0654128104444253e-12,7.572669835067032e-14,7.846066752273313e-11,1.2615184676034453e-05,1.952958272097058e-10,1.0061171918060843e-09,,,,,,9.91268655841044e-10,,1.2866967306812524e-10,5.007409769059555e-10,2.7733719445052105e-09,1.8904740247550557e-10,-2.8423245888026924e-08,1.2620969187706264e-05,1.2592545941818236e-05
DEHHALKAJ00010Hy,580.6455078125,"(1949, 1957)",2.0008524653481243e-12,7.335964525900737e-14,7.600815645756557e-11,1.2445922299686334e-05,1.9320845831354777e-10,9.932483169448405e-10,,,,,,9.602837471174229e-10,,1.269422748599858e-10,4.940187947332873e-10,2.7361051934688024e-09,1.975547536058691e-10,-2.8032819682326645e-08,1.2451623661225377e-05,1.242359084154305e-05
DEHHALKAJ00010pb,902.23828125,"(1969, 1978)",,,,0.00037331649096508234,3.031583578076449e-05,3.6712537504424724e-08,,,,,,1.4921405605136275e-09,,4.1606903110764526e-10,3.0316826250904283e-05,1.155922713336782e-06,5.529283798011374e-10,4.543890783121201e-06,0.0004351442493855638,0.00043968814016868496
DEHHALKAJ00010Nn,809.625,"(1949, 1957)",2.789895306966846e-12,1.0228926598705913e-13,1.0598222640831691e-10,1.7160558266285273e-05,2.6594784369516944e-10,1.3689682018313945e-09,,,,,,1.3389748139836449e-09,,1.7503007580365837e-10,6.811609093476407e-10,3.772615148258311e-09,2.630691303588706e-10,-3.865957153084792e-08,1.7168424032408553e-05,1.7129764460877706e-05
DEHHALKAJ00010fSbt_0,1030.7373046875,"(1979, 1983)",,,,1.952119887394885e-05,5.181455435266144e-09,2.003216876483463e-08,,,,,,1.7046560665223917e-09,,9.999745362150876e-10,8.461250343489172e-09,1.3109520960647695e-08,3.013279526372557e-09,-1.304096299622363e-07,1.9573701179582198e-05,1.944329154961996e-05
DEHHALKAJ00010fSbt_1,207.1416015625,"(1979, 1983)",,,,4.864619338038606e-06,1.0412885731453678e-09,4.025754672744847e-09,,,,,,3.4259534652627746e-10,,2.0095937734213583e-10,1.7004117510414085e-09,2.6345989619560037e-09,6.055754398732682e-10,-2.620848104620831e-08,4.875170522161236e-06,4.848962041115027e-06
DEHHALKAJ00010hJbt_1,846.0361328125,"(1979, 1983)",,,,1.6249559640895434e-05,4.468777216441092e-09,1.7021604374114357e-08,,,,,,1.3992024220160417e-09,,8.583764993088542e-10,7.2913303598909e-09,1.1201076533010421e-08,2.5643525956046358e-09,-1.1132965774600642e-07,1.6294364360895822e-05,1.6183034703149816e-05
DEHHALKAJ00010Mlbt_0,379.3408203125,"(1979, 1983)",,,,7.87350232690349e-06,2.0025529476262447e-09,7.629012470806228e-09,,,,,,6.273860389143862e-10,,3.846767921609867e-10,3.267429406325446e-09,5.019994778674066e-09,1.1493205794851583e-09,-4.9895344118667676e-08,7.893582699917483e-06,7.843687355798816e-06
DEHHALKAJ00010Mlbt_1,2192.3134765625,"(1979, 1983)",,,,4.147250852705863e-05,1.2030472727803202e-08,4.531687113411804e-08,,,,,,3.6256943905177762e-09,,2.3027866341925957e-09,1.9616942422620486e-08,2.994526784056924e-08,6.835022480727031e-09,-2.97440211888999e-07,4.159218158468917e-05,4.1294741372800174e-05
DEHHALKAJ00010iu,602.981689453125,"(1969, 1978)",,,,0.00022146145963017786,1.8009423982972178e-05,2.251307618821128e-08,,,,,,9.972237517456966e-10,,2.434437069249268e-10,1.8010001131131947e-05,6.866075501031509e-07,3.6955936632476736e-10,2.6999460804239815e-06,0.00025819161559739837,0.00026089156167782233
DEHHALKAJ00010HQ,661.7978515625,"(1969, 1978)",,,,0.00027432019968768586,2.2236876721019383e-05,2.7132087279098454e-08,,,,,,1.09449515785002e-09,,3.1006347416020585e-10,2.2237615095224138e-05,8.4798193498442e-07,4.0650048416812817e-10,3.331869429911229e-06,0.00031967161658530906,0.0003230034860152203
DEHHALKAJ00010LW,648.451171875,"(1949, 1957)",2.2345047166419196e-12,8.192631699804486e-14,8.48841116719403e-11,1.382862326935653e-05,2.145089061643537e-10,1.103400466566167e-09,,,,,,1.072422169988619e-09,,1.4104544934166483e-10,5.48903754683483e-10,3.040094566400739e-09,2.1609644207580157e-10,-3.114996822822264e-08,1.3834959741111752e-05,1.3803809772883528e-05
DEHHALKAJ00010ZK,694.1630859375,"(1969, 1978)",,,,0.00028739470268081296,2.3324366573603814e-05,2.8283060043718916e-08,,,,,,1.1480214642768691e-09,,3.2186027782001706e-10,2.3325132880705077e-05,8.89380086368156e-07,4.256115262042596e-10,3.495593538737026e-06,0.000334963760774802,0.00033845935431353906
DEHHALKAJ00010kz,1332.9111328125,"(1949, 1957)",4.593092498425143e-12,1.6840203971143446e-13,1.74481876745284e-10,2.840836807198984e-05,4.4062993358258536e-10,2.2666872930444584e-09,,,,,,2.204396361024988e-09,,2.89752057853023e-10,1.1276222675155104e-09,6.245320316973958e-09,4.4311742794446186e-10,-6.399255882183865e-08,2.8421385597647783e-05,2.8357393038825945e-05
DEHHALKAJ00010Qw,715.884765625,"(1958, 1968)",6.3103985399172445e-12,1.1293597450428315e-13,1.460247805084165e-10,1.161993739859597e-05,1.7089550731966022e-10,1.9980655158961144e-09,,,,,,1.183945232849225e-09,,1.1771293201171876e-10,4.5830753238884757e-10,2.5388603029848264e-09,5.106475092749307e-12,-2.655476829857432e-08,1.1626410292094514e-05,1.159985552379594e-05
DEHHALKAJ00010MKbt_0,334.86328125,"(1979, 1983)",,,,7.403505993857399e-06,2.2885845067370368e-09,7.910821509222208e-09,,,,,,5.538409165174334e-10,,4.267798878445819e-10,3.7147409612665815e-09,5.4037377730159175e-09,1.2043970189218723e-09,-5.3405022971047724e-08,7.425008896430925e-06,7.371603873459877e-06
DEHHALKAJ00010OW,1385.126953125,"(1969, 1978)",,,,0.0005734253920283163,4.654123678328981e-05,5.603548847717098e-08,,,,,,2.2907519461728483e-09,,6.421358049440305e-10,4.6542765767775724e-05,1.7746590535848455e-06,8.475758072023855e-10,6.975205685975487e-06,0.0006683438695850022,0.0006753190752709777
DEHHALKAJ00010f9bt_1,396.541015625,"(1979, 1983)",,,,1.090568179004407e-05,1.4131172145501104e-09,6.1496545056065e-09,,,,,,6.558338246800327e-10,,2.836291730557946e-10,2.3240769658450317e-09,3.858686428543352e-09,9.145371229183113e-10,-3.864258014760623e-08,1.0921281325279267e-05,1.0882638745131662e-05
DEHHALKAJ00010NS,425.843994140625,"(1958, 1968)",4.901106845694184e-12,6.886973236558698e-14,9.850480048786385e-11,6.176869731895859e-06,9.060941303160021e-11,1.4991911544547858e-09,,,,,,7.042697528781564e-10,,6.224135818359375e-11,2.4241754362313326e-10,1.3428869159059668e-09,4.772629037441932e-12,-1.4213179080573702e-08,6.180816120662974e-06,6.1666029415824e-06
DEHHALKAJ00010LF,579.9189453125,"(1984, 1994)",,,,1.2717365553918411e-05,3.2864233120370476e-09,1.1206999599087013e-08,,,,,,9.59082109970569e-10,,6.273742723540992e-10,5.356905695470648e-09,8.135091814664528e-09,1.8474360657437315e-09,-8.044337662399639e-08,1.274878486678774e-05,1.2668341490163742e-05
DEHHALKAJ00010KN,390.866455078125,"(1949, 1957)",1.1972362938103482e-12,4.3895705118795306e-14,4.548047650318887e-11,7.93519001261717e-06,1.2431919316425781e-10,6.346104442134329e-10,,,,,,6.464231799232659e-10,,8.093280818847656e-11,3.1496533584313434e-10,1.74436041966897e-09,1.4946180928485502e-10,-1.7842539757404942e-08,7.938885085807453e-06,7.921042546050048e-06
DEHHALKAJ00010n9,364.85595703125,"(1969, 1978)",,,,0.00013691952319305723,1.089729848693793e-05,1.4224190742406584e-08,,,,,,6.034064472331831e-10,,1.7677066329223648e-10,1.0897719633042498e-05,4.1609064901031897e-07,2.2658372935260384e-10,1.627193877945323e-06,0.00015914586291363028,0.0001607730567915756
DEHHALKAJ00010Zr,287.15478515625,"(1949, 1957)",8.795641740646677e-13,3.224851252622933e-14,3.3412784058091404e-11,5.829688848693996e-06,9.133260411601562e-11,4.662242650871559e-10,,,,,,4.749026471300129e-10,,5.945826981445312e-11,2.313933600768124e-10,1.2815210472833894e-09,1.0981877023393635e-10,-1.3103417515506773e-08,5.8324034996577375e-06,5.819300082142231e-06
DEHHALKAJ00010Ir,1416.34765625,"(1949, 1957)",4.880607292518594e-12,1.7894353823103787e-13,1.8540395612484361e-10,2.9592506405624632e-05,4.576071101339011e-10,2.35952516196954e-09,,,,,,2.3423854067094977e-09,,3.018323004457142e-10,1.1746339335107944e-09,6.505786855506918e-09,4.3279656371615365e-10,-6.66835665833698e-08,2.9606080972956622e-05,2.9539397406373254e-05
DEHHALKAJ00010IZbt_1,169.8310546875,"(1979, 1983)",,,,3.2888897132201433e-06,1.3324951688719815e-09,4.248692370693327e-09,,,,,,2.8089619182533296e-10,,2.4280737928308517e-10,2.1542803282548356e-09,2.998842589130059e-09,6.529969510750707e-10,-2.949445423999153e-08,3.3008007241992767e-06,3.2713062699592852e-06
DEHHALKAJ00010k6,488.178955078125,"(1949, 1957)",1.495307554026661e-12,5.482424797243818e-14,5.6803573720196014e-11,9.910786823309598e-06,1.5527045881425782e-10,7.926069364940922e-10,,,,,,8.073606268925246e-10,,1.0108233443847657e-10,3.933811972512561e-10,2.17865067886753e-09,1.8668255164265112e-10,-2.228153775379851e-08,9.915401858094e-06,9.8931203203402e-06
DEHHALKAJ00010Ji,624.638671875,"(1949, 1957)",2.1524489723193653e-12,7.891780917489607e-14,8.176698736581334e-11,1.3531088639927805e-05,2.103850423336053e-10,1.0802413140459673e-09,,,,,,1.0330405645058586e-09,,1.38009821506577e-10,5.370903354751781e-10,2.974633212520511e-09,2.216307775424891e-10,-3.047139423510761e-08,1.3537283670995737e-05,1.350681227676063e-05
DEHHALKAJ00010JR,660.173828125,"(1958, 1968)",6.225698979389944e-12,1.065250800270019e-13,1.4019216245739265e-10,1.072417196381406e-05,1.576605162552008e-10,1.9575707796248476e-09,,,,,,1.0918093234251742e-09,,1.0855238255859374e-10,4.2266359733812056e-10,2.341400461164879e-09,5.2474515133104366e-12,-2.453297785974858e-08,1.0730256868325939e-05,1.070572389046619e-05
DEHHALKAJ00010fI,2724.6953125,"(1949, 1957)",1.0730349998379589e-11,3.934196463851511e-13,4.0762331838363236e-10,5.716931888345261e-05,8.6521594200625e-10,4.536049849213506e-09,,,,,,4.506158135760245e-09,,5.8313929078125e-10,2.2693885566189195e-09,1.2570462266702367e-08,4.4662940903045136e-10,-1.2906216443935219e-07,5.7195095926902717e-05,5.7066033762463364e-05
DEHHALKAJ00010m0,777.3193359375,"(1984, 1994)",,,,1.587036457791367e-05,4.034752632034764e-09,1.4028035465884689e-08,,,,,,1.2855469939100923e-09,,7.764177999426493e-10,6.586099870318523e-09,1.0147890643570598e-08,2.320056253448053e-09,-1.0046536001476872e-07,1.590954337757278e-05,1.580907801755801e-05
DEHHALKAJ00010n5,589.107421875,"(1949, 1957)",2.030011464058546e-12,7.442873647815042e-14,7.71158451924979e-11,1.2029393623826679e-05,1.8535199240536187e-10,9.58362332203711e-10,,,,,,9.742782190519145e-10,,1.2269647503196708e-10,4.774947255962595e-10,2.6446803704859324e-09,1.6213412319285444e-10,-2.7118280921140027e-08,1.2034918622064647e-05,1.2007800341143508e-05
DEHHALKAJ00010L9,630.291015625,"(1969, 1978)",,,,0.0002616251389857646,2.117823011374959e-05,2.5829297997832024e-08,,,,,,1.0423885013142904e-09,,2.990530533746127e-10,2.1178942524505386e-05,8.076919507590796e-07,3.8718316571510336e-10,3.1724497459542223e-06,0.0003048175614974969,0.0003079900112434511
DEHHALKAJ00010XQbt_0,2723.8212890625,"(1979, 1983)",,,,6.719500594344776e-05,1.3900516685728163e-08,5.349511126405779e-08,,,,,,4.504713472405971e-09,,2.678764015345425e-09,2.2693474657442968e-08,3.506879653591515e-08,8.050846552130622e-09,-3.4876651661442556e-07,6.733539816663077e-05,6.698663165001635e-05
DEHHALKAJ00010XQbt_1,1487.9638671875,"(1979, 1983)",,,,3.060239748449152e-05,8.756151086394495e-09,3.2342816438880276e-08,,,,,,2.4608266511986263e-09,,1.6658629897472874e-09,1.4262457223580266e-08,2.1531071679163917e-08,4.888318980029176e-09,-2.1362120405155225e-07,3.0688304989540515e-05,3.047468378548896e-05
DEHHALKAJ00010XQbt_2,396.0400390625,"(1979, 1983)",,,,8.283716291581943e-06,2.3296129978521944e-09,8.605905451185255e-09,,,,,,6.550077492179662e-10,,4.432254500403863e-10,3.7946133165375674e-09,5.72883901646136e-09,1.3006899687546867e-09,-5.683926340251745e-08,8.306574185531991e-06,8.249734922129473e-06
DEHHALKAJ00010XQbt_3,433.8203125,"(1979, 1983)",,,,8.900839897585601e-06,2.4963238855426455e-09,9.277882564613183e-09,,,,,,7.174893574347742e-10,,4.758355199124718e-10,4.0675087652569594e-09,6.161953163133152e-09,1.4013466259373297e-09,-6.115798722503936e-08,8.92543823746743e-06,8.86428025024239e-06
DEHHALKAJ00010F7,855.0908203125,"(1949, 1957)",2.9465664556063297e-12,1.0803348755539652e-13,1.1193383222854138e-10,1.788828563118016e-05,2.7667103082674073e-10,1.4263655717586249e-09,,,,,,1.4141671368348804e-09,,1.8245360443424735e-10,7.100505933498339e-10,3.932658062437996e-09,2.6272801532168974e-10,-4.030844037986328e-08,1.789649072519512e-05,1.785618228481526e-05
DEHHALKAJ00010FPbt_1,393.203125,"(1979, 1983)",,,,7.992079871222121e-06,2.134150972651005e-09,8.064554559664508e-09,,,,,,6.503125690603143e-10,,4.089099509520384e-10,3.4805696658229477e-09,5.322723019215634e-09,1.215959793315193e-09,-5.2879370229679276e-08,8.013357051752804e-06,7.960477681523124e-06
DEHHALKAJ00010FT,738.9658203125,"(1958, 1968)",5.7323387930589315e-12,1.1200421918606218e-13,1.4009576488532466e-10,1.1978235096018407e-05,1.7628177436718748e-10,1.8413349348617267e-09,,,,,,1.222117175271558e-09,,1.2150814983398437e-10,4.730426623015303e-10,2.620515701218603e-09,4.301533033324853e-12,-2.730354292968004e-08,1.1984694197949297e-05,1.1957390655019617e-05
DEHHALKAJ00010Sj,884.236328125,"(1958, 1968)",8.024801298779367e-12,1.4084288549959958e-13,1.835009127820666e-10,1.4357379717031034e-05,2.11120722357525e-10,2.533143705132898e-09,,,,,,1.462368572204164e-09,,1.4539497943359377e-10,5.660985449477356e-10,3.1359856784560056e-09,6.629001338406087e-12,-3.2819569466530657e-08,1.4365440458234903e-05,1.4332620888768372e-05
DEHHALKAJ00010H5bt_0,784.65625,"(1979, 1983)",,,,1.4935988091174919e-05,4.0270543665968515e-09,1.5471364837297402e-08,,,,,,1.2976918841272801e-09,,7.756317866664295e-10,6.573782631820812e-09,1.0148464904946425e-08,2.328738152489088e-09,-1.0091741941636245e-07,1.4976610819738865e-05,1.4875693400322502e-05
DEHHALKAJ00010H5bt_2,213.65234375,"(1979, 1983)",,,,4.376915766430624e-06,1.1463624799403624e-09,4.346412127775894e-09,,,,,,3.5336019701105034e-10,,2.198774819448501e-10,1.8699419639137524e-09,2.865104713165936e-09,6.551166214196143e-10,-2.8469325975051293e-08,4.388371942015796e-06,4.3599026160407445e-06
DEHHALKAJ00010Hwbt_0,881.7412109375,"(1979, 1983)",,,,1.7960120327542287e-05,5.847691322241946e-09,2.0933942763196854e-08,,,,,,1.458267087932559e-09,,1.1019430858748808e-09,9.509033376947198e-09,1.4104527942781503e-08,3.1746846163767627e-09,-1.3968236410776074e-07,1.801625041773764e-05,1.787656805362988e-05
DEHHALKAJ00010Hwbt_1,396.0859375,"(1979, 1983)",,,,1.4816758703537086e-05,2.6196264390459496e-09,9.384370364353477e-09,,,,,,6.551164930077602e-10,,4.937469848304013e-10,4.259981630204162e-09,6.321520126228404e-09,1.423150804376989e-09,-6.260883362481173e-08,1.4841916216379133e-05,1.4779307382754321e-05
DEHHALKAJ00010Llbt_0,1279.119140625,"(1979, 1983)",,,,2.461828195872674e-05,6.71931327262637e-09,2.563558132916318e-08,,,,,,2.115434654117969e-09,,1.291328757480956e-09,1.0964342017936245e-08,1.6859284432340625e-08,3.861422842145324e-09,-1.675834119478251e-07,2.4685728666032547e-05,2.4518145254084722e-05
DEHHALKAJ00010cJ,1133.9541015625,"(1969, 1978)",,,,0.00047056517054132443,3.810166932390192e-05,4.61532835936601e-08,,,,,,1.8753570278587464e-09,,5.369969107290006e-10,3.810294862015193e-05,1.4530932988933446e-06,6.952292807040505e-10,5.707846234829297e-06,0.0005482721426510847,0.0005539799888859139
DEHHALKAJ00010kC,1404.9287109375,"(1969, 1978)",,,,0.0005811200050258411,4.720658219495264e-05,5.700382024035688e-08,,,,,,2.323500507694737e-09,,6.460270343735236e-10,4.720812002516144e-05,1.799915794742628e-06,8.602905100585571e-10,7.076008343094453e-06,0.0006773954566789903,0.0006844714650220847
DEHHALKAJ00010mrbt_1,210.458984375,"(1979, 1983)",,,,5.34471979532804e-06,1.3030861444692768e-09,4.747960369748708e-09,,,,,,3.480882989331548e-10,,2.4687522123864474e-10,2.120966182198097e-09,3.1773612600591166e-09,7.186753072929762e-10,-3.149947126086129e-08,5.35738280811198e-06,5.325883336851119e-06
DEHHALKAJ00010mrbt_2,786.5283203125,"(1979, 1983)",,,,1.528763517684518e-05,4.873654133758623e-09,1.7754174252861365e-08,,,,,,1.3007984169744925e-09,,9.232772265074106e-10,7.932505006223965e-09,1.1881865600868279e-08,2.6873545077970715e-09,-1.1779074693239857e-07,1.5334988805990174e-05,1.5217198059057777e-05
DEHHALKAJ00010mrbt_4,268.2744140625,"(1979, 1983)",,,,5.857103247664799e-06,1.4217521076600912e-09,5.41014822813749e-09,,,,,,4.4370077657594266e-10,,2.73010029426554e-10,2.319627171848899e-09,3.5614935178936146e-09,8.151469271123989e-10,-3.53965662989787e-08,5.871348126423453e-06,5.835951560124474e-06
DEHHALKAJ00010lN,589.67431640625,"(1949, 1957)",1.8061910505680532e-12,6.62225411590317e-14,6.861338071717613e-11,1.1971297190805058e-05,1.8755212756914062e-10,9.573947188715036e-10,,,,,,9.752158094003195e-10,,1.2209796395507813e-10,4.751674215849586e-10,2.631602985891158e-09,2.2548860057081168e-10,-2.691607861103968e-08,1.1976871710432902e-05,1.1949955631821863e-05
DEHHALKAJ00010O9bt_0,974.098388671875,"(1979, 1983)",,,,1.8980129405894032e-05,6.328783159600255e-09,2.2130455787636644e-08,,,,,,1.6110093981579852e-09,,1.1842435330717462e-09,1.0278729653197306e-08,1.5048057859639655e-08,3.3648869452129613e-09,-1.4882072496811439e-07,1.9040075572230545e-05,1.889125484726243e-05
DEHHALKAJ00010O9bt_1,463.212890625,"(1979, 1983)",,,,9.367425476923993e-06,2.9192397539392593e-09,1.0281429588292485e-08,,,,,,7.661069601027734e-10,,5.474163879202669e-10,4.742970779751345e-09,6.971452299156502e-09,1.5620251937808787e-09,-6.897486654731481e-08,9.395216117886937e-06,9.326241251339622e-06
DEHHALKAJ00010O9bt_2,464.256591796875,"(1979, 1983)",,,,9.422385527671811e-06,3.1640439307120165e-09,1.0943828065932234e-08,,,,,,7.6783653985637e-10,,5.901463067024819e-10,5.135916258640486e-09,7.473630387550456e-09,1.6660328015480408e-09,-7.386423048851522e-08,9.452126961962755e-06,9.37826273147424e-06
DEHHALKAJ00010UZ,1314.66015625,"(1949, 1957)",4.530201266238291e-12,1.660961833012135e-13,1.7209277175196022e-10,2.769733844699494e-05,4.2884822029575533e-10,2.209063186830717e-09,,,,,,2.174212505425089e-09,,2.825012349101349e-10,1.0994042309593432e-09,6.089089822548662e-09,4.1643605212979346e-10,-6.239867012225758e-08,2.7710038002248037e-05,2.764763933212578e-05
DEHHALKAJ00010gr,2024.767578125,"(1949, 1957)",6.977167903547401e-12,2.5581224562087593e-13,2.650478627624681e-10,4.2992047898975935e-05,6.664525346877988e-10,3.429862827941419e-09,,,,,,3.3486029999912417e-09,,4.3849947072681254e-10,1.7064993782459713e-09,9.45144853902524e-09,6.627514700876192e-10,-9.685012478953807e-08,4.301175201619664e-05,4.29149018914071e-05
DEHHALKAJ00010ZQ,2617.6005859375,"(1949, 1957)",9.020017403391321e-12,3.30711678348424e-13,3.426513978019097e-10,5.534903689754187e-05,8.574661437482764e-10,4.415050487066078e-09,,,,,,4.3290426359281165e-09,,5.645361850786726e-10,2.1969935684855095e-09,1.2168087383429461e-08,8.420223769119292e-10,-1.2469647744958373e-07,5.537441009632252e-05,5.524971361887293e-05
DEHHALKAJ00010G5bt_0,313.968017578125,"(1979, 1983)",,,,6.092617880478138e-06,2.1479013662036803e-09,7.422888081701561e-09,,,,,,5.192770433573803e-10,,4.005189106289608e-10,3.4863494167371914e-09,5.070837963758366e-09,1.130127008911129e-09,-5.0114077879083797e-08,6.112795780269437e-06,6.062681702390353e-06
DEHHALKAJ00010le,1411.2080078125,"(1969, 1978)",,,,0.0005833191873038836,4.7417565269003626e-05,5.684382216163559e-08,,,,,,2.333885340227207e-09,,6.451440770383491e-10,4.741910089690409e-05,1.8078793715061567e-06,8.623578637502631e-10,7.108564858858815e-06,0.00068002441805074,0.0006871329829095988
DEHHALKAJ00010da,1340.302734375,"(1969, 1978)",,,,0.0005546730341078832,4.503510859739833e-05,5.443169490891871e-08,,,,,,2.2166207150795584e-09,,6.191887149002283e-10,4.5036582717682443e-05,1.717182541993422e-06,8.20974363525924e-10,6.749883627157773e-06,0.0006465199964436599,0.0006532698800708177
DEHHALKAJ00010al,1089.498046875,"(1949, 1957)",3.754312784222458e-12,1.376488565807359e-13,1.4261840812144553e-10,2.293319084736238e-05,3.550349190960903e-10,1.8290311569886771e-09,,,,,,1.8018347053039094e-09,,2.339090632201353e-10,9.102988330785683e-10,5.04172249300454e-09,3.437924941442111e-10,-5.167062322026263e-08,2.2943706471027217e-05,2.2892035847806955e-05
DEHHALKAJ00010HUbt_0,828.4677734375,"(1979, 1983)",,,,1.6145551489547638e-05,4.744991724015934e-09,1.765830786483299e-08,,,,,,1.3701530404383304e-09,,9.048295799911899e-10,7.732037763350497e-09,1.1722028228102356e-08,2.666760234258091e-09,-1.1635083829754318e-07,1.6192350597982632e-05,1.607599975968509e-05
DEHHALKAJ00010HUbt_1,357.841796875,"(1979, 1983)",,,,7.0608128846290075e-06,2.1254180337245995e-09,7.830862201236369e-09,,,,,,5.918315014337392e-10,,4.0404655577530824e-10,3.461510670527936e-09,5.218121978253862e-09,1.1838779395623499e-09,-5.176403153537097e-08,7.0816285535095215e-06,7.02986452197415e-06
DEHHALKAJ00010HUbt_2,579.6181640625,"(1979, 1983)",,,,1.1186956137712632e-05,3.1592528960041555e-09,1.1923635022463086e-08,,,,,,9.586060779393043e-10,,6.05090797275928e-10,5.1520496110586195e-09,7.87335184779319e-09,1.7980464309001626e-09,-7.821328162501247e-08,1.1218426170396067e-05,1.1140212888771055e-05
DEHHALKAJ00010HUbt_3,338.2734375,"(1979, 1983)",,,,6.186517062604136e-06,1.8659872179278196e-09,7.0183785186437124e-09,,,,,,5.594624926096612e-10,,3.5700699743999565e-10,3.0424349539653344e-09,4.640319872956708e-09,1.0587259464843485e-09,-4.608729771703251e-08,6.205059378604164e-06,6.158972080887132e-06
DEHHALKAJ00010HUbt_4,846.8369140625,"(1979, 1983)",,,,1.5997665631183347e-05,4.628381061853129e-09,1.745463024972297e-08,,,,,,1.400526469699043e-09,,8.862534451465725e-10,7.547544900646519e-09,1.1528944359699351e-08,2.632315182561291e-09,-1.1452233259447435e-07,1.604374422685268e-05,1.5929221894258206e-05
DEHHALKAJ00010Ok,1045.513671875,"(1958, 1968)",9.427416752781188e-12,1.6617427696791774e-13,2.1613912814119107e-10,1.6974761049439963e-05,2.4961772822991376e-10,2.9778946898812375e-09,,,,,,1.7290924078876994e-09,,1.7191381306640627e-10,6.693465611144439e-10,3.7079385884494214e-09,7.737804964042386e-12,-3.880517129060584e-08,1.698427459103356e-05,1.6945469419742956e-05
DEHHALKAJ00010Nr,1493.20703125,"(1969, 1978)",,,,0.0006187734801069479,5.01728119950741e-05,6.065922985208289e-08,,,,,,2.4694970414915186e-09,,6.9825065965386e-10,5.017447490479387e-05,1.9132632068639864e-06,9.148536862203359e-10,7.518111304558283e-06,0.0007210987720449193,0.0007286168833494776
DEHHALKAJ00010FD,632.396484375,"(1949, 1957)",2.1791817000464968e-12,7.989794312121718e-14,8.278250719389211e-11,1.3716794165155266e-05,2.133130620416086e-10,1.0951149899509474e-09,,,,,,1.0458705950762056e-09,,1.399038423213183e-10,5.444612847079773e-10,3.015453922775821e-09,2.255141925965906e-10,-3.0888904009897324e-08,1.3723073797044736e-05,1.3692184893034838e-05
DEHHALKAJ00010LB,764.4580078125,"(1969, 1978)",,,,0.00031659927476175874,2.568632680895928e-05,3.10432230791349e-08,,,,,,1.2642766662893465e-09,,3.5557244324613425e-10,2.5687173494848946e-05,9.794678553386009e-07,4.682843290789747e-10,3.849362162075959e-06,0.00036898537427742324,0.0003728347364394992
DEHHALKAJ00010Fv,605.6279296875,"(1949, 1957)",2.086939655770515e-12,7.651596280870358e-14,7.927842688076685e-11,1.31392483970811e-05,2.0433856571775202e-10,1.0490135048772279e-09,,,,,,1.0016001991512384e-09,,1.3401317638835166e-10,5.215366892108068e-10,2.8884874688140814e-09,2.1616504828321307e-10,-2.9588206466875256e-08,1.3145263551733543e-05,1.3115675345266667e-05
DEHHALKAJ00010NO,2445.3046875,"(1949, 1957)",8.426301153941987e-12,3.089435499139602e-13,3.20097372274749e-10,5.1802571163331234e-05,8.027523647524704e-10,4.132427758967505e-09,,,,,,4.044096073023267e-09,,5.283633475214721e-10,2.0562206258642788e-09,1.1388398700856323e-08,7.927944068879623e-10,-1.1670272803429057e-07,5.18263162166091e-05,5.170961348857481e-05
DEHHALKAJ00010kp,598.71484375,"(1969, 1978)",,,,0.00024776976323971807,2.0117237087062236e-05,2.440516505396513e-08,,,,,,9.901671579720847e-10,,2.7648936363069504e-10,2.0117895292142862e-05,7.670652926842354e-07,3.67101769206584e-10,3.015176658738075e-06,0.00028879799983495217,0.00029181317649369025
DEHHALKAJ00010c0bt_0,1328.0634765625,"(1979, 1983)",,,,3.275803769716922e-05,5.775120890116678e-09,2.339305756435761e-08,,,,,,2.1963830341700874e-09,,1.1314867066555388e-09,9.456280427354346e-09,1.5051669859455716e-08,3.5025509763828826e-09,-1.5013005838362798e-07,3.2818544246627715e-05,3.2668414188244086e-05
DEHHALKAJ00010c0bt_2,2534.205078125,"(1979, 1983)",,,,5.7697641825937544e-05,1.0161198244079975e-08,4.233394935780942e-08,,,,,,4.191121912547446e-09,,2.009493521523739e-09,1.666629741932465e-08,2.6967442441149113e-08,6.321203757656077e-09,-2.694066982898478e-07,5.780629253259164e-05,5.753688583430179e-05
DEHHALKAJ00010pZbt_1,1065.1142578125,"(1979, 1983)",,,,2.1380128343713995e-05,6.403193832429568e-09,2.3514861090342127e-08,,,,,,1.7615170535504648e-09,,1.2160372896084991e-09,1.042655970875311e-08,1.5688765873348372e-08,3.5562484057672342e-09,-1.5560382214801867e-07,2.1442695526967796e-05,2.1287091704819778e-05
DEHHALKAJ00010pZbt_2,352.798828125,"(1979, 1983)",,,,8.368234222331031e-06,2.115147233356644e-09,7.773316988621163e-09,,,,,,5.835000611909819e-10,,4.0178085240083904e-10,3.444311812171633e-09,5.18485283103609e-09,1.1755158729371741e-09,-5.1426823304645876e-08,8.388912647982746e-06,8.3374858246781e-06
DEHHALKAJ00010pZbt_3,1482.970703125,"(1979, 1983)",,,,3.0004149608933538e-05,8.915239647083335e-09,3.274000871667058e-08,,,,,,2.452568842473551e-09,,1.6931025579364577e-09,1.451701795845981e-08,2.1843659918440324e-08,4.951408453762103e-09,-2.1664916576752177e-07,3.0091262615028364e-05,2.9874613449260843e-05
DEHHALKAJ00010pZbt_5,372.3369140625,"(1979, 1983)",,,,7.4982371946013626e-06,2.2280635291845443e-09,8.192478792142737e-09,,,,,,6.158056832795077e-10,,4.2329630878459734e-10,3.6282843034614286e-09,5.463300330475105e-09,1.2388169571921383e-09,-5.418988380297799e-08,7.520027240505883e-06,7.465837356702905e-06
DEHHALKAJ00010pZbt_8,828.7158203125,"(1979, 1983)",,,,1.7265310079723245e-05,4.985488321964849e-09,1.830510639406775e-08,,,,,,1.370570440050193e-09,,9.467449238964206e-10,8.117975275840781e-09,1.2213800175956361e-08,2.768420224228813e-09,-1.2113738678592945e-07,1.731401818547925e-05,1.719288079869332e-05
DEHHALKAJ00010pZbt_9,4.0,"(1979, 1983)",,,,6.125144537352894e-07,1.7546858382909375e-11,7.086751540379365e-11,,,,,,6.617770553673969e-12,,3.434536528899528e-12,2.872697091023088e-11,4.5673585746022256e-11,1.0621008181392058e-11,-4.5563287821231615e-10,6.126979419809963e-07,6.12242309102784e-07
DEHHALKAJ00010b5,674.4716796875,"(1949, 1957)",2.3241690583198424e-12,8.521378791946054e-14,8.829027051121004e-11,1.389357916142301e-05,2.1437097610214843e-10,1.1072267678651016e-09,,,,,,1.115455437799133e-09,,1.417098722607422e-10,5.514899289685158e-10,3.054512340830205e-09,1.9344591579689023e-10,-3.129498833713317e-08,1.3899957372662635e-05,1.3868662384325502e-05
DEHHALKAJ00010oz,697.059814453125,"(1969, 1978)",,,,0.00026121127990246586,2.0819358316571497e-05,2.684926431782728e-08,,,,,,1.1528121388170355e-09,,3.3412725623475684e-10,2.0820154241173586e-05,7.948667274396524e-07,4.314809123789334e-10,3.1096317655020023e-06,0.00030367442687227584,0.00030678405863777784
DEHHALKAJ00010l3bt_0,1781.9599609375,"(1979, 1983)",,,,4.108006273667375e-05,6.984963752137031e-09,2.933830372476322e-08,,,,,,2.947043279578865e-09,,1.3851287022318703e-09,1.1462364177851062e-08,1.8635779855024383e-08,4.377347619971083e-09,-1.8625751941353827e-07,4.115519366778531e-05,4.096893614837177e-05
DEHHALKAJ00010Jq,1178.029296875,"(1969, 1978)",,,,0.0004888441185540279,3.958262726313757e-05,4.7945306220297846e-08,,,,,,1.9482495080032367e-09,,5.577551623781971e-10,3.9583956005259165e-05,1.5095705308085649e-06,7.22242065809699e-10,5.929727179646411e-06,0.0005695714459061898,0.0005755011730858362
DEHHALKAJ00010bo,673.759765625,"(1949, 1957)",2.3217158661605924e-12,8.512384360338952e-14,8.819707892577834e-11,1.3878914127153545e-05,2.1414470461132811e-10,1.1060580749011734e-09,,,,,,1.114278058882951e-09,,1.4156029555664064e-10,5.509078154431256e-10,3.0512880796920173e-09,1.932412403003857e-10,-3.1262115475676285e-08,1.3885285605422935e-05,1.3854023489947258e-05
DEHHALKAJ00010jv,604.2275390625,"(1949, 1957)",2.0821140349798927e-12,7.633903530630875e-14,7.909511174563784e-11,1.281594891087286e-05,1.9863773236823843e-10,1.0224057190897981e-09,,,,,,9.992841958536947e-10,,1.3071695010439965e-10,5.087084504351459e-10,2.8174844174617697e-09,1.9690200731968958e-10,-2.887161120294431e-08,1.2821823050345491e-05,1.2792951439142548e-05
DEHHALKAJ00010j8,617.4033203125,"(1969, 1978)",,,,0.00025565105592350326,2.0745185116595256e-05,2.520695902816601e-08,,,,,,1.0210745518252361e-09,,2.8660113906187486e-10,2.0745867479155426e-05,7.910405790014399e-07,3.787515941854596e-10,3.108963883892896e-06,0.00029796004248456865,0.00030106900636846153
DEHHALKAJ00010K6,476.650390625,"(1949, 1957)",1.6424945967189768e-12,6.022074242949052e-14,6.23948983996683e-11,9.818621885294051e-06,1.5149636756445313e-10,7.824792164111051e-10,,,,,,7.882944457093305e-10,,1.001466303222656e-10,3.8973913651320194e-10,2.158633409816335e-09,1.3671900544789884e-10,-2.2112842014304434e-08,9.823129393505836e-06,9.801016551491531e-06
DEHHALKAJ00010Lc,1457.19140625,"(1969, 1978)",,,,0.0006034187851894525,4.896265513651028e-05,5.925070252982757e-08,,,,,,2.4099336471815476e-09,,6.769545384757716e-10,4.896426701005556e-05,1.8670201619460806e-06,8.929521060294292e-10,7.337722066517991e-06,0.000703275958040786,0.0007106136801073039
DEHHALKAJ00010IB,581.041015625,"(1949, 1957)",2.0022153498810408e-12,7.340961432349125e-14,7.605992956058318e-11,1.2838893055986895e-05,2.002029536307445e-10,1.0256671504891243e-09,,,,,,9.609378561498243e-10,,1.3094871905775604e-10,5.09611092605548e-10,2.822402678215477e-09,2.223185057805087e-10,-2.8902734461161237e-08,1.2844765144942823e-05,1.2815862410481661e-05
DEHHALKAJ00010HS,1681.4013671875,"(1969, 1978)",,,,0.0006968508391726174,5.649627613476051e-05,6.822040886228646e-08,,,,,,2.780736773080478e-09,,7.872519267662496e-10,5.649815110276536e-05,2.1544202278063744e-06,1.0298271305314443e-09,8.465456887581287e-06,0.0008120725048626424,0.0008205379617502237
DEHHALKAJ00010Fcbt_4,199.026123046875,"(1979, 1983)",,,,6.7974720210311934e-06,8.812515150531192e-10,3.4165825460877676e-09,,,,,,3.29181155618638e-10,,1.70225485991186e-10,1.439304756549635e-09,2.2337666443155292e-09,5.138309030255013e-10,-2.2225405482790333e-08,6.806456164037835e-06,6.784230758555045e-06
DEHHALKAJ00010OG,782.2734375,"(1958, 1968)",6.611842206355501e-12,1.21748867326259e-13,1.5570440173123112e-10,1.2691588712448393e-05,1.8669887686899282e-10,2.1030614061442707e-09,,,,,,1.2937402066432537e-09,,1.28629221328125e-10,5.00794047992542e-10,2.774225127773679e-09,5.208033234057688e-12,-2.8984857413619465e-08,1.2698581069368379e-05,1.2669596211954759e-05
DEHHALKAJ00010Wy,601.388671875,"(1949, 1957)",2.072331552665848e-12,7.598036846567992e-14,7.872349591731142e-11,1.325199756908287e-05,2.0656234432188608e-10,1.0585716216432656e-09,,,,,,9.945892360662581e-10,,1.3516228124342221e-10,5.260089012783269e-10,2.913224936272875e-09,2.2776559425724434e-10,-2.983410946733201e-08,1.3258059453997954e-05,1.3228225344530622e-05
DEHHALKAJ00010IL,732.69921875,"(1979, 1983)",,,,1.531180572357412e-05,3.79253040835361e-09,1.4533129822981754e-08,,,,,,1.211753321830123e-09,,7.298694845536528e-10,6.190052432612051e-09,9.542160340130821e-09,2.1881109851834177e-09,-9.487468250214473e-08,1.5349993330369766e-05,1.5255118647867622e-05
DEHHALKAJ00010I3,2117.5283203125,"(1969, 1978)",,,,0.0008814452359818314,7.115050702530761e-05,8.65257156860558e-08,,,,,,3.5020126562033248e-09,,1.0304221944984812e-09,7.115296351873874e-05,2.7140785223333835e-06,1.300145986323471e-09,1.0652715149242123e-05,0.0010265551433447343,0.0010372078584939765
DEHHALKAJ00010MPbt_1,1095.7197265625,"(1979, 1983)",,,,2.0688390865699256e-05,5.784014394279778e-09,2.2035400024456846e-08,,,,,,1.8121249724850383e-09,,1.111075652670344e-09,9.437389779256008e-09,1.449939505467965e-08,3.319626824518412e-09,-1.4411370611268308e-07,2.07463898924016e-05,2.0602276186288917e-05
DEHHALKAJ00010MPbt_2,388.6474609375,"(1979, 1983)",,,,7.539705416706629e-06,1.3565806512894963e-09,5.9510148900269295e-09,,,,,,6.427658332872684e-10,,2.730350494442998e-10,2.23222907328952e-09,3.7236986402800226e-09,8.843055135254587e-10,-3.7306294556317275e-08,7.5547690463577704e-06,7.517462751801453e-06
DEHHALKAJ00010Yebt_0,788.1611328125,"(1979, 1983)",,,,1.6154078953548365e-05,4.994755812071582e-09,1.8088834682661185e-08,,,,,,1.3035043424309163e-09,,9.445261526206873e-10,8.127058642151125e-09,1.2133210697191824e-08,2.7397599113040137e-09,-1.2024138220902368e-07,1.6202410603788798e-05,1.6082169221579775e-05
DEHHALKAJ00010NW,530.296875,"(1949, 1957)",1.8273555817343636e-12,6.699852166000463e-14,6.941737652601258e-11,1.1323280410692509e-05,1.7567966777735048e-10,9.035359047051907e-10,,,,,,8.770161231955462e-10,,1.1549202627557492e-10,4.494582308442233e-10,2.4893181700796324e-09,1.776536690619945e-10,-2.5502059465065506e-08,1.1328468564484448e-05,1.1302966505019382e-05
DEHHALKAJ000110T,498.8759765625,"(1949, 1957)",1.719081977174891e-12,6.302875709267308e-14,6.53042911196135e-11,1.0276451549428409e-05,1.585604455611328e-10,8.189652015497073e-10,,,,,,8.250515871700237e-10,,1.0481633705566405e-10,4.0791217056575017e-10,2.2592878112258907e-09,1.4309441620051477e-10,-2.3143810920835177e-08,1.0281169237397735e-05,1.02580254264769e-05
DEHHALKAJ00010y9,1255.5927734375,"(1979, 1983)",,,,2.637635217582795e-05,7.250505269040351e-09,2.6921038522044046e-08,,,,,,2.076525611333319e-09,,1.3816330246616387e-09,1.1813338147804733e-08,1.788639666955662e-08,4.066627502684332e-09,-1.7751431192629654e-07,2.6447748240575072e-05,2.6270233928648775e-05
DEHHALKAJ000115n,1289.1806640625,"(1949, 1957)",4.442401215995518e-12,1.6287706512479555e-13,1.687574334042257e-10,2.655608548537883e-05,4.0974725203457025e-10,2.11634584942909e-09,,,,,,2.1320740024443213e-09,,2.7086330342285156e-10,1.0541137314498547e-09,5.838365043208221e-09,3.697257205586137e-10,-5.982532020516772e-08,2.6568276720281377e-05,2.650845140007621e-05
DEHHALKAJ00010zU,658.533203125,"(1969, 1978)",,,,0.00027264988692618156,2.2127177525772528e-05,2.700185811331206e-08,,,,,,1.0890960125949374e-09,,3.0527759932932327e-10,2.2127904282993755e-05,8.437287948718147e-07,4.044531973836829e-10,3.3161306692347557e-06,0.0003177774982147423,0.00032109362888397706
DEHHALKAJ00010xp,676.0947265625,"(1949, 1957)",2.329761932625292e-12,8.54188461544537e-14,8.850273198581564e-11,1.3927012734814489e-05,2.1488683785488278e-10,1.109891195445415e-09,,,,,,1.1181396659380678e-09,,1.4205088252441405e-10,5.528170378095909e-10,3.0618628181242225e-09,1.9391171209208114e-10,-3.1370202764083355e-08,1.3933406294964276e-05,1.3902036092200194e-05
DEHHALKAJ000116v,672.5458984375,"(1949, 1957)",2.317532988445987e-12,8.497048175856612e-14,8.803818024170207e-11,1.4599038569553727e-05,2.2705923862475086e-10,1.165582188024457e-09,,,,,,1.1122705411015945e-09,,1.4890220681152867e-10,5.794800736417336e-10,3.2094008429427646e-09,2.4056158288308555e-10,-3.287518849739823e-08,1.4605721826227757e-05,1.4572846637730359e-05
DEHHALKAJ00010vT,720.9482421875,"(1958, 1968)",6.246682988335981e-12,1.131007798416608e-13,1.4558289957241542e-10,1.1699857864303995e-05,1.7208711736971464e-10,1.9815375674178754e-09,,,,,,1.1923193188194436e-09,,1.1854551946289063e-10,4.615433440725267e-10,2.556788031937682e-09,5.0030903141074e-12,-2.672935372298307e-08,1.1706345688293389e-05,1.1679616334570406e-05
DEHHALKAJ00010t9,436.673828125,"(1979, 1983)",,,,7.885699200878882e-06,1.8953708385149133e-09,7.682314535637555e-09,,,,,,7.221803280523183e-10,,3.7142571857625403e-10,3.1036250405944147e-09,4.94172633335102e-09,1.1501317603991901e-09,-4.929124844912318e-08,7.905565975434006e-06,7.856274726984884e-06
DEHHALKAJ0001119,1958.2861328125,"(1979, 1983)",,,,5.019169754818586e-05,9.963954562718324e-09,3.8380258407953844e-08,,,,,,3.238654593976339e-09,,1.9207022458799574e-09,1.626762228647374e-08,2.5151901661678687e-08,5.7755991073620285e-09,-2.501544815680304e-07,5.0292396241051905e-05,5.004224175948387e-05
DEHHALKAJ000113R,597.1162109375,"(1949, 1957)",2.0576090345633553e-12,7.544057918884773e-14,7.816421856989895e-11,1.3175721820885461e-05,2.0541383666678875e-10,1.0525265252331905e-09,,,,,,9.875233485243736e-10,,1.3438423997307907e-10,5.229810328829356e-10,2.8964528131724835e-09,2.2729220680102298e-10,-2.9661703285304168e-08,1.3181748394888714e-05,1.315208669160341e-05
DEHHALKAJ0001115,673.69140625,"(1949, 1957)",2.3214803058709525e-12,8.511520697496021e-14,8.818813048821973e-11,1.3877506259267461e-05,2.141229775820312e-10,1.1059458547263107e-09,,,,,,1.114165005410167e-09,,1.4154593291015623e-10,5.508519342623077e-10,3.0509787941129806e-09,1.9322243573521746e-10,-3.125868319283753e-08,1.38838770922022e-05,1.3852618409009363e-05
DEHHALKAJ00010zH,749.181640625,"(1949, 1957)",2.581612898867266e-12,9.465275912985886e-14,9.807001791900333e-11,1.6183694416914915e-05,2.5152429893586316e-10,1.2918862688460767e-09,,,,,,1.2390123329390117e-09,,1.6506516663874007e-10,6.423810767454076e-10,3.5577848044222825e-09,2.629201348131575e-10,-3.6446712603899144e-08,1.6191104990998258e-05,1.6154658278394358e-05
DEHHALKAJ0001158,2768.60595703125,"(1949, 1957)",1.0903278172151216e-11,3.997599186955173e-13,4.141924942302224e-10,5.809064537760421e-05,8.791595890253905e-10,4.609151921063914e-09,,,,,,4.5787784786802756e-09,,5.925370469238282e-10,2.3059614315008213e-09,1.2773042349802817e-08,4.538191725802351e-10,-1.3114471231640038e-07,5.811683782759379e-05,5.798569311527739e-05
DEHHALKAJ0001104,2688.719482421875,"(1949, 1957)",1.0588670579602186e-11,3.8822508452613655e-13,4.022412166966016e-10,5.641447512143314e-05,8.537919631240235e-10,4.4761575897551535e-09,,,,,,4.446660554977362e-09,,5.754397436279297e-10,2.2394243225568197e-09,1.2404484556006103e-08,4.4072646141374543e-10,-1.2735996958249303e-07,5.64399118066246e-05,5.631255183704211e-05
DEHHALKAJ000115cbt_0,424.447265625,"(1979, 1983)",,,,8.670347702231697e-06,2.3595744616738715e-09,8.855210979589466e-09,,,,,,7.019861855627509e-10,,4.511293500733194e-10,3.846742948767179e-09,5.859706919694861e-09,1.3361365110290363e-09,-5.819094187635979e-08,8.693758189588086e-06,8.635567247711726e-06
DEHHALKAJ000110O,607.013671875,"(1949, 1957)",2.091714799356215e-12,7.66910396050064e-14,7.945982449356189e-11,1.3141245396000134e-05,2.0430514091599595e-10,1.0490966557046918e-09,,,,,,1.0038919690887876e-09,,1.340336646897749e-10,5.216163873592126e-10,2.888933189830113e-09,2.1486178944266127e-10,-2.9593799780782873e-08,1.3147262134797165e-05,1.3117668335016381e-05
DEHHALKAJ00010wG,871.703125,"(1949, 1957)",3.0038109711358153e-12,1.1013231164412618e-13,1.1410843039010331e-10,1.845344358015602e-05,2.8593063306783833e-10,1.4720432545938561e-09,,,,,,1.4416409037686449e-09,,1.8821703225283863e-10,7.324802838620088e-10,4.056851522559339e-09,2.81772904292134e-10,-4.1573119267605415e-08,1.846190251669042e-05,1.8420329397422814e-05
DEHHALKAJ000111u,758.015625,"(1949, 1957)",2.612054018582728e-12,9.576885828373861e-14,9.92264117212189e-11,1.628901332700678e-05,2.5296384321166166e-10,1.3000600755446597e-09,,,,,,1.253622161328421e-09,,1.6613973128308958e-10,6.465628306618335e-10,3.5809583868741052e-09,2.6054282741664914e-10,-3.668725197897829e-08,1.62964741768631e-05,1.625978692488412e-05
DEHHALKAJ00010tmbt_2,363.2197265625,"(1979, 1983)",,,,1.0975492985616765e-05,1.4827046524342386e-09,6.138249046820258e-09,,,,,,6.007319809452173e-10,,2.926011546089251e-10,2.4309828964727847e-09,3.919074768961946e-09,9.171436533805741e-10,-3.913868772216311e-08,1.099127447377039e-05,1.0952135786048226e-05
DEHHALKAJ0001127bt_0,396.10888671875,"(1979, 1983)",,,,7.708501839874853e-06,3.2548792254123946e-09,1.030398734153462e-08,,,,,,6.551459083630857e-10,,5.919237559862149e-10,5.260467197843399e-09,7.294607733859709e-09,1.5850410316368146e-09,-7.171327258758269e-08,7.73744789206949e-06,7.665734619481906e-06
DEHHALKAJ0001127bt_1,2.0,"(1979, 1983)",,,,4.224973906596125e-07,1.0594065358097017e-11,3.6355048222615895e-11,,,,,,3.3093847415526067e-12,,1.9713926639190866e-12,1.7189866030984558e-11,2.4925916350987015e-11,5.5449682180587475e-12,-2.463487357743542e-10,4.2259728130119874e-07,4.223509325654244e-07
DEHHALKAJ00010se,723.5107421875,"(1958, 1968)",8.781232247258597e-12,1.0259651501950213e-13,1.6003677955378354e-10,7.924006639262105e-06,1.1586049220925374e-10,2.6279734121086584e-09,,,,,,1.1965572788929618e-09,,7.931124755859376e-11,3.090389827112285e-10,1.711908343726596e-09,9.441157547757015e-12,-1.8390325246035638e-08,7.93005673017686e-06,7.911666404930824e-06
DEHHALKAJ00010r1,2258.4638671875,"(1949, 1957)",7.782464405151276e-12,2.8533779371055045e-13,2.9563937490476285e-10,4.652252487032171e-05,7.178197666130859e-10,3.7075413591342195e-09,,,,,,3.735094813802817e-09,,4.745145508154297e-10,1.8466587847780937e-09,1.0227980996684264e-08,6.476633200047178e-10,-1.0481998090501967e-07,4.654388214391354e-05,4.643906216300852e-05
DEHHALKAJ000112q,619.58203125,"(1949, 1957)",2.1350242411800045e-12,7.827894543193904e-14,8.110505865612152e-11,1.3481362964745352e-05,2.097495178074939e-10,1.0764343307479018e-09,,,,,,1.0246777910742635e-09,,1.3750239026517646e-10,5.351156508840387e-10,2.9636873558308417e-09,2.2366797991475e-10,-3.0357074478841836e-08,1.3487533799761878e-05,1.3457176725283035e-05
DEHHALKAJ00010yH,1040.1845703125,"(1949, 1957)",3.5843829564232447e-12,1.3141851621223423e-13,1.3616313310149417e-10,2.2369285615444865e-05,3.474275776483558e-10,1.785385083143497e-09,,,,,,1.720279066606582e-09,,2.2815535942145455e-10,8.879079608187387e-10,4.917635756449718e-09,3.586051883763166e-10,-5.0379694930711835e-08,2.237953101143733e-05,2.232915131650662e-05
DEHHALKAJ000110K,675.41796875,"(1958, 1968)",5.239382549733334e-12,1.0237234271821739e-13,1.2804813747584226e-10,1.0948160839262486e-05,1.6112230728125e-10,1.6829881265236152e-09,,,,,,1.1170204119184526e-09,,1.110589766015625e-10,4.32363142407978e-10,2.3951647873690915e-09,3.937175024654434e-12,-2.4953751936819124e-08,1.0954064494189613e-05,1.0929110742252794e-05
DEHHALKAJ000110I,1477.1123046875,"(1969, 1978)",,,,0.0006113246636071147,4.963200630401466e-05,5.994173437013027e-08,,,,,,2.442879246742023e-09,,6.827764761356623e-10,4.963363185412442e-05,1.8924699092279403e-06,9.046612913009576e-10,7.438822538580277e-06,0.000712546743725866,0.0007199855662644463
DEHHALKAJ00010tRbt_1,596.6630859375,"(1979, 1983)",,,,1.1620087538409725e-05,3.0912407552979574e-09,1.184248780512511e-08,,,,,,9.867934850523094e-10,,5.948548380010982e-10,5.0453495762723916e-09,7.776291736408017e-09,1.7830461792121778e-09,-7.731573673133851e-08,1.1651207602785095e-05,1.1573891866053756e-05
DEHHALKAJ0001149,1531.3896484375,"(1969, 1978)",,,,0.0006332127961187555,5.145575456235534e-05,6.201480016052422e-08,,,,,,2.532644252886599e-09,,7.020605504303669e-10,5.145742567822059e-05,1.9618849119621958e-06,9.371947511080587e-10,7.713425781251833e-06,0.0007381540479710085,0.0007458674737522604
DEHHALKAJ00010vxbt_0,529.48828125,"(1979, 1983)",,,,1.58792435845046e-05,2.5304375758823575e-09,9.938263715114356e-09,,,,,,8.757204321107611e-10,,4.908199102743044e-10,4.135903610364402e-09,6.46660007822791e-09,1.4926285686724703e-09,-6.438753254529955e-08,1.590517395839525e-05,1.584078642584995e-05
DEHHALKAJ00010xi,1624.2900390625,"(1860, 1918)",5.1637526893605564e-11,5.895919608780583e-13,9.302319153602733e-10,2.7642506626656233e-05,8.692210836674509e-09,2.807405325861349e-08,,,,,,2.6862848637792e-09,,1.9290940180697332e-09,1.6349693380547312e-08,2.5261032724655838e-08,4.033404586724181e-09,-2.529029746662683e-07,2.772953240032529e-05,2.7476629425659023e-05
DEHHALKAJ000116f,1221.1708984375,"(1949, 1957)",4.2080456489797975e-12,1.5428460688087623e-13,1.5985476071199742e-10,2.6084369916851616e-05,4.0471792871036655e-10,2.0814159757949412e-09,,,,,,2.0195980274136838e-09,,2.6604811405843164e-10,1.035374179953307e-09,5.7343965495800025e-09,4.096549173634798e-10,-5.875524414286775e-08,2.609632112254449e-05,2.603756587840162e-05
DEHHALKAJ00010tt,399.333984375,"(1949, 1957)",1.223172603415364e-12,4.4846639035664924e-14,4.6465742089998084e-11,8.107095448712308e-06,1.2701238004843749e-10,6.483583175821158e-10,,,,,,6.604269619443817e-10,,8.26860948046875e-11,3.2178865909115904e-10,1.7821510061608398e-09,1.5270416173473355e-10,-1.8227612895198544e-08,8.110870576293672e-06,8.092642963398473e-06
DEHHALKAJ00010zLbt_0,1165.072265625,"(1979, 1983)",,,,2.2191889930244383e-05,6.431649075879263e-09,2.4185567625109713e-08,,,,,,1.9268216431285018e-09,,1.2304415172879793e-09,1.0486481533117569e-08,1.599204734375653e-08,3.6485004689505847e-09,-1.5883002505774328e-07,2.2255791439451616e-05,2.2096961414393873e-05
DEHHALKAJ00010zLbt_1,448.126953125,"(1979, 1983)",,,,9.365353278513257e-06,2.458726757238927e-09,9.262065952932791e-09,,,,,,7.411498584177873e-10,,4.706387145495727e-10,4.009222029897879e-09,6.120288165634998e-09,1.3969782720604807e-09,-6.079198830413876e-08,9.389812348263989e-06,9.329020359959849e-06
DEHHALKAJ00010xgbt_0,1618.5771484375,"(1979, 1983)",,,,3.05685449307337e-05,8.418492119750382e-09,3.221340704318356e-08,,,,,,2.676837295409245e-09,,1.619391506406612e-09,1.3739284836310878e-08,2.1161865392248833e-08,4.850734044251936e-09,-2.103872757105448e-07,3.065322494297127e-05,3.0442837667260728e-05
DEHHALKAJ00010xgbt_1,829.486328125,"(1979, 1983)",,,,1.6965957638202086e-05,4.3142979767767526e-09,1.6508685267453057e-08,,,,,,1.371838386945969e-09,,8.299036692460149e-10,7.041092145407153e-09,1.0845075946984916e-08,2.4859162056876514e-09,-1.0782007813178328e-07,1.700935444780059e-05,1.6901534369668807e-05
DEHHALKAJ00010xgbt_2,916.66015625,"(1979, 1983)",,,,1.8101628579539363e-05,4.992223841175687e-09,1.8846098894838286e-08,,,,,,1.5160022839910277e-09,,9.562303267117219e-10,8.141331569550787e-09,1.2443270156090768e-08,2.84186735533347e-09,-1.2361231980054884e-07,1.815136560396705e-05,1.80277532841665e-05
DEHHALKAJ000110C,1499.03515625,"(1949, 1957)",5.165541018866992e-12,1.8939040397913726e-13,1.9622798619572545e-10,3.1561867719978205e-05,4.886372123449587e-10,2.5172321909802033e-09,,,,,,2.479135725275121e-09,,3.2191796302157267e-10,1.2528011722742693e-09,6.938682590802865e-09,4.735477125581347e-10,-7.111150887401891e-08,3.157633967454546e-05,3.150522816567144e-05
DEHHALKAJ00010uC,1841.9482421875,"(1969, 1978)",,,,0.0007635404762227737,6.189076701825633e-05,7.474207826541746e-08,,,,,,3.046252555124686e-09,,8.639710639388779e-10,6.189282480600011e-05,2.360166145034631e-06,1.1282180331902168e-09,9.273437771616752e-06,0.0008897640147119825,0.0008990374524835993
DEHHALKAJ000112P,678.5439453125,"(1949, 1957)",2.3382017212883894e-12,8.572828421303544e-14,8.882334172005804e-11,1.3977465477906755e-05,2.1566528627597656e-10,1.1139118839962132e-09,,,,,,1.122190237106077e-09,,1.4256547562988282e-10,5.548197095944882e-10,3.0729555464036788e-09,1.946164262643156e-10,-3.148311328485983e-08,1.3983882202472027e-05,1.3952399089187168e-05
DEHHALKAJ00010zl,1774.623046875,"(1949, 1957)",6.115192231109177e-12,2.242086013507021e-13,2.3230322870875212e-10,3.7573250883735195e-05,5.821993516831707e-10,2.9972580453367423e-09,,,,,,2.934908740910738e-09,,3.8323064369799074e-10,1.4914107486261348e-09,8.260197952885719e-09,5.739941369714361e-10,-8.464593414219473e-08,3.75904740833553e-05,3.7505828149213106e-05
DEHHALKAJ00010uLbt_0,1569.4658203125,"(1979, 1983)",,,,3.0344595336439234e-05,9.017100219743305e-09,3.352763283440159e-08,,,,,,2.5956161198563235e-09,,1.7190207391751377e-09,1.4692804805017759e-08,2.2263798573875117e-08,5.063810495144035e-09,-2.2097540509543234e-07,3.0433475120226445e-05,3.021249971513101e-05
DEHHALKAJ00010uLbt_1,512.3603515625,"(1979, 1983)",,,,1.091314749056593e-05,2.9419982732959176e-09,1.0940759944535617e-08,,,,,,8.473825274528481e-10,,5.608904572403111e-10,4.793846139486486e-09,7.264754217599431e-09,1.6524124294262716e-09,-7.21059918180633e-08,1.0942149534554968e-05,1.0870043542736905e-05
DEHHALKAJ000116sbt_1,1953.9296875,"(1979, 1983)",,,,3.734985344481296e-05,1.1474881265221183e-08,4.240861894386126e-08,,,,,,3.2314504002985983e-09,,2.1834775396377336e-09,1.8691423904778357e-08,2.822590461917295e-08,6.409253347329934e-09,-2.800524473311025e-07,3.746247845483326e-05,3.718242600750216e-05
DEHHALKAJ000115l,1479.5048828125,"(1949, 1957)",5.098241444116878e-12,1.8692291923688197e-13,1.936714175852336e-10,3.106915349714329e-05,4.808161121863009e-10,2.477707249083757e-09,,,,,,2.4468361497982753e-09,,3.168928413510042e-10,1.2332449078296298e-09,6.83038246972113e-09,4.6215694172555377e-10,-7.000466333298307e-08,3.108340153381499e-05,3.1013396870482e-05
DEHHALKAJ000112T,1371.8896484375,"(1969, 1978)",,,,0.0005671192825222024,4.6096441818972426e-05,5.553897366328024e-08,,,,,,2.2688598155770425e-09,,6.274936205177688e-10,4.609793535174669e-05,1.7575161532933692e-06,8.395436288771383e-10,6.910376278394954e-06,0.0006611304507169433,0.0006680408269953383
DEHHALKAJ00010sN,676.6240234375,"(1984, 1994)",,,,1.4221175301433473e-05,3.6761962028812465e-09,1.265118161462639e-08,,,,,,1.1190149852126038e-09,,7.044258946592862e-10,5.996260446594587e-09,9.168462836317312e-09,2.088742953436218e-09,-9.071242432786655e-08,1.4256579586367202e-05,1.4165867162039335e-05
DEHHALKAJ000112c,1052.1044921875,"(1969, 1978)",,,,0.00043514033996434155,3.53514423260958e-05,4.2735611952423716e-08,,,,,,1.739992431249251e-09,,4.833300800127137e-10,3.5352592816535156e-05,1.3478873581938563e-06,6.444303886756406e-10,5.2990722027871405e-06,0.0005072378658300187,0.0005125369380328058
DEHHALKAJ00010zdbt_1,653.140625,"(1979, 1983)",,,,2.1143593011022246e-05,3.9966615984893836e-09,1.4607817009641626e-08,,,,,,1.0802391596389007e-09,,7.579073628987868e-10,6.506255549446056e-09,9.764210159295577e-09,2.210435809546669e-09,-9.681860742239085e-08,2.1182516537671205e-05,2.1085697930248814e-05
DEHHALKAJ00010zdbt_2,406.7548828125,"(1979, 1983)",,,,8.45314498643607e-06,2.3919124682327265e-09,8.836784105906351e-09,,,,,,6.727286331547793e-10,,4.550900665880232e-10,3.8961080424975665e-09,5.882342750728483e-09,1.33557218109383e-09,-5.836253381304678e-08,8.476615524684273e-06,8.418252990871226e-06
DEHHALKAJ00010zdbt_3,298.87109375,"(1979, 1983)",,,,6.410267070563657e-06,1.7633891966477426e-09,6.508790355280972e-09,,,,,,4.943048391615634e-10,,3.3541138205302576e-10,2.872184405268097e-09,4.334193860618675e-09,9.838228420276687e-10,-4.300011421007911e-08,6.427559167444714e-06,6.384559053234635e-06
DEHHALKAJ000115G,1403.6142578125,"(1969, 1978)",,,,0.0005819983401952056,4.7162436605998276e-05,5.7126676984681593e-08,,,,,,2.3213266376652672e-09,,6.598800464545863e-10,4.716400833049708e-05,1.7985427809251537e-06,8.604655235418164e-10,7.066235484994194e-06,0.0006781842962618184,0.0006852505317468126
DEHHALKAJ00010uybt_0,259.579833984375,"(1979, 1983)",,,,8.231087074395105e-06,1.2177275243670756e-09,4.639495207390007e-09,,,,,,4.2933050703499907e-10,,2.339233320628081e-10,1.9868955504249012e-09,3.052940390565068e-09,6.989883171488293e-10,-3.034528861590608e-08,8.243346375224098e-06,8.213001086608192e-06
DEHHALKAJ00010wabt_1,613.4130859375,"(1979, 1983)",,,,1.2932060701335882e-05,3.1317209140572623e-09,1.2050703963403084e-08,,,,,,1.014499547811705e-09,,6.034891859997917e-10,5.1126951195467705e-09,7.90010102774473e-09,1.8135852565586182e-09,-7.856696828102272e-08,1.2963687496351004e-05,1.2885120528069981e-05
DEHHALKAJ00010xY,761.6005859375,"(1969, 1978)",,,,0.0003155331687719287,2.5590317124915667e-05,3.0992314140838866e-08,,,,,,1.2595510033849258e-09,,3.553974633215398e-10,2.5591163447328486e-05,9.758315867551107e-07,4.668229081145927e-10,3.834707209976649e-06,0.0003677235550164436,0.00037155826222642023
DEHHALKAJ00010xEbt_1,415.5927734375,"(1979, 1983)",,,,9.758520406583692e-06,2.595766004016066e-09,9.436333855842534e-09,,,,,,6.873525054948818e-10,,4.914344642318093e-10,4.224473803772758e-09,6.3203633907893006e-09,1.4286733757189008e-09,-6.264967673845998e-08,9.783704803983557e-06,9.721055127245097e-06
DEHHALKAJ00010xEbt_2,1365.3935546875,"(1979, 1983)",,,,2.9554740372394105e-05,8.943652351399072e-09,3.2117131909012235e-08,,,,,,2.258120354057069e-09,,1.686938819095722e-09,1.4545832895157749e-08,2.1613311830028092e-08,4.869006148490481e-09,-2.1408435685436208e-07,2.9640774366701347e-05,2.9426690009846985e-05
DEHHALKAJ00010qz,1463.5859375,"(1984, 1994)",,,,4.057351075911146e-05,7.131430488610029e-09,2.5163913182771388e-08,,,,,,2.4205090828988842e-09,,1.3808109791161852e-09,1.165386307481972e-08,1.8157228211034766e-08,4.1721617269283225e-09,-1.7992272282672407e-07,4.0643590675857635e-05,4.0463667953030914e-05
DEHHALKAJ000113t,1581.9609375,"(1969, 1978)",,,,0.000655335582850052,5.3155002787858853e-05,6.426497198501447e-08,,,,,,2.6162801092245437e-09,,7.37528550836968e-10,5.315675909017125e-05,2.026936737576687e-06,9.691933051396268e-10,7.965453309337791e-06,0.0007637428694396089,0.0007717083227489468
DEHHALKAJ000113Y,652.1806640625,"(1949, 1957)",2.2473562130152726e-12,8.239750676906707e-14,8.537231285817304e-11,1.3884301935557687e-05,2.153168358607261e-10,1.1077771645320893e-09,,,,,,1.0785900791244771e-09,,1.416134492933864e-10,5.511141977746867e-10,3.052340804566678e-09,2.1581123001883596e-10,-3.127633634280783e-08,1.3890664499318857e-05,1.385938816297605e-05
DEHHALKAJ00010yu,7984.75830078125,"(1919, 1948)",7.645510355181109e-11,1.9545813783739707e-12,2.2330234714319387e-09,0.00016468269356651832,3.4267955085338816e-08,4.4029137475588335e-07,,,,,,1.320536039727324e-08,,7.898032104914145e-09,6.491011526769115e-08,1.0895688414769244e-07,1.6101899287245113e-08,-1.1148896487909749e-06,0.00016536832518756437,0.0001642534355387734
DEHHALKAJ00010qZ,79.50537109375,"(1949, 1957)",,,,1.4247498624991168e-06,2.543071520664062e-11,1.1762228133359374e-10,,,,,,1.3148767363866765e-10,,1.4525631298828125e-11,5.6529884736745895e-11,3.128702041892711e-10,9.118205306227485e-11,-3.1549650413800575e-09,1.4254995109425828e-06,1.4223445459012026e-06
DEHHALKAJ0001131bt_0,2458.0908203125,"(1979, 1983)",,,,4.592928885242569e-05,1.3875411275285267e-08,5.184770634029245e-08,,,,,,4.065242519757405e-09,,2.649275139409954e-09,2.2615257506061016e-08,3.436472654951738e-08,7.826651755105294e-09,-3.4117853580510627e-07,4.606653312351112e-05,4.572535458770601e-05
DEHHALKAJ00010qj,602.71142578125,"(1969, 1978)",,,,0.00022171202686066261,1.8001357104139942e-05,2.253058471641133e-08,,,,,,9.967768055714409e-10,,2.4690314641699223e-10,1.8001942720982535e-05,6.863765675336945e-07,3.6957327681108177e-10,2.6979635110133223e-06,0.000258425847091264,0.00026112381060227735
DEHHALKAJ000111hbt_0,1329.779296875,"(1979, 1983)",,,,2.5076383954219288e-05,7.404370614564106e-09,2.7775019665203493e-08,,,,,,2.1992174816909227e-09,,1.4154465141478387e-09,1.2070814313498464e-08,1.8382460551121467e-08,4.1910625601734706e-09,-1.8254509872244084e-07,2.5149822345919688e-05,2.4967277247197246e-05
DEHHALKAJ000111hbt_1,523.29296875,"(1979, 1983)",,,,1.0509229733523082e-05,2.704249747652976e-09,1.0367815801246013e-08,,,,,,8.654566744159812e-10,,5.205105495733567e-10,4.413914064304132e-09,6.80605122636132e-09,1.5608965734013957e-09,-6.767218064536882e-08,1.0536468628160038e-05,1.0468796447514668e-05
DEHHALKAJ000115x,903.091796875,"(1949, 1957)",3.111973525844458e-12,1.1409800465805534e-13,1.182172972473676e-10,1.9276571113633493e-05,2.9905828361214723e-10,1.5381465898832795e-09,,,,,,1.493552164265367e-09,,1.966118769883357e-10,7.651505327969814e-10,4.237771096840346e-09,3.0208148707083596e-10,-4.3421163956318036e-08,1.928540348566495e-05,1.9241982321708633e-05
DEHHALKAJ000114Jbt_0,1505.09765625,"(1979, 1983)",,,,2.757579367016581e-05,6.567470089063702e-09,2.716843777585594e-08,,,,,,2.489162268831286e-09,,1.2957216332475795e-09,1.0767255374444773e-08,1.7349622335704193e-08,4.05935526308632e-09,-1.7325256994201268e-07,2.7645490694906044e-05,2.7472238124964033e-05
DEHHALKAJ000114Jbt_1,565.7666015625,"(1979, 1983)",,,,1.6816100688466106e-05,2.3575838324788162e-09,9.914428429320459e-09,,,,,,9.357106995326137e-10,,4.677044786402302e-10,3.8691007508207894e-09,6.2951408190523895e-09,1.4791271686744793e-09,-6.292264178983093e-08,1.684141948464463e-05,1.67784968428548e-05
DEHHALKAJ000114Jbt_3,5.0,"(1979, 1983)",,,,5.36015125738174e-07,1.9088256147174434e-11,8.293157397118998e-11,,,,,,8.271200031076575e-12,,3.829052661907493e-12,3.1390468166692364e-11,5.2086902420092753e-11,1.234040343523205e-11,-5.216833432653288e-10,5.362250635950073e-07,5.35703380251742e-07
DEHHALKAJ00010t3,414.017578125,"(1979, 1983)",,,,8.415728006618678e-06,2.669314259298689e-09,9.350790765929061e-09,,,,,,6.847109713986917e-10,,4.997489701699609e-10,4.335700000965136e-09,6.353803852680493e-09,1.4214873770491741e-09,-6.28439548946094e-08,8.441043562816168e-06,8.37819960792156e-06
DEHHALKAJ000112ebt_1,815.400390625,"(1979, 1983)",,,,1.562748658516219e-05,4.210870130663113e-09,1.61474023900399e-08,,,,,,1.3485364610377966e-09,,8.105563132709465e-10,6.873120750241273e-09,1.0599256756388057e-08,2.4309629452054107e-09,-1.0538885593752126e-07,1.5669907290909034e-05,1.5564518434971512e-05
DEHHALKAJ00010xe,482.2607421875,"(1949, 1957)",1.6618273662044212e-12,6.092956286272502e-14,6.312930945358479e-11,9.934190800071154e-06,1.5327953589746094e-10,7.916892864766294e-10,,,,,,7.975729632837927e-10,,1.0132539323730467e-10,3.9432651532161316e-10,2.184041430089335e-09,1.383285247111925e-10,-2.2373025445269864e-08,9.938751363720172e-06,9.916378338274902e-06
DEHHALKAJ00010tF,1766.76953125,"(1949, 1957)",6.0881297189765504e-12,2.2321637612457992e-13,2.3127518106809132e-10,3.696177213332546e-05,5.716764212321254e-10,2.947239927758135e-09,,,,,,2.9219204301500243e-09,,3.769957937999246e-10,1.46714606294113e-09,8.125876788208072e-09,5.429321971280728e-10,-8.328748809464388e-08,3.697872592094668e-05,3.689543843285204e-05
DEHHALKAJ00010wg,700.6640625,"(1979, 1983)",,,,1.3623226030898462e-05,4.247074546117904e-09,1.5099417400494878e-08,,,,,,1.1587729223917711e-09,,7.986600893886576e-10,6.903734544289828e-09,1.0200785869561593e-08,2.2916131700841e-09,-1.0098144003351834e-07,1.366392608944079e-05,1.3562944649407271e-05
DEHHALKAJ00010yg,2747.956298828125,"(1949, 1957)",1.0821956029873542e-11,3.967783078009055e-13,4.1110323791534936e-10,5.765737683031207e-05,8.726023738416016e-10,4.574774543692992e-09,,,,,,4.544627641763211e-09,,5.881176070751954e-10,2.2887624460949484e-09,1.2677775362537768e-08,4.504365167691618e-10,-1.3016586841325914e-07,5.7683373926803844e-05,5.755320805839059e-05
DEHHALKAJ0001154bt_0,158.73974609375,"(1979, 1983)",,,,5.33406227265393e-06,8.784515344431297e-10,2.9863926339840062e-09,,,,,,2.6255540686208455e-10,,1.6301903077550966e-10,1.4246682384314844e-09,2.0536432922959386e-09,4.555677674339179e-10,-2.0276814793475415e-08,5.342286570558155e-06,5.322009755764679e-06
DEHHALKAJ000113a,675.1015625,"(1949, 1957)",2.326339578131524e-12,8.529336828141637e-14,8.837272397157143e-11,1.3906553836919602e-05,2.1457117515781247e-10,1.1082607966191944e-09,,,,,,1.116497150223434e-09,,1.418422137890625e-10,5.520049403523555e-10,3.057364489549573e-09,1.93625406684892e-10,-3.132459341385705e-08,1.3912938003091978e-05,1.388161340967812e-05
DEHHALKAJ000114L,911.2431640625,"(1949, 1957)",3.1400624078105156e-12,1.1512786090804809e-13,1.1928433450881946e-10,1.9526610367761127e-05,3.0311492761253894e-10,1.5583079058935842e-09,,,,,,1.5070330753421935e-09,,1.9916179138779912e-10,7.750742588223641e-10,4.292724407443121e-09,3.096895092689923e-10,-4.3978005917059606e-08,1.9535555473636897e-05,1.949157746771984e-05
DEHHALKAJ000110dbt_0,1138.5234375,"(1979, 1983)",,,,2.2029111467160665e-05,6.3343401355183736e-09,2.3766598941814916e-08,,,,,,1.8829152627220826e-09,,1.2109820655536881e-09,1.0326551444690669e-08,1.572822418793219e-08,3.5861406341220316e-09,-1.5618971529302194e-07,2.209194721983302e-05,2.1935757504539996e-05
DEHHALKAJ000110dbt_2,535.2509765625,"(1979, 1983)",,,,1.0565288309805967e-05,2.977627007016789e-09,1.1172470593711858e-08,,,,,,8.852336242457454e-10,,5.692601270252415e-10,4.854281722450013e-09,7.3936269478258535e-09,1.6858109217034225e-09,-7.342287725249762e-08,1.0594826620749945e-05,1.0521403743497448e-05
DEHHALKAJ0001133,689.73828125,"(1949, 1957)",2.376776401290417e-12,8.714259380853883e-14,9.028871228768982e-11,1.453942152908696e-05,2.251382022022355e-10,1.1596466426902548e-09,,,,,,1.1407036499458504e-09,,1.4829599509340305e-10,5.771203383664838e-10,3.1963982238082057e-09,2.1898663830944576e-10,-3.275783469542737e-08,1.4546087818777379e-05,1.4513329984081951e-05
DEHHALKAJ00010vG,1154.033203125,"(1969, 1978)",,,,0.0004777348645054145,3.877632434919576e-05,4.687731292817403e-08,,,,,,1.9085642658524888e-09,,5.346463922281086e-10,3.877759729564369e-05,1.4785683482503447e-06,7.069477774789043e-10,5.811486862839638e-06,0.0005568173819698681,0.0005626288688327077
DEHHALKAJ00010uo,800.193359375,"(1969, 1978)",,,,0.00033192068955751073,2.6887067318223934e-05,3.279515137506751e-08,,,,,,1.323376540724853e-09,,3.7731853760113606e-10,2.6887966017497032e-05,1.0253642900885425e-06,4.915056670432171e-10,4.028117016013254e-06,0.0003867560745354406,0.0003907841915514539
DEHHALKAJ00010tH,2882.0947265625,"(1949, 1957)",9.93144054577195e-12,3.6412827430631717e-13,3.772744367339979e-10,5.9368824304966615e-05,9.160317302548827e-10,4.731306776663157e-09,,,,,,4.7664685818888225e-09,,6.055425125244141e-10,2.356570586639412e-09,1.3052273136352541e-08,8.259105089435784e-10,-1.3373399543284327e-07,5.9396078408799885e-05,5.9262344413367044e-05
DEHHALKAJ00010zJbt_0,849.7275390625,"(1979, 1983)",,,,1.6983713839062974e-05,4.9633402748072264e-09,1.8370612798522978e-08,,,,,,1.405314554472037e-09,,9.44872918227091e-10,8.08543415099441e-09,1.2220086179076508e-08,2.775940297105831e-09,-1.2125621216786516e-07,1.703247944023618e-05,1.6911223228068315e-05
DEHHALKAJ000111Bbt_0,4.0,"(1979, 1983)",,,,1.0541868679885162e-06,1.6672141094973857e-11,6.852038972263414e-11,,,,,,6.6193513390658525e-12,,3.2821702624669084e-12,2.7323795074992103e-11,4.3910998949245136e-11,1.0258252629136091e-11,-4.3861209668043217e-10,1.0543634550875888e-06,1.0539248429909084e-06
DEHHALKAJ000111Bbt_1,1886.8251953125,"(1979, 1983)",,,,3.558491833575356e-05,1.0105843251677843e-08,3.83360793762368e-08,,,,,,3.1204714843733015e-09,,1.938663513676844e-09,1.64850880225764e-08,2.5265615056635967e-08,5.777881672906631e-09,-2.5106033768551227e-07,3.5685947978131643e-05,3.543488764044613e-05
DEHHALKAJ000111Bbt_2,852.2236328125,"(1979, 1983)",,,,1.6258334371212182e-05,4.380691959859787e-09,1.6822036550862267e-08,,,,,,1.4094328419330684e-09,,8.436178206369612e-10,7.150871484289265e-09,1.1036377321352182e-08,2.5321638147874954e-09,-1.0974394126665537e-07,1.6302509563005907e-05,1.6192765621739252e-05
DEHHALKAJ00010zw,1310.623046875,"(1949, 1957)",4.516289748561558e-12,1.6558612870225937e-13,1.715643025967138e-10,2.74141700631754e-05,4.23995191136148e-10,2.1859242960712817e-09,,,,,,2.1675358582040076e-09,,2.796139504282358e-10,1.0881673842900952e-09,6.026882296395409e-09,4.024551765610037e-10,-6.177252712280129e-08,2.742674463732849e-05,2.7364972110205688e-05
DEHHALKAJ00010zSbt_1,2804.33203125,"(1979, 1983)",,,,5.298427923926465e-05,1.4564050434441339e-08,5.5754287713381795e-08,,,,,,4.637863459080568e-09,,2.801953953973727e-09,2.3769656022833136e-08,3.662044044214692e-08,8.395162435016662e-09,-3.640828954066384e-07,5.3130822653725524e-05,5.276673975831889e-05
DEHHALKAJ00010zSbt_3,4.0,"(1979, 1983)",,,,8.713248224407969e-07,1.603609155272334e-11,6.681368032555637e-11,,,,,,6.618924336063706e-12,,3.1713773293037624e-12,2.630302508087878e-11,4.2602380405847195e-11,9.987384718023605e-12,-4.2582329402820235e-10,8.714963553045454e-07,8.710705320105171e-07
DEHHALKAJ00010t5,894.6357421875,"(1949, 1957)",3.0828347180160042e-12,1.1302965372134907e-13,1.1711037552136885e-10,1.903652291478627e-05,2.9519509386100046e-10,1.5188277652414876e-09,,,,,,1.4795673604083767e-09,,1.9416375807854436e-10,7.556231598814279e-10,4.185013245724785e-09,2.954382215349225e-10,-4.2882811092984316e-08,1.9045246743391e-05,1.9002363932298016e-05
DEHHALKAJ000110x,2385.73046875,"(1949, 1957)",8.221013726667827e-12,3.014168516182183e-13,3.1229893677725184e-10,4.9144112925636916e-05,7.582695978273437e-10,3.91646486496698e-09,,,,,,3.945570983057701e-09,,5.012539001367188e-10,1.9507197380759102e-09,1.0804336706014081e-08,6.84157570053783e-10,-1.1072740140256967e-07,4.916667369899705e-05,4.905594629759448e-05
DEHHALKAJ00010zW,436.3486328125,"(1979, 1983)",,,,1.256801859348785e-05,1.7714619043835216e-09,7.347896529429846e-09,,,,,,7.216425338336833e-10,,3.4981138970945213e-10,2.904758428547569e-09,4.688152208701912e-09,1.0976699181953308e-09,-4.6824164974598136e-08,1.2586899986400652e-05,1.2540075821426054e-05
DEHHALKAJ000111S,790.3623046875,"(1984, 1994)",,,,1.6103218315401352e-05,4.17177643810544e-09,1.4449431912447594e-08,,,,,,1.307117728737669e-09,,8.015209547851544e-10,6.807846511836259e-09,1.0459723537437432e-08,2.3882264907980783e-09,-1.035286134078208e-07,1.61436039589755e-05,1.604007534556768e-05
DEHHALKAJ000111Jbt_0,528.65234375,"(1979, 1983)",,,,1.0199128914299708e-05,2.7809951507925965e-09,1.0605613430023634e-08,,,,,,8.743161768939809e-10,,5.343853133822086e-10,4.537824212477381e-09,6.975894962667565e-09,1.5975666399037919e-09,-6.933959995926066e-08,1.022703551018585e-05,1.015769591022659e-05
DEHHALKAJ000111Ubt_1,631.990234375,"(1979, 1983)",,,,1.6317477728445724e-05,2.4705008718178622e-09,1.0386914821408782e-08,,,,,,1.0452249418315546e-09,,4.900676627679332e-10,4.054354272447507e-09,6.595601894860631e-09,1.5496323556724242e-09,-6.592467414552502e-08,1.634407002526653e-05,1.6278145351121007e-05
DEHHALKAJ00018J5,1568.9208984375,"(1949, 1957)",5.40636103325983e-12,1.9821987598323822e-13,2.0537622958152615e-10,3.2975004589274776e-05,5.103771192121761e-10,2.6297738012381344e-09,,,,,,2.5947142323319173e-09,,3.363315615845886e-10,1.3088945121114935e-09,7.24937201247872e-09,4.919094359551951e-10,-7.429153744572732e-08,3.299012596194968e-05,3.291583442450395e-05
DEHHALKAJ00018Cs,1703.0869140625,"(1969, 1978)",,,,0.0007041618059464378,5.722491428914983e-05,6.64150779332384e-08,,,,,,2.8166007875719432e-09,,7.822281389577027e-10,5.722676545705722e-05,2.1818811231828135e-06,1.2747701611929192e-09,8.578723675324521e-06,0.0008208666554928485,0.000829445379168173
DEHHALKAJ000187x,1445.013671875,"(1949, 1957)",4.97938781740558e-12,1.8256524667266804e-13,1.8915641949763114e-10,3.0419261326375613e-05,4.7093521206962e-10,2.4260885086019093e-09,,,,,,2.3897938732772784e-09,,3.1026387449898964e-10,1.2074472012669257e-09,6.687488878784505e-09,4.5614943229039985e-10,-6.853733089265036e-08,3.0433209493356403e-05,3.0364672162463753e-05
DEHHALKAPE0001Oe,2582.578125,"(2010, 2015)",5.167051500172861e-06,6.3109427565757204e-09,1.5903514849018193e-06,7.953028025268302e-05,1.063068457772504e-08,8.643597847914578e-08,,,,,,4.271121756185905e-09,,2.170803487092891e-09,2.0272160744515033e-08,1.342306549366985e-07,7.048762342932529e-09,-2.3862520251664177e-06,7.979534041900732e-05,7.74090883938409e-05
DEHHALKAPE0001O7,2515.681640625,"(2010, 2015)",5.595832426793591e-06,6.834644168303981e-09,1.7223206399905153e-06,6.355072882160737e-05,1.0426705642743286e-08,7.28704934366857e-08,,,,,,4.160486950126443e-09,,2.1283335794803528e-09,2.0167666197278075e-08,1.4226576728530178e-07,6.844891486151302e-09,-2.548333209048544e-06,6.380959316618514e-05,6.12612599571366e-05
DEHHALKAPE0001OZ,2381.560546875,"(2010, 2015)",4.764868825210454e-06,5.819724149737886e-09,1.4665648699809402e-06,7.4365261109263e-05,9.87190303103726e-09,8.071462946786975e-08,,,,,,3.938674678234512e-09,,2.0137179332568913e-09,1.8803860629704892e-08,1.2392201499620579e-07,6.532774556858406e-09,-2.202118963208223e-06,7.461105868455616e-05,7.240893972134794e-05
DEHHALKAPE0001Oibt_0,1602.5595703125,"(1979, 1983)",,,,2.7966102082860658e-05,6.505443877463522e-09,2.8043652743981166e-08,,,,,,2.6503467262532165e-09,,1.3014750569472946e-09,1.0692723330566098e-08,1.765259777518079e-08,4.173820141879064e-09,-1.7668239618159455e-07,2.8037122142512927e-05,2.7860439746331333e-05
DEHHALKAPE0001Oibt_1,748.99365234375,"(1979, 1983)",,,,2.1751870179332293e-05,3.0433015454361465e-09,1.3114450972627153e-08,,,,,,1.2387298459234418e-09,,6.087677923413504e-10,5.002043459078835e-09,8.256597978289081e-09,1.9520483725302728e-09,-8.263998824480995e-08,2.1785086119298517e-05,2.1702446131053707e-05
DEHHALKAbr0000Mgbt_1,1207.75146484375,"(1979, 1983)",,,,2.9768468199273253e-05,4.753746519065686e-09,2.041578398688441e-08,,,,,,1.997406835846665e-09,,9.498130783372306e-10,7.811701352543968e-09,1.2868230056907052e-08,3.0397334258613403e-09,-1.287723132888328e-07,2.98203046145287e-05,2.9691532301239867e-05
DEHHALKAbr0000Mgbt_2,677.674560546875,"(1979, 1983)",,,,1.870069772251613e-05,2.6484242228448934e-09,1.14046072485287e-08,,,,,,1.1207790830254832e-09,,5.296479551379133e-10,4.352816522186878e-09,7.181883772812551e-09,1.6976534403438274e-09,-7.188029629053461e-08,1.8729633534761012e-05,1.865775323847048e-05
DEHHALKAbr0000MWbt_1,1306.641845703125,"(1979, 1983)",,,,3.173696535729171e-05,5.0107562836682835e-09,2.1732622195668646e-08,,,,,,2.160952525799259e-09,,1.0045512323877527e-09,8.23915139507532e-09,1.3651841972913122e-08,3.2328445752623445e-09,-1.3668824725531212e-07,3.1791998077472484e-05,3.1655309830217174e-05
DEHHALKAbr0000MWbt_4,473.2568359375,"(1979, 1983)",,,,1.4552862648028716e-05,1.8024373981530596e-09,7.838069766781501e-09,,,,,,7.82713856782387e-10,,3.616774246443061e-10,2.964231067078148e-09,4.919396751871852e-09,1.1657165555919077e-09,-4.9263162834226095e-08,1.4572696890849619e-05,1.4523433728015393e-05
DEHHALKA10001o2abt_1,186.56201171875,"(1979, 1983)",,,,4.953043580145235e-06,7.973184124281412e-10,2.878976326878743e-09,,,,,,3.0856337612871706e-10,,1.506396205317628e-10,1.297128012518131e-09,1.9334325864498704e-09,4.3622811772006493e-10,-1.9157875488929776e-08,4.960845866597891e-06,4.941687991108961e-06
DEHHALKA100050O4bt_0,131.423828125,"(1979, 1983)",,,,2.9569031851395453e-06,1.06298903605811e-09,3.3732807026213403e-09,,,,,,2.173759504980342e-10,,1.9344226797429298e-10,1.7181769000746073e-09,2.3856881614005213e-09,5.187571441242714e-10,-2.345724995694735e-08,2.9663728953022964e-06,2.942915645345349e-06
DEHHALKA100050O3bt_1,129.41162109375,"(1979, 1983)",,,,3.1745875149267848e-06,1.074974836166724e-09,3.397465735482984e-09,,,,,,2.1405025702309484e-10,,1.9540327385325747e-10,1.7372181253342502e-09,2.406885504791445e-09,5.227391807267951e-10,-2.3659904001980728e-08,3.184136251840163e-06,3.1604763478381822e-06
DEHHALKA100050O2bt_1,131.869140625,"(1979, 1983)",,,,2.9394140919026425e-06,1.093500174254421e-09,3.456916353301001e-09,,,,,,2.1811279563297867e-10,,1.9878503683880477e-10,1.7671774861812288e-09,2.4487223199960636e-09,5.31865247130391e-10,-2.4071472432000762e-08,2.9491291713159775e-06,2.9250576988839765e-06
DEHHALKA100050O2bt_2,2.0,"(1979, 1983)",,,,6.411401839546744e-07,1.0191910206617797e-11,3.52759467839382e-11,,,,,,3.310210633291429e-12,,1.901341597360024e-12,1.6544763708497955e-11,2.4116392598782447e-11,5.378408953686209e-12,-2.3853609807399487e-10,6.412369029291565e-07,6.409983668310826e-07
DEHHALKA1b4000CPbt_0,1713.072509765625,"(1979, 1983)",,,,4.330543812712084e-05,7.858062389838513e-09,3.1950544320486866e-08,,,,,,2.833116025197312e-09,,1.541496235898872e-09,1.286980704229904e-08,2.0529936010520922e-08,4.7820421580337655e-09,-2.0481513308184493e-07,4.338780313130313e-05,4.318298799822129e-05
DEHHALKA1b4000CPbt_1,1990.797119140625,"(1979, 1983)",,,,4.998268054202723e-05,9.132017400628374e-09,3.713039070185216e-08,,,,,,3.2924227050525835e-09,,1.7914047701421884e-09,1.4956269573765565e-08,2.3858246376188322e-08,5.55730561319176e-09,-2.38019636309192e-07,5.0078398599168047e-05,4.984037896285885e-05
DEHHALKA3zZ0002pbt_1,1350.97705078125,"(1979, 1983)",,,,3.328155874684749e-05,4.775348836555178e-09,2.173916661053761e-08,,,,,,2.234274729080276e-09,,9.736906193029312e-10,7.876731966225056e-09,1.3434435289856514e-08,3.2197267004157445e-09,-1.348680244091506e-07,3.333581212159947e-05,3.320094409719032e-05
DEHHALKA3zZ0002pbt_2,1268.55322265625,"(1979, 1983)",,,,3.134789363474552e-05,4.4799654286820195e-09,2.040201646929484e-08,,,,,,2.0979605967001075e-09,,9.135820638042419e-10,7.389690935725186e-09,1.2606555047420493e-08,3.0215880261887895e-09,-1.2655951568734554e-07,3.1398804993313334e-05,3.127224547762599e-05
DEHHALKA3zZ0002pbt_4,797.26171875,"(1979, 1983)",,,,2.1482007348600022e-05,2.8185863563435563e-09,1.283036582943687e-08,,,,,,1.3185448777514568e-09,,5.74693849151073e-10,4.649116956792479e-09,7.929228956585923e-09,1.900306834936331e-09,-7.96015874323179e-08,2.1514028192261017e-05,2.1434426604828698e-05
DEHHALKA3zZ0002pbt_6,1539.37646484375,"(1979, 1983)",,,,4.070565094107131e-05,5.4125116254022104e-09,2.4693560270781218e-08,,,,,,2.545853731273082e-09,,1.1044627594425998e-09,8.92899793803362e-09,1.524930328547054e-08,3.656630552415857e-09,-1.5310631672962682e-07,4.0767242261234136e-05,4.061413594450451e-05
DEHHALKA3zZ0002pbt_7,3402.38232421875,"(1979, 1983)",,,,7.69915189571157e-05,1.1964947749002184e-08,5.4583995814352606e-08,,,,,,5.626931234098114e-09,,2.4414748517106374e-09,1.973842138644787e-08,3.370798130164753e-08,8.082683220635898e-09,-3.384305278735971e-07,7.712766539267361e-05,7.678923486480001e-05
DEHHALKA3zZ0002pbt_10,1758.7646484375,"(1979, 1983)",,,,5.342384155917203e-05,6.198931010592984e-09,2.8253186894133592e-08,,,,,,2.908683338878584e-09,,1.2644881524989094e-09,1.0225678651845747e-08,1.745368194066006e-08,4.184206636344485e-09,-1.7523120796686481e-07,5.3494330415796984e-05,5.331909920783012e-05
DEHHALKAJ00010BSbt_0,1329.8388671875,"(1979, 1983)",,,,2.5778132065906597e-05,6.5492315473636255e-09,2.6007932587406683e-08,,,,,,2.199315849285421e-09,,1.2748755967381699e-09,1.0711315532485248e-08,1.685382992235412e-08,3.901575015325066e-09,-1.6791366003567095e-07,2.5845630141957556e-05,2.5677716481921886e-05
DEHHALKAJ00010d0bt_0,598.486328125,"(1979, 1983)",,,,1.78045308987267e-05,2.5634917021250617e-09,1.067446267986567e-08,,,,,,9.898243166095498e-10,,5.068701042099408e-10,4.204481252006927e-09,6.8012557343528626e-09,1.594011731156442e-09,-6.794394957260106e-08,1.783186529624703e-05,1.776392134667443e-05
DEHHALKAJ00010d0bt_2,1112.301025390625,"(1979, 1983)",,,,2.9156961337757063e-05,4.764044614677734e-09,1.9838029547531465e-08,,,,,,1.8395580997215228e-09,,9.41983859810737e-10,7.81369855096356e-09,1.2639542524203898e-08,2.962341269566463e-09,-1.262669489596143e-07,2.920776053622354e-05,2.9081493587263928e-05
DEHHALKAJ00010d0bt_4,819.23095703125,"(1979, 1983)",,,,2.2778894421666882e-05,3.506268069361763e-09,1.460426735586418e-08,,,,,,1.3548887069106962e-09,,6.93346354369282e-10,5.7508608491251945e-09,9.304143831874966e-09,2.1807671172376776e-09,-9.29485772660647e-08,2.2816288963951627e-05,2.2723340386685563e-05
DEHHALKAJ00010d0bt_6,1029.189453125,"(1979, 1983)",,,,2.6742215373131292e-05,4.215004737276454e-09,1.7837663925997884e-08,,,,,,1.7021077754317584e-09,,8.379680002769522e-10,6.9200576291198606e-09,1.130084444650352e-08,2.6595513706710276e-09,-1.1299547437548715e-07,2.6787688571016567e-05,2.667469309664108e-05
DEHHALKAJ00010iS,2019.51904296875,"(1949, 1957)",7.423020715758454e-12,2.7215908013665463e-13,2.8198486881088116e-10,4.154487237399345e-05,6.341724136267506e-10,3.302758995769818e-09,,,,,,3.3399228617953733e-09,,4.2375713280917e-10,1.649123464130865e-09,9.134328816989476e-09,4.365721829023256e-10,-9.375001662791634e-08,4.156379300986148e-05,4.147004299323356e-05
DEHHALKAJ00010OEbt_0,2138.53515625,"(1979, 1983)",,,,5.071175938293327e-05,8.806263769378903e-09,3.7193314644692276e-08,,,,,,3.5367547173784088e-09,,1.7495565382515215e-09,1.4456049809252543e-08,2.35795437285408e-08,5.546405640754856e-09,-2.3574077885523073e-07,5.080662727178153e-05,5.05708864929263e-05
DEHHALKAJ00010dobt_0,293.857421875,"(1979, 1983)",,,,1.1639153056442578e-05,1.1080988273670447e-09,4.837126252521214e-09,,,,,,4.860231473426429e-10,,2.226446487138182e-10,1.8227892148193992e-09,3.032091717636373e-09,7.191859811206566e-10,-3.037070114470377e-08,1.1651381016232099e-05,1.1621010315087395e-05
DEHHALKAJ00010dobt_1,1736.378173828125,"(1979, 1983)",,,,4.146781978147929e-05,6.6139672413602946e-09,2.876008281807502e-08,,,,,,2.8716591157027423e-09,,1.3271379606888448e-09,1.0877075778824896e-08,1.8050309317881164e-08,4.277193021981565e-09,-1.8075314125264384e-07,4.1540597206733805e-05,4.135984406548116e-05
DEHHALKAJ00010dobt_3,1949.3994140625,"(1979, 1983)",,,,4.5980508865527315e-05,7.41700309652128e-09,3.22659372763807e-08,,,,,,3.223958035004781e-09,,1.488494279405514e-09,1.2198051754419012e-08,2.024761373743425e-08,4.79838424748307e-09,-2.0276129585866058e-07,4.6062148307953965e-05,4.5859387012095306e-05
DEHHALKAJ00010iU,843.173828125,"(1958, 1968)",7.035200154001836e-12,1.3069239387495255e-13,1.665823508196747e-10,1.3677720250936825e-05,2.0121902596093934e-10,2.2409281268151336e-09,,,,,,1.394458537856077e-09,,1.3864307255859374e-10,5.39776090512869e-10,2.9901721001316314e-09,5.488198655125728e-12,-3.123265911502144e-08,1.3685230936089317e-05,1.3653998276974295e-05
DEHHALKAJ00010kQ,1875.9150390625,"(1979, 1983)",,,,3.5888964581764545e-05,1.0354096894630136e-08,3.893734541542756e-08,,,,,,3.1024275546860076e-09,,1.9808754217836654e-09,1.688187973603671e-08,2.574581966252415e-08,5.87384537205306e-09,-2.5570341752063775e-07,3.5991840871821684e-05,3.5736137454301045e-05
DEHHALKAJ00010hjbt_0,2279.134521484375,"(1979, 1983)",,,,4.092124099793813e-05,8.605204469881744e-09,3.754555393618866e-08,,,,,,3.7692805712271385e-09,,1.7287090067181384e-09,1.4154818834441174e-08,2.3536235649323594e-08,5.581843305543448e-09,-2.35728542452853e-07,4.101616264371145e-05,4.0780434101258594e-05
DEHHALKAJ00010hjbt_2,1692.25341796875,"(1979, 1983)",,,,3.0427586606271084e-05,6.410755325691286e-09,2.7934947064638703e-08,,,,,,2.798684314900803e-09,,1.2872921192545003e-09,1.0544276454372208e-08,1.751932822915243e-08,4.1535389252640586e-09,-1.7545343757392377e-07,3.049823542870436e-05,3.0322781991130435e-05
DEHHALKAJ00010mabt_1,385.5048828125,"(1979, 1983)",,,,8.398380037601569e-06,2.0645356668866476e-09,7.831982135189768e-09,,,,,,6.375837227805147e-10,,3.960561123773566e-10,3.3677668958723134e-09,5.161710556603861e-09,1.1804212023750036e-09,-5.129150395561928e-08,8.419020093893655e-06,8.367728589938035e-06
DEHHALKAJ00010mabt_2,1800.1064453125,"(1979, 1983)",,,,3.433538768106435e-05,9.660710512348458e-09,3.6626024590367255e-08,,,,,,2.977054245475588e-09,,1.852929906443801e-09,1.5758453540803048e-08,2.41439037321306e-08,5.520489903417908e-09,-2.399060656280612e-07,3.443192724749534e-05,3.419202118186728e-05
DEHHALKAJ00010FRbt_1,276.05224609375,"(1979, 1983)",,,,5.295316961871396e-06,2.1103991666672867e-09,6.757101788438503e-09,,,,,,4.565789607967045e-10,,3.850028897158943e-10,3.4126113922603038e-09,4.761122899268512e-09,1.0380004753733807e-09,-4.683875508873988e-08,5.314237779443916e-06,5.267399024355177e-06
DEHHALKAJ00010cH,3263.802978515625,"(1958, 1968)",1.8680196500871022e-11,5.200247239567715e-13,5.791869886625949e-10,6.24642712818159e-05,9.20977748615094e-10,6.433574582227266e-09,,,,,,5.397745676695863e-09,,6.36049924453125e-10,2.475581500859673e-09,1.3714034204603151e-08,7.167638072164635e-12,-1.4178900316217794e-07,6.249385641309144e-05,6.235206740992927e-05
DEHHALKAJ00010F3,630.4287109375,"(1979, 1983)",,,,1.1876186555170952e-05,3.4849120430209328e-09,1.3099595730303768e-08,,,,,,1.0426162153139345e-09,,6.66619499897806e-10,5.681852816590855e-09,8.663003516510077e-09,1.9762104914668436e-09,-8.60373731035408e-08,1.1910801365484057e-05,1.1824763992380516e-05
DEHHALKAJ00010GS,1089.8603515625,"(1984, 1994)",,,,3.525833261080188e-05,6.589212966942943e-09,2.216969364648748e-08,,,,,,1.8024338912835247e-09,,1.2509729161659683e-09,1.0730007320466146e-08,1.613242109440582e-08,3.646286331402439e-09,-1.5939551268690855e-07,3.532065363896903e-05,3.516125812628212e-05
DEHHALKAJ00010cWbt_1,794.0029296875,"(1979, 1983)",,,,1.4988958695980346e-05,4.093500422854521e-09,1.570523487469187e-08,,,,,,1.3131478785837097e-09,,7.880893800910904e-10,6.6817356627738375e-09,1.03070746777043e-08,2.364269573966435e-09,-1.0248658349564004e-07,1.5030211748451012e-05,1.4927725164955371e-05
DEHHALKAJ00010oBbt_0,4.0,"(1979, 1983)",,,,8.408703259939229e-07,1.7894119952881045e-11,7.179932109713254e-11,,,,,,6.618778261533121e-12,,3.4950257288066115e-12,2.9284392237068106e-11,4.63949206609632e-11,1.0770700943714071e-11,-4.627202288115118e-10,8.41056583252805e-07,8.405938630239934e-07
DEHHALKAJ00010oBbt_1,1232.595703125,"(1979, 1983)",,,,2.423717180044512e-05,7.415932957696e-09,2.7228188905113098e-08,,,,,,2.0384940765454047e-09,,1.4082751426827354e-09,1.2075500549321537e-08,1.8167697416247932e-08,4.117917216147903e-09,-1.8018789135764907e-07,2.430962380670887e-05,2.4129435915351222e-05
DEHHALKAJ00010g4,309.11474609375,"(1949, 1957)",7.101211708640431e-13,2.6036021189814908e-14,2.697600247576117e-11,6.898404314430852e-06,1.128595978709051e-10,5.573547140688023e-10,,,,,,5.112205178628706e-10,,7.034968296189084e-11,2.7378016786333726e-10,1.5159371268302529e-09,2.2893765890095346e-10,-1.5445318837451677e-08,6.901674753897211e-06,6.886229435059759e-06
DEHHALKAJ00010e6,2335.155029296875,"(1949, 1957)",8.583184306842145e-12,3.1469554444788393e-13,3.260570316887762e-10,4.8519375363351866e-05,7.418795000572266e-10,3.8586892386524545e-09,,,,,,3.861928262848317e-09,,4.948940756689453e-10,1.925968498514789e-09,1.0667707005608654e-08,5.357968756781693e-10,-1.094147757032106e-07,4.854146222680889e-05,4.843204745110568e-05
DEHHALKAJ00010eLbt_1,251.5595703125,"(1979, 1983)",,,,5.723395968883785e-06,1.8433023805311067e-09,5.943312610705231e-09,,,,,,4.160757278556601e-10,,3.36934225756933e-10,2.981698257316448e-09,4.175680157123696e-09,9.122339181118045e-10,-4.109694921356626e-08,5.740005206161186e-06,5.69890825694762e-06
DEHHALKAJ00010IHbt_1,156.59814453125,"(1979, 1983)",,,,2.7164809161914997e-06,1.8773425396971003e-09,5.037466331157146e-09,,,,,,2.590293478832005e-10,,3.27012713174895e-10,3.01238842696233e-09,3.833754534939383e-09,7.9192987820451e-10,-3.7307861437651936e-08,2.7316198399635185e-06,2.6943119785258667e-06
DEHHALKAJ00010IHbt_3,1.0,"(1979, 1983)",,,,4.6406722724945274e-07,7.539514086189072e-12,2.0230750414141458e-11,,,,,,1.6557518562236879e-12,,1.3133015979826602e-12,1.2098329564961359e-11,1.542081105381105e-11,3.1868103862347235e-12,-1.5020105494995397e-10,4.641286725184123e-07,4.6397847146346235e-07
DEHHALKAJ00010hfbt_0,349.47265625,"(1979, 1983)",,,,7.315712985036958e-06,2.012319166051037e-09,7.477621317022554e-09,,,,,,5.779926062540014e-10,,3.83554941587901e-10,3.278838261215817e-09,4.966660509960659e-09,1.1294566543160648e-09,-4.929409594794455e-08,7.335539428493366e-06,7.286245332545422e-06
DEHHALKAJ00010hfbt_1,1898.00390625,"(1979, 1983)",,,,3.552844275591429e-05,1.0917683712512753e-08,4.0580956778830665e-08,,,,,,3.138959113269865e-09,,2.0811338858827792e-09,1.7789363060626983e-08,2.695083723926816e-08,6.1293008604084176e-09,-2.674902828310187e-07,3.56360309905651e-05,3.536854070773408e-05
DEHHALKAJ00010hfbt_2,343.4482421875,"(1979, 1983)",,,,7.171222395788706e-06,1.975580380774891e-09,7.343218960762508e-09,,,,,,5.68028929068034e-10,,3.7658603994945376e-10,3.219027483299882e-09,4.876856675968916e-09,1.109121756287316e-09,-4.8403598749746136e-08,7.190690816014817e-06,7.142287217265071e-06
DEHHALKAJ00010Nkbt_0,1238.1494140625,"(1979, 1983)",,,,2.2254712110068443e-05,4.6712674428783945e-09,2.0387264907126283e-08,,,,,,2.047677631132937e-09,,9.38510750284138e-10,7.683974846253592e-09,1.2778919059267857e-08,3.0308644009574245e-09,-1.279900758689038e-07,2.2306250589106346e-05,2.2178260513237444e-05
DEHHALKAJ00010nL,362.155517578125,"(1979, 1983)",,,,6.909337269640546e-06,2.089898876239961e-09,7.521938229415541e-09,,,,,,5.989404027022571e-10,,3.9446394192452345e-10,3.3993906620689737e-09,5.057480911279187e-09,1.140055116521122e-09,-5.010204343636458e-08,6.929539437780698e-06,6.879437394344333e-06
DEHHALKAJ00010m4,648.736328125,"(1958, 1968)",5.032406530798568e-12,9.8328236424448e-14,1.2298973727788187e-10,1.0515667064716083e-05,1.54757348546875e-10,1.6165035400220882e-09,,,,,,1.0728937583848194e-09,,1.0667171443359376e-10,4.1528317380945974e-10,2.300547742044364e-09,3.785134408268488e-12,-2.3966846618622522e-08,1.0521337507127733e-05,1.049737066050911e-05
DEHHALKAJ00010FLbt_0,2049.407958984375,"(1979, 1983)",,,,4.7641603917070635e-05,7.966260939300213e-09,3.4374055550362776e-08,,,,,,3.3893542356003243e-09,,1.5942516096811395e-09,1.3094613294968507e-08,2.1630916535371267e-08,5.115723165263796e-09,-2.1651613121030576e-07,4.772876909240118e-05,4.7512252961190875e-05
DEHHALKAJ00010cMbt_0,2602.054443359375,"(1979, 1983)",,,,4.666438357360706e-05,9.974103065176937e-09,4.3266809981747974e-08,,,,,,4.303332294893672e-09,,1.999712143531029e-09,1.640050537974336e-08,2.7176598812480194e-08,6.435839812165433e-09,-2.7210189099433413e-07,4.6773940475096795e-05,4.650183858410246e-05
DEHHALKAJ00010cMbt_1,1469.501953125,"(1979, 1983)",,,,2.7198829207406304e-05,5.623373401305041e-09,2.4409383518529122e-08,,,,,,2.4302933112034493e-09,,1.12768157264693e-09,9.246939105233594e-09,1.5328605634289572e-08,3.6306375268334378e-09,-1.534811932829149e-07,2.726062612147634e-05,2.7107144928193425e-05
DEHHALKAJ00010mCbt_1,444.7900390625,"(1979, 1983)",,,,1.0083832662077692e-05,2.8958318798377767e-09,1.0415107150414323e-08,,,,,,7.356413374398404e-10,,5.464622952641373e-10,4.710125950813895e-09,7.004729587065431e-09,1.5786873842280735e-09,-6.938971367132981e-08,1.0111719247662753e-05,1.0042329533991423e-05
DEHHALKAJ00010mCbt_2,996.7177734375,"(1979, 1983)",,,,1.9596930712509093e-05,6.5120864392732725e-09,2.3400365103802936e-08,,,,,,1.6484076525735007e-09,,1.2285406376042913e-09,1.059152863653499e-08,1.5743300896511206e-08,3.547253007612293e-09,-1.5594603482221917e-07,1.9659602194883005e-05,1.9503656160060788e-05
DEHHALKAJ00010mCbt_3,827.095703125,"(1979, 1983)",,,,1.623532788628972e-05,5.397686606660898e-09,1.9401523279949925e-08,,,,,,1.3678906251451405e-09,,1.0183922683329957e-09,8.779157035534064e-09,1.3051497520518012e-08,2.9409767536617616e-09,-1.292844337312514e-07,1.628728501037952e-05,1.6158000576648267e-05
DEHHALKAJ00010mCbt_5,955.916015625,"(1979, 1983)",,,,1.9121495917460877e-05,6.068978675552534e-09,2.196876745188039e-08,,,,,,1.5809308047951706e-09,,1.1474996504074937e-09,9.874695472041929e-09,1.4738370985341569e-08,3.327584543523409e-09,-1.4605459349993136e-07,1.918020274504442e-05,1.9034148151544487e-05
DEHHALKAJ00010mCbt_6,404.677734375,"(1979, 1983)",,,,9.264019387098716e-06,2.640956274584459e-09,9.492691661544478e-09,,,,,,6.693034964329606e-10,,4.982744733129504e-10,4.2954283838712195e-09,6.3858497108853645e-09,1.438966699535245e-09,-6.325679681361397e-08,9.289440857798882e-06,9.226184060985269e-06
DEHHALKAJ00010mCbt_7,1208.5849609375,"(1979, 1983)",,,,2.4235790576862416e-05,7.880101943486924e-09,2.8330923394890743e-08,,,,,,1.998788890274888e-09,,1.4868589469907267e-09,1.2816880829583347e-08,1.9056666199119247e-08,4.294436962636014e-09,-1.8877264917486669e-07,2.4311655234029396e-05,2.412288258485453e-05
DEHHALKAJ00010mCbt_8,772.966796875,"(1979, 1983)",,,,1.565622297361697e-05,4.912302028177882e-09,1.777724086585978e-08,,,,,,1.2783752277753804e-09,,9.287274894427338e-10,7.992584861861684e-09,1.1927548155092213e-08,2.6927759276167543e-09,-1.181981367415033e-07,1.5703732528172796e-05,1.5585534391431294e-05
DEHHALKAJ00010H1,548.575927734375,"(1958, 1968)",4.833764348716731e-12,8.005919374822112e-14,1.0675233852938897e-10,7.926121684317887e-06,1.1648973253710936e-10,1.512497944450389e-09,,,,,,9.072463967975477e-10,,8.017985759765624e-11,3.1220490794499345e-10,1.7295109205624323e-09,4.23785288646006e-12,-1.8130328287530326e-08,7.930784051930663e-06,7.912653723643133e-06
DEHHALKAJ00010oXbt_1,218.86474609375,"(1979, 1983)",,,,4.859423357432617e-06,1.7280526785109965e-09,5.504460709159152e-09,,,,,,3.6199968497778057e-10,,3.147988543371933e-10,2.79365779001259e-09,3.886836450539594e-09,8.461112717126344e-10,-3.8225999463421814e-08,4.874859274871867e-06,4.836633275408445e-06
DEHHALKAJ00010oXbt_3,2.0,"(1979, 1983)",,,,3.8219546200268623e-07,8.580902923244063e-12,3.09531368663866e-11,,,,,,3.309189730152349e-12,,1.62072159779108e-12,1.3959507101186378e-11,2.081280198830293e-11,4.695218682584077e-12,-2.0631119191946564e-10,3.8227939348157595e-07,3.820730822896565e-07
DEHHALKAJ00010IT,575.7099609375,"(1958, 1968)",5.0728552670438485e-12,8.401913568433814e-14,1.1203259482887839e-10,8.318167657449726e-06,1.2225162639843748e-10,1.5873101397537293e-09,,,,,,9.521212276636901e-10,,8.4145767890625e-11,3.2764733890373525e-10,1.8150558758081299e-09,4.4440044811569616e-12,-1.9028228271486692e-08,8.323060633430624e-06,8.304032405159136e-06
DEHHALKAJ00010c6bt_0,1959.10400390625,"(1979, 1983)",,,,4.6544922880659514e-05,7.823778537064304e-09,3.3418986955792525e-08,,,,,,3.2400077338641816e-09,,1.5603285386825054e-09,1.2852241538788707e-08,2.110368153762176e-08,4.978285613523916e-09,-2.1112048084080844e-07,4.662990019111485e-05,4.641877971027404e-05
DEHHALKAJ00010mKbt_1,587.4423828125,"(1979, 1983)",,,,1.1384743744560874e-05,3.208559064094145e-09,1.2102461072149095e-08,,,,,,9.715462900899789e-10,,6.144189110958634e-10,5.232282866186779e-09,7.993235401772826e-09,1.825127921987512e-09,-7.94014523457938e-08,1.141669137608825e-05,1.1337289923742457e-05
DEHHALKAJ00010mKbt_5,1272.263671875,"(1979, 1983)",,,,2.4666072124773694e-05,6.956584429277182e-09,2.6231487371280155e-08,,,,,,2.104096990456343e-09,,1.3320108684795215e-09,1.1344089505903921e-08,1.732699220078537e-08,3.956005114046682e-09,-1.7211594829446132e-07,2.4735323391253924e-05,2.4563207442959462e-05
DEHHALKAJ00010mKbt_6,4.0,"(1979, 1983)",,,,2.9056661294985404e-07,1.6099338505329865e-11,6.698339064083802e-11,,,,,,6.6164249522036e-12,,3.1823942626201728e-12,2.6403989818230004e-11,4.270047352907791e-11,1.0005893049239962e-11,-4.26605193891328e-10,2.9073860485461166e-07,2.9031199966072033e-07
DEHHALKAJ00010mKbt_7,1081.10546875,"(1979, 1983)",,,,2.0901063141381807e-05,5.705579470726045e-09,2.1738039159108954e-08,,,,,,1.7879564954714629e-09,,1.096031858058801e-09,9.309448069149632e-09,1.4303399747205476e-08,3.274813690426757e-09,-1.4216633975323653e-07,2.0958278409871954e-05,2.0816112070118717e-05
DEHHALKAJ00010jFbt_0,1671.42822265625,"(1979, 1983)",,,,4.108754005850647e-05,6.708838966047784e-09,2.8602711554852723e-08,,,,,,2.7642436431510077e-09,,1.3371155215948412e-09,1.101942199176428e-08,1.8074121594107618e-08,4.261593969485908e-09,-1.80794373962732e-07,4.116030810574747e-05,4.097951373178474e-05
DEHHALKAJ00010jFbt_2,3374.3359375,"(1979, 1983)",,,,7.964360711747569e-05,1.34208136466011e-08,5.7413493488368745e-08,,,,,,5.5805476832617085e-09,,2.677950921308614e-09,2.2048664141265422e-08,3.623685666173394e-08,8.551428676236528e-09,-3.6254258153844006e-07,7.978953687269444e-05,7.942699429115601e-05
DEHHALKAJ00010jFbt_3,267.119140625,"(1979, 1983)",,,,9.486516291902148e-06,1.0593581566715597e-09,4.536755038836645e-09,,,,,,4.417962990713206e-10,,2.114588768190078e-10,1.7405086510676228e-09,2.86250286303779e-09,6.757020452341891e-10,-2.8641383897849916e-08,9.498044373832887e-06,9.469402989935037e-06
DEHHALKAJ00010Hg,2041.070556640625,"(1958, 1968)",1.454202629613926e-11,3.1625608069101025e-13,3.8081124963942963e-10,3.5241122507987665e-05,5.189903582910155e-10,4.760910207802142e-09,,,,,,3.37556520642939e-09,,3.5798744707031247e-10,1.3935503405446964e-09,7.719866543720808e-09,9.500025735114802e-12,-8.020437054793374e-08,3.525925887811726e-05,3.5179054507569326e-05
DEHHALKAJ00010vcbt_0,542.23388671875,"(1979, 1983)",,,,1.0676842930589926e-05,2.4916898271639405e-09,1.0125020065722788e-08,,,,,,8.967708249553851e-10,,4.88691788992357e-10,4.080700431204421e-09,6.507104305260607e-09,1.5154593546945977e-09,-6.491449949553242e-08,1.0702948367187919e-05,1.0638033867692387e-05
DEHHALKAJ00010vcbt_1,1980.101318359375,"(1979, 1983)",,,,4.8728707983278934e-05,8.665188216281205e-09,3.580991235127138e-08,,,,,,3.274733673618611e-09,,1.7090098688983184e-09,1.4205566012021856e-08,2.2876916669968412e-08,5.3512142593087456e-09,-2.2843839158456257e-07,4.88206005243303e-05,4.859216213274574e-05
DEHHALKAJ00010t7bt_1,808.16796875,"(1979, 1983)",,,,1.5232671146612155e-05,4.05779046369564e-09,1.569364013078774e-08,,,,,,1.3365727391926598e-09,,7.83207915513647e-10,6.6264566795270566e-09,1.0268904289249666e-08,2.360580484830307e-09,-1.0215413657691622e-07,1.527379829931495e-05,1.5171644162738032e-05
DEHHALKAJ000115Vbt_1,150.711669921875,"(1979, 1983)",,,,3.3367898362352278e-06,1.605881297739811e-09,4.309055379155502e-09,,,,,,2.49295639776754e-10,,2.797271084558954e-10,2.5768019642851836e-09,3.2794528949590207e-09,6.774321204505466e-10,-3.1914022608253186e-08,3.349767482640051e-06,3.317853460031798e-06
DEHHALKAJ00010us,2035.4248046875,"(1949, 1957)",7.481484536215743e-12,2.7430260905920653e-13,2.842057857897107e-10,4.187364441997272e-05,6.391950813701653e-10,3.328900693686704e-09,,,,,,3.366228143430429e-09,,4.271105956861083e-10,1.6621740414720602e-09,9.206614380161225e-09,4.40110817044137e-10,-9.449185405696214e-08,4.189271475372557e-05,4.179822289966861e-05
DEHHALKAJ00010uR,297.6181640625,"(1958, 1968)",3.2499731810462084e-12,4.0083920258208745e-14,6.090159289771123e-11,3.2519825396707644e-06,4.7602239632812493e-11,9.785267631477769e-10,,,,,,4.922071821160433e-10,,3.262490314453125e-11,1.2710468108763437e-10,7.041003357399704e-10,3.4210458226469546e-12,-7.519438384595353e-09,3.254368126821456e-06,3.2468486884368606e-06
DEHHALKAJ00011Iz,3129.6142578125,"(1969, 1978)",,,,0.0013527762820650167,0.00011216726486646458,1.2593544783291164e-07,,,,,,5.175821562206285e-09,,1.25470883072876e-09,0.00011217025932988846,4.270753270746782e-06,1.5244117573930593e-09,1.6876402341158514e-05,0.0015815184499220996,0.0015983948522632582
DEHHALKAJ00011Ad,125.828369140625,"(1919, 1948)",4.272331588077597e-12,2.499912012609243e-14,5.814983567157838e-11,2.5076500781595773e-06,1.6982419799888594e-09,5.624550668107726e-08,,,,,,2.0809768621585891e-10,,3.3902167293853036e-10,3.124947395302466e-09,4.253044828491163e-09,8.489304491314537e-10,-4.565930195096511e-08,2.574367868852723e-06,2.528708566901758e-06
DEHHALKAJ00010ta,4191.6552734375,"(1969, 1978)",,,,0.0018185732176732683,0.00015023157655610523,1.7329752835866263e-07,,,,,,6.932247221897301e-09,,1.7460166087810058e-09,0.00015023572257606447,5.7214536608013645e-06,2.539892529813934e-09,2.258793878619568e-05,0.0021249464861509584,0.002147534424937154
DEHHALKAJ00011DAbt_2,3132.5771484375,"(1979, 1983)",,,,5.855004849435253e-05,1.744349983039996e-08,6.543245693604602e-08,,,,,,5.180722119516424e-09,,3.334547236300784e-09,2.84368621698767e-08,4.3305664759705355e-08,9.873323542259376e-09,-4.3004183714844925e-07,5.8723055570946635e-05,5.829301373379818e-05
DEHHALKAJ00011DAbt_3,4.0,"(1979, 1983)",,,,2.935676260161526e-07,1.761726536788645e-11,7.105643820759775e-11,,,,,,6.616449522655068e-12,,3.4468006622140227e-12,2.8839659693685812e-11,4.58003019589103e-11,1.0646219926226253e-11,-4.5677115405968413e-10,2.937516491514918e-07,2.932948779974321e-07
DEHHALKAJ00011DAbt_4,739.1328125,"(1979, 1983)",,,,1.4783950294296191e-05,4.114698113464022e-09,1.5435855542036537e-08,,,,,,1.222414714430468e-09,,7.865956829712563e-10,6.707920533655989e-09,1.0215787609422923e-08,2.329163156174499e-09,-1.0144740073401405e-07,1.4824762729648347e-05,1.4723315328914333e-05
DEHHALKAJ00011Apbt_0,749.1240234375,"(1979, 1983)",,,,1.4673326180737512e-05,3.949287160440531e-09,1.5051416917384933e-08,,,,,,1.238932559255077e-09,,7.5872721808176e-10,6.44392738134131e-09,9.90250932081873e-09,2.267408821328512e-09,-9.842625691378719e-08,1.4712938390116162e-05,1.4614512133202375e-05
DEHHALKAJ00011Apbt_2,1633.02734375,"(1979, 1983)",,,,3.121628983371156e-05,8.634934738324742e-09,3.288010792941784e-08,,,,,,2.7007353719693745e-09,,1.6584592384498375e-09,1.408865124904513e-08,2.1639323502335652e-08,4.953641316798494e-09,-2.150734314725591e-07,3.130284568705789e-05,3.1087772255585335e-05
DEHHALKAJ000114x,1902.276611328125,"(1969, 1978)",,,,0.000825574619195085,6.81788009461829e-05,7.866730263986146e-08,,,,,,3.1460248748717715e-09,,7.950499468502807e-10,6.818068902908353e-05,2.5965941970759296e-06,1.1528169642703936e-09,1.0250392859723472e-05,0.0009646144645618532,0.0009748648574215766
DEHHALKAJ00010q6bt_0,1468.360595703125,"(1979, 1983)",,,,3.69468598768262e-05,6.191992007472138e-09,2.592791675867103e-08,,,,,,2.4284064760708076e-09,,1.2266136996128699e-09,1.015918022017543e-08,1.648728350160912e-08,3.869649384412713e-09,-1.6475607860998116e-07,3.701315091887422e-05,3.684839484026424e-05
DEHHALKAJ00010q6bt_2,781.785888671875,"(1979, 1983)",,,,2.5290814619935073e-05,3.27939343858213e-09,1.3758002944962629e-08,,,,,,1.2929754677634237e-09,,6.500521511784525e-10,5.381121052496246e-09,8.743040365676546e-09,2.0530417238895645e-09,-8.737935470607345e-08,2.5325972247079624e-05,2.523859289237355e-05
DEHHALKAJ00010smbt_1,2395.46142578125,"(1979, 1983)",,,,5.7561877347730083e-05,1.051716276527743e-08,4.34136992973658e-08,,,,,,3.961664814887461e-09,,2.073479148628494e-09,1.7240468018254134e-08,2.7745715276149514e-08,6.488173008047165e-09,-2.770377704291251e-07,5.767331771005869e-05,5.7396279939629566e-05
DEHHALKAJ00010wVbt_1,2108.89404296875,"(1979, 1983)",,,,5.165890201731373e-05,8.931840663354335e-09,3.734227811578318e-08,,,,,,3.4877337122268046e-09,,1.7684423408191768e-09,1.465304041065295e-08,2.375849078757285e-08,5.57400962613288e-09,-2.3739554929123454e-07,5.1754417852970276e-05,5.151702230367904e-05
DEHHALKAJ000116bbt_0,1521.22265625,"(1979, 1983)",,,,2.885715203704258e-05,7.929834528900937e-09,3.032332180808701e-08,,,,,,2.515830439998729e-09,,1.5250710940107575e-09,1.2941292459864454e-08,1.9925169050678923e-08,4.566438847163041e-09,-1.9808470923274265e-07,2.8936878995271283e-05,2.873879428603854e-05
DEHHALKAJ000116bbt_1,364.42578125,"(1979, 1983)",,,,7.993548090817158e-06,1.899679926212609e-09,7.2642884949191795e-09,,,,,,6.027218873385112e-10,,3.653477172544329e-10,3.100231298396727e-09,4.773353311530107e-09,1.0939563390424169e-09,-4.745427549969192e-08,8.012647669791852e-06,7.96519339429216e-06
DEHHALKAJ000112ibt_0,2711.553955078125,"(1979, 1983)",,,,4.882643928515808e-05,1.1006693685681913e-08,4.673204906818106e-08,,,,,,4.484424896803419e-09,,2.1906176542071904e-09,1.807406812008114e-08,2.9571739979221628e-08,6.965189347114364e-09,-2.957310991027564e-07,4.8945464067909365e-05,4.864973296880661e-05
DEHHALKAJ00010qnbt_0,245.83203125,"(1979, 1983)",,,,5.6079636178224774e-06,1.84152428754629e-09,5.915837404953723e-09,,,,,,4.066033164652137e-10,,3.362636051179668e-10,2.978300227805503e-09,4.162679059455239e-09,9.08417213873779e-10,-4.095990595846224e-08,5.6245132429376965e-06,5.583553336979234e-06
DEHHALKAJ00011CB,771.3798828125,"(1958, 1968)",6.4809656442946654e-12,1.1982639891054154e-13,1.5300799504102866e-10,1.2514037888666704e-05,1.8409286203826439e-10,2.062794767029567e-09,,,,,,1.2757242114671233e-09,,1.2683799413085937e-10,4.938180642709615e-10,2.7355800261420194e-09,5.080235183024095e-12,-2.857821406475463e-08,1.2520921816826966e-05,1.2492343602762211e-05
DEHHALKAJ00010tV,784.91015625,"(1958, 1968)",6.585934152787483e-12,1.2187723082873525e-13,1.5557326021424987e-10,1.2733356087477862e-05,1.8732053754599656e-10,2.0965122088991623e-09,,,,,,1.2981008604382748e-09,,1.290627769921875e-10,5.024793333528252e-10,2.7835605496255213e-09,5.157805578435003e-12,-2.9078527249914146e-08,1.2740358281550297e-05,1.2711279754300382e-05
DEHHALKAJ00010qObt_1,255.96484375,"(1979, 1983)",,,,2.9691003412028842e-06,1.3198107162141642e-09,4.556091926999735e-09,,,,,,4.233375330194083e-10,,2.4602523365982503e-10,2.1421194844676366e-09,3.113743948879388e-09,6.937358692089189e-10,-3.077028095696852e-08,2.9815952059153333e-06,2.950824924958365e-06
DEHHALKAJ00010txbt_0,3319.781494140625,"(1979, 1983)",,,,7.710092801619199e-05,1.2794201266897888e-08,5.538609931342517e-08,,,,,,5.490324377048447e-09,,2.563301819548616e-09,2.1034896283897653e-08,3.4814446703461716e-08,8.240367160913664e-09,-3.485401558904402e-07,7.724125165311717e-05,7.689271149722673e-05
DEHHALKAJ00010txbt_1,5.0,"(1979, 1983)",,,,7.890508888995266e-07,1.877440806159867e-11,8.208942655762253e-11,,,,,,8.272358716318297e-12,,3.774383728658137e-12,3.088709434068205e-11,5.145954464233165e-11,1.2211577281183643e-11,-5.156536254559075e-10,7.892583576928548e-07,7.887427040673989e-07
DEHHALKAJ00010txbt_3,1025.52490234375,"(1979, 1983)",,,,2.5912696847691393e-05,3.913627845949192e-09,1.7005738282520464e-08,,,,,,1.6960434092892632e-09,,7.85101964503104e-10,6.435909472134739e-09,1.0675790391934379e-08,2.5292766450672006e-09,-1.069019569486791e-07,2.595573833570279e-05,2.584883637875411e-05
DEHHALKAJ00010txbt_4,917.706298828125,"(1979, 1983)",,,,2.3819966802591493e-05,3.5102724136811406e-09,1.523958469680932e-08,,,,,,1.5177370216408556e-09,,7.039718646793661e-10,5.772274107298695e-09,9.569973186399295e-09,2.2667883131293606e-09,-9.582437038040884e-08,2.3858547404195128e-05,2.376272303381472e-05
DEHHALKAJ000115Cbt_1,2089.410400390625,"(1979, 1983)",,,,4.974826350698857e-05,8.581532801242665e-09,3.627872477046061e-08,,,,,,3.455511178608436e-09,,1.7054582257950145e-09,1.4087969086030652e-08,2.2992079537030956e-08,5.409535095550579e-09,-2.2987976676750305e-07,4.9840774317683286e-05,4.9610894550915785e-05
DEHHALKAJ00010wo,2266.988525390625,"(1949, 1957)",8.33262892219319e-12,3.0550913292884003e-13,3.165389621621608e-10,4.7103027801318904e-05,7.202229799529297e-10,3.746048599483068e-09,,,,,,3.749193072026408e-09,,4.80447412163086e-10,1.869746838306164e-09,1.0356303721611982e-08,5.201623850459809e-10,-1.0621879328670788e-07,4.71244699263275e-05,4.701825113304079e-05
DEHHALKAJ00011CH,281.9130859375,"(1979, 1983)",,,,9.307174015665903e-06,1.8391403308593407e-09,6.052466413902867e-09,,,,,,4.662338073375725e-10,,3.3812183744797466e-10,2.9779102308289298e-09,4.216997885991218e-09,9.267721970739859e-10,-4.155569222521087e-08,9.323991658369346e-06,9.282435966144135e-06
DEHHALKAJ00011Az,630.8408203125,"(1979, 1983)",,,,1.1847359464766267e-05,3.180421355860179e-09,1.2285007401598912e-08,,,,,,1.0432977667168092e-09,,6.136194749209719e-10,5.193325484485577e-09,8.04223033937045e-09,1.8481020850673949e-09,-7.999762552949091e-08,1.1879565468674288e-05,1.1799567843144798e-05
DEHHALKAJ000116qbt_0,492.901611328125,"(1979, 1983)",,,,1.496552593599978e-05,2.0143064028828034e-09,8.531172608149846e-09,,,,,,8.152045107313383e-10,,4.0056323683520865e-10,3.307186420599376e-09,5.4034516523594364e-09,1.271912361515047e-09,-5.403130458722725e-08,1.4987269733192854e-05,1.4933238428605627e-05
DEHHALKAJ000116qbt_1,3410.601806640625,"(1979, 1983)",,,,8.002323771702997e-05,1.3989962947976966e-08,5.917070328090824e-08,,,,,,5.640524946501937e-09,,2.7807467771830725e-09,2.2967441399955512e-08,3.749396885942903e-08,8.822561750203022e-09,-3.748822115049127e-07,8.017410362699213e-05,7.979922141548721e-05
DEHHALKAJ000116qbt_2,500.728759765625,"(1979, 1983)",,,,1.5146927155260415e-05,2.046054045162165e-09,8.666004044120725e-09,,,,,,8.281491605985729e-10,,4.0688244215310565e-10,3.3593200991902894e-09,5.488765961076364e-09,1.2920083848290814e-09,-5.488451194844082e-08,1.5169014339397545e-05,1.5114129827449104e-05
DEHHALKAJ00011dJbt_0,2015.93505859375,"(1979, 1983)",,,,4.823360259575271e-05,8.336532532500166e-09,3.515530458431805e-08,,,,,,3.3339961494186966e-09,,1.6553742658621577e-09,1.3683657812872312e-08,2.2299497677695166e-08,5.2432572158267745e-09,-2.2292429457365132e-07,4.8323310215991205e-05,4.8100385921417555e-05
DEHHALKAJ00011cK,1854.052734375,"(1969, 1978)",,,,0.0007697920790447611,6.229750482829485e-05,7.518053322771691e-08,,,,,,3.0662712176632285e-09,,8.8234986500539e-10,6.22996072579371e-05,2.3759493518813293e-06,1.1356366937034108e-09,9.331670185646315e-06,0.0008968454052738784,0.0009061770754595248
DEHHALKAJ00017ydbt_0,1094.767578125,"(1979, 1983)",,,,2.1137582051875638e-05,5.751226648037442e-09,2.194175928838413e-08,,,,,,1.8105508499266332e-09,,1.105274389535175e-09,9.384643076755844e-09,1.443013016711814e-08,3.3050384696570555e-09,-1.4343719235930883e-07,2.119531067476505e-05,2.105187348240574e-05
DEHHALKAJ00017ydbt_1,1008.275390625,"(1979, 1983)",,,,1.9527934995626554e-05,5.463495741805546e-09,2.0655407408275892e-08,,,,,,1.66751145786265e-09,,1.046979888602999e-09,8.910607758720511e-09,1.3630376093082685e-08,3.1142179884237167e-09,-1.3541646802971985e-07,1.9582423591963328e-05,1.9447007123933607e-05
DEHHALKAJ00017ydbt_2,4.0,"(1979, 1983)",,,,3.145209278761669e-07,1.6254472540025114e-11,6.739966122549114e-11,,,,,,6.616533614132951e-12,,3.2094169292453305e-12,2.6652939573671678e-11,4.301854459869071e-11,1.00716679397078e-11,-4.29707530709343e-10,3.1469415111258793e-07,3.142644435818786e-07
DEHHALKAJ00017xx,1821.58984375,"(1949, 1957)",6.277035610679754e-12,2.30142458603266e-13,2.38451316650799e-10,3.752329320837036e-05,5.789657366242187e-10,2.9903598561850598e-09,,,,,,3.0125834284091933e-09,,3.8272513412109374e-10,1.4894446780820539e-09,8.249515131702546e-09,5.224347155720003e-10,-8.452605863444157e-08,3.7540519237051064e-05,3.7455993178416624e-05
DEHHALKAJ00018HM,2063.482666015625,"(1919, 1948)",1.9758116021139398e-11,5.051179561937388e-13,5.7707510390828e-10,4.24168602527193e-05,8.049382255120093e-09,1.1125837366087843e-07,,,,,,3.412630825191176e-09,,1.8797070266196442e-09,1.5288108459442498e-08,2.6265786538373297e-08,3.7694530525127904e-09,-2.6951230400929595e-07,4.258678369453744e-05,4.231727139052815e-05
DEHHALKAJ00018Kk,5639.3310546875,"(1969, 1978)",,,,0.002441737222481643,0.00020211709142484144,2.2725252805386914e-07,,,,,,9.326443728346467e-09,,2.3030768618115234e-09,0.00020212259039249067,7.696485711077263e-06,2.748917146896488e-09,3.0400858479186783e-05,0.0028539150209758437,0.0028843158794550306
DEHHALKAJ00018CN,1930.560302734375,"(1984, 1994)",,,,5.108564235456461e-05,8.160610743453337e-09,3.037897027854352e-08,,,,,,3.1928010354192235e-09,,1.6164903154349129e-09,1.3391060852686634e-08,2.1721493000926387e-08,5.079954988587358e-09,-2.1592038543821587e-07,5.116918373577966e-05,5.0953263350341444e-05
DEHHALKAJ00018HHbt_1,242.92333984375,"(1979, 1983)",,,,5.043939806910817e-06,2.1306421632544488e-09,6.6800962386353815e-09,,,,,,4.0179307222582814e-10,,3.8644152535522716e-10,3.441941924914315e-09,4.7482838322493005e-09,1.0288070339105953e-09,-4.6653050159706504e-08,5.062757812701362e-06,5.016104762541655e-06
DEHHALKAJ00018HHbt_4,2.0,"(1979, 1983)",,,,3.106515827455171e-07,6.91022870344908e-12,2.647022287781458e-11,,,,,,3.3088791555450754e-12,,1.329708264904767e-12,1.1278677104797858e-11,1.7397391526639642e-11,3.989496373386412e-12,-1.7305385970558017e-10,3.107222673495237e-07,3.105492134898181e-07
DEHHALKAJ00018Aqbt_0,256.037109375,"(1979, 1983)",,,,5.149361249199051e-06,2.037894441131536e-09,6.48320980675304e-09,,,,,,4.234793357740951e-10,,3.7111218539985274e-10,3.294366239461291e-09,4.580332233730491e-09,9.967038833293701e-10,-4.5042717978567953e-08,5.16754834732463e-06,5.122505629346062e-06
DEHHALKAJ00018Aqbt_3,2.0,"(1979, 1983)",,,,4.5057534000727965e-07,1.0220550336099993e-11,3.5352796738027995e-11,,,,,,3.3094860738815456e-12,,1.9063303973523607e-12,1.6590548607056343e-11,2.4164685242733085e-11,5.387808900630361e-12,-2.389493871299501e-10,4.506722722135755e-07,4.504333228264455e-07
DEHHALKAJ00018JBbt_0,2957.1845703125,"(1979, 1983)",,,,5.6873494689990884e-05,1.871123554208201e-08,6.779127907947163e-08,,,,,,4.890654337831534e-09,,3.5387956423897718e-09,3.044604617838447e-08,4.546421709551103e-08,1.0267259957959161e-08,-4.505646890144505e-07,5.7054604177824517e-05,5.6604039488810065e-05
DEHHALKAJ00018JBbt_2,1032.3818359375,"(1979, 1983)",,,,2.0517978110548068e-05,6.341932839418345e-09,2.3155851936507206e-08,,,,,,1.7073851824188007e-09,,1.2022725507553708e-09,1.0323589279073603e-08,1.5483350706565615e-08,3.5041206575876325e-09,-1.5351468221561996e-07,2.0579696613700393e-05,2.0426181931484774e-05
DEHHALKAJ00018JBbt_3,227.9736328125,"(1979, 1983)",,,,5.781856532764483e-06,1.4424761929851506e-09,5.226127689121552e-09,,,,,,3.7705664494312485e-10,,2.728108710141781e-10,2.347130960883777e-09,3.5049769440457946e-09,7.915375691528146e-10,-3.473582583409201e-08,5.79581864963663e-06,5.761082823802538e-06
DEHHALKAJ00018JBbt_4,467.2900390625,"(1979, 1983)",,,,1.0435368606969936e-05,2.9567224430780675e-09,1.0712280108304346e-08,,,,,,7.728511508336135e-10,,5.591953815015925e-10,4.811041588656758e-09,7.184267444962642e-09,1.622437979486558e-09,-7.119876640905515e-08,1.0463987403066762e-05,1.0392788636657707e-05
DEHHALKAJ00018JBbt_6,805.4248046875,"(1979, 1983)",,,,1.625095525036451e-05,4.955662772639734e-09,1.808658667608379e-08,,,,,,1.3320515889999134e-09,,9.39348262578173e-10,8.066793139298663e-09,1.2095723028153892e-08,2.737129040150099e-09,-1.199240501410195e-07,1.6299168544872413e-05,1.617924449473139e-05
DEHHALKAJ00018IEbt_1,2018.47900390625,"(1979, 1983)",,,,4.7056685019026134e-05,7.830139275913502e-09,3.38126362047291e-08,,,,,,3.33820328592141e-09,,1.5674225248666446e-09,1.2871484719748405e-08,2.127201383897049e-08,5.0318144743237385e-09,-2.1293274474576872e-07,4.714240873335061e-05,4.692947598860484e-05
DEHHALKAJ00018Agbt_1,2096.561279296875,"(1979, 1983)",,,,4.9868180644623505e-05,8.607900281437122e-09,3.639483044831945e-08,,,,,,3.467337448463927e-09,,1.710772085695163e-09,1.4131366773819942e-08,2.3064635030214576e-08,5.4267817779521306e-09,-2.3060681496099142e-07,4.9960984268469404e-05,4.973037745350841e-05
DEHHALKAJ00018Eb,783.423828125,"(1958, 1968)",6.292128561558139e-12,1.2000024130656613e-13,1.5144947866009067e-10,1.2703352968612797e-05,1.8692131844656031e-10,2.0129310692781493e-09,,,,,,1.2956427409264635e-09,,1.2881838005859375e-10,5.015126054657186e-10,2.7782096346073603e-09,4.778431191125791e-12,-2.8991489882051392e-08,1.2710261782792772e-05,1.268127029291072e-05
DEHHALKAJ00018DZbt_0,155.06689453125,"(1979, 1983)",,,,3.754484902237238e-06,2.2742316948036146e-09,6.1024375411383855e-09,,,,,,2.565092154936913e-10,,3.961465002684393e-10,3.6492381514594096e-09,4.644273725808749e-09,9.593583685362423e-10,-4.5195498977683374e-08,3.772767097434747e-06,3.7275715984570634e-06
DEHHALKAJ00018BC,781.921875,"(1958, 1968)",6.280535855262146e-12,1.1977293316459887e-13,1.5116552672238375e-10,1.2679015058699803e-05,1.8656303374889811e-10,2.0092050442312375e-09,,,,,,1.2931587895268594e-09,,1.2857141390625e-10,5.005514735218684e-10,2.7728905331120102e-09,4.7889363936558134e-12,-2.8929773058362187e-08,1.2685910787924243e-05,1.2656981014865881e-05
DEHHALKAJ00018Aebt_0,1.0,"(1979, 1983)",,,,2.738252322953165e-07,5.5132249253234416e-12,1.479361616228767e-11,,,,,,1.654978676584874e-12,,9.60343998524832e-13,8.84677286184421e-12,1.1272872396184527e-11,2.3294144178809585e-12,-1.0978005022687703e-10,2.7387060351875513e-07,2.7376082346852823e-07
DEHHALKAJ00018Aebt_1,112.166748046875,"(1979, 1983)",,,,2.5734859140367675e-06,1.3362537451419788e-09,3.5855647590670514e-09,,,,,,1.855408815029081e-10,,2.3276091253943264e-10,2.14415655653097e-09,2.7288193186986414e-09,5.63688398508707e-10,-2.655545141031172e-08,2.5842626986087575e-06,2.5577072471984456e-06
DEHHALKAJ000186hbt_0,337.203125,"(1979, 1983)",,,,9.10526357613812e-06,1.9406966311911167e-09,6.544142649898913e-09,,,,,,5.577182364180482e-10,,3.592957065964504e-10,3.146126519727948e-09,4.514763155352702e-09,9.991954389369641e-10,-4.455453600707041e-08,9.123325514476243e-06,9.078770978469172e-06
DEHHALKAJ000186hbt_2,134.65625,"(1979, 1983)",,,,5.992870982138121e-06,7.727340484034325e-10,2.6072539333320614e-09,,,,,,2.22728546522219e-10,,1.4308667364285216e-10,1.2527436409185334e-09,1.798424905746353e-09,3.980956713278256e-10,-1.774930823016913e-08,6.000066049558015e-06,5.982316741327846e-06
DEHHALKAJ00018KPbt_0,365.4599609375,"(1979, 1983)",,,,7.750464688006992e-06,1.9154286927524634e-09,7.312696359190017e-09,,,,,,6.044305817327956e-10,,3.6818872815718757e-10,3.1256491236561624e-09,4.808036107635689e-09,1.1014261401337185e-09,-4.77945505028904e-08,7.76970054374025e-06,7.72190599323736e-06
DEHHALKAJ00018KPbt_1,1415.4833984375,"(1979, 1983)",,,,2.693582276966027e-05,7.4415574542787275e-09,2.8384401595554877e-08,,,,,,2.3409566799827775e-09,,1.4300244687598257e-09,1.2142714117349751e-08,1.866867421676106e-08,4.275570645930972e-09,-1.855663643875765e-07,2.7010506668838894e-05,2.6824940304451316e-05
DEHHALKAJ000189D,1904.2724609375,"(1969, 1978)",,,,0.0008246748722266045,6.825030740304634e-05,7.86105192058081e-08,,,,,,3.149325652634152e-09,,7.778700686828614e-10,6.825215341133376e-05,2.5989310201891235e-06,1.153127338414391e-09,1.0265048992823185e-05,0.0009638599549034392,0.0009741250038962624
DEHHALKAJ00018BIbt_0,569.5986328125,"(1979, 1983)",,,,1.1676743363672207e-05,2.981100822054972e-09,1.1386023847350622e-08,,,,,,9.420383127843655e-10,,5.731116316199143e-10,4.8647574624212895e-09,7.48501283142633e-09,1.7148632383272528e-09,-7.440688744982096e-08,1.1706690271818192e-05,1.1632283384368372e-05
DEHHALKAJ00018BIbt_1,2463.298828125,"(1979, 1983)",,,,4.624340400971204e-05,1.2912711307552847e-08,4.929546399601623e-08,,,,,,4.073855599775891e-09,,2.4820754843681103e-09,2.1071251385947814e-08,3.241164305356505e-08,7.4247552174133e-09,-3.221870832732613e-07,4.637307576575668e-05,4.6050888682483425e-05
DEHHALKAJ00018BIbt_2,540.2412109375,"(1979, 1983)",,,,1.1171967202880568e-05,2.8319661072500227e-09,1.081129128909013e-08,,,,,,8.934874864471008e-10,,5.44359234861482e-10,4.621266586451862e-09,7.108450075778161e-09,1.628383222864447e-09,-7.066164439923861e-08,1.1200406406883311e-05,1.1129744762484073e-05
DEHHALKAJ00018G0bt_0,862.81982421875,"(1979, 1983)",,,,2.2698989955207678e-05,3.3209216340811025e-09,1.4383387081602507e-08,,,,,,1.426967499952901e-09,,6.654555177238639e-10,5.460087458573139e-09,9.039676558512202e-09,2.139906103131216e-09,-9.050273247613177e-08,2.2735426357061257e-05,2.2644923624585124e-05
DEHHALKAJ00018G0bt_1,270.10009765625,"(1979, 1983)",,,,9.40975149493971e-06,1.0424292016358262e-09,4.510236133333434e-09,,,,,,4.467253611317568e-10,,2.0881056782322426e-10,1.713798032940713e-09,2.8357268820142177e-09,6.711124566033685e-10,-2.838953605297356e-08,9.421180333575194e-06,9.39279079752222e-06
DEHHALKAJ00018Cj,3124.43359375,"(1984, 1994)",,,,7.53776638172307e-05,1.1882083381755175e-08,4.5609891289967566e-08,,,,,,5.167253671359857e-09,,2.3853202460332627e-09,1.9545912832390047e-08,3.2447877825759355e-08,7.66238344839782e-09,-3.231087562493798e-07,7.550236453992637e-05,7.517925578367699e-05
DEHHALKAJ00018FFbt_0,2110.159912109375,"(1979, 1983)",,,,5.146585149020512e-05,8.849067279849917e-09,3.7128201280754465e-08,,,,,,3.489827215570348e-09,,1.7541517362154362e-09,1.4520414623856883e-08,2.3592765195094382e-08,5.540175711070372e-09,-2.3578649249310807e-07,5.1560726093247526e-05,5.132493960075442e-05
DEHHALKAJ00018II,782.5390625,"(1979, 1983)",,,,1.4754333475816356e-05,3.58399448169365e-09,1.4580114752237687e-08,,,,,,1.2941794821946336e-09,,7.031862826924136e-10,5.869989400879087e-09,9.366454676778336e-09,2.1820237413939958e-09,-9.344500263291135e-08,1.4791913418634225e-05,1.4698468416001313e-05
DEHHALKAJ00018ALbt_1,2274.87548828125,"(1979, 1983)",,,,5.246339430892527e-05,8.516369989252539e-09,3.728017210117305e-08,,,,,,3.7622371320180625e-09,,1.7128056201678156e-09,1.4011637105844986e-08,2.334430835448857e-08,5.540887237761315e-09,-2.338518063032563e-07,5.2557562726465975e-05,5.232371092016272e-05
DEHHALKAJ00018GKbt_0,2961.810546875,"(1979, 1983)",,,,5.54285943373551e-05,1.6548267446990347e-08,6.201490091250179e-08,,,,,,4.898304747276634e-09,,3.162467283570284e-09,2.6976003824926476e-08,4.1058616205113006e-08,9.358580101065015e-09,-4.077051629974175e-07,5.559261147787654e-05,5.518490631487912e-05
DEHHALKAJ0001861bt_0,4.0,"(1979, 1983)",,,,4.3236329708454277e-07,2.0469344928822166e-11,7.870941280237426e-11,,,,,,6.617073590002109e-12,,3.943601994784227e-12,3.3416234430353267e-11,5.163178653390077e-11,1.185122310163721e-11,-5.135597948897682e-10,4.325699357619246e-07,4.3205637596703486e-07
DEHHALKAJ0001861bt_1,1552.9619140625,"(1979, 1983)",,,,4.019148976978238e-05,7.947028270067302e-09,3.055818009007765e-08,,,,,,2.5683246024314775e-09,,1.5310659255302022e-09,1.2973420225897433e-08,2.0038721582015312e-08,4.599328454519275e-09,-1.992802992961828e-07,4.027170583893293e-05,4.007242553963675e-05
DEHHALKAJ0001861bt_2,4.0,"(1979, 1983)",,,,4.83218397602033e-07,2.0469344928822166e-11,7.870941280237426e-11,,,,,,6.617283865568651e-12,,3.943601994784227e-12,3.3416280087228713e-11,5.163450633107083e-11,1.185193853904782e-11,-5.13601381461285e-10,4.83425039970582e-07,4.829114385891207e-07
DEHHALKAJ00018DMbt_0,1620.308837890625,"(1979, 1983)",,,,3.880756351198186e-05,6.2116839627000975e-09,2.6944476484196636e-08,,,,,,2.679701262930289e-09,,1.245362803601713e-09,1.021390460560459e-08,1.6925068469464067e-08,4.008084439242011e-09,-1.6946218656734873e-07,3.88757917940096e-05,3.870632960744225e-05
DEHHALKAJ00018DMbt_1,4452.340087890625,"(1979, 1983)",,,,0.00010048938218318269,1.770200528170115e-08,7.573836004444913e-08,,,,,,7.3633732783078926e-09,,3.5323693169858396e-09,2.9082349150390823e-08,4.780023396291048e-08,1.128061230186918e-08,-4.782341460003629e-07,0.00010068188148651931,0.00010020364734051895
DEHHALKAJ00018Go,856.5146484375,"(1949, 1957)",2.951472839924829e-12,1.0821337618753853e-13,1.1212021539940478e-10,1.7930127417642083e-05,2.7734690478149243e-10,1.4297359093096004e-09,,,,,,1.4165218893140945e-09,,1.8288032104099442e-10,7.117112527326303e-10,3.941853800554077e-09,2.6393772893745237e-10,-4.0402235926681386e-08,1.7938351405448756e-05,1.7897949169522075e-05
DEHHALKAJ0004nAHbt_0,74.17138671875,"(1979, 1983)",,,,6.2908184906108835e-06,1.2643880390436501e-09,3.392727774244039e-09,,,,,,1.2271351411596073e-10,,2.2024268582347285e-10,2.0288441425600632e-09,2.5822678599979825e-09,5.334266230572408e-10,-2.5130449913118813e-08,6.300963101249725e-06,6.275832651336606e-06
DEHHALKAJ0004nAHbt_1,119.199951171875,"(1979, 1983)",,,,7.900710796697306e-06,2.037388285802327e-09,5.466916492969431e-09,,,,,,1.9720151664639783e-10,,3.5489094666680473e-10,3.2692026686801783e-09,4.160851668882423e-09,8.595125428606625e-10,-4.049245223354765e-08,7.917056760819813e-06,7.876564308586266e-06
DEHHALKAJ0004nAHbt_2,530.823486328125,"(1979, 1983)",,,,8.467159882402712e-06,9.662680227838852e-09,2.592783431218131e-08,,,,,,8.780521344737751e-10,,1.6831341169932774e-09,1.5504755355923122e-08,1.9732035940424086e-08,4.075984733949164e-09,-1.9201901705709121e-07,8.544624359224494e-06,8.352605342167403e-06
DEHHALKAJ0004nAD,409.1875,"(1919, 1948)",7.056576436043864e-12,4.1290849824461174e-14,9.604562560288569e-11,6.823180830037556e-06,7.146004921116134e-09,1.0654792526227614e-07,,,,,,6.767231574434877e-10,,1.4416864429550294e-09,1.3179457225879138e-08,1.7553870109466635e-08,3.5839347470344234e-09,-1.7901990955541315e-07,6.973310431903727e-06,6.794290522348313e-06
DEHHALKA10004m2m,939.4140625,"(2010, 2015)",2.2554210278184432e-06,2.754730236008521e-09,6.941893612923832e-07,3.568728510969451e-05,4.583088774574314e-09,3.85855186480264e-08,,,,,,1.5536226388678975e-09,,9.119578190730846e-10,8.715900865707891e-09,5.781532745607165e-08,2.8644997937653364e-09,-1.0340933434811364e-06,3.58023150256906e-05,3.4768221682209464e-05
DEHHALKA10004m2qbt_0,721.5634765625,"(1979, 1983)",,,,2.306779761108849e-05,4.243352225662441e-09,1.5676604959963616e-08,,,,,,1.1933971156655585e-09,,8.073452505711017e-10,6.911859774606752e-09,1.0435862657853362e-08,2.3694447779503617e-09,-1.0354318924274965e-07,2.3109435477850766e-05,2.3005892288608016e-05
DEHHALKA10004m2qbt_1,1156.0927734375,"(1979, 1983)",,,,3.390647328859505e-05,6.898053054231662e-09,2.538367543113207e-08,,,,,,1.9120152493513017e-09,,1.3108353269547845e-09,1.1233603260157144e-08,1.6923070254224526e-08,3.8381935834865185e-09,-1.678688186216341e-07,3.39739727347546e-05,3.380610391613296e-05
DEHHALKA10004m2qbt_3,4.0,"(1979, 1983)",,,,8.042710449837924e-07,2.351235868630588e-11,8.687472042441614e-11,,,,,,6.618605117064597e-12,,4.47366199397001e-12,3.8299391681560355e-11,5.7865633584427197e-11,1.3140044684484062e-11,-5.743332139746272e-10,8.045018293999647e-07,8.039274961859901e-07
DEHHALKA10004m2qbt_4,536.603515625,"(1979, 1983)",,,,1.8126592261531345e-05,3.166530315749269e-09,1.168739637650972e-08,,,,,,8.875040192004916e-10,,6.022928716114714e-10,5.157595953844477e-09,7.783096429485351e-09,1.7666852897639e-09,-7.721884959748585e-08,1.8157643362787513e-05,1.808042451319003e-05
DEHHALKA10004m2qbt_5,214.171875,"(1979, 1983)",,,,1.1124053689989607e-05,1.2683140364215682e-09,4.676733435827401e-09,,,,,,3.542458234064626e-10,,2.411692247089984e-10,2.0657057541827816e-09,3.1157696373456493e-09,7.070695996399725e-10,-3.0912031520471325e-08,1.1136482697501139e-05,1.1105570665980668e-05
DEHHALKA10004m2qbt_6,1783.365234375,"(1979, 1983)",,,,3.23222650685952e-05,1.091000864415035e-08,3.987871803480894e-08,,,,,,2.9493672903040396e-09,,2.068961781467191e-09,1.776068834346903e-08,2.6653857833749256e-08,6.03399613476418e-09,-2.642843429914693e-07,3.2428520666657916e-05,3.2164236323666446e-05
DEHHALKA4jt0009d,252.872314453125,"(1979, 1983)",,,,4.670618681453461e-06,1.053284956406542e-09,4.1627954517256434e-09,,,,,,4.18205541280737e-10,,2.0471569273968684e-10,1.7221769407547357e-09,2.702330060123796e-09,6.247878714005039e-10,-2.6915985016017032e-08,4.681506977967893e-06,4.654590992951876e-06
DEHHALKAJ00010Ekbt_0,1471.39453125,"(1979, 1983)",,,,3.663401080138197e-05,5.198944466767067e-09,2.367136053387006e-08,,,,,,2.433423655108025e-09,,1.0601223633281773e-09,8.575526924693813e-09,1.4627732679174196e-08,3.50585394320835e-09,-1.4684890864733355e-07,3.669308376594811e-05,3.654623485730078e-05
DEHHALKAJ00010Ekbt_1,999.82470703125,"(1979, 1983)",,,,2.8326754146803978e-05,4.12730182310231e-09,1.7680308706923092e-08,,,,,,1.6535503621168405e-09,,8.239306110699598e-10,6.781201971156119e-09,1.1153997161645686e-08,2.6331062468904307e-09,-1.1160298139507944e-07,2.837160754368688e-05,2.8260004562291802e-05
DEHHALKAJ00010Ekbt_2,844.66259765625,"(1979, 1983)",,,,2.428477703437914e-05,3.487292673048747e-09,1.4937866084796546e-08,,,,,,1.3969461929164043e-09,,6.961531742019216e-10,5.729640907760284e-09,9.424064095647681e-09,2.22469386628791e-09,-9.429369582700048e-08,2.43226736913738e-05,2.42283799955468e-05
DEHHALKAJ000108Abt_1,178.4765625,"(1979, 1983)",,,,4.2401534076238835e-06,1.55239771732687e-09,4.873026999712089e-09,,,,,,2.952028528715577e-10,,2.8165677799083337e-10,2.507959412367443e-09,3.4620779357432475e-09,7.503951609366092e-10,-3.401841364461349e-08,4.253876124480832e-06,4.219857710836218e-06
DEHHALKAJ00010fMbt_0,259.5771484375,"(1979, 1983)",,,,6.064184990123484e-06,2.1224478772298593e-09,6.72412450161995e-09,,,,,,4.2933713180926514e-10,,3.860635373635157e-10,3.4303783680908468e-09,4.75883274083806e-09,1.0342770848480509e-09,-4.67865160768334e-08,6.083070451365284e-06,6.03628393528845e-06
DEHHALKAJ00010Uobt_1,500.1552734375,"(1979, 1983)",,,,9.757629209013473e-06,2.9256330351850204e-09,1.0824275477368615e-08,,,,,,8.27193394533029e-10,,5.568862348409635e-10,4.7658440262666375e-09,7.201342713503937e-09,1.6356958698555216e-09,-7.145503919561545e-08,9.786366079765027e-06,9.714911040569411e-06
DEHHALKAJ00010Uobt_2,1223.4169921875,"(1979, 1983)",,,,2.3972142003864993e-05,7.1563159647415235e-09,2.6476982750010002e-08,,,,,,2.0233138583679168e-09,,1.362185142500332e-09,1.1657608948725819e-08,1.7615023209633038e-08,4.001035220922682e-09,-1.747843896595556e-07,2.4042434468959895e-05,2.3867650079300338e-05
DEHHALKAJ00010Uobt_3,564.212890625,"(1979, 1983)",,,,1.1501788865084845e-05,3.2969683492427942e-09,1.2201566270412108e-08,,,,,,9.331350027902117e-10,,6.27623290796407e-10,5.37083027417475e-09,8.116809945360626e-09,1.8437752934815742e-09,-8.054018344343376e-08,1.1534179573511102e-05,1.1453639390067668e-05
DEHHALKAJ00010fabt_0,1952.767333984375,"(1979, 1983)",,,,4.6287516272014965e-05,7.3962607286271205e-09,3.223164013740672e-08,,,,,,3.229527970222885e-09,,1.485220727711917e-09,1.2165281366025137e-08,2.0214083374612638e-08,4.79252283112337e-09,-2.0244496807064615e-07,4.63690308091507e-05,4.616658584108005e-05
DEHHALKAJ00010eubt_0,2041.06201171875,"(1979, 1983)",,,,4.041120708961987e-05,1.0607219930352144e-08,4.1407597549522845e-08,,,,,,3.375551512494936e-09,,2.0534366142157164e-09,1.7331022405394725e-08,2.700164018706807e-08,6.222472136131298e-09,-2.6875311669571776e-07,4.051920602995505e-05,4.025045291325933e-05
DEHHALKAJ00010eubt_1,5.0,"(1979, 1983)",,,,6.326319868848982e-07,1.8201605471954673e-11,8.05524274758264e-11,,,,,,8.271567787567672e-12,,3.674607728811401e-12,2.996783421933923e-11,5.028149314326194e-11,1.1967759903727493e-11,-5.041432593413094e-10,6.328349041806286e-07,6.323307609212873e-07
DEHHALKAJ00010eubt_2,5.0,"(1979, 1983)",,,,5.184979307960552e-07,1.8201605471954673e-11,8.05524274758264e-11,,,,,,8.271114038378462e-12,,3.674607728811401e-12,2.996773175165498e-11,5.027538910493346e-11,1.1966154248194035e-11,-5.040499266364726e-10,5.187008398258749e-07,5.181967898992384e-07
DEHHALKAJ00010eubt_3,707.8662109375,"(1979, 1983)",,,,1.2813021250007827e-05,3.1389397584446743e-09,1.291229406797144e-08,,,,,,1.170685173227493e-09,,6.181342766600714e-10,5.1444878891430316e-09,8.26219822235387e-09,1.930328502353234e-09,-8.247980339471884e-08,1.284619831789798e-05,1.2763718514503262e-05
DEHHALKAJ00010eubt_5,5.0,"(1979, 1983)",,,,6.637346845281882e-07,1.8201605471954673e-11,8.05524274758264e-11,,,,,,8.271687852049553e-12,,3.674607728811401e-12,2.996786214283123e-11,5.028315655613835e-11,1.196819746128295e-11,-5.041686934579811e-10,6.63937604072877e-07,6.63433435379419e-07
DEHHALKAJ00010hr,1848.1787109375,"(1969, 1978)",,,,0.0008010630181939592,6.62398826140975e-05,7.634858616492041e-08,,,,,,3.0565566349434982e-09,,7.618973501989747e-10,6.624169121971866e-05,2.522524166576924e-06,1.11951404025485e-09,9.961172856032586e-06,0.0009361484027485428,0.0009461095756045754
DEHHALKAJ00010nPbt_0,901.3125,"(1979, 1983)",,,,1.7882851466875352e-05,5.822067721758081e-09,2.0981558399118448e-08,,,,,,1.4906290890849903e-09,,1.0993295328260484e-09,9.470710041085063e-09,1.4100195203232026e-08,3.1795852682148963e-09,-1.396939588706273e-07,1.793899554213067e-05,1.7799301583260044e-05
DEHHALKAJ00010nPbt_2,4.0,"(1979, 1983)",,,,6.127030685493654e-07,1.9619687754183574e-11,7.642953083104334e-11,,,,,,6.617785191948566e-12,,3.795600928344902e-12,3.205303546143452e-11,4.9906397089225814e-11,1.149536181867238e-11,-4.968232919618854e-10,6.129029859484404e-07,6.124061626564784e-07
DEHHALKAJ00010mg,2173.253173828125,"(1979, 1983)",,,,4.16124737545251e-05,1.0815459127184591e-08,4.2804777590488085e-08,,,,,,3.594171585006047e-09,,2.103036751921257e-09,1.768528250613171e-08,2.7772730253615108e-08,6.42351341535644e-09,-2.766445840053383e-07,4.17236727257548e-05,4.144702814174946e-05
DEHHALKAJ00010l9bt_0,851.737060546875,"(1979, 1983)",,,,2.4020490855728985e-05,3.763906090027899e-09,1.550175404214131e-08,,,,,,1.4086503119595905e-09,,7.415012744501687e-10,6.1692153258800524e-09,9.915348537877944e-09,2.3172928962215557e-09,-9.899198452703998e-08,2.406030852420755e-05,2.3961316539680508e-05
DEHHALKAJ00010l9bt_1,1008.153076171875,"(1979, 1983)",,,,2.7724588607411703e-05,4.412534547041197e-09,1.8234273288683057e-08,,,,,,1.6673254285682841e-09,,8.702547249809673e-10,7.233813546766443e-09,1.1649232841102916e-08,2.7248743128355105e-09,-1.1632434532102874e-07,2.7771380916101682e-05,2.7655056570780655e-05
DEHHALKAJ00010eVbt_0,537.421875,"(1979, 1983)",,,,9.8792244611025e-06,2.4863802729970693e-09,1.0080253133721615e-08,,,,,,8.888084309908283e-10,,4.872817892346535e-10,4.0714476590536615e-09,6.483631826634031e-09,1.5090882982768716e-09,-6.46717422349319e-08,9.905231352513406e-06,9.840559610278475e-06
DEHHALKAJ00010eVbt_1,1943.592529296875,"(1979, 1983)",,,,4.809156241465739e-05,8.514234456237252e-09,3.5173304415041675e-08,,,,,,3.214354696018706e-09,,1.6790346510804041e-09,1.3957788596511591e-08,2.247312743602148e-08,5.256270813059492e-09,-2.2440183427712677e-07,4.818183052972136e-05,4.795742869544424e-05
DEHHALKAJ00010odbt_1,2761.6552734375,"(1979, 1983)",,,,6.220178112663707e-05,1.0452737478643568e-08,4.556338428428805e-08,,,,,,4.567283640689097e-09,,2.0991755587423975e-09,1.719282628396029e-08,2.8572312270813688e-08,6.7746085569725564e-09,-2.861562949815133e-07,6.231700345471117e-05,6.203084715972966e-05
DEHHALKAJ00010lBbt_2,2082.9892578125,"(1979, 1983)",,,,4.412748749816309e-05,1.194695508795961e-08,4.44427241613192e-08,,,,,,3.4448919684477935e-09,,2.2779058771803625e-09,1.9467334145986134e-08,2.9506761249595087e-08,6.712074649768012e-09,-2.928733882158571e-07,4.424528614530335e-05,4.395241275708749e-05
DEHHALKAJ00010lBbt_7,275.041015625,"(1979, 1983)",,,,5.703867238021206e-06,1.5743757478404808e-09,5.8599170537655165e-09,,,,,,4.5489102243488545e-10,,3.002349647816662e-10,2.5654925471212915e-09,3.889743090955938e-09,8.849553975094258e-10,-3.8609378983173654e-08,5.719396847845615e-06,5.680787468862441e-06
DEHHALKAJ00010ndbt_0,1208.116455078125,"(1979, 1983)",,,,2.9618315704502085e-05,4.661473141706317e-09,2.0170502096128422e-08,,,,,,1.998010041339876e-09,,9.33776853832844e-10,7.663694798616415e-09,1.2680750824342371e-08,3.0011215135021623e-09,-1.2694893951113666e-07,2.9669425033771555e-05,2.954247609426042e-05
DEHHALKAJ00010ndbt_1,913.33984375,"(1979, 1983)",,,,2.3473158301509058e-05,3.494224459276828e-09,1.5168829364658146e-08,,,,,,1.510514642392191e-09,,7.007362717656478e-10,5.745858699765474e-09,9.525762079867551e-09,2.25627547665949e-09,-9.538124127837771e-08,2.3511560502503445e-05,2.3416179261225066e-05
DEHHALKAJ00010pV,756.556640625,"(1969, 1978)",,,,0.0003163060469339394,2.542087885884944e-05,3.17367330289912e-08,,,,,,1.2512092399399374e-09,,3.8169560744370117e-10,2.5421789373774624e-05,9.699851611118781e-07,4.68169658665204e-10,3.8028924739244155e-06,0.00036815253813521034,0.00037195543060913476
DEHHALKAJ00010kEbt_1,293.02392578125,"(1979, 1983)",,,,6.588857659010784e-06,2.1569233344593888e-09,6.949215923313776e-09,,,,,,4.846511652240489e-10,,3.9417629230470556e-10,3.4888796098987206e-09,4.883943405003093e-09,1.0667255544389274e-09,-4.806542258469682e-08,6.608282174295426e-06,6.56021675171073e-06
DEHHALKAJ00010oibt_0,4517.23681640625,"(1979, 1983)",,,,0.0001015841961180639,1.5788456989846727e-08,7.220910548073036e-08,,,,,,7.470700791933566e-09,,3.2245682638402152e-09,2.6050389878287725e-08,4.4554860138012385e-08,1.0690188280509554e-08,-4.473949827300981e-07,0.00010176418438788705,0.00010131678940515696
DEHHALKAJ00010oibt_2,6.0,"(1979, 1983)",,,,6.094750381085205e-07,2.093872864210157e-11,9.582497162647216e-11,,,,,,9.925297043378729e-12,,4.2774062614994284e-12,3.455004172071254e-11,5.91393821874141e-11,1.4192280765320058e-11,-5.939982200178132e-10,6.097138862167674e-07,6.091198879967496e-07
DEHHALKAJ00010oibt_3,772.9306640625,"(1979, 1983)",,,,2.0828197367421378e-05,2.697364238994009e-09,1.2344343158836556e-08,,,,,,1.2783061129393625e-09,,5.510230770276413e-10,4.450745992702446e-09,7.615355230665941e-09,1.8274633047829682e-09,-7.647273436860594e-08,2.085896196853733e-05,2.0782489234168726e-05
DEHHALKAJ00010jrbt_0,780.2587890625,"(1979, 1983)",,,,2.1905751167562496e-05,3.34207623010915e-09,1.3916513933707223e-08,,,,,,1.2904373619586838e-09,,6.608168560205264e-10,5.481466483408769e-09,8.86686545656487e-09,2.0781271108156744e-09,-8.857883960268247e-08,2.194138747099508e-05,2.1852808631392396e-05
DEHHALKAJ00010ii,1091.13671875,"(1958, 1968)",1.028114737470974e-11,1.760139662100905e-13,2.3159147580670353e-10,1.772475218835503e-05,2.6058026291110533e-10,3.233014929256086e-09,,,,,,1.8045447593852187e-09,,1.794156106640625e-10,6.985788276765268e-10,3.8698691966933725e-09,8.66147186497433e-12,-4.0547200662068245e-08,1.7734806853413482e-05,1.7694259652751415e-05
DEHHALKAJ00010hvbt_1,106.443359375,"(1979, 1983)",,,,2.329377146202332e-06,5.854489292270264e-10,1.5709329582810091e-09,,,,,,1.7605977510302309e-10,,1.0197885506965412e-10,9.39414113264691e-10,1.1956349260652985e-09,2.4698404076861733e-10,-1.1635661896110103e-08,2.3341935998001118e-06,2.3225579379040016e-06
DEHHALKAJ00010gRbt_0,2119.1376953125,"(1979, 1983)",,,,4.112816430030957e-05,1.295972236691843e-08,4.737521834212684e-08,,,,,,3.5046749011405662e-09,,2.4577355614400585e-09,2.109757657473929e-08,3.1663361443129915e-08,7.168249996829537e-09,-3.139581498304175e-07,4.1254390839495894e-05,4.0940432689665474e-05
DEHHALKAJ00010gRbt_1,325.4501953125,"(1979, 1983)",,,,6.707151535400671e-06,1.9915737338519678e-09,7.279117052750244e-09,,,,,,5.382625330972029e-10,,3.776708049133676e-10,3.242122094175969e-09,4.8653532640323334e-09,1.1014141686464817e-09,-4.8242061353002594e-08,6.726547049052139e-06,6.678304987699136e-06
DEHHALKAJ00010dc,119.04443359375,"(1949, 1957)",,,,2.7988147214581243e-06,4.995676140038566e-11,2.3106028266232142e-10,,,,,,1.9687825459225073e-10,,2.8534529646104632e-11,1.1104911630771987e-10,6.146079488312358e-10,1.7914906976527356e-10,-6.199849977495255e-09,2.8002259574213294e-06,2.794026107443834e-06
DEHHALKAJ00010oJbt_0,1021.7568359375,"(1979, 1983)",,,,2.1697649587534935e-05,5.696885246335826e-09,2.1361821600787002e-08,,,,,,1.6898150032582637e-09,,1.0889080220216075e-09,9.287030278292788e-09,1.4140144261052814e-08,3.223517514083047e-09,-1.404148180390884e-07,2.1754137709460767e-05,2.1613722891421678e-05
DEHHALKAJ00010fObt_1,1421.1953125,"(1979, 1983)",,,,2.8811019687445914e-05,7.932465587044164e-09,2.973561675890745e-08,,,,,,2.350403336084036e-09,,1.5160752096231828e-09,1.2931242485283247e-08,1.968523461079908e-08,4.487254604814279e-09,-1.954749644788745e-07,2.888965798003847e-05,2.8694183015559596e-05
DEHHALKAJ00010fObt_3,1195.3046875,"(1979, 1983)",,,,3.1913818163789374e-05,5.870008201844805e-09,2.2858281431100832e-08,,,,,,1.9768412827071168e-09,,1.1354672153858036e-09,9.589594201327651e-09,1.4919816269473257e-08,3.4359965659110787e-09,-1.484819012468375e-07,3.1973604168957126e-05,3.182512226771029e-05
DEHHALKAJ00010dP,1000.4638671875,"(1949, 1957)",3.677342898724795e-12,1.348268176780562e-13,1.3969448484336943e-10,2.0787444698910575e-05,3.178476907539062e-10,1.6532003698013282e-09,,,,,,1.6545881319190674e-09,,2.1203030830078126e-10,8.2515423780967e-10,4.570437840233532e-09,2.2958402803227653e-10,-4.6867616087788007e-08,2.0796907541517426e-05,2.0750039925429637e-05
DEHHALKAJ00010o1,4276.961669921875,"(1919, 1948)",3.966120276178966e-11,1.0393976723059104e-12,1.1785231668877425e-09,8.777513322617356e-05,1.761489582214052e-08,2.1813746893584223e-07,,,,,,7.073328725882307e-09,,4.085061009831855e-09,3.340836141200288e-08,5.660864527081453e-08,8.271315402988797e-09,-5.789188125974845e-07,8.812033230275304e-05,8.754141349015556e-05
DEHHALKAJ00010fubt_0,1692.6552734375,"(1979, 1983)",,,,3.3837888844263546e-05,1.0021791301859469e-08,3.695600412877888e-08,,,,,,2.7993494697865524e-09,,1.9056704076880547e-09,1.632251282515255e-08,2.4617709866272092e-08,5.586539631079691e-09,-2.4422135444407496e-07,3.393609842189416e-05,3.3691877067450086e-05
DEHHALKAJ00010okbt_0,182.5927734375,"(1979, 1983)",,,,3.90908251254208e-06,1.2369539326115286e-09,4.042914577739211e-09,,,,,,3.020010261776177e-10,,2.2696925649826708e-10,2.0021891855690218e-09,2.8246409037748645e-09,6.195342752622671e-10,-2.782282506910717e-08,3.920337715699713e-06,3.892514890630606e-06
DEHHALKAJ00010FF,247.3564453125,"(1958, 1968)",2.7413620559481462e-12,3.3550036165468263e-14,5.116429154817881e-11,2.7036293230638316e-06,3.956954538543738e-11,8.246613940565608e-10,,,,,,4.0908326638026435e-10,,2.711521353515625e-11,1.0564136321179828e-10,5.852018234221366e-10,2.891952130062507e-12,-6.2555010155147655e-09,2.7056234876219527e-06,2.699367986606438e-06
DEHHALKAJ00010jM,2604.0625,"(1860, 1918)",8.278530566744776e-11,9.452340891717687e-13,1.4913482129650937e-09,4.410089803018765e-05,1.2708586623780773e-08,4.1166934994435195e-08,,,,,,4.306653065732386e-09,,2.847245824117457e-09,2.395050959553252e-08,3.762070671850854e-08,5.870427086149815e-09,-3.771516418593357e-07,4.422936909409591e-05,4.3852217452236576e-05
DEHHALKAJ00010cybt_1,1439.4677734375,"(1979, 1983)",,,,2.801036898774245e-05,8.438560164098845e-09,3.120226696191795e-08,,,,,,2.3806226966818816e-09,,1.6059584372752242e-09,1.3745928813888865e-08,2.07634697559935e-08,4.7153892964220315e-09,-2.0601747741618397e-07,2.809322118386873e-05,2.7887203706452547e-05
DEHHALKAJ00010hdbt_1,721.689453125,"(1979, 1983)",,,,1.4331523434016222e-05,4.218902381193368e-09,1.5611747841863823e-08,,,,,,1.1935672916280484e-09,,8.030982595930819e-10,6.8726376569834285e-09,1.0385776800772965e-08,2.359109681347331e-09,-1.0305354227115999e-07,1.4372968273929605e-05,1.4269914731658444e-05
DEHHALKAJ00010hdbt_2,1088.9462890625,"(1979, 1983)",,,,2.9805966505314085e-05,5.745335376673724e-09,2.189133773880245e-08,,,,,,1.8009533205606396e-09,,1.1036979888867941e-09,9.3743671484956e-09,1.4404287661251702e-08,3.2980025549270496e-09,-1.4317229431685042e-07,2.9863584487103684e-05,2.9720412192786834e-05
DEHHALKAJ00010hbbt_0,1676.9248046875,"(1979, 1983)",,,,4.317232375120603e-05,8.85554414774189e-09,3.373308368986249e-08,,,,,,2.7733352469987733e-09,,1.7010360185517813e-09,1.4448915295325409e-08,2.2198108563487423e-08,5.082103065508676e-09,-2.2063526556336423e-07,4.326111587723351e-05,4.3040480611670146e-05
DEHHALKAJ00010hbbt_1,1140.7744140625,"(1979, 1983)",,,,2.262939193296514e-05,7.031612905042438e-09,2.5650972759448927e-08,,,,,,1.8866415143408155e-09,,1.3326521743652812e-09,1.1445717832553996e-08,1.7157635637624995e-08,3.882076240069676e-09,-1.701059760659789e-07,2.2697779242028586e-05,2.2527673265962607e-05
DEHHALKAJ00010eqbt_1,2533.51318359375,"(1979, 1983)",,,,6.05129913498254e-05,1.048958069415514e-08,4.42152713878928e-08,,,,,,4.189977655517202e-09,,2.082592626796923e-09,1.7217222521891885e-08,2.8050671982817575e-08,6.59478392419471e-09,-2.804108911244502e-07,6.062583145061867e-05,6.034542055949422e-05
DEHHALKAJ00010ff,5173.162841796875,"(1979, 1983)",,,,0.00011680653645078739,1.9770320823982438e-08,8.586002799720737e-08,,,,,,8.555484981057745e-09,,3.9653187055615994e-09,3.251088719711352e-08,5.3910254083121374e-08,1.2770478277798141e-08,-5.398096807289681e-07,0.00011702387922285325,0.00011648406954212427
DEHHALKAJ00010Gjbt_0,398.98486328125,"(1979, 1983)",,,,1.1799801702711392e-05,2.8111957122751728e-09,9.124853419335622e-09,,,,,,6.599113901122773e-10,,5.148201163795677e-10,4.548809356926576e-09,6.3935088472947395e-09,1.3994851878928736e-09,-6.295097904075319e-08,1.1825254286741606e-05,1.1762303307700853e-05
DEHHALKAJ00010cBbt_1,1994.390869140625,"(1979, 1983)",,,,4.069805567829284e-05,9.860117524167638e-09,3.910689217600061e-08,,,,,,3.298365809854796e-09,,1.918594227802732e-09,1.61251184621459e-08,2.5353960375903518e-08,5.867375785195662e-09,-2.525825101672529e-07,4.079958610265391e-05,4.0547003592486656e-05
DEHHALKAJ00010cBbt_3,488.447265625,"(1979, 1983)",,,,1.5128456735825174e-05,1.989225121228655e-09,8.43562074249433e-09,,,,,,8.07838542883695e-10,,3.957452753921303e-10,3.26626320739489e-09,5.340591479812363e-09,1.2575210466729929e-09,-5.340659152015188e-08,1.5149949541241054e-05,1.5096542949720903e-05
DEHHALKAJ00010fBbt_1,222.689453125,"(1979, 1983)",,,,4.7731041526548495e-06,1.6581981623179102e-09,5.332181541944561e-09,,,,,,3.683227106636374e-10,,3.028719524789023e-10,2.681932876878765e-09,3.7504391275097126e-09,8.186911250148812e-10,-3.690567008154797e-08,4.7880167901516586e-06,4.7511111200701104e-06
DEHHALKAJ00010cdbt_1,229.90234375,"(1979, 1983)",,,,4.462604013135217e-06,1.5109446672689926e-09,4.9656487927970685e-09,,,,,,3.80247960265961e-10,,2.7767647953801777e-10,2.446335531115281e-09,3.4615161719137774e-09,7.604329313430853e-10,-3.410721515045832e-08,4.476406815669459e-06,4.442299600519001e-06
DEHHALKAJ00010kabt_0,894.490966796875,"(1979, 1983)",,,,2.517836770691736e-05,4.0023684034934145e-09,1.6412782547084432e-08,,,,,,1.4793566795801798e-09,,7.873491478755392e-10,6.558359977365936e-09,1.0514197904789004e-08,2.4545033594640666e-09,-1.0494517213644059e-07,2.5220576624937014e-05,2.5115631452800573e-05
DEHHALKAJ00010kabt_4,1313.609619140625,"(1979, 1983)",,,,3.448570355021001e-05,5.902781387627215e-09,2.417038245838557e-08,,,,,,2.1724809183393575e-09,,1.160634803302034e-09,9.671558790173763e-09,1.5491766896732472e-08,3.6151190238367946e-09,-1.5461417571041226e-07,3.454788827448841e-05,3.4393274098778e-05
DEHHALKAJ00010X6bt_1,4.0,"(1979, 1983)",,,,3.606925498619022e-07,1.72139168776788e-11,6.997413468749964e-11,,,,,,6.616685869905713e-12,,3.3765417289886123e-12,2.8192506508250627e-11,4.498023798737362e-11,1.0477025716616494e-11,-4.4881089973033406e-10,3.608733809112785e-07,3.604245700115482e-07
DEHHALKAJ00010X6bt_2,795.9404296875,"(1979, 1983)",,,,1.5576192819243612e-05,4.806360888601917e-09,1.762957116119032e-08,,,,,,1.3163628951485682e-09,,9.124450680009982e-10,7.825869347921522e-09,1.1767547377670616e-08,2.6665284916571194e-09,-1.1670424239269324e-07,1.5623117504473805e-05,1.550641326208111e-05
DEHHALKAJ00010X6bt_3,393.59765625,"(1979, 1983)",,,,8.162570000758342e-06,2.3765414917269686e-09,8.717306040060115e-09,,,,,,6.509686988765196e-10,,4.5116904050035904e-10,3.869566248494554e-09,5.818672817834348e-09,1.3185228807056305e-09,-5.7706707085595086e-08,8.185772747976541e-06,8.128066040890945e-06
DEHHALKAJ00010X6bt_4,4.0,"(1979, 1983)",,,,5.166475149213123e-07,1.8408448944832214e-11,7.317941818932864e-11,,,,,,6.6173820712599915e-12,,3.5846162620023265e-12,3.010939404436999e-11,4.742786136665457e-11,1.0983091525637075e-11,-4.726755929705227e-10,5.168378251337162e-07,5.163651495407457e-07
DEHHALKAJ00010oH,304.0361328125,"(1919, 1948)",3.785693167012243e-12,5.802048172677755e-14,7.990343434858396e-11,5.665218460345756e-06,1.9240349470355703e-09,3.740230583592264e-08,,,,,,5.028214159720355e-10,,4.1305197664363336e-10,3.5900755402427867e-09,5.4136536008074285e-09,9.530667850535553e-10,-5.604911957844749e-08,5.715417470447434e-06,5.6593683508689865e-06
DEHHALKAJ00010iWbt_1,891.79443359375,"(1979, 1983)",,,,2.3934397871710423e-05,3.690833368535304e-09,1.555973917333975e-08,,,,,,1.4748889931877739e-09,,7.328112663434415e-10,6.058059001850688e-09,9.870910533451729e-09,2.3207667885243218e-09,-9.867693671436108e-08,2.3974105880835652e-05,2.3875428944121292e-05
DEHHALKAJ00010iWbt_2,5.0,"(1979, 1983)",,,,9.156367291552233e-07,2.0693296736906048e-11,8.723837348163955e-11,,,,,,8.272657513815451e-12,,4.108633328144702e-12,3.396625895228147e-11,5.538476275845252e-11,1.3022774565135647e-11,-5.538883652551332e-10,9.158594159125597e-07,9.153055275473045e-07
DEHHALKAJ00010iWbt_3,2456.209716796875,"(1979, 1983)",,,,5.98034378884499e-05,1.0189450243027474e-08,4.2919640989321586e-08,,,,,,4.0621315949258285e-09,,2.0225196464994805e-09,1.6723867415993734e-08,2.72355413259437e-08,6.40198486851131e-09,-2.722518900340796e-07,5.991299302453413e-05,5.964074113450005e-05
DEHHALKAJ00010Vabt_1,459.4697265625,"(1979, 1983)",,,,1.1817654443536586e-05,2.7929191613424028e-09,1.022624760139392e-08,,,,,,7.599229005475786e-10,,5.299234812540903e-10,4.54708810981037e-09,6.830670246610126e-09,1.547085227177548e-09,-6.77367606546216e-08,1.1844888300264724e-05,1.1777151539610102e-05
DEHHALKAJ00010Vabt_2,2372.40234375,"(1979, 1983)",,,,4.582985080325692e-05,1.4501500854274597e-08,5.301818449107557e-08,,,,,,3.923529249361962e-09,,2.7502342214134317e-09,2.360765561234329e-08,3.543308255244601e-08,8.02196106230222e-09,-3.5133943235666405e-07,4.5971106951300136e-05,4.561976751894347e-05
DEHHALKAJ00010Vabt_3,391.826171875,"(1979, 1983)",,,,8.830208979361948e-06,2.4089796534184326e-09,8.793813951906623e-09,,,,,,6.480434902753024e-10,,4.566519828706003e-10,3.92136440744216e-09,5.8806042447517295e-09,1.330793186819304e-09,-5.830470511873714e-08,8.853649230279432e-06,8.795344525160696e-06
DEHHALKAJ00010Vabt_4,2371.3291015625,"(1979, 1983)",,,,4.577722038795473e-05,1.4445419094800947e-08,5.2861318988675e-08,,,,,,3.921754294941662e-09,,2.7403639484664206e-09,2.3517513581608023e-08,3.531592654611522e-08,7.997442674600783e-09,-3.5019639832458404e-07,4.591802012708393e-05,4.556782372875934e-05
DEHHALKAJ00010Vabt_5,339.1162109375,"(1979, 1983)",,,,8.077824584446059e-06,2.0728752167877386e-09,7.578531475811721e-09,,,,,,5.608717428168277e-10,,3.931242990099868e-10,3.3745296169606294e-09,5.064961450956856e-09,1.1466975678207343e-09,-5.022245042546491e-08,8.098016175816221e-06,8.047793725390756e-06
DEHHALKAJ00010Jgbt_0,707.08740234375,"(1979, 1983)",,,,1.9496515859281938e-05,2.8168693244740097e-09,1.2043144121877523e-08,,,,,,1.16942253304898e-09,,5.61954582268003e-10,4.627580775691372e-09,7.602837590450704e-09,1.7939014762021112e-09,-7.606313376241632e-08,1.9527131569685947e-05,1.945106843592353e-05
DEHHALKAJ00010Jgbt_1,1378.45947265625,"(1979, 1983)",,,,3.360101341290449e-05,5.4621767461304975e-09,2.3399414995769977e-08,,,,,,2.279725957401128e-09,,1.09042422573971e-09,8.974432773652465e-09,1.4761624554601439e-08,3.484779166553738e-09,-1.4769883038455147e-07,3.366046599132433e-05,3.351276716093978e-05
DEHHALKAJ00010Jgbt_3,471.495361328125,"(1979, 1983)",,,,8.171498711082334e-06,2.8590380656859455e-10,3.757588737780548e-09,,,,,,7.797689273133405e-10,,9.733613100940078e-11,5.305257224292113e-10,1.8176249000885936e-09,5.244216003357246e-10,-1.907212271813039e-08,8.179291880907858e-06,8.160219758189729e-06
DEHHALKAJ00010ly,98.435546875,"(2002, 2009)",2.2613339119162372e-13,8.29099878493418e-15,8.590329609825737e-12,2.818476378423065e-06,1.010523518399329e-09,3.34600919801747e-09,,,,,,1.6279478655822713e-10,,1.8290020193951274e-10,1.633931226345127e-09,2.2387949456254005e-09,4.505934118435191e-10,-2.209250558252469e-08,2.8275019257117937e-06,2.805409420129269e-06
DEHHALKAJ00010m8bt_0,1278.497314453125,"(1979, 1983)",,,,3.346041621705447e-05,5.536899398946606e-09,2.296591549466805e-08,,,,,,2.1144109195818092e-09,,1.0933622081461199e-09,9.079119475257458e-09,1.4652717777505142e-08,3.4307058290290408e-09,-1.4634599281812194e-07,3.35192893481576e-05,3.3372943355339474e-05
DEHHALKAJ00010m8bt_1,625.82275390625,"(1979, 1983)",,,,1.8604680889451842e-05,2.7131428838974534e-09,1.1249400383737878e-08,,,,,,1.0350341952751239e-09,,5.356936960846934e-10,4.448772754632049e-09,7.178400249440981e-09,1.6805543785726136e-09,-7.169438476609302e-08,1.8633521887993483e-05,1.856182750322739e-05
DEHHALKAJ00010m8bt_2,971.50390625,"(1979, 1983)",,,,2.6497956022359175e-05,4.2048258405186335e-09,1.7444484658221375e-08,,,,,,1.6067152813687125e-09,,8.303792581280016e-10,6.894945185395993e-09,1.1129148973567493e-08,2.605862274995977e-09,-1.1115551428435252e-07,2.654267238383137e-05,2.643151686954702e-05
DEHHALKAJ00010hZ,106.029052734375,"(1949, 1957)",,,,2.3549164019341954e-06,4.2033516028677114e-11,1.9441364537298402e-10,,,,,,1.7535311657505884e-10,,2.400889440445277e-11,9.343641002681905e-11,5.171294953009256e-10,1.5072909684466152e-10,-5.216861712410416e-09,2.3561135061087483e-06,2.350896644396338e-06
DEHHALKAJ00010ehbt_0,759.65478515625,"(1979, 1983)",,,,2.0490334475911522e-05,2.6375874401256028e-09,1.209623463789539e-08,,,,,,1.2563504233511216e-09,,5.392164033023732e-10,4.352723129805862e-09,7.45709584027886e-09,1.790402960539697e-09,-7.489204460650115e-08,2.052046408674682e-05,2.044557204214032e-05
DEHHALKAJ00010ehbt_1,1291.32861328125,"(1979, 1983)",,,,3.228640739169548e-05,4.498501442578585e-09,2.0602224101326717e-08,,,,,,2.1356270510544575e-09,,9.192026577847564e-10,7.423045295140211e-09,1.2706515890804113e-08,3.0497334948599963e-09,-1.2760207330568287e-07,3.233774224162903e-05,3.221014016832335e-05
DEHHALKAJ00010ehbt_2,547.47509765625,"(1979, 1983)",,,,1.7170484045312987e-05,2.213605179395561e-09,9.556758538202418e-09,,,,,,9.054601931664021e-10,,4.430806475689131e-10,3.6387606492641324e-09,6.012973079759261e-09,1.4222698866580654e-09,-6.019016341190688e-08,1.7194676953487e-05,1.7134486790075093e-05
DEHHALKAJ00010ehbt_4,639.02783203125,"(1979, 1983)",,,,1.9340955184732804e-05,2.5945833719965463e-09,1.1183896731598147e-08,,,,,,1.0568701428859592e-09,,5.190575840343272e-10,4.264594597462035e-09,7.0405288282618105e-09,1.6646591958259669e-09,-7.046969882651259e-08,1.9369279375184865e-05,1.9298809676358353e-05
DEHHALKAJ00010iqbt_1,604.5029296875,"(1979, 1983)",,,,1.2369301242897682e-05,3.7067953325796944e-09,1.3540819034929116e-08,,,,,,9.997703505470636e-10,,7.028187613169848e-10,6.0341884013665124e-09,9.052545210380059e-09,2.0490001693535794e-09,-8.975698783515713e-08,1.2405387180158156e-05,1.2315630192322998e-05
DEHHALKAJ00010iqbt_4,345.7353515625,"(1979, 1983)",,,,7.357023194609396e-06,2.1190082147736765e-09,7.74167754672327e-09,,,,,,5.718134524799379e-10,,4.0178578182121977e-10,3.4494984368893408e-09,5.175360852413629e-09,1.1714603105397814e-09,-5.1314744333785586e-08,7.3776537992050365e-06,7.3263390548712505e-06
DEHHALKAJ00010iqbt_8,612.8671875,"(1979, 1983)",,,,1.8914600759351688e-05,3.2956835408726313e-09,1.248741835176316e-08,,,,,,1.013623407248713e-09,,6.319981014917897e-10,5.375717221553923e-09,8.233900546151546e-09,1.8823931511147714e-09,-8.181551861288338e-08,1.8947521493671885e-05,1.8865705975059e-05
DEHHALKAJ000110R,2387.9169921875,"(1958, 1968)",2.131167890590133e-11,3.7824772798583053e-13,4.906569868571017e-10,3.876515401441211e-05,5.700834050939162e-10,6.739092708731791e-09,,,,,,3.949187101054469e-09,,3.9264519102539057e-10,1.5287523941289182e-09,8.46873980127965e-09,1.7381142739294872e-11,-8.860542725685242e-08,3.878681989615617e-05,3.869821446889931e-05
DEHHALKAJ000110Zbt_0,2490.48486328125,"(1979, 1983)",,,,4.802409983983318e-05,1.3867483926094024e-08,5.366443755568934e-08,,,,,,4.118816364343059e-09,,2.6771105605517904e-09,2.264664300044285e-08,3.510671042963332e-08,8.071468203376222e-09,-3.4924898130525865e-07,4.81642525098733e-05,4.7815003528568045e-05
DEHHALKAJ000110Zbt_1,352.04150390625,"(1979, 1983)",,,,9.27871839542336e-06,1.966324230624768e-09,7.602060719496613e-09,,,,,,5.822406914886242e-10,,3.7948298217226573e-10,3.21098396822172e-09,4.97506749456238e-09,1.143543728259168e-09,-4.949103590740233e-08,9.298578099238184e-06,9.249087063330782e-06
DEHHALKAJ000110Zbt_4,6.0,"(1979, 1983)",,,,9.293673782531108e-07,2.7272970612581403e-11,1.1282161980600093e-10,,,,,,9.926602546178495e-12,,5.380762526471247e-12,4.4714260831308796e-11,7.209126826316826e-11,1.686866075051242e-11,-7.201307938092919e-10,9.29656454398447e-07,9.289363236046377e-07
DEHHALKAJ000110Zbt_5,6.0,"(1979, 1983)",,,,9.291692552565033e-07,2.7272970612581403e-11,1.1282161980600093e-10,,,,,,9.926601453473198e-12,,5.380762526471247e-12,4.471426065343722e-11,7.209125766729175e-11,1.68686579632875e-11,-7.201306317949397e-10,9.294583313871858e-07,9.287382007553909e-07
DEHHALKAJ000110Zbt_6,6.0,"(1979, 1983)",,,,9.291692550479722e-07,2.7272970612581403e-11,1.1282161980600093e-10,,,,,,9.92660145124831e-12,,5.380762526471247e-12,4.4714260653437035e-11,7.209125766728059e-11,1.6868657963284567e-11,-7.201306317947692e-10,9.294583311786526e-07,9.287382005468578e-07
DEHHALKAJ000110Zbt_7,6.0,"(1979, 1983)",,,,9.291692547802736e-07,2.7272970612581403e-11,1.1282161980600093e-10,,,,,,9.926601454431225e-12,,5.380762526471247e-12,4.4714260653436795e-11,7.209125766726626e-11,1.68686579632808e-11,-7.201306317945502e-10,9.294583309109571e-07,9.287382002791626e-07
DEHHALKAJ00010rBbt_1,414.8388671875,"(1979, 1983)",,,,1.070327829190776e-05,2.0365757096162574e-09,8.095820634103408e-09,,,,,,6.860995575776407e-10,,3.965722502390474e-10,3.331035591349222e-09,5.244498158496014e-09,1.214406336408392e-09,-5.225441663179077e-08,1.072428330014555e-05,1.067202888351376e-05
DEHHALKAJ00010rBbt_2,3011.002197265625,"(1979, 1983)",,,,5.82201949683567e-05,1.4870357154269852e-08,5.899863114658762e-08,,,,,,4.979658827656481e-09,,2.8938154332599733e-09,2.431928836992251e-08,3.8245310997126665e-08,8.851469873130457e-09,-3.810159179636614e-07,5.837335350015865e-05,5.799233758219499e-05
DEHHALKAJ00010rBbt_3,1498.038330078125,"(1979, 1983)",,,,2.8899459956292287e-05,7.362926589172495e-09,2.9258110027727695e-08,,,,,,2.477487585373201e-09,,1.4335698292267287e-09,1.2042572615596694e-08,1.8955581280037735e-08,4.3888651450081615e-09,-1.8886018847462015e-07,2.8975379069364436e-05,2.8786518880889815e-05
DEHHALKAJ00010sRbt_1,1318.09375,"(1979, 1983)",,,,2.6481025994020283e-05,7.800959723829985e-09,2.876970322447414e-08,,,,,,2.179891893331845e-09,,1.4834235651550233e-09,1.2705515642923268e-08,1.9163729492908697e-08,4.348989482957319e-09,-1.9011609402337332e-07,2.655747820704586e-05,2.6367362113022486e-05
DEHHALKAJ00010sRbt_3,708.7021484375,"(1979, 1983)",,,,1.424429513054794e-05,4.2070437128361366e-09,1.550270469905085e-08,,,,,,1.1720910593834864e-09,,7.998050998375943e-10,6.851756143328821e-09,1.0329706727530733e-08,2.3436811855231344e-09,-1.0247219873093282e-07,1.4285501919175433e-05,1.41830297204445e-05
DEHHALKAJ00010sRbt_4,4.0,"(1979, 1983)",,,,6.261135083470074e-07,1.6995535890377028e-11,6.938815378756487e-11,,,,,,6.617799406213747e-12,,3.338502129047044e-12,2.7842330416635118e-11,4.454849025469066e-11,1.0388643274772214e-11,-4.446883857242695e-10,6.262926278021666e-07,6.258479394164424e-07
DEHHALKAJ00010xObt_1,1.0,"(1979, 1983)",,,,3.932383162338458e-07,8.524018537139686e-12,2.287246758597854e-11,,,,,,1.655496961996434e-12,,1.4847915977192372e-12,1.3678002944862081e-11,1.7427420864261774e-11,3.601092918852689e-12,-1.6970672962719367e-10,3.933075595252566e-07,3.931378527956294e-07
DEHHALKAJ00010xObt_2,81.954345703125,"(1979, 1983)",,,,1.7382636384725982e-06,1.0066481402469389e-09,2.7011352518726205e-09,,,,,,1.3556371297004434e-10,,1.7534719029364047e-10,1.615270318712615e-09,2.0557091051712998e-09,4.246439640839249e-10,-2.0005044866952443e-08,1.7463779561559493e-06,1.7263729112889968e-06
DEHHALKAJ00010wzbt_0,1988.42041015625,"(1979, 1983)",,,,4.847139255861138e-05,8.346139383941187e-09,3.500657301127023e-08,,,,,,3.288491907015176e-09,,1.6542737285464722e-09,1.3694885740805736e-08,2.224715380243426e-08,5.223754033699814e-09,-2.2233434739851746e-07,4.8560853830219095e-05,4.833851948282058e-05
DEHHALKAJ00010wzbt_1,5.0,"(1979, 1983)",,,,7.81421619147261e-07,2.0986858064098593e-11,8.802608551106006e-11,,,,,,8.272331871221023e-12,,4.159768528066154e-12,3.443718729780254e-11,5.5977048840280955e-11,1.3144715042974424e-11,-5.596121195976404e-10,7.816466231424166e-07,7.81087011022819e-07
DEHHALKAJ00010wzbt_2,486.0595703125,"(1979, 1983)",,,,1.5104480992529038e-05,2.048525127986925e-09,8.579596453357502e-09,,,,,,8.038909898959514e-10,,4.0583397305864914e-10,3.361052661589022e-09,5.455437354419556e-09,1.2804899406753296e-09,-5.4517174584217464e-08,1.512641581903002e-05,1.5071898644445802e-05
DEHHALKAJ00010wzbt_3,1299.879150390625,"(1979, 1983)",,,,3.3789393614391404e-05,5.465072783513936e-09,2.2908796098748052e-08,,,,,,2.1497709999833836e-09,,1.0830064449816061e-09,8.967120799787779e-09,1.4561994181694961e-08,3.418720648163711e-09,-1.4552591347850165e-07,3.384794809634827e-05,3.370242218286977e-05
DEHHALKAJ00010wzbt_4,5.0,"(1979, 1983)",,,,8.521009217170461e-07,2.1021464887222914e-11,8.811894587225191e-11,,,,,,8.272426665229464e-12,,4.165796661390227e-12,3.44927809005205e-11,5.605149739154865e-11,1.3160307055141184e-11,-5.603576073351008e-10,8.523262049364794e-07,8.517658473291442e-07
DEHHALKAJ00010wzbt_6,1608.26904296875,"(1979, 1983)",,,,4.007841356832129e-05,6.677956698762047e-09,2.8119262901898556e-08,,,,,,2.6597897506037346e-09,,1.3253686410928459e-09,1.0960255177920719e-08,1.7845789898667006e-08,4.194474432804777e-09,-1.7838700384261067e-07,4.015019646582303e-05,3.9971809461980416e-05
DEHHALKAJ00010wzbt_7,403.917236328125,"(1979, 1983)",,,,1.319051393492909e-05,1.7069589836407954e-09,7.1420916579500145e-09,,,,,,6.680420938219136e-10,,3.3805550382973713e-10,2.8004722871212403e-09,4.542971178780095e-09,1.0660525558768112e-09,-4.539644013900188e-08,1.3208778579190107e-05,1.3163382139051105e-05
DEHHALKAJ00011DGbt_2,105.087890625,"(1979, 1983)",,,,2.749512317781067e-06,1.306724786616963e-09,3.5063298132761237e-09,,,,,,1.7383309773100883e-10,,2.2761728816598596e-10,2.096774556851516e-09,2.6685318139909637e-09,5.512350880404434e-10,-2.5968849328618992e-08,2.76004336422574e-06,2.734074514897121e-06
DEHHALKAJ00011GYbt_1,1205.1611328125,"(1979, 1983)",,,,2.2747766387249172e-05,6.704729068936694e-09,2.51566915208806e-08,,,,,,1.9931213623920546e-09,,1.2817981309735184e-09,1.0930386328819747e-08,1.6648031303823897e-08,3.7958774999560225e-09,-1.653238768251919e-07,2.2814277022464953e-05,2.264895314563976e-05
DEHHALKAJ00011GYbt_3,993.84375,"(1979, 1983)",,,,3.074915892802997e-05,5.768667661408604e-09,2.1388463220239324e-08,,,,,,1.6436961013161432e-09,,1.098773506621379e-09,9.398237967000118e-09,1.4218758040013415e-08,3.231517520010971e-09,-1.411058128004561e-07,3.080590704204658e-05,3.066480122924613e-05
DEHHALKAJ00011HI,1142.5439453125,"(1919, 1948)",1.3128651853539806e-11,2.9248887714282077e-13,3.493138861910271e-10,2.4106147233443552e-05,5.040096962521164e-09,8.950152767514695e-08,,,,,,1.8895631274202473e-09,,1.1528864344835937e-09,9.532012865325834e-09,1.5938535269180915e-08,2.359290797215107e-09,-1.6490990668302065e-07,2.4231561146574847e-05,2.4066651239891827e-05
DEHHALKAJ0001117bt_1,2294.560546875,"(1979, 1983)",,,,4.4774529695369085e-05,1.3650554835328265e-08,5.0271994998526755e-08,,,,,,3.794792857507273e-09,,2.594651355625294e-09,2.2231119397754225e-08,3.3504463987487314e-08,7.600519467641034e-09,-3.3235743097735245e-07,4.490817779226896e-05,4.457582036129161e-05
DEHHALKAJ00011Bybt_1,1177.96875,"(1979, 1983)",,,,2.359024777664543e-05,7.306209192510115e-09,2.6608954370984763e-08,,,,,,1.948153881811428e-09,,1.3839993305282533e-09,1.189164302546263e-08,1.7809637580321382e-08,4.027775096203063e-09,-1.7655323412651335e-07,2.366122414912325e-05,2.3484670914996737e-05
DEHHALKAJ00011Bybt_2,1255.4970703125,"(1979, 1983)",,,,2.4460880147928768e-05,7.473938499857033e-09,2.7520007035367626e-08,,,,,,2.0763683188378955e-09,,1.4205436251605068e-09,1.2171844030540054e-08,1.8342321404530094e-08,4.160771250684173e-09,-1.8195019114391745e-07,2.4534045942093746e-05,2.435209575094983e-05
DEHHALKAJ00011Bybt_9,4.0,"(1979, 1983)",,,,7.130170109156196e-07,1.6778348241803678e-11,6.88053749690505e-11,,,,,,6.618076993451995e-12,,3.3006703957718236e-12,2.7493908887664215e-11,4.4109632021258307e-11,1.0298252790221241e-11,-4.404436031730099e-10,7.131944151799188e-07,7.127539715767458e-07
DEHHALKAJ00011CJbt_0,1104.828125,"(1979, 1983)",,,,2.1373706578585074e-05,6.560200499920482e-09,2.41722960996921e-08,,,,,,1.8271914490635416e-09,,1.2471397451319404e-09,1.0684159076092114e-08,1.6106772127901198e-08,3.6543550273521367e-09,-1.5978065595842827e-07,2.143795869261023e-05,2.1278178036651802e-05
DEHHALKAJ00011CJbt_1,261.1923828125,"(1979, 1983)",,,,5.579100868643739e-06,1.552455251933491e-09,5.718753568644342e-09,,,,,,4.3198913328383427e-10,,2.9510773446966754e-10,2.5283428871965367e-09,3.811012066623754e-09,8.645907407164939e-10,-3.78051390385551e-08,5.594303120026607e-06,5.556497980988052e-06
DEHHALKAJ00011CJbt_2,285.40625,"(1979, 1983)",,,,6.120981216303613e-06,1.6978232704673503e-09,6.25279526651857e-09,,,,,,4.720361030357006e-10,,3.2271786527685146e-10,2.7650558485156276e-09,4.167269495411197e-09,9.45353637003726e-10,-4.133865244020379e-08,6.137604267789842e-06,6.096265615349638e-06
DEHHALKAJ00011CJbt_3,636.2822265625,"(1979, 1983)",,,,1.2686139834578216e-05,3.788719198447304e-09,1.394960549564252e-08,,,,,,1.0523229372626116e-09,,7.200926629814822e-10,6.170178020953095e-09,9.297788229400314e-09,2.109071072774426e-09,-9.223091954254972e-08,1.2723227612195676e-05,1.2630996692653126e-05
DEHHALKAJ00010skbt_1,252.74462890625,"(1979, 1983)",,,,4.516959546901256e-06,1.5268503651363002e-09,5.098875672831924e-09,,,,,,4.1802137053865047e-10,,2.8188638751515993e-10,2.4740306292445836e-09,3.531345303897349e-09,7.793668443421416e-10,-3.48286065344242e-08,4.531069923474762e-06,4.496241316940338e-06
DEHHALKAJ00010s4bt_0,995.003662109375,"(1979, 1983)",,,,2.5607265261404283e-05,3.704536742674423e-09,1.6251106208183144e-08,,,,,,1.6455693672963745e-09,,7.456034991372306e-10,6.095756351126032e-09,1.0168962621414256e-08,2.414941362754723e-09,-1.0188035932353939e-07,2.564829173755687e-05,2.5546411378233333e-05
DEHHALKAJ00010s4bt_2,831.597900390625,"(1979, 1983)",,,,2.1581786042836532e-05,3.108062946497664e-09,1.3614201428800925e-08,,,,,,1.3753312662350752e-09,,6.252301391480122e-10,5.113781501739316e-09,8.52327893147662e-09,2.023370230558301e-09,-8.538571347138199e-08,2.161616929928099e-05,2.1530783585809607e-05
DEHHALKAJ00011Ax,1093.4267578125,"(1958, 1968)",1.0262467945555791e-11,1.761478174809552e-13,2.3152960009087215e-10,1.7761109168049707e-05,2.611207913455252e-10,3.228408423405407e-09,,,,,,1.808332070506514e-09,,1.7979216178710938e-10,7.000427948725761e-10,3.87797954563701e-09,8.626318365190924e-12,-4.0627868564483934e-08,1.7771173470155625e-05,1.773054560159114e-05
DEHHALKAJ000115e,149.48486328125,"(1919, 1948)",3.7033278189255266e-12,2.166965159492148e-14,5.040524118246247e-11,2.564989746811901e-06,1.5077579455855095e-09,4.887725108609168e-08,,,,,,2.47221278796033e-10,,3.0363718169561086e-10,2.777782875917338e-09,3.839739687144242e-09,7.678256515653272e-10,-4.110645704904005e-08,2.623310962518697e-06,2.5822045054696566e-06
DEHHALKAJ00010zfbt_1,256.90185546875,"(1979, 1983)",,,,5.27689411812656e-06,2.0657773853901233e-09,6.561455875703266e-09,,,,,,4.249090558013024e-10,,3.760235801749168e-10,3.339189654917076e-09,4.6386933515273825e-09,1.008929868094407e-09,-4.561227989361372e-08,5.295309096898168e-06,5.249696817004554e-06
DEHHALKAJ00010qrbt_0,159.330810546875,"(1979, 1983)",,,,3.53428618620019e-06,2.362054892443646e-09,6.338093204317252e-09,,,,,,2.6356245619126534e-10,,4.114443489735538e-10,3.790159157231072e-09,4.823600464279294e-09,9.96400432457899e-10,-4.6940498881889705e-08,3.553271501156084e-06,3.506331002274194e-06
DEHHALKAJ00011Abbt_1,1938.90380859375,"(1979, 1983)",,,,4.8447335966316025e-05,8.676482476855398e-09,3.55789260711737e-08,,,,,,3.206600437245348e-09,,1.7068237937558705e-09,1.4217418699798607e-08,2.2792198484986174e-08,5.320699883898526e-09,-2.2749314282358998e-07,4.8538835116163744e-05,4.8311341973340154e-05
DEHHALKAJ00011Abbt_2,562.493896484375,"(1979, 1983)",,,,1.759336266616788e-05,2.545454245911441e-09,1.0397783531157695e-08,,,,,,9.303041544008617e-10,,5.000995228720908e-10,4.170060456566036e-09,6.6702604536032515e-09,1.5555825182517089e-09,-6.656364647935332e-08,1.7620132211050648e-05,1.7553568564571295e-05
DEHHALKAJ000114Zbt_0,198.94482421875,"(1979, 1983)",,,,4.408273068859935e-06,1.5354005063956098e-09,4.908554959162417e-09,,,,,,3.2905232135758507e-10,,2.79985767215413e-10,2.4826327018899656e-09,3.460839882039643e-09,7.541813112657306e-10,-3.4043901463184564e-08,4.422023716309261e-06,4.387979814846077e-06
DEHHALKAJ00010r3bt_0,140.15673828125,"(1979, 1983)",,,,4.068767206618043e-06,6.02088327702249e-10,2.171164921177109e-09,,,,,,2.318139702060796e-10,,1.1370862901697376e-10,9.794467937911215e-10,1.4588493314718177e-09,3.290311889248766e-10,-1.4454333063785224e-08,4.074653309780333e-06,4.0601989767165486e-06
DEHHALKAJ00010vLbt_1,1336.854248046875,"(1979, 1983)",,,,2.546755383082461e-05,6.292475689219177e-09,2.5363475066701253e-08,,,,,,2.210917964545702e-09,,1.2308587806711274e-09,1.0300392212949807e-08,1.6347860533922887e-08,3.799273872359869e-09,-1.630104506766191e-07,2.5533099084944986e-05,2.5370088634268368e-05
DEHHALKAJ00010wv,2941.11328125,"(1969, 1978)",,,,0.001209688359443961,9.882333370759622e-05,1.1414497695205811e-07,,,,,,4.864074702420398e-09,,1.2861490217102054e-09,9.88264131994817e-05,3.7665621434022933e-06,1.359472874096677e-09,1.4829000855535772e-05,0.0014112263231679915,0.0014260553240235273
DEHHALKAJ000117Ibt_1,329.611328125,"(1979, 1983)",,,,7.231588979526892e-06,1.885761001328107e-09,7.019932331163468e-09,,,,,,5.451458114142891e-10,,3.596326680059491e-10,3.0729290073613964e-09,4.659510461861751e-09,1.0601283428055962e-09,-4.625054290566976e-08,7.2501920191508324e-06,7.2039414762451625e-06
DEHHALKAJ000117Ibt_3,1416.3837890625,"(1979, 1983)",,,,2.6528183812602252e-05,8.10336625115772e-09,3.0165584449831054e-08,,,,,,2.342445799817438e-09,,1.5453894860911714e-09,1.3204781370332214e-08,2.002230077672266e-08,4.555448693439813e-09,-1.9874113583545467e-07,2.6608123129429643e-05,2.6409381993594187e-05
DEHHALKAJ00011CDbt_0,1044.607421875,"(1979, 1983)",,,,2.2333479405763112e-05,6.2880147007396115e-09,2.3083867217204206e-08,,,,,,1.727609382373881e-09,,1.1940361093628807e-09,1.023881812398038e-08,1.5403326307195272e-08,3.491216365561236e-09,-1.5277008313609545e-07,2.2394906293969528e-05,2.2242136210833433e-05
DEHHALKAJ00011CDbt_2,1332.087890625,"(1979, 1983)",,,,3.530275922415958e-05,6.771834521212814e-09,2.6091464845812744e-08,,,,,,2.203048478924732e-09,,1.3054837847719241e-09,1.1056184740643874e-08,1.709700473283684e-08,3.926246215425004e-09,-1.700454480391158e-07,3.537121049147922e-05,3.52011650434401e-05
DEHHALKAJ00011Dtbt_0,504.1650390625,"(1979, 1983)",,,,1.579140881928441e-05,2.202443151331993e-09,9.1074367021717e-09,,,,,,8.338362834080419e-10,,4.3447016428317966e-10,3.610785783420214e-09,5.817142085434727e-09,1.3609269996588406e-09,-5.8090271318350924e-08,1.5814775860454118e-05,1.5756685589135765e-05
DEHHALKAJ00011Dtbt_1,1554.345703125,"(1979, 1983)",,,,3.997329325553974e-05,6.806476363574967e-09,2.812211449122939e-08,,,,,,2.5706104728711546e-09,,1.3423189791190907e-09,1.1158271299519579e-08,1.7967171295273528e-08,4.202513770524892e-09,-1.7941010390531574e-07,4.0045462732211855e-05,3.986605262830654e-05
DEHHALKAJ00011Hqbt_0,145.064453125,"(1979, 1983)",,,,4.427006344964285e-06,6.779606355797818e-10,2.394207065039192e-09,,,,,,2.399328468225344e-10,,1.272340007585074e-10,1.1016587227400128e-09,1.621826457415206e-09,3.6366665343364333e-10,-1.604939420246174e-08,4.433532831346074e-06,4.417483437143612e-06
DEHHALKAJ00011Hqbt_2,2.0,"(1979, 1983)",,,,5.732354540031465e-07,9.255139304804179e-12,3.276231286891745e-11,,,,,,3.3101503037061623e-12,,1.7381662642773412e-12,1.5041559083393757e-11,2.219983696641901e-11,4.982309432455836e-12,-2.198655123995094e-10,5.733247434773705e-07,5.731048779649709e-07
DEHHALKAJ00011a1,2523.326171875,"(1969, 1978)",,,,0.0010508993534975948,8.478562142640307e-05,1.0204122025647369e-07,,,,,,4.173129637415081e-09,,1.2341987307591552e-09,8.478856453017533e-05,3.2343335738603524e-06,1.5452918226860438e-09,1.2693225322579893e-05,0.001223816866868481,0.001236510092191061
DEHHALKAJ00011Y3bt_1,836.881103515625,"(1979, 1983)",,,,2.2877029266423274e-05,3.4242177060143005e-09,1.4496046653197806e-08,,,,,,1.3840759865927611e-09,,6.808335071261569e-10,5.621889003523286e-09,9.182769047468045e-09,2.1612709751102402e-09,-9.181921822918191e-08,2.291398036930231e-05,2.2822161151073127e-05
DEHHALKAJ00011WCbt_0,2063.052734375,"(1979, 1983)",,,,3.989764148592672e-05,1.2241288283639434e-08,4.511396430151191e-08,,,,,,3.4119204008408445e-09,,2.3272912074216288e-09,1.9936773228122168e-08,3.005868379449019e-08,6.820166023592692e-09,-2.981882182814346e-07,4.001755157316633e-05,3.9719363354884894e-05
DEHHALKAJ00011WCbt_1,413.025390625,"(1979, 1983)",,,,8.942141956853397e-06,2.450719165273839e-09,9.031864487903733e-09,,,,,,6.831013337022626e-10,,4.659262189604909e-10,3.991364438345882e-09,6.017832086202286e-09,1.3654180499157196e-09,-5.969838469448652e-08,8.9661481826337e-06,8.906449797939213e-06
DEHHALKAJ00017sUbt_0,373.480224609375,"(1979, 1983)",,,,1.2450670155446562e-05,1.570576836272683e-09,6.58309347061249e-09,,,,,,6.177043538506833e-10,,3.112306418259903e-10,2.5770004687061633e-09,4.184815127630759e-09,9.82453025556943e-10,-4.1821715319617785e-08,1.2467497029371015e-05,1.2425675314051397e-05
DEHHALKAJ00017sUbt_1,1653.33251953125,"(1979, 1983)",,,,4.173329614389185e-05,6.923867098220002e-09,2.9064925105754448e-08,,,,,,2.7343166976910365e-09,,1.3727467344812935e-09,1.1361702976091419e-08,1.8465916626016952e-08,4.3368111254419725e-09,-1.845541632242393e-07,4.1807556430255545e-05,4.162300226703131e-05
DEHHALKAJ00017sUbt_3,5.0,"(1979, 1983)",,,,8.364605511756099e-07,2.0924804450220486e-11,8.78595772771988e-11,,,,,,8.272441696280726e-12,,4.1489594614160895e-12,3.433766541099312e-11,5.585327640959174e-11,1.3119314180187164e-11,-5.584240281759824e-10,8.36685067214496e-07,8.361266431863199e-07
DEHHALKAJ00017sUbt_4,2488.223876953125,"(1979, 1983)",,,,6.100819434167411e-05,1.0413119610722728e-08,4.3722859600026856e-08,,,,,,4.11507729695461e-09,,2.0647079992812187e-09,1.708764085144525e-08,2.777609185138026e-08,6.523760418055167e-09,-2.776062940336601e-07,6.111989759930197e-05,6.084229130526831e-05
DEHHALKAJ00017sUbt_6,1356.22802734375,"(1979, 1983)",,,,3.509775623407763e-05,5.688061392080248e-09,2.38645291543005e-08,,,,,,2.2429604236325584e-09,,1.1275295721283726e-09,9.33350547841033e-09,1.5164816059917176e-08,3.561046594156832e-09,-1.5155765170346977e-07,3.515873868275226e-05,3.5007181031048786e-05
DEHHALKAJ00017yRbt_1,1847.21923828125,"(1979, 1983)",,,,3.760838810662837e-05,9.15587831647678e-09,3.6283784626481165e-08,,,,,,3.0549703058200613e-09,,1.78108597945637e-09,1.4972694620272807e-08,2.3530731451803517e-08,5.444260862826514e-09,-2.3440799761068959e-07,3.770261151279151e-05,3.746820351518082e-05
DEHHALKAJ00017yRbt_3,706.64306640625,"(1979, 1983)",,,,1.9810738613435955e-05,2.8903183917887347e-09,1.2237411566539609e-08,,,,,,1.1686896815315467e-09,,5.74703816684257e-10,4.745369891862015e-09,7.751678040268494e-09,1.8245073780821212e-09,-7.751032180640167e-08,1.9841931292202713e-05,1.976442097039631e-05
DEHHALKAJ00017vfbt_0,248.3125,"(1979, 1983)",,,,4.915372608925951e-06,1.9052943848132736e-09,6.096784089715221e-09,,,,,,4.1070083596421423e-10,,3.4752796058017833e-10,3.080861115942347e-09,4.296918464407677e-09,9.36634074210698e-10,-4.2270555403025855e-08,4.932447329851585e-06,4.89017677444856e-06
DEHHALKAJ000180Rbt_1,214.2158203125,"(1979, 1983)",,,,4.385349594321298e-06,1.3066207438466032e-09,4.355205533780291e-09,,,,,,3.543022529570507e-10,,2.410970492104952e-10,2.1169850000414072e-09,3.0186295172654466e-09,6.658503557451999e-10,-2.9768641687393423e-08,4.397408284774144e-06,4.36763964308675e-06
DEHHALKAJ0001806bt_0,556.5517578125,"(1979, 1983)",,,,1.0754558070309381e-05,3.307657574095287e-09,1.2184695350773276e-08,,,,,,9.204613327231493e-10,,6.287611380915166e-10,5.386888470730085e-09,8.119809966037317e-09,1.8421239543029142e-09,-8.054810285339195e-08,1.0786948468096137e-05,1.0706400365242746e-05
DEHHALKAJ0001806bt_1,366.37890625,"(1979, 1983)",,,,1.3005591685053593e-05,1.878818978911918e-09,7.219925719325204e-09,,,,,,6.059699424462046e-10,,3.6189856804035055e-10,3.06704096615782e-09,4.735812228560632e-09,1.086795186472635e-09,-4.709581267430343e-08,1.3024547946643507e-05,1.2977452133969204e-05
DEHHALKAJ00018Lp,2077.3017578125,"(1969, 1978)",,,,0.0008659579419757984,6.979888328079566e-05,8.545192779135348e-08,,,,,,3.435485125290761e-09,,1.0233175390992567e-09,6.980132342737188e-05,2.6627875766180367e-06,1.2780173365314247e-09,1.044750419291347e-05,0.0010083121250083764,0.00101875962920129
DEHHALKAJ000180bbt_1,1550.853515625,"(1979, 1983)",,,,3.059118102616351e-05,9.066549979531594e-09,3.354965198793297e-08,,,,,,2.564834742785285e-09,,1.7258751901964326e-09,1.4769496601345534e-08,2.2319146121467903e-08,5.0697322529477656e-09,-2.2146293148146868e-07,3.068024631303971e-05,3.0458783381558243e-05
DEHHALKAJ000180bbt_2,955.904296875,"(1979, 1983)",,,,1.8901125366135612e-05,5.5883769781915605e-09,2.067910100523038e-08,,,,,,1.580906937469588e-09,,1.063782938592923e-09,9.103519568469656e-09,1.3756922393256437e-08,3.124846924278535e-09,-1.3650381769173053e-07,1.8956022822881103e-05,1.881951900518937e-05
DEHHALKAJ00018E7,136.772216796875,"(1949, 1957)",,,,2.815883422426448e-06,5.0261452616590575e-11,2.3246954212125204e-10,,,,,,2.2619682206294583e-10,,2.870856455745578e-11,1.117261623473601e-10,6.183554439022411e-10,1.8022269919419808e-10,-6.238593158693853e-09,2.8173313631132496e-06,2.8110927699545557e-06
DEHHALKAJ00018EGbt_0,1460.2978515625,"(1979, 1983)",,,,3.0085955871489827e-05,8.776757989124408e-09,3.22336080802436e-08,,,,,,2.4150720471985153e-09,,1.6668376071281502e-09,1.4291575288148729e-08,2.1505277194478323e-08,4.8747960993851825e-09,-2.1329401482371786e-07,3.0171719795795534e-05,2.9958425780971817e-05
DEHHALKAJ00018EGbt_1,663.84765625,"(1979, 1983)",,,,1.2961050682644635e-05,3.986722880547448e-09,1.4644812746047568e-08,,,,,,1.0979085868251891e-09,,7.571881319596973e-10,6.491828182799934e-09,9.769734763401365e-09,2.2147230863297408e-09,-9.689935790272185e-08,1.3000013601022546e-05,1.2903114243119825e-05
DEHHALKAJ00018EGbt_2,472.4892578125,"(1979, 1983)",,,,1.0130860873107342e-05,2.837524117467992e-09,1.0423350357626657e-08,,,,,,7.814453737300364e-10,,5.389237351759809e-10,4.620517359635427e-09,6.953593715518778e-09,1.576327517209716e-09,-6.896822946080586e-08,1.0158592555283705e-05,1.0089624325822898e-05
DEHHALKAJ00018Hd,246.56689453125,"(1969, 1978)",,,,7.325046865745103e-05,5.5232920833597945e-06,8.21964810081835e-09,,,,,,4.0777752201279226e-10,,1.2836793314108696e-10,5.523598380907446e-06,2.1172737212056574e-07,1.5483343104000426e-10,8.161150911888676e-07,8.451799712082585e-05,8.533411221201472e-05
DEHHALKAJ00018G8bt_0,769.710693359375,"(1979, 1983)",,,,2.0724232362735122e-05,2.976513933827437e-09,1.2868701459796036e-08,,,,,,1.2729863475407635e-09,,5.960764397707296e-10,4.893278430435139e-09,8.092717073029552e-09,1.914879160602367e-09,-8.101417341973166e-08,2.075684751558012e-05,2.067583334216039e-05
DEHHALKAJ00018G8bt_1,1081.70166015625,"(1979, 1983)",,,,2.7344414352960595e-05,4.149954889219191e-09,1.7996170658058314e-08,,,,,,1.788948052284854e-09,,8.319311497878586e-10,6.8236709343098865e-09,1.1305406251755748e-08,2.677083307824504e-09,-1.1319396509073538e-07,2.7389987518203835e-05,2.72767935531131e-05
DEHHALKAJ00018G8bt_2,958.86962890625,"(1979, 1983)",,,,2.4612897698893825e-05,3.680311025397089e-09,1.5956924023994247e-08,,,,,,1.585811257126994e-09,,7.37740713968572e-10,6.051383611433896e-09,1.0024918366897343e-08,2.373769585576159e-09,-1.0037242607919486e-07,2.4653308557478216e-05,2.455293613139902e-05
DEHHALKAJ00018B7,104.38818359375,"(1969, 1978)",,,,7.043981924371003e-06,1.0586017713921515e-10,2.390337933971622e-09,,,,,,1.7263939449668738e-10,,7.04604847990618e-11,2.7458243998700257e-10,1.5159300255056247e-09,7.061205605142485e-11,-1.582476016273942e-08,7.048582346882954e-06,7.032757586720214e-06
DEHHALKAJ00018K3bt_0,124.58349609375,"(1979, 1983)",,,,1.7954214171557978e-06,1.0473823396652913e-09,2.8104371793353086e-09,,,,,,2.060667211534172e-10,,1.824426461250264e-10,1.680632513042154e-09,2.1388930416874507e-09,4.4182707360630847e-10,-2.081454185375727e-08,1.803929098670413e-06,1.7831145568166556e-06
DEHHALKAJ0001813bt_1,774.5078125,"(1979, 1983)",,,,1.5649252056015537e-05,4.585206191637906e-09,1.6908708726307865e-08,,,,,,1.2809206201226997e-09,,8.718965922893394e-10,7.4679463278843e-09,1.1263381592224769e-08,2.5560388449691816e-09,-1.1173921214609557e-07,1.5694186154910974e-05,1.558244694276488e-05
DEHHALKAJ00018yQbt_0,330.62255859375,"(1979, 1983)",,,,1.1448297910354976e-05,1.3713326823269379e-09,5.776640820286875e-09,,,,,,5.468237944092743e-10,,2.722036857639145e-10,2.2507696693036083e-09,3.6657877223777573e-09,8.616987245528715e-10,-3.664503373486744e-08,1.1463043167453997e-05,1.1426398133719129e-05
DEHHALKAJ00018yQbt_1,1061.65771484375,"(1979, 1983)",,,,2.7636395086332368e-05,4.383197520210845e-09,1.8494902526114917e-08,,,,,,1.7558038628795686e-09,,8.705387147579081e-10,7.194882103981748e-09,1.172928079743862e-08,2.7583104979794007e-09,-1.1726011097732224e-07,2.7683582002355732e-05,2.756632189137841e-05
DEHHALKAJ00018yQbt_3,1544.0771484375,"(1979, 1983)",,,,3.82040178472978e-05,6.353557182240451e-09,2.6841670576997335e-08,,,,,,2.553627845945132e-09,,1.2623901232708119e-09,1.0429952304423262e-08,1.701533642903194e-08,4.002648438859174e-09,-1.7011697864163676e-07,3.827247703019857e-05,3.810236005155693e-05
DEHHALKAJ00018yQbt_4,515.04638671875,"(1979, 1983)",,,,1.5561617384419442e-05,2.1276679440071477e-09,8.975806798008263e-09,,,,,,8.518283879471066e-10,,4.2254215975993474e-10,3.492457224577588e-09,5.69289976841119e-09,1.3386993730227672e-09,-5.6913070045125367e-08,1.558451928607518e-05,1.5527606216030054e-05
DEHHALKAJ000181abt_0,243.458984375,"(1979, 1983)",,,,4.561787407392141e-06,1.8526554657578003e-09,5.9362988591776495e-09,,,,,,4.02670805191797e-10,,3.380530083663173e-10,2.995934668827348e-09,4.181473715878986e-09,9.118278766087898e-10,-4.1138142278230385e-08,4.57840632179195e-06,4.53726817951372e-06
DEHHALKAJ00018BE,623.3798828125,"(1995, 2001)",,,,1.8017300378236933e-05,4.34620425361897e-09,1.642601418848395e-08,,,,,,1.0309587351423352e-09,,7.989588153039288e-10,7.0375780350326815e-09,9.963152871359366e-09,2.1745319566145177e-09,-9.881387367546349e-08,1.8059077777092486e-05,1.7960263903417024e-05
DEHHALKAJ00018L7bt_0,206.03759765625,"(1979, 1983)",,,,4.206784650590293e-06,1.4434775152440276e-09,4.6900142011649694e-09,,,,,,3.4077873951589535e-10,,2.6442069940350105e-10,2.3358074701923142e-09,3.2847163962172417e-09,7.191995929248389e-10,-3.234295262175499e-08,4.219863065204955e-06,4.1875201125832e-06
DEHHALKAJ00019u9bt_1,2924.953125,"(1979, 1983)",,,,5.673118648497389e-05,1.7131181091696522e-08,6.335987584671031e-08,,,,,,4.83734926510463e-09,,3.260520902832219e-09,2.790609015306417e-08,4.215863144767519e-08,9.574894276778449e-09,-4.1830874323375323e-07,5.6899415027957746e-05,5.648110628472399e-05
DEHHALKAJ00019u9bt_3,4.0,"(1979, 1983)",,,,5.072067368495991e-07,1.7039689423328754e-11,6.950663080011999e-11,,,,,,6.617323648171998e-12,,3.3461931957018974e-12,2.7913072473601135e-11,4.463229426206752e-11,1.0405595108296421e-11,-4.45468547732076e-10,5.073861976485102e-07,5.069407291007782e-07
DEHHALKAJ0001A8nbt_0,776.5625,"(1979, 1983)",,,,1.6673052965997932e-05,4.5918100471926595e-09,1.6938646048222724e-08,,,,,,1.2843223361611036e-09,,8.732411131970816e-10,7.478837002898823e-09,1.12819629266853e-08,2.5604881602164738e-09,-1.1192599716685862e-07,1.67180622736325e-05,1.660613627646564e-05
DEHHALKAsT0000Edbt_1,241.58935546875,"(1979, 1983)",,,,4.014224419186712e-06,1.3301588493230512e-09,4.52687437170867e-09,,,,,,3.995682044236014e-10,,2.4692195696661925e-10,2.1573576718171353e-09,3.1114285806080387e-09,6.904226273350374e-10,-3.072172514141862e-08,4.026687151448895e-06,3.9959654263074764e-06
