building_name,net_leased_area ,building_age_group,a1,a2,a3,a1_a3,a4,a5,b1,b2,b3,b4,b5,b6,b7,c1,c2,c3,c4,d,sum,sum with d
DEHHALKA10000t7C,1350.308837890625,"(2002, 2009)",6.204057911233656e-13,2.274667899890622e-14,2.356790480835375e-11,2.713118782265643e-05,5.121297301283639e-09,3.1993131441757394e-08,,,,,,2.233169017911706e-09,,1.056150537780035e-09,8.472345500155266e-09,1.4706994240936183e-08,3.409064007526971e-09,-1.5039008999593103e-07,2.7198179974703783e-05,2.7047789884707853e-05
DEHHALKA10000t7F,1348.009033203125,"(2002, 2009)",6.193491349669809e-13,2.2707937551380433e-14,2.3527764674162316e-11,3.450682464368923e-05,5.154399280478868e-09,3.205086902108556e-08,,,,,,2.229365552906236e-09,,1.061637094249178e-09,8.525034842199003e-09,1.47678065670035e-08,3.4210038480126647e-09,-1.5097205618431953e-07,3.457403475989517e-05,3.442306270371085e-05
DEHHALKA10000t79,1348.662109375,"(2002, 2009)",6.196491939073555e-13,2.2718938970927303e-14,2.3539163279147677e-11,3.4437499246129046e-05,5.1173049522650265e-09,3.1960161117141836e-08,,,,,,2.2304456239422615e-09,,1.0552550198241638e-09,8.465636345071026e-09,1.4694108554848413e-08,3.40595973359216e-09,-1.5025837522969925e-07,3.4504428117475736e-05,3.435416974224604e-05
DEHHALKA3Aw000Dnbt_1,603.001953125,"(1979, 1983)",,,,1.588640457033525e-05,2.3602415777694646e-09,9.918691455574522e-09,,,,,,9.972851516172197e-10,,4.681218324557636e-10,3.873295706307269e-09,6.299335249421224e-09,1.47984791980394e-09,-6.296185658644683e-08,1.59118013892282e-05,1.584883953264175e-05
DEHHALKA3gi00005bt_1,759.09765625,"(1979, 1983)",,,,1.660138567095348e-05,5.284565546649697e-09,1.8693667956616357e-08,,,,,,1.2554524865616356e-09,,9.922609017263364e-10,8.587941357174168e-09,1.2653763729941608e-08,2.8386826788179224e-09,-1.2522725943877027e-07,1.665169200561097e-05,1.65264647461722e-05
DEHHALKA900014M0bt_1,852.228515625,"(1979, 1983)",,,,2.2086087904144716e-05,3.4567750181809606e-09,1.4342922653108139e-08,,,,,,1.4094568568618956e-09,,6.826819695299414e-10,5.66835923081565e-09,9.150025278381981e-09,2.1425274890942763e-09,-9.13892076615006e-08,2.2122940652640682e-05,2.203155144497918e-05
DEHHALKA900014M0bt_2,4.0,"(1979, 1983)",,,,9.85049552983436e-07,1.622463907181449e-11,6.731960918998093e-11,,,,,,6.619170437589528e-12,,3.2042202625866464e-12,2.660567074603709e-11,4.299348419851973e-11,1.0068516828943864e-11,-4.296630168230046e-10,9.852225882941715e-07,9.847929252773484e-07
DEHHALKAJ000109w,1832.744140625,"(1949, 1957)",6.098953850831424e-06,7.449333815091303e-09,1.8773729398935137e-06,3.754072810596947e-05,5.203988291222588e-10,2.5952393590636926e-09,,,,,,3.031030619726675e-09,,3.182674249879818e-10,4.537823666439619e-09,1.2975031491600756e-07,4.0841291131499914e-11,-2.516477706807598e-06,3.768152202207594e-05,3.516504431526834e-05
DEHHALKAJ00010D9bt_1,1199.3701171875,"(1979, 1983)",,,,2.2966891140529556e-05,6.6056004795598374e-09,2.485626662541541e-08,,,,,,1.983544108053873e-09,,1.2639836618845925e-09,1.0770498427095303e-08,1.643141679448902e-08,3.749418100567326e-09,-1.6320010833456669e-07,2.3032551868726623e-05,2.2869351760392055e-05
DEHHALKAJ00010A0,590.72265625,"(1958, 1968)",2.37484032005271e-12,8.707160894821027e-14,9.021516465327961e-11,1.1276219275014431e-05,1.634390031616211e-10,9.64104733240355e-10,,,,,,9.769495267933355e-10,,1.115225302734375e-10,4.3402713483748244e-10,2.4045851282465503e-09,4.278680258565602e-11,-2.4791165388026812e-08,1.1281316689873572e-05,1.1256525524485545e-05
DEHHALKAJ00010D6,620.953125,"(1969, 1978)",,,,0.00033805750471403576,2.086447925713409e-05,2.6404233131646894e-08,,,,,,1.026945297112834e-09,,3.0046687717091627e-10,2.0865195068007934e-05,7.958515405669272e-07,3.8592623737317116e-10,3.123904698199766e-06,0.00038061114815128805,0.0003837350528494878
DEHHALKAJ00010Ax,810.3994140625,"(1949, 1957)",3.148169780134098e-06,3.8451949537591595e-09,9.690483801473572e-07,1.719160800759052e-05,2.3635817201401916e-10,1.1671262784750452e-09,,,,,,1.3402555516034436e-09,,1.4198225515665216e-10,2.2555524069445453e-09,6.649398033535283e-08,2.107876451000914e-11,-1.294009653708443e-06,1.726326434135458e-05,1.5969254687646135e-05
DEHHALKAJ000108c,718.572265625,"(1969, 1978)",,,,0.00038879090400209087,2.4144552989691464e-05,3.0467401095395805e-08,,,,,,1.1883898712473632e-09,,3.4717835814754527e-10,2.4145380080857233e-05,9.209549251570514e-07,4.462125941950139e-10,3.615147645360198e-06,0.00043803424117971564,0.00044164938882507583
DEHHALKAJ000107hbt_0,947.62060546875,"(1979, 1983)",,,,1.7560434035673875e-05,5.362533943363502e-09,1.9397778351712572e-08,,,,,,1.567208666871482e-09,,1.0137088864919643e-09,8.724925738534447e-09,1.3017143785676964e-08,2.9383958028129083e-09,-1.2899238563189607e-07,1.761245573084934e-05,1.7483463345217444e-05
DEHHALKAJ00010AW,669.5283203125,"(1949, 1957)",2.8213183303175935e-06,3.4459695476104263e-09,8.684318058480512e-07,1.4492244144244392e-05,1.9832369620213384e-10,9.738007715695262e-10,,,,,,1.1072800025562122e-09,,1.1791262831113753e-10,1.985071337082064e-09,5.938929176223151e-08,1.89054067372295e-11,-1.1575859744346027e-06,1.4556034729849082e-05,1.3398448755414479e-05
DEHHALKAJ00010Em,1410.43359375,"(1958, 1968)",5.670265956037375e-12,2.0789573757341202e-13,2.1540141984806958e-10,2.6797373390734985e-05,3.9023365389697265e-10,2.3019359241912928e-09,,,,,,2.332604598326394e-09,,2.662757581640625e-10,1.036300725449838e-09,5.741280546894975e-09,1.0214436637546468e-10,-5.91967289118031e-08,2.6809544166308284e-05,2.675034743739648e-05
DEHHALKAJ00010CR,1537.02734375,"(1949, 1957)",5.891979061623384e-06,7.196503857828703e-09,1.8136318781578716e-06,3.250259306119008e-05,4.471909853006479e-10,2.210183881315257e-09,,,,,,2.541967995587151e-09,,2.6906887818558104e-10,4.234396809772236e-09,1.245192983137721e-07,3.9450523694143806e-11,-2.4225544311114487e-06,3.26368546185777e-05,3.021430018746625e-05
DEHHALKAJ00010DZbt_1,109.232421875,"(1979, 1983)",,,,2.7527081839599184e-06,6.730036556614358e-10,1.8058682336613742e-09,,,,,,1.806760675172145e-10,,1.1722993900195637e-10,1.0799049075829612e-09,1.3744478523072335e-09,2.8392191272475643e-10,-1.337585311487365e-08,2.7582232365283755e-06,2.744847383413502e-06
DEHHALKAJ00010CC,654.6484375,"(1949, 1957)",2.625200592375781e-06,3.2064344211200397e-09,8.080687899968533e-07,1.3995188625328113e-05,1.9206883881711853e-10,9.463743622755645e-10,,,,,,1.0826713299927747e-09,,1.1492219373316113e-10,1.867343151707062e-09,5.537320330791061e-08,1.757676029565356e-11,-1.078279509972413e-06,1.4054782785272843e-05,1.297650327530043e-05
DEHHALKAJ000109u,1563.70703125,"(1949, 1957)",5.530379428639976e-06,6.75485835166982e-09,1.702342269166289e-06,3.245842573656662e-05,4.4853069415020147e-10,2.2284369642672133e-09,,,,,,2.586091417864086e-09,,2.724532855111156e-10,4.0519598794526525e-09,1.1730632130128688e-07,3.703185883120005e-11,-2.278295613784091e-06,3.258535656196798e-05,3.030706094818389e-05
DEHHALKAJ000106X,691.1787109375,"(1958, 1968)",2.7786966586257998e-12,1.018786765588493e-13,1.0555681342562037e-10,1.3180258573472424e-05,1.9123282021936033e-10,1.128056727940695e-09,,,,,,1.1430858544690496e-09,,1.3048762883789062e-10,5.078361189728963e-10,2.813499183619417e-09,5.006133645347437e-11,-2.9007521716186157e-08,1.3186222833142936e-05,1.315721531142675e-05
DEHHALKAJ0001087bt_0,1165.005859375,"(1979, 1983)",,,,2.7884633552562673e-05,4.794267103463405e-09,1.9791591748330826e-08,,,,,,1.926717014863416e-09,,9.452210564314257e-10,7.859132210270321e-09,1.2648590440656165e-08,2.9578545931138623e-09,-1.262956786773397e-07,2.7935556926729803e-05,2.7809261248052465e-05
DEHHALKAJ0001087bt_1,1333.10546875,"(1979, 1983)",,,,3.140694272879324e-05,5.482058548874628e-09,2.263666426720677e-08,,,,,,2.204718974517554e-09,,1.0809149736983445e-09,8.98675042745297e-09,1.4465517242468818e-08,3.3829610939111368e-09,-1.4443954006827418e-07,3.1465182314321366e-05,3.132074277425309e-05
DEHHALKAJ00010Eh,1836.6298828125,"(1958, 1968)",7.383672612805443e-12,2.707164136111417e-13,2.80490117539932e-10,3.4940031645722766e-05,5.081520981932373e-10,2.997520993135617e-09,,,,,,3.0374569412840176e-09,,3.467373555761719e-10,1.3494438221582868e-09,7.476146408910412e-09,1.3301120836448012e-10,-7.708417239309022e-08,3.495588011455039e-05,3.4878795942157304e-05
DEHHALKAJ00010Apbt_0,4522.6318359375,"(1979, 1983)",,,,8.468193070169572e-05,2.3284150583799274e-08,8.936995175169443e-08,,,,,,7.479623319268149e-09,,4.483307696943619e-09,3.800713069355994e-08,5.864281788066838e-08,1.3453184073700728e-08,-5.831183584119335e-07,8.491665086769535e-05,8.433353250928342e-05
DEHHALKAJ00010ED,2555.748046875,"(1949, 1957)",8.806879088178164e-12,3.228971335651737e-13,3.345547236640667e-10,4.119656113596832e-05,6.079357879101562e-10,3.2503094930893514e-09,,,,,,4.22674961281938e-09,,4.2024165134765625e-10,1.6354438771625439e-09,9.060040114811494e-09,3.7974288225276606e-13,-9.318525450443111e-08,4.121576223624835e-05,4.1122576981743915e-05
DEHHALKAJ00010Dw,1936.94921875,"(1949, 1957)",6.491553611884639e-06,7.928858089097547e-09,1.9982207573718797e-06,3.973531373268845e-05,5.506218905949917e-10,2.74478486159053e-09,,,,,,3.203367159186741e-09,,3.3649034614614997e-10,4.821119037372715e-09,1.3805375440149159e-07,4.351162081173112e-11,-2.6779513476207653e-06,3.9885067382005644e-05,3.720711603438488e-05
DEHHALKAJ00010CLbt_0,1726.1591796875,"(1979, 1983)",,,,3.319185812139195e-05,9.772647938618654e-09,3.6486693679660745e-08,,,,,,2.854758802167954e-09,,1.865438991228227e-09,1.5927516789296498e-08,2.4191078103501275e-08,5.5083321610693256e-09,-2.401615873113909e-07,3.328846458785749e-05,3.3048303000546094e-05
DEHHALKAJ00010CLbt_1,911.1748046875,"(1979, 1983)",,,,1.8703375208154826e-05,5.1586149652563444e-09,1.925995955557022e-08,,,,,,1.506936364503039e-09,,9.846954026548954e-10,8.407540859020343e-09,1.2769627681629185e-08,2.9076589569845923e-09,-1.2677327754532518e-07,1.8754370241940446e-05,1.8627596964395122e-05
DEHHALKAJ00010AK,860.0478515625,"(1969, 1978)",,,,0.0004746677216211647,2.8898241951203833e-05,3.6813881988170527e-08,,,,,,1.42236515316103e-09,,4.195133677544818e-10,2.889924150089506e-05,1.1023621128565242e-06,5.356196261718192e-10,4.325956836060004e-06,0.0005336067585662554,0.0005379327154023155
DEHHALKAJ00010D1,682.2548828125,"(1949, 1957)",2.718824969163759e-06,3.320788269308574e-09,8.368880691422344e-07,1.456296441032147e-05,1.9993187434136755e-10,9.855423486458468e-10,,,,,,1.1283274501650585e-09,,1.197210944561854e-10,1.9366650408673823e-09,5.736311526227676e-08,1.820369972335129e-11,-1.1168904196042074e-06,1.4624715917091945e-05,1.3507825497487739e-05
DEHHALKAJ00010C2,689.3984375,"(1958, 1968)",2.771539551825575e-12,1.0161626699840529e-13,1.0528493006446491e-10,1.3203908026839661e-05,1.9074026061816407e-10,1.125151184993601e-09,,,,,,1.1401416033747427e-09,,1.30151531015625e-10,5.065281860443994e-10,2.806254868885965e-09,4.9939310434755176e-11,-2.8930831532159896e-08,1.320985693378503e-05,1.318092610225287e-05
DEHHALKAJ00010EY,856.015625,"(1958, 1968)",3.441378791445534e-12,1.2617538360000529e-13,1.3073070710609816e-10,1.6318929818469953e-05,2.3683930006835936e-10,1.3970832285818576e-09,,,,,,1.4156965824882145e-09,,1.6160718984375e-10,6.289482591323133e-10,3.484481058765074e-09,6.199974041064806e-11,-3.592558847611912e-08,1.632631647382924e-05,1.6290390885353123e-05
DEHHALKAJ00010Dybt_0,1084.08984375,"(1979, 1983)",,,,2.0172282027298666e-05,5.337104775497662e-09,2.0767057529315466e-08,,,,,,1.7928910213050439e-09,,1.0321296329997757e-09,8.718618301738609e-09,1.3558239325901867e-08,3.121770804042357e-09,-1.3492301462673902e-07,2.0226609838689468e-05,2.009168682406273e-05
DEHHALKAJ00010Dybt_1,522.205078125,"(1979, 1983)",,,,1.0165120959755326e-05,2.790700800273072e-09,1.0593320969287526e-08,,,,,,8.636549950856308e-10,,5.354665624055575e-10,4.55247797095923e-09,6.979900099411644e-09,1.5964848493828672e-09,-6.93608391284971e-08,1.0193032966002131e-05,1.0123672126873634e-05
DEHHALKAJ00010Kr,830.3896484375,"(1958, 1968)",3.338356498771533e-12,1.223981541564444e-13,1.268171079398447e-10,1.5844230181028978e-05,2.297491977672119e-10,1.3552596671585476e-09,,,,,,1.3733158118581443e-09,,1.5676926172851565e-10,6.101198738334124e-10,3.3801690260799703e-09,6.014535583410192e-11,-3.484963348960493e-08,1.5851395709223243e-05,1.581654607573364e-05
DEHHALKAJ00010mObt_0,1644.840087890625,"(1979, 1983)",,,,4.032856516029464e-05,6.797618547801137e-09,2.8672300221570144e-08,,,,,,2.720271661417418e-09,,1.349899423786455e-09,1.1157830684486817e-08,1.8185821942090698e-08,4.27626633561984e-09,-1.8180319424015845e-07,4.0401725169111414e-05,4.0219921974871254e-05
DEHHALKAJ00010mObt_1,1554.635009765625,"(1979, 1983)",,,,3.8404283738783845e-05,6.434104714932581e-09,2.7124765921913185e-08,,,,,,2.57108865890056e-09,,1.2774850428447222e-09,1.0560805946767255e-08,1.720744622604541e-08,4.045667380159913e-09,-1.7201744453012546e-07,3.84735051026754e-05,3.8301487658145274e-05
DEHHALKAJ00010bibt_0,445.697021484375,"(1979, 1983)",,,,1.0750038873641436e-05,1.6493808327837778e-09,6.781444239977909e-09,,,,,,7.371378955337897e-10,,3.247491513602621e-10,2.703133494579191e-09,4.3402406686471475e-09,1.0139008225161622e-09,-4.3327631790129156e-08,1.0767588860746835e-05,1.0724261228956705e-05
DEHHALKAJ00010is,531.865234375,"(1949, 1957)",1.5961827021679306e-06,1.949602662935763e-09,4.91341897439895e-07,1.0666544304693227e-05,1.4861496784189928e-10,7.456098872543737e-10,,,,,,8.796098568082187e-10,,9.188000511882074e-11,1.2210233245973746e-09,3.414259736715983e-08,1.0752564156535409e-11,-6.604832461436724e-07,1.0703784392666164e-05,1.004330114652249e-05
DEHHALKAJ00010Kj,732.373046875,"(1958, 1968)",2.944307320257117e-12,1.0795065817607919e-13,1.1184801245119367e-10,1.3960398759779359e-05,2.026303197570801e-10,1.195289047269969e-09,,,,,,1.2112139046112993e-09,,1.3826470751953126e-10,5.381032042021751e-10,2.9811838516876588e-09,5.304434914526592e-11,-3.0736558927269954e-08,1.396671848916355e-05,1.393598193023628e-05
DEHHALKAJ00010JX,538.5830078125,"(1860, 1918)",2.2661949235776383e-06,2.7679835366305363e-09,6.976056370697074e-07,1.2192016264320709e-05,3.2238109517263927e-09,1.0378573656967912e-08,,,,,,8.907198973164481e-10,,7.080133470636349e-10,7.24346885882962e-09,5.4897360124711196e-08,1.5029464817285675e-09,-1.0008543670774753e-06,1.2270861157639053e-05,1.1270006790561578e-05
DEHHALKAJ00010Hc,839.201171875,"(1949, 1957)",2.290438363621022e-06,2.7975867319826516e-09,7.050596912806453e-07,1.6530993435644826e-05,2.3133338348522256e-10,1.1665682878248236e-09,,,,,,1.3878884815468125e-09,,1.4434007123645825e-10,1.8007371155190033e-09,4.926221843263354e-08,1.5340872376273576e-11,-9.505622217940342e-07,1.6585001862289445e-05,1.563443964049541e-05
DEHHALKAJ00010I1,1226.453125,"(1958, 1968)",4.22624772907497e-12,1.5495197149765e-13,1.605462192656326e-10,2.1669299920478737e-05,2.9173640484375e-10,1.5597594762483922e-09,,,,,,2.028333900652974e-09,,2.0166568734375e-10,7.848180304813174e-10,4.347756798379071e-09,2.532698571846628e-13,-4.470366244456325e-08,2.1678514244046544e-05,2.163381058160198e-05
DEHHALKAJ00010lF,656.58984375,"(1958, 1968)",2.6396414936465524e-12,9.678033085321752e-14,1.0027440159415315e-10,1.3069161644622854e-05,1.816628978305664e-10,1.0716050408078794e-09,,,,,,1.0858820465135266e-09,,1.239575966015625e-10,4.82423309711759e-10,2.6727255554074087e-09,4.762197283474924e-11,-2.7537079067746065e-08,1.3074827523042561e-05,1.3047290443974815e-05
DEHHALKAJ00010h2,599.4443359375,"(1949, 1957)",2.534659307736314e-06,3.0958428141356155e-09,7.80194841082687e-07,1.2986605961086664e-05,1.7768383757640407e-10,8.722423298717327e-10,,,,,,9.91373635374292e-10,,1.055939585164006e-10,1.782062480185163e-09,5.334776791501068e-08,1.6969883632618945e-11,-1.0398995415222828e-06,1.3043899655126833e-05,1.200400011360455e-05
DEHHALKAJ00010Kz,1310.1083984375,"(1969, 1978)",,,,0.0006881400290187778,4.402056242945907e-05,5.4706969648257464e-08,,,,,,2.1666847112343035e-09,,6.07862279951442e-10,4.402200920689482e-05,1.678554274694181e-06,8.095267920607858e-10,6.596809882596617e-06,0.0007779194459732573,0.0007845162558558539
DEHHALKAJ00010PF,677.8642578125,"(1949, 1957)",2.6721782270785194e-06,3.2638145667923355e-09,8.225305727592358e-07,1.4431016377613165e-05,1.982416214487085e-10,9.779361340191403e-10,,,,,,1.1210661410644014e-09,,1.1886981613654774e-10,1.9081185388059345e-09,5.6404869020268945e-08,1.7891529272023517e-11,-1.0979949865190528e-06,1.449176337041418e-05,1.3393768383895128e-05
DEHHALKAJ00010pq,1350.03662109375,"(2002, 2009)",6.202807198267234e-13,2.2742093360478275e-14,2.3563153614126205e-11,3.442861661857358e-05,5.1041543586267065e-09,3.194345248412561e-08,,,,,,2.2327188201880143e-09,,1.0531313459872363e-09,8.444794121617723e-09,1.4671577571751097e-08,3.4016833085263023e-09,-1.5004651280826512e-07,3.44954681305844e-05,3.434542161777614e-05
DEHHALKAJ00010KY,562.689453125,"(1949, 1957)",2.583170125661564e-06,3.155088227131855e-09,7.9512071998225e-07,1.2457768852830946e-05,1.6961261985717583e-10,8.276019739998877e-10,,,,,,9.305876424680548e-10,,9.968484952181395e-11,1.785308293963145e-09,5.419783057879151e-08,1.729368436900316e-11,-1.0580417967238482e-06,1.2515796772473918e-05,1.145775497575007e-05
DEHHALKAJ00010Po,760.1845703125,"(1949, 1957)",3.19116749338071e-06,3.897705154429487e-09,9.822756889606664e-07,1.643857786590509e-05,2.2500890143193235e-10,1.1051290036335726e-09,,,,,,1.257209197615291e-09,,1.3384463985457427e-10,2.2471433314408054e-09,6.718491535883657e-08,2.136540582221584e-11,-1.3094463228806057e-06,1.6510752481743727e-05,1.5201306158863122e-05
DEHHALKAJ00010Nibt_0,4.0,"(1979, 1983)",,,,6.102413040989264e-07,1.6594574077626233e-11,6.831225443030759e-11,,,,,,6.617744484360727e-12,,3.2686589291543294e-12,2.719893238311837e-11,4.3728861180102366e-11,1.0219288185626403e-11,-4.367076876948837e-10,6.104172444125966e-07,6.099805367249017e-07
DEHHALKAJ00010Nibt_1,936.0869140625,"(1979, 1983)",,,,1.8041167233309017e-05,5.106122675899077e-09,1.9267235181692864e-08,,,,,,1.5481272055551184e-09,,9.779064084257435e-10,8.326865486591784e-09,1.2723494318157074e-08,2.905504913389976e-09,-1.2639260412852143e-07,1.8092022489498727e-05,1.7965629885370206e-05
DEHHALKAJ00010FV,674.16015625,"(1949, 1957)",2.6827785535926516e-06,3.2767610885741096e-09,8.257926584902695e-07,1.4385211305869886e-05,1.9750729554955426e-10,9.73684968206007e-10,,,,,,1.1149402221553293e-09,,1.182901401119167e-10,1.9115969048798053e-09,5.6605960112810844e-08,1.7962372934797306e-11,-1.1021172908299363e-06,1.4446151247886535e-05,1.3344033957056598e-05
DEHHALKAJ00010Gn,1125.1611328125,"(1949, 1957)",4.35544168588264e-06,5.319765163399008e-09,1.3406631900223183e-06,2.384857400346099e-05,3.27946008607625e-10,1.6197703969653889e-09,,,,,,1.8608150612363208e-09,,1.9708567775644824e-10,3.1230712585012015e-09,9.200747410230014e-08,2.916624782364672e-11,-1.7903855173528226e-06,2.3947739332214177e-05,2.2157353814861356e-05
DEHHALKAJ00010kcbt_1,1111.580078125,"(1979, 1983)",,,,2.1685097362092333e-05,6.065052610967045e-09,2.288381486399977e-08,,,,,,1.8383563390921936e-09,,1.1615285198059482e-09,9.890607841351379e-09,1.51122350136944e-08,3.4509183835542104e-09,-1.5012125723797354e-07,2.1745499875664796e-05,2.1595378618426822e-05
DEHHALKAJ00010Knbt_1,617.4208984375,"(1979, 1983)",,,,1.2077787969061854e-05,3.4771078023980623e-09,1.3001309878577196e-08,,,,,,1.021126856232981e-09,,6.640306391720918e-10,5.667474375612946e-09,8.615177902857365e-09,1.9624798163584284e-09,-8.553628761266486e-08,1.2112196676333064e-05,1.20266603887204e-05
DEHHALKAJ00010K2,1443.42578125,"(1958, 1968)",5.802902103123937e-12,2.1275873515434494e-13,2.2043998675606497e-10,2.7517510308966864e-05,3.9936181273779293e-10,2.3557817074741365e-09,,,,,,2.3871677685198036e-09,,2.7250435324218754e-10,1.0605415441605909e-09,5.875581774878187e-09,1.0454488413760096e-10,-6.057823053859562e-08,2.7529965792812013e-05,2.746938756227342e-05
DEHHALKAJ00010JBbt_0,1263.5400390625,"(1979, 1983)",,,,2.3569387799660864e-05,6.131597640049403e-09,2.3965932426813952e-08,,,,,,2.089669488932053e-09,,1.187482592629055e-09,1.0019069083314509e-08,1.562088255199123e-08,3.600995121044655e-09,-1.5548913868197494e-07,2.3632003428565635e-05,2.347651428988366e-05
DEHHALKAJ00010SBbt_1,742.314453125,"(1979, 1983)",,,,1.693909177259083e-05,4.503131010351825e-09,1.6497054216045292e-08,,,,,,1.2276925628459918e-09,,8.54557197581203e-10,7.331656315247248e-09,1.1016902488526316e-08,2.4955943206606897e-09,-1.0925260742283281e-07,1.6983018360702088e-05,1.6873765753279256e-05
DEHHALKAJ00010k2,2309.94921875,"(1949, 1957)",7.992789379113186e-06,9.762475533333763e-09,2.4603192760049933e-06,4.771653375763693e-05,6.601329893245904e-10,3.284239181579715e-09,,,,,,3.82024236562463e-09,,4.019849023236005e-10,5.888095955796507e-09,1.6971438107078505e-07,5.3521372855241813e-11,-3.2945352778782185e-06,4.790035635547521e-05,4.460582107759699e-05
DEHHALKAJ00010Jw,2018.2841796875,"(1949, 1957)",6.847027450094803e-06,8.363034894576947e-09,2.1076389951645557e-06,4.151253495879931e-05,5.74890805317552e-10,2.8636353672922583e-09,,,,,,3.3378806195116313e-09,,3.50849802691449e-10,5.069294411714632e-09,1.4552581569291688e-07,4.584992030397305e-11,-2.8237059910529925e-06,4.1670303175419054e-05,3.884659718436606e-05
DEHHALKAJ00010FJ,306.08154296875,"(1919, 1948)",1.1719217885889376e-12,4.296756915919227e-14,4.451883195076053e-11,3.7856688161273272e-06,2.8741150592154675e-09,9.107282506457173e-09,,,,,,5.062041357984829e-10,,5.989550467085346e-10,5.33895018070502e-09,7.352787139674254e-09,1.3677067917283635e-09,-7.272379319222787e-08,3.8128148169876143e-06,3.7400910237953865e-06
DEHHALKAJ00010SZ,720.0390625,"(1949, 1957)",2.6991714645130226e-06,3.2967885840524393e-09,8.308440228289096e-07,1.514623787887464e-05,2.0864747953244887e-10,1.0327428394534455e-09,,,,,,1.1908157083149414e-09,,1.2587945750367071e-10,1.9499996432676113e-09,5.709987758672954e-08,1.8072984116931724e-11,-1.110375969117797e-06,1.520786391457356e-05,1.4097487945455763e-05
DEHHALKAJ00010ki,458.909912109375,"(1958, 1968)",1.7570694390263164e-12,6.442153680730626e-14,6.674735451075992e-11,8.397939642713569e-06,1.2077675200378418e-10,7.392459252735228e-10,,,,,,7.589548656509339e-10,,8.197966669921876e-11,3.1905700514740025e-10,1.767686124514905e-09,4.431573633010432e-11,-1.8233808383430403e-08,8.401771658789189e-06,8.38353785040576e-06
DEHHALKAJ00010Rb,1708.4765625,"(1958, 1968)",6.868466925319582e-12,2.5182681174196543e-13,2.609185423336413e-10,3.23924767860943e-05,4.72695102084961e-10,2.7883649342194354e-09,,,,,,2.825514297924072e-09,,3.22543290234375e-10,1.2552844297649388e-09,6.9544849704258294e-09,1.2372068981660732e-10,-7.170808386135872e-08,3.240721939380876e-05,3.23355113099474e-05
DEHHALKAJ00010h6,653.5068359375,"(1860, 1918)",2.431946886125799e-06,2.970452239074627e-09,7.486456176826422e-07,1.4309385715048759e-05,3.523817711453221e-09,1.1378549189635767e-08,,,,,,1.0807833213707327e-09,,7.814719391692771e-10,7.906845117185605e-09,5.928924281112332e-08,1.6353407126721051e-09,-1.077925241956324e-06,1.439498176585137e-05,1.3317056523895046e-05
DEHHALKAJ00010Io,1474.216796875,"(1958, 1968)",5.9266890353296925e-12,2.1729728339394995e-13,2.2514239069310896e-10,2.8170725356865893e-05,4.078809593234863e-10,2.4060350092414832e-09,,,,,,2.438090595179776e-09,,2.7831738908203123e-10,1.0831649030344562e-09,6.0009191347633465e-09,1.0677550930267968e-10,-6.187063488977924e-08,2.8183446540365822e-05,2.8121575905476042e-05
DEHHALKAJ00010gfbt_1,345.5048828125,"(1979, 1983)",,,,7.562745510628402e-06,2.7512385897285253e-09,8.75197520495151e-09,,,,,,5.714556122932835e-10,,5.010064259344282e-10,4.44751134143515e-09,6.183412651790405e-09,1.3455153049850774e-09,-6.080725724427372e-08,7.5872976257595196e-06,7.5264903685152455e-06
DEHHALKAJ00010Ezbt_0,1507.0732421875,"(1979, 1983)",,,,2.89202941417001e-05,8.435176951156665e-09,3.159517251934455e-08,,,,,,2.4924299406754004e-09,,1.6117589179436627e-09,1.3750146735806868e-08,2.092240261682893e-08,4.768242917820085e-09,-2.077501313351526e-07,2.9003869472299676e-05,2.8796119340964523e-05
DEHHALKAJ00010Ezbt_1,395.2939453125,"(1979, 1983)",,,,7.566269922138701e-06,5.793901321159877e-10,3.905102582441578e-09,,,,,,6.537485857693638e-10,,1.382850878185387e-10,9.860966074681523e-10,2.1529452090811637e-09,5.618103264125025e-10,-2.2039241852379248e-08,7.575247300669807e-06,7.5532080588174285e-06
DEHHALKAJ00010iY,725.8193359375,"(1949, 1957)",3.3295029145492325e-06,4.066660387267983e-09,1.0248480791481396e-06,1.606606049494199e-05,2.1874979057835175e-10,1.0674220726586734e-09,,,,,,1.2003752622471097e-09,,1.285774990578773e-10,2.3014782137810458e-09,6.98587107687561e-08,2.229020897284268e-11,-1.3637529032768639e-06,1.614085809875804e-05,1.4777105195481176e-05
DEHHALKAJ00010NBbt_0,1350.72265625,"(1979, 1983)",,,,2.5884183925056085e-05,7.416214223735864e-09,2.7931329289587812e-08,,,,,,2.2338540713738993e-09,,1.4194890253616621e-09,1.2092807463971575e-08,1.845804950933129e-08,4.212881283862001e-09,-1.8333846145304119e-07,2.595794854992331e-05,2.5774610088470267e-05
DEHHALKAJ00010NBbt_1,1340.203125,"(1979, 1983)",,,,2.5820911767025805e-05,7.850645769895696e-09,2.9034488477131658e-08,,,,,,2.21645672380418e-09,,1.4941680256791101e-09,1.278839585784964e-08,1.931937521745226e-08,4.38768604977897e-09,-1.916912733156833e-07,2.5898002983147395e-05,2.570631170983171e-05
DEHHALKAJ00010MC,1302.25,"(1958, 1968)",5.235343141265613e-12,1.9194964261675347e-13,1.9887962130237556e-10,2.4772716970451788e-05,3.6030180934374994e-10,2.125371992387083e-09,,,,,,2.1536883095563445e-09,,2.458517775e-10,9.568140633574012e-10,5.300912044634275e-09,9.431334661828456e-11,-5.4655144638464056e-08,2.4783954223795188e-05,2.4729299079156724e-05
DEHHALKAJ00010JFbt_1,587.47119140625,"(1979, 1983)",,,,1.3013907102609964e-05,2.900486883329945e-09,1.01116108744972e-08,,,,,,9.716155467653353e-10,,5.422503215440245e-10,4.7100157291139e-09,6.884067336605836e-09,1.538033821684396e-09,-6.807036359619393e-08,1.3041565183123505e-05,1.2973494819527311e-05
DEHHALKAJ00010Nv,1889.986328125,"(1969, 1978)",,,,0.001010203028364403,6.350492639921768e-05,7.971186389523035e-08,,,,,,3.1256989471640234e-09,,9.169700741022847e-10,6.35071113302676e-05,2.4223747378197534e-06,1.1718759624722368e-09,9.507854258182119e-06,0.0011397223672405868,0.001149230221498769
DEHHALKAJ00010pAbt_0,627.797607421875,"(1979, 1983)",,,,1.4485355641722416e-05,2.479604221841178e-09,9.971645741064445e-09,,,,,,1.0382904692969926e-09,,4.846641050327391e-10,4.058409133386936e-09,6.432746507729698e-09,1.4940874246764067e-09,-6.413614654194879e-08,1.4511315089325444e-05,1.4447178942783496e-05
DEHHALKAJ00010LObt_1,310.868408203125,"(1979, 1983)",,,,5.422297089023117e-06,1.4314962460555854e-09,5.4841783239486095e-09,,,,,,5.141367447135166e-10,,2.754684958241796e-10,2.3364112269505206e-09,3.601116923428449e-09,8.257153489642499e-10,-3.5804148108412927e-08,5.436765612333003e-06,5.40096146422459e-06
DEHHALKAJ00010LObt_2,3.0,"(1979, 1983)",,,,6.399433920777734e-07,1.2871753117800294e-11,5.039479102640433e-11,,,,,,4.96402472307883e-12,,2.4941625300633775e-12,2.1035078956238357e-11,3.285848749959831e-11,7.579077068940862e-12,-3.272707710748394e-10,6.400755894526957e-07,6.397483186816209e-07
DEHHALKAJ00010Lg,759.1484375,"(1949, 1957)",2.060481857088685e-06,2.516713818556927e-09,6.342733228335996e-07,1.493903601481983e-05,2.091073427769646e-10,1.0547902895022758e-09,,,,,,1.2554955969676044e-09,,1.3053944745758194e-10,1.6226346001224978e-09,4.433126176259855e-08,1.3800758143629047e-11,-8.552805997819282e-07,1.4987653644617398e-05,1.413237304483547e-05
DEHHALKAJ00010JN,1330.7109375,"(1949, 1957)",3.9936014665804795e-06,4.8778476570223665e-09,1.2293227583179008e-06,2.668735441023167e-05,3.718302126210975e-10,1.8654936776295793e-09,,,,,,2.2007576337410436e-09,,2.2988102971769977e-10,3.0549628809849066e-09,8.542373709258542e-08,2.684266597229279e-11,-1.6525288337990032e-06,2.678052791542492e-05,2.5127999081625917e-05
DEHHALKAJ00010MGbt_0,556.2841796875,"(1979, 1983)",,,,1.4750079469742425e-05,2.1690831467820163e-09,9.127971752216746e-09,,,,,,9.200225402261253e-10,,4.304085287342649e-10,3.5598960509670242e-09,5.794352509626938e-09,1.3616973488487018e-09,-5.791905072455777e-08,1.4773442901619824e-05,1.4715523850895266e-05
DEHHALKAJ00010MGbt_1,28.51171875,"(1979, 1983)",,,,3.414063378895692e-06,1.1117391233587776e-10,4.678439057953252e-10,,,,,,4.716745262932729e-11,,2.2060104110396298e-11,1.8246084679160315e-10,2.971251649605519e-10,6.982965717509032e-11,-2.9707492981912365e-09,3.41526103993949e-06,3.412290290641299e-06
DEHHALKAJ00010os,654.0126953125,"(1949, 1957)",2.555159256394309e-06,3.120887604244248e-09,7.865113970515656e-07,1.389308514239518e-05,1.909478460255007e-10,9.425291984036262e-10,,,,,,1.0816199248117304e-09,,1.146234693470353e-10,1.8282916558883867e-09,5.395548714899204e-08,1.7108149727959617e-11,-1.0501249442560712e-06,1.3951215749788375e-05,1.2901090805532304e-05
DEHHALKAJ00010P7,576.5947265625,"(1949, 1957)",2.5610349756647727e-06,3.1280546058053653e-09,7.883097727975694e-07,1.2652880568807975e-05,1.7261379072938593e-10,8.44326532450591e-10,,,,,,9.535844748527752e-10,,1.019099238916422e-10,1.7819934628088172e-09,5.379979431514135e-08,1.7145877766813005e-11,-1.0496590087581013e-06,1.2710551937185617e-05,1.1660892928427516e-05
DEHHALKAJ00010u5,53.537841796875,"(1949, 1957)",6.426897141790441e-07,7.849651725625757e-10,1.9780693021782953e-07,8.428605155639034e-07,8.898466056233243e-12,2.7863881707656555e-11,,,,,,8.854202145317499e-11,,1.7818544825581262e-12,3.545984879938576e-10,1.298809445986635e-08,4.310077857258428e-12,-2.581261691061672e-07,8.563346048133206e-07,5.982084357071534e-07
DEHHALKAJ00010u1,759.708984375,"(1949, 1957)",2.9232020662057095e-06,3.570418813177994e-09,8.998012739024767e-07,1.607948795542343e-05,2.211856144687222e-10,1.0929065004927956e-09,,,,,,1.2564226566774805e-09,,1.3302350626316864e-10,2.0989914698743816e-09,6.176792691122172e-08,1.9572626912366555e-11,-1.2018034894280423e-06,1.6146077984709335e-05,1.4944274495281293e-05
DEHHALKAJ00010rf,1804.3740234375,"(1949, 1957)",6.073689988547168e-06,7.418473699471924e-09,1.8695935490436053e-06,3.70502941495607e-05,5.133006357433545e-10,2.558063939531693e-09,,,,,,2.9841115260999654e-09,,3.135324829398012e-10,4.505730404181193e-09,1.291391907552134e-07,4.067168846941018e-11,-2.5052951983376715e-06,3.7190348750992875e-05,3.46850535526552e-05
DEHHALKAJ00010uw,1118.2529296875,"(1949, 1957)",4.598771322375178e-06,5.6169610631248855e-09,1.4155542469133034e-06,2.4056333579415827e-05,3.296718151303264e-10,1.6215343734640712e-09,,,,,,1.849390130548127e-09,,1.9662439235859695e-10,3.2529055572916785e-09,9.69004229318884e-08,3.079001649472794e-11,-1.887865440829677e-06,2.4160514918633003e-05,2.2272649477803325e-05
DEHHALKAJ00010tJ,721.7001953125,"(1958, 1968)",2.901400013499213e-12,1.0637749630767945e-13,1.1021805454989479e-10,1.376941231285023e-05,1.9967739387585447e-10,1.177870134012267e-09,,,,,,1.193562920489803e-09,,1.3624977987304688e-10,5.302614639817853e-10,2.937739670561868e-09,5.227283151806018e-11,-3.028820867961139e-08,1.3775639947044542e-05,1.374535173836493e-05
DEHHALKAJ00010uN,808.54296875,"(1949, 1957)",3.143836003992518e-06,3.839901561036931e-09,9.677142902232497e-07,1.715600018360252e-05,2.358565754463337e-10,1.1645774262813643e-09,,,,,,1.3371853243304142e-09,,1.4166498449584508e-10,2.2519733378458414e-09,6.639981840887065e-08,2.1049732303503234e-11,-1.2922012757979708e-06,1.7227552309392096e-05,1.5935351033594125e-05
DEHHALKAJ00010z0,542.968505859375,"(1949, 1957)",1.66312967809143e-12,6.09773110798985e-14,6.31787815298016e-11,7.779752359009214e-06,1.1480526087890625e-10,6.138027020486165e-10,,,,,,8.979727491797206e-10,,7.936027681640625e-11,3.088450316940529e-10,1.7109515090841383e-09,1.0896381516628254e-13,-1.7585409211935045e-08,7.783478205502732e-06,7.765892796290796e-06
DEHHALKAJ00010yl,647.953125,"(1949, 1957)",2.5888407114598585e-06,3.1620245525532195e-09,7.968770827378261e-07,1.3839581763161044e-05,1.899727984456388e-10,9.36283116349615e-10,,,,,,1.0715984811051031e-09,,1.1372047594849243e-10,1.8429975546856525e-09,5.461467406140283e-08,1.7333364931369778e-11,-1.0634315615856037e-06,1.3898368343013911e-05,1.2834936781428307e-05
DEHHALKAJ00010xG,1587.3701171875,"(1949, 1957)",6.3527706038397296e-06,7.759309292630226e-09,1.9554607567656764e-06,3.391838090186808e-05,4.655459834398041e-10,2.2941856899406675e-09,,,,,,2.6252259289056164e-09,,2.786242825200609e-10,4.52084897218496e-09,1.3400987363385528e-07,4.253438642590379e-11,-2.6094640468818337e-06,3.406261774074535e-05,3.1453153693863516e-05
DEHHALKAJ00010wi,1759.9853515625,"(1949, 1957)",6.589137584323565e-06,8.048023103823025e-09,2.028232158313899e-06,3.701077232012528e-05,5.098786188774022e-10,2.5239592975431075e-09,,,,,,2.9107006118994415e-09,,3.0766273030121695e-10,4.761719524380577e-09,1.3939849940006303e-07,4.411928047015554e-11,-2.7106990186467945e-06,3.716122885958881e-05,3.445052984094202e-05
DEHHALKAJ000114D,1038.564453125,"(1949, 1957)",3.941157561281231e-06,4.8137582996539705e-09,1.2131436491574369e-06,2.1909395582457128e-05,3.016112216120283e-10,1.4916784989365992e-09,,,,,,1.7175996572556793e-09,,1.8169798557997942e-10,2.83908005958045e-09,8.332824920052964e-08,2.63887542294149e-11,-1.6208331106765706e-06,2.199928188783485e-05,2.0378448777158278e-05
DEHHALKAJ0001108,1780.3466796875,"(1969, 1978)",,,,0.0009264447970380843,5.9820892629143195e-05,7.401650013595061e-08,,,,,,2.9443746017031583e-09,,8.21764230924551e-10,5.982284834582865e-05,2.28094710005463e-06,1.0986230989943358e-09,8.965622296702812e-06,0.0010484483663751782,0.001057413988671881
DEHHALKAJ00010zs,2251.7880859375,"(1949, 1957)",7.642237850317239e-06,9.334313543974806e-09,2.3524190347038436e-06,4.63192952866034e-05,6.414445846363979e-10,3.1950737303040837e-09,,,,,,3.7240542668251625e-09,,3.914495651972865e-10,5.657464737111066e-09,1.6242392685581106e-07,5.117488912964634e-11,-3.1516170149670153e-06,4.6495379875232413e-05,4.33437628602654e-05
DEHHALKAJ00010rm,644.9228515625,"(1949, 1957)",2.4449749982380332e-06,2.9863101918434216e-09,7.525977246909771e-07,1.3602063369627033e-05,1.8726007107257107e-10,9.261920093140189e-10,,,,,,1.0665869475144122e-09,,1.1282334104179393e-10,1.761681847630593e-09,5.169655577289284e-08,1.6370798167174187e-11,-1.0055388136507276e-06,1.3657830840414667e-05,1.265229202676394e-05
DEHHALKAJ000116jbt_0,1266.5126953125,"(1979, 1983)",,,,2.420991708819999e-05,6.75548652912949e-09,2.565768667252228e-08,,,,,,2.094585851508321e-09,,1.2964382355062937e-09,1.10205866378324e-08,1.6902214317671746e-08,3.866556147087779e-09,-1.6796640846201238e-07,2.4277510642591245e-05,2.4109544234129235e-05
DEHHALKAJ000116jbt_1,1430.556640625,"(1979, 1983)",,,,2.734908475879109e-05,7.881434373341768e-09,2.96543475699029e-08,,,,,,2.365885172157789e-09,,1.5080709210148577e-09,1.2850692116106361e-08,1.9603907740475794e-08,4.473222755314345e-09,-1.9470885720836776e-07,2.7427422319439402e-05,2.7232713462231036e-05
DEHHALKAJ000116jbt_2,4.0,"(1979, 1983)",,,,3.5989328397137095e-07,1.648120689842586e-11,6.800805669536877e-11,,,,,,6.616764386416496e-12,,3.2489115958513296e-12,2.70167985192567e-11,4.348397188460473e-11,1.0167946249009854e-11,-4.342501889433505e-10,3.6006830762759987e-07,3.596340574386565e-07
DEHHALKAJ00010yDbt_0,1147.109375,"(1979, 1983)",,,,2.190745349927317e-05,5.975891122806256e-09,2.285582621248988e-08,,,,,,1.897114166708749e-09,,1.149355643054065e-09,9.752608633436064e-09,1.50173044307759e-08,3.44183174745114e-09,-1.4929515526509735e-07,2.196754343122989e-05,2.1818248275964793e-05
DEHHALKAJ00010yDbt_1,4.0,"(1979, 1983)",,,,4.2593729104346574e-07,1.5908404308781863e-11,6.647105761357265e-11,,,,,,6.617028469132952e-12,,3.1491355960045936e-12,2.609773812146625e-11,4.231781799235165e-11,9.927258514126703e-12,-4.229217410549367e-10,4.2610777948408117e-07,4.256848577430262e-07
DEHHALKAJ00010yDbt_2,2102.55078125,"(1979, 1983)",,,,3.961837164313569e-05,1.0952029285356187e-08,4.188935669713434e-08,,,,,,3.4772429306463774e-09,,2.1064494682855133e-09,1.787366201488493e-08,2.7522813313009062e-08,6.308038689988951e-09,-2.736195959196789e-07,3.9728501235535e-05,3.945488163961532e-05
DEHHALKAJ00010w4bt_0,783.0673828125,"(1979, 1983)",,,,1.4875341959537254e-05,4.121457391938434e-09,1.5715228685972027e-08,,,,,,1.2950642848828795e-09,,7.919255966087098e-10,6.725035083521932e-09,1.0337339978142117e-08,2.367282525285385e-09,-1.0275101747138894e-07,1.4916695293083605e-05,1.4813944275612216e-05
DEHHALKAJ00010yw,1389.83984375,"(1949, 1957)",5.020447503892084e-06,6.132018994021413e-09,1.5453729333434192e-06,2.8987086544607515e-05,4.001125682894719e-10,1.9852107297897912e-09,,,,,,2.29854623118783e-09,,2.4245052145216087e-10,3.659351181648337e-09,1.0638479456681267e-07,3.361670755840315e-11,-2.0671404834656226e-06,2.9102090627114256e-05,2.7034950143648634e-05
DEHHALKAJ00010rK,757.517578125,"(1979, 1983)",,,,1.477251160122109e-05,4.0414475981493215e-09,1.5348618956088682e-08,,,,,,1.252798440550553e-09,,7.755738923382151e-10,6.59300575291324e-09,1.0111291901961522e-08,2.313022542344609e-09,-1.00481044072902e-07,1.4812947360305437e-05,1.4712466316232536e-05
DEHHALKAJ00010vN,653.1806640625,"(1958, 1968)",2.6259358107943383e-12,9.627782302243855e-14,9.975375166886864e-11,1.2459143795472935e-05,1.8071965835290525e-10,1.0660409977863186e-09,,,,,,1.0802438851801585e-09,,1.2331397756835937e-10,4.799174692613285e-10,2.6588251889229003e-09,4.730959633194698e-11,-2.7412693014643744e-08,1.2464780166246338e-05,1.2437367473231694e-05
DEHHALKAJ00010qW,689.431640625,"(1984, 1994)",,,,1.4185382380101116e-05,3.853147514665182e-09,1.317874603174557e-08,,,,,,1.1401965067205163e-09,,7.364617016062295e-10,6.2820406619358045e-09,9.56123610422244e-09,2.1735643646125904e-09,-9.45627200676829e-08,1.4222307772986627e-05,1.4127745052918944e-05
DEHHALKAJ00010wLbt_0,194.54248046875,"(1979, 1983)",,,,3.619987019638107e-06,1.2430358488287658e-09,4.1066029887285565e-09,,,,,,3.217633399426888e-10,,2.2878161950015475e-10,2.013084615864225e-09,2.856581605732845e-09,6.284904576257354e-10,-2.8155451956591856e-08,3.63138536011433e-06,3.603229908157738e-06
DEHHALKAJ00010yS,538.2734375,"(1958, 1968)",2.1639824527864e-12,7.934067495351615e-14,8.220511991332535e-11,1.0239069004802179e-05,1.4892754344628907e-10,8.785035809625025e-10,,,,,,8.902079052281631e-10,,1.01620642265625e-10,3.954905691901227e-10,2.191084753262029e-09,3.8983520117613025e-11,-2.259123477639698e-08,1.0243713823316647e-05,1.022112258854025e-05
DEHHALKAJ000113H,695.6376953125,"(1949, 1957)",2.819105417182875e-06,3.443269939562366e-09,8.677541059229236e-07,1.4910196729567793e-05,2.0450369273520832e-10,1.0069098013542048e-09,,,,,,1.150460224711937e-09,,1.2219965730074734e-10,2.0005575982195115e-09,5.943711886261164e-08,1.8874879560534464e-11,-1.157655488732938e-06,1.4974137354284287e-05,1.381648186555135e-05
DEHHALKAJ00010zB,872.6298828125,"(1958, 1968)",3.5081719115729215e-12,1.2862429959113753e-13,1.3326803657583902e-10,1.668347139579148e-05,2.4143607269323733e-10,1.424198973046427e-09,,,,,,1.443173593466757e-09,,1.6474379557617187e-10,6.411554257168115e-10,3.552111320123365e-09,6.320492742264746e-11,-3.66224884197468e-08,1.6691001419899527e-05,1.665437893147978e-05
DEHHALKAJ00010z2,1937.244140625,"(1958, 1968)",7.4172999658672e-12,2.7194933344622843e-13,2.817675496130295e-10,3.627684121513337e-05,5.098474645439453e-10,3.1206557091661093e-09,,,,,,3.2038549130334835e-09,,3.4606929328125004e-10,1.3468700075444998e-09,7.462152167089094e-09,1.8717379557368262e-10,-7.694395274592669e-08,3.62930178384836e-05,3.621607388573767e-05
DEHHALKAJ000113y,2227.1494140625,"(1949, 1957)",7.674557601614242e-12,2.8138147760748736e-13,2.915402234939907e-10,3.58998117297659e-05,5.297720311230469e-10,2.8324094356276673e-09,,,,,,3.6833063535887804e-09,,3.662101781542969e-10,1.4251705061365983e-09,7.895159479238968e-09,3.049062014499531e-13,-8.121265505243599e-08,3.591654406265597e-05,3.5835331407603534e-05
DEHHALKAJ00010ub,1699.013671875,"(1949, 1957)",6.597032862236075e-06,8.057658752523673e-09,2.030654248896663e-06,3.6038316172079765e-05,4.954846037069862e-10,2.446759992975866e-09,,,,,,2.809864372162866e-09,,2.9765904721694027e-10,4.727059651090788e-09,1.3934191935707153e-07,4.417085609625583e-11,-2.711644528271401e-06,3.6188479089960086e-05,3.347683456168869e-05
DEHHALKAJ000112abt_0,142.30029296875,"(1979, 1983)",,,,3.1858345049855485e-06,1.1845834894328594e-09,3.742669130667126e-09,,,,,,2.3536563335246827e-10,,2.1530803665346207e-10,1.914322266991226e-09,2.651783605892973e-09,5.758712185624897e-10,-2.6066675444986423e-08,3.196354408367101e-06,3.1702877329221143e-06
DEHHALKAJ000114z,1425.2294921875,"(1949, 1957)",5.246557856310241e-06,6.408188856001694e-09,1.6149697339788253e-06,2.9854069831267063e-05,4.116613503178353e-10,2.0400210597179197e-09,,,,,,2.357074370164702e-09,,2.488965309912107e-10,3.806751528010034e-09,1.1107970056727736e-07,3.513017702953389e-11,-2.1592470781037564e-06,2.9974049066850573e-05,2.7814801988746817e-05
DEHHALKAJ000113Pbt_0,2650.8984375,"(1979, 1983)",,,,5.860870550736815e-05,1.063858447937738e-08,4.430877956887985e-08,,,,,,4.384111780980414e-09,,2.1036784187171664e-09,1.7448962310780326e-08,2.8228507096607382e-08,6.6162568440743795e-09,-2.8199931374212385e-07,5.8722434387867566e-05,5.8440435074125445e-05
DEHHALKAJ000113Pbt_1,4.0,"(1979, 1983)",,,,4.934513385080072e-07,1.6052798294921287e-11,6.685850946544209e-11,,,,,,6.617249936384776e-12,,3.174287462632625e-12,2.6329493489915043e-11,4.2616287080605907e-11,9.989115893663037e-12,-4.2584627765038634e-10,4.936229762496306e-07,4.931971299719802e-07
DEHHALKAJ000110n,1468.6025390625,"(1949, 1957)",5.269419212957059e-06,6.436116443562123e-09,1.6220116300694312e-06,3.05831871894565e-05,4.2229502557907466e-10,2.0961725086461076e-09,,,,,,2.428805621457309e-09,,2.560917436879727e-10,3.847119664115949e-09,1.1169545570828276e-07,3.528401284095887e-11,-2.1700122719612313e-06,3.070396841374111e-05,2.853395614177988e-05
DEHHALKAJ00010ye,1470.9853515625,"(1949, 1957)",5.051089548601884e-06,6.1694543329980145e-09,1.5548144727365022e-06,3.0335267110752597e-05,4.1983890582699703e-10,2.0897371784146063e-09,,,,,,2.432746364520767e-09,,2.558782314643683e-10,3.728182992193972e-09,1.0729168699099157e-07,3.382337051285761e-11,-2.0824094518455433e-06,3.0451519004786522e-05,2.8369109552940977e-05
DEHHALKAJ00010robt_0,231.98291015625,"(1979, 1983)",,,,4.878734642190625e-06,2.073026921600591e-09,6.482129436407497e-09,,,,,,3.8369942370834677e-10,,3.7571621112163183e-10,3.348451654878957e-09,4.6127357760990735e-09,9.986470271216758e-10,-4.531391268221979e-08,4.897009048641562e-06,4.851695135959342e-06
DEHHALKAJ00010robt_2,2.0,"(1979, 1983)",,,,4.225831224173071e-07,8.932937848129432e-12,3.189775088540713e-11,,,,,,3.309346290035293e-12,,1.6820422643635526e-12,1.4524419004003344e-11,2.1533831501303812e-11,4.844280552831085e-12,-2.1333968599712306e-10,4.2266984702565317e-07,4.2245650733965605e-07
DEHHALKAJ000113V,768.6767578125,"(1949, 1957)",3.2103147580212588e-06,3.92109218263682e-09,9.881699334391633e-07,1.66005752643054e-05,2.2729404426659786e-10,1.1167591961952696e-09,,,,,,1.2712537545961419e-09,,1.352940958733536e-10,2.2631418486155634e-09,6.7601965184129e-08,2.1493680338885777e-11,-1.317446594616975e-06,1.6673212466109415e-05,1.535576587149244e-05
DEHHALKAJ000111f,714.564453125,"(1949, 1957)",2.8216876601845792e-06,3.4464261382782875e-09,8.685513257252897e-07,1.5218666086946717e-05,2.090415525828963e-10,1.0310921295703526e-09,,,,,,1.1817616933032326e-09,,1.2531894316470785e-10,2.01409363598391e-09,5.955639580628092e-08,1.8892542371587153e-11,-1.159383470379086e-06,1.5282802683249973e-05,1.4123419212870887e-05
DEHHALKAJ000116Vbt_0,599.603515625,"(1979, 1983)",,,,1.29009086304747e-05,3.0816101022581937e-09,1.1834129773895146e-08,,,,,,9.916635262646253e-10,,5.934552003771744e-10,5.030316876868423e-09,7.763903528410775e-09,1.7813621826235823e-09,-7.720363555342195e-08,1.29319850716654e-05,1.2854781436111978e-05
DEHHALKAJ000116Vbt_1,4.0,"(1979, 1983)",,,,2.49561542573324e-07,1.8755710514803884e-11,7.411122388266753e-11,,,,,,6.616263341652961e-12,,3.645105461909409e-12,3.066637057164221e-11,4.812269940491689e-11,1.112581433554908e-11,-4.793577978224188e-10,2.497545857608371e-07,2.492752279630147e-07
DEHHALKAJ000116Vbt_2,703.4443359375,"(1979, 1983)",,,,1.3523671619901902e-05,3.6222164047632604e-09,1.3902176656726305e-08,,,,,,1.1633865619043801e-09,,6.974375769333809e-10,5.912590754275496e-09,9.122533173378663e-09,2.092761462241435e-09,-9.07102822723831e-08,1.3560184722492125e-05,1.3469474440219742e-05
DEHHALKAJ00010z8bt_0,1239.7236328125,"(1979, 1983)",,,,2.3709905028403998e-05,6.64921102272603e-09,2.521322959625779e-08,,,,,,2.0502815472565485e-09,,1.2753941992012421e-09,1.0846234180124933e-08,1.6619472313551172e-08,3.800216509116583e-09,-1.6514122477010714e-07,2.3776359067772237e-05,2.361121784300213e-05
DEHHALKAJ00017t6,344.34716796875,"(1949, 1957)",2.316490867681672e-06,2.8293321534666726e-09,7.129989699439223e-07,6.738351803977886e-06,8.667991794051142e-11,3.9238399952114926e-10,,,,,,5.694886156438457e-10,,4.416979537814573e-11,1.4250025787300774e-09,4.762764348502926e-08,1.5502711552106006e-11,-9.3877341802973e-07,6.788512675081681e-06,5.849739257051951e-06
DEHHALKAJ00018HV,703.094970703125,"(1949, 1957)",2.813413444232359e-06,3.4363092754584167e-09,8.659930562375449e-07,1.376371971765763e-05,1.8761594898125986e-10,9.167945796904059e-10,,,,,,1.1627932870433044e-09,,1.1056453168294322e-10,1.9522004422556167e-09,5.9071633685602927e-08,1.8938693484880434e-11,-1.1527564517964798e-06,1.3827140258826373e-05,1.2674383807029894e-05
DEHHALKAJ00018M0,241.99755859375,"(1949, 1957)",1.4525184063433953e-06,1.7740894242100459e-09,4.470768141459213e-07,4.505442760291126e-06,5.848704744401864e-11,2.681499946753397e-10,,,,,,4.002206701019215e-10,,3.055487189813051e-11,9.046512303125448e-10,2.992579056642635e-08,9.742232426589638e-12,-5.892705680716469e-07,4.537040356904411e-06,3.9477697888327645e-06
DEHHALKAP0006abHbt_0,593.348388671875,"(1979, 1983)",,,,1.19573348265299e-05,2.9806266995082705e-09,1.1761172486813618e-08,,,,,,9.813083034953674e-10,,5.790125054082895e-10,4.873029354513552e-09,7.639309448185879e-09,1.7654841104645627e-09,-7.60824242483164e-08,1.198791476943829e-05,1.1911832345189972e-05
DEHHALKAP0006abHbt_1,868.353271484375,"(1979, 1983)",,,,2.542751365287988e-05,4.0335984653517295e-09,1.633080567733804e-08,,,,,,1.4361363493325555e-09,,7.901539597409811e-10,6.604494101978886e-09,1.0509612007185246e-08,2.4453003238028975e-09,-1.048240070606099e-07,2.5469663753764604e-05,2.5364839746703993e-05
DEHHALKAbr0000Mkbt_1,1208.04443359375,"(1979, 1983)",,,,2.9911645890104843e-05,4.805644191512056e-09,2.055689895286958e-08,,,,,,1.9978917065434488e-09,,9.588826263728439e-10,7.895021132571837e-09,1.2974981218540447e-08,3.061877516770517e-09,-1.2981203209225585e-07,2.9963897087450027e-05,2.9834085055357772e-05
DEHHALKAbr0000Mkbt_2,675.5908203125,"(1979, 1983)",,,,1.8848915261441946e-05,2.694941693709174e-09,1.1516211440222256e-08,,,,,,1.117334408213407e-09,,5.375407175261026e-10,4.427141518125352e-09,7.271431502864753e-09,1.715493143750203e-09,-7.27456400319993e-08,1.8878195355866356e-05,1.8805449715834356e-05
DEHHALKA10000t7Ibt_0,584.130859375,"(1979, 1983)",,,,1.6887380892641398e-05,2.3401443178035633e-09,9.984106976981452e-09,,,,,,9.66079365875919e-10,,4.66518135241358e-10,3.843912203347086e-09,6.307570567284484e-09,1.4874959312264462e-09,-6.309744734243139e-08,1.6912776720139158e-05,1.6849679272796727e-05
DEHHALKA10000t7Ibt_1,2172.493896484375,"(1979, 1983)",,,,3.4467769938833806e-05,8.674406092912006e-09,3.705488219943906e-08,,,,,,3.5929160062789804e-09,,1.7300119820460356e-09,1.4249624422840647e-08,2.339824722377143e-08,5.519634005287301e-09,-2.3407125309501526e-07,3.456198966076638e-05,3.432791840767136e-05
DEHHALKA1000143I,389.1025390625,"(2002, 2009)",4.469375112590614e-13,1.638660413335562e-14,1.6978211472790017e-11,8.5209768658224e-06,3.1243640094105896e-09,1.2611108268887243e-08,,,,,,6.435059532477113e-10,,5.83975621524048e-10,5.07767583798393e-09,7.4051006175522215e-09,1.578886897456666e-09,-7.382435698227012e-08,8.552001483028463e-06,8.478177126046192e-06
DEHHALKA2Rp000FHbt_0,1538.765869140625,"(1979, 1983)",,,,3.983052910617527e-05,5.767233308048708e-09,2.5234703489959494e-08,,,,,,2.544844079666664e-09,,1.1597233945770315e-09,9.488329482169756e-09,1.5804232890414952e-08,3.750803312966572e-09,-1.5831639659548945e-07,3.9894278976133076e-05,3.973596257953759e-05
DEHHALKA4Eq0000Ubt_0,3080.425537109375,"(1979, 1983)",,,,6.768298666667174e-05,9.66838675181576e-09,4.6876041792883294e-08,,,,,,5.094472323302941e-09,,2.0168704794633934e-09,1.6016261125257564e-08,2.8380350836764793e-08,6.905171411833027e-09,-2.85869200156801e-07,6.779794422139306e-05,6.751207502123627e-05
DEHHALKA4Eq0000Ubt_1,732.0810546875,"(1979, 1983)",,,,2.0608274358129843e-05,2.2845192613367064e-09,1.1104866485440147e-08,,,,,,1.2107493184774095e-09,,4.770166380895894e-10,3.785134269891584e-09,6.717983042949616e-09,1.6355375582428655e-09,-6.76792951298685e-08,2.063549016470427e-05,2.0567810869574402e-05
DEHHALKA70001vybbt_0,880.7734375,"(1979, 1983)",,,,1.590993475159618e-05,4.38660456814373e-09,1.7007659646575437e-08,,,,,,1.4566433262435538e-09,,8.473461467291051e-10,7.164431978256258e-09,1.1118446833005467e-08,2.557570292739186e-09,-1.1062092581990726e-07,1.5954473454387874e-05,1.5843852528567968e-05
DEHHALKA70001vybbt_1,4.0,"(1979, 1983)",,,,6.125910406026029e-07,1.8396515557547967e-11,7.314739737512455e-11,,,,,,6.617772785386423e-12,,3.582537595338853e-12,3.0090331853998105e-11,4.74086240930852e-11,1.0979407589558166e-11,-4.72516915954057e-10,6.127812631894529e-07,6.123087462734988e-07
DEHHALKA70001xCY,750.6943359375,"(1979, 1983)",,,,1.3534502771354071e-05,3.887914662911119e-09,1.4896073435877445e-08,,,,,,1.241514012033355e-09,,7.481852141977956e-10,6.345672028167314e-09,9.780974266906178e-09,2.2427654595471204e-09,-9.724755083536302e-08,1.3573645870433713e-05,1.347639831959835e-05
DEHHALKA70001xUI,657.490234375,"(1979, 1983)",,,,1.3957399540940363e-05,3.6313655091704107e-09,1.3653482237359296e-08,,,,,,1.0873711351384545e-09,,6.946878530377631e-10,5.920715168252656e-09,9.028543273027398e-09,2.059738757503631e-09,-8.966949755985935e-08,1.3993475444873851e-05,1.3903805947313992e-05
DEHHALKA7000Cli9,958.3779296875,"(2010, 2015)",2.876188761564197e-06,3.5129246593982687e-09,8.852536243655633e-07,3.358534670003947e-05,4.1016847664557025e-09,3.540806888619524e-08,,,,,,1.5849854791520769e-09,,8.277044396833191e-10,8.27321236031503e-09,6.933917835264681e-08,2.6310441477320326e-09,-1.272932358362019e-06,3.370751257847165e-05,3.243458022010963e-05
DEHHALKAJ00010AMbt_0,304.939453125,"(1979, 1983)",,,,5.920502267545114e-06,1.5596589459722192e-09,5.99820433178277e-09,,,,,,5.043336916819298e-10,,3.0049733872603296e-10,2.546143993441158e-09,3.933024064371231e-09,9.027505927436648e-10,-3.9112778230957876e-08,5.9362468805038345e-06,5.897134102272877e-06
DEHHALKAJ00010AMbt_1,916.00390625,"(1979, 1983)",,,,1.716413722045679e-05,4.705262901016579e-09,1.807219558160455e-08,,,,,,1.5149103043476183e-09,,9.061828165026531e-10,7.680779242398671e-09,1.1855624833123524e-08,2.7202828919530763e-09,-1.1789174025863674e-07,1.7211592459027735e-05,1.7093700718769098e-05
DEHHALKAJ000107G,943.96875,"(1969, 1978)",,,,0.0007130887585583195,3.1717992449231115e-05,4.1012670895942653e-08,,,,,,1.561155311252804e-09,,4.2307351918945315e-10,3.171899780600953e-05,1.2091233941294624e-06,5.909339880436835e-10,4.7559351353961596e-06,0.000777778460041404,0.0007825343951768001
DEHHALKAJ000109Xbt_2,310.957763671875,"(1979, 1983)",,,,6.552587518592969e-06,2.06014266912386e-09,7.171495233877186e-09,,,,,,5.143012933817605e-10,,3.849793930342012e-10,3.345150348811531e-09,4.88509378607563e-09,1.0909676361984132e-09,-4.8299346982905124e-08,6.5720396489534726e-06,6.523740301970567e-06
DEHHALKAJ00010Cq,1121.9658203125,"(1949, 1957)",4.690865126541841e-06,5.729442589937088e-09,1.4438993442857635e-06,2.4236958778288875e-05,3.318301001462831e-10,1.6302490319779889e-09,,,,,,1.8555305891079863e-09,,1.9749023260658575e-10,3.3060933851888273e-09,9.877470456219086e-08,3.140622758944448e-11,-1.9249894665757523e-06,2.4343086082417684e-05,2.2418096615841932e-05
DEHHALKAJ00010EB,596.498291015625,"(1969, 1978)",,,,0.0003991208573435033,1.7815787600650085e-05,2.4035615334336832e-08,,,,,,9.865013896902873e-10,,2.4368182980303957e-10,1.781636488321844e-05,6.792864163972203e-07,3.7391405538322557e-10,2.6697748747087184e-06,0.0004354579359563783,0.00043812771083108704
DEHHALKAJ00010DH,1074.5458984375,"(1949, 1957)",3.837037386810891e-06,4.686592912363332e-09,1.1811022315944536e-06,2.235283653193902e-05,3.0872851330523806e-10,1.5329242749758309e-09,,,,,,1.7771065188189617e-09,,1.8732574155075578e-10,2.804657354015427e-09,8.135163756217355e-08,2.5692894388078503e-11,-1.5803277152936816e-06,2.244082460479825e-05,2.086049688950457e-05
DEHHALKAJ00010Bibt_0,534.6513671875,"(1979, 1983)",,,,1.2350548831396525e-05,3.1658569109808796e-09,1.1673981911072421e-08,,,,,,8.842524542548045e-10,,6.019910625068368e-10,5.1562316935308895e-09,7.776625031365199e-09,1.7647529606435055e-09,-7.714879345777004e-08,1.238157252342088e-05,1.2304423729963109e-05
DEHHALKAJ00010Bibt_1,982.666015625,"(1979, 1983)",,,,2.0726183270878746e-05,5.809033252633984e-09,2.1430312989050006e-08,,,,,,1.625169204263124e-09,,1.1047482799632992e-09,9.461404825754726e-09,1.4273238351741255e-08,3.239430803161876e-09,-1.4160227637785615e-07,2.0783126608585314e-05,2.0641524332207458e-05
DEHHALKAJ000107r,2700.552490234375,"(1949, 1957)",4.631227012382613e-06,5.65684200131961e-09,1.4257989952737736e-06,5.5822905302044947e-05,7.982713198380993e-10,4.1258916105422e-09,,,,,,4.466230231007836e-09,,5.203278515538861e-10,4.530206296859992e-09,1.0453297849801436e-07,3.123140594835259e-11,-1.972679063247713e-06,5.5941910439258704e-05,5.396923137601099e-05
DEHHALKAJ00010Adbt_1,839.4833984375,"(1979, 1983)",,,,1.8700147442280594e-05,5.404647736852854e-09,1.9493859585057228e-08,,,,,,1.3883889736795227e-09,,1.0207756573570074e-09,8.79209653734489e-09,1.3096223322577146e-08,2.953891526326028e-09,-1.297544430302069e-07,1.875229732561979e-05,1.8622542882589583e-05
DEHHALKAJ00010Adbt_4,551.091796875,"(1979, 1983)",,,,1.957729161129599e-05,3.3672778206144027e-09,1.2312209081748377e-08,,,,,,9.114718688758006e-10,,6.386302847699668e-10,5.481784091196728e-09,8.228638985307947e-09,1.8630140099530662e-09,-8.159475991110896e-08,1.9610094637438453e-05,1.9528499877527345e-05
DEHHALKAJ00010Dfbt_0,271.61328125,"(1979, 1983)",,,,5.8103264770053375e-06,1.6677130223422318e-09,6.0899872292312074e-09,,,,,,4.4922537147553497e-10,,3.1616933008075213e-10,2.7147726779560326e-09,4.071941233121939e-09,9.215764853124455e-10,-4.0372999054407755e-08,5.826557862354857e-06,5.786184863300449e-06
DEHHALKAJ00010Dfbt_1,2431.568359375,"(1979, 1983)",,,,4.7279223590840144e-05,1.4895076432990742e-08,5.4426066925586526e-08,,,,,,4.021379254627185e-09,,2.8243829556072334e-09,2.4247630425848872e-08,3.6381953575710853e-08,8.235491059991396e-09,-3.6073610635117784e-07,4.7424255571470506e-05,4.706351946511933e-05
DEHHALKAJ00010Dfbt_2,287.0009765625,"(1979, 1983)",,,,6.015001707497603e-06,1.7638207196253318e-09,6.439368261034612e-09,,,,,,4.746740590207954e-10,,3.343646324710154e-10,2.871182868213447e-09,4.305944124409774e-09,9.744709854453886e-10,-4.269247446082578e-08,6.032165533147823e-06,5.989473058686997e-06
DEHHALKAJ00010Bo,1804.3603515625,"(1949, 1957)",6.3636799898777725e-06,7.772660246013312e-09,1.9588466202390097e-06,3.743038182847338e-05,5.173124878350018e-10,2.5706190998380443e-09,,,,,,2.9840889693319044e-09,,3.1433423091137727e-10,4.665721049879789e-09,1.3499953859326963e-07,4.261180839574352e-11,-2.621766110043176e-06,3.757647605471285e-05,3.495470994466967e-05
DEHHALKAJ00010AY,659.5224609375,"(1949, 1957)",1.979295272188117e-06,2.4175423829321387e-09,6.092727939664187e-07,1.3226701590966448e-05,1.8428523428197953e-10,9.245696766008639e-10,,,,,,1.0907321047347403e-09,,1.1393285962396619e-10,1.5140906360367745e-09,4.2337429511759094e-08,1.3318299595859411e-11,-8.190160072218762e-07,1.3272879949289083e-05,1.2453863942067206e-05
DEHHALKAJ000107X,722.7646484375,"(1958, 1968)",2.9056793587610037e-12,1.0653439505747868e-13,1.1038061783220933e-10,1.3769745044334654e-05,1.9997190290783693e-10,1.1796074032455817e-09,,,,,,1.1953233317874437e-09,,1.3645073797851562e-10,5.310435234714387e-10,2.942071770199295e-09,5.234753093260251e-11,-3.033356657513098e-08,1.3775981860535175e-05,1.3745648293960044e-05
DEHHALKAJ00010ET,2587.2734375,"(1949, 1957)",7.764675785904645e-06,9.483897155677793e-09,2.3901465217423573e-06,5.1887651344334384e-05,7.229417037646788e-10,3.627040331556002e-09,,,,,,4.278886963009752e-09,,4.4695287700207454e-10,5.939699759962231e-09,1.6608757066330637e-07,5.215097446494433e-11,-3.2129898013309986e-06,5.206880658760745e-05,4.885581678627645e-05
DEHHALKAJ000109lbt_0,287.72607421875,"(1979, 1983)",,,,8.141469200986827e-06,1.1546258116508928e-09,4.618937468746128e-09,,,,,,4.758752535541706e-10,,2.252963828833441e-10,1.8892120330401006e-09,2.9854346195338027e-09,6.924528190879021e-10,-2.975709954056074e-08,8.153511035375326e-06,8.123753935834765e-06
DEHHALKAJ00010C0,580.3701171875,"(1949, 1957)",2.884366277225831e-06,3.5229638468728557e-09,8.878251156512173e-07,1.3137770163834916e-05,1.7798857938872361e-10,8.631460028121564e-10,,,,,,9.598283018187727e-10,,1.0342714598611832e-10,1.9628045095514182e-09,6.034736680633813e-08,1.93091384473664e-11,-1.1796594060292729e-06,1.3202204034319257e-05,1.2022544628289984e-05
DEHHALKAJ000108Kbt_0,1100.91796875,"(1979, 1983)",,,,2.7714841475482548e-05,4.7696364759878855e-09,1.934443235889862e-08,,,,,,1.820734771286924e-09,,9.34873336010524e-10,7.810465793405456e-09,1.244111813310534e-08,2.8960183317389714e-09,-1.2410056352348405e-07,2.776485875468299e-05,2.7640758191159503e-05
DEHHALKAJ000108Kbt_2,2633.3828125,"(1979, 1983)",,,,5.92524998442124e-05,1.0476372137958703e-08,4.37693674682466e-08,,,,,,4.355144088145513e-09,,2.073767280694061e-09,1.7186177685886857e-08,2.7854342783905523e-08,6.533782214444866e-09,-2.783103035767147e-07,5.9364748797871686e-05,5.908643849429497e-05
DEHHALKAJ00010Bs,570.626953125,"(1969, 1978)",,,,0.00031745337878305216,1.9173486139589885e-05,2.4513945928744213e-08,,,,,,9.437148228617974e-10,,2.7814920699611233e-10,1.917414882350545e-05,7.313941951971044e-07,3.557505876670228e-10,2.870212671976437e-06,0.0003565584995018909,0.0003594287121738673
DEHHALKAJ00010B5bt_0,746.830078125,"(1979, 1983)",,,,1.5157492870367551e-05,4.630563907709601e-09,1.686584445410248e-08,,,,,,1.2351493815499162e-09,,8.771814253556692e-10,7.53677796902329e-09,1.1288104259042896e-08,2.5529471519630025e-09,-1.119036065578097e-07,1.5202479438916296e-05,1.5090575832358487e-05
DEHHALKAJ00010B5bt_3,1702.4951171875,"(1979, 1983)",,,,3.483324622182802e-05,9.339512922709974e-09,3.5183757007961075e-08,,,,,,2.815622778566271e-09,,1.78775493527171e-09,1.522913297971934e-08,2.3248653931293396e-08,5.3066568154904655e-09,-2.3092612471144342e-07,3.492615731319904e-05,3.4695231188487597e-05
DEHHALKAJ00010DP,1558.0380859375,"(1949, 1957)",5.340447513613349e-06,6.522879559820414e-09,1.6438843208021628e-06,3.21179606213158e-05,4.445524888565891e-10,2.2129928834209095e-09,,,,,,2.5767160456682493e-09,,2.7099455546582887e-10,3.943539060085082e-09,1.1344789929528343e-07,3.57610414113709e-11,-2.201804549167526e-06,3.2240893076686e-05,3.003908852751847e-05
DEHHALKAJ00010Cgbt_2,284.637451171875,"(1979, 1983)",,,,8.96475806260887e-06,1.3514674092381407e-09,5.130797336045805e-09,,,,,,4.707739716266223e-10,,2.5932456639075004e-10,2.20467331073808e-09,3.3807043287249137e-09,7.732913761282832e-10,-3.35962508582607e-08,8.978329094907763e-06,8.944732844049503e-06
DEHHALKAJ00010Cgbt_3,3.0,"(1979, 1983)",,,,3.056773670221314e-07,1.464624780696825e-11,5.515628609855191e-11,,,,,,4.962693721457009e-12,,2.8032602629219115e-12,2.388213506714516e-11,3.646420030744038e-11,8.322883436168888e-12,-3.6225932372388876e-10,3.0582360472883206e-07,3.0546134540510816e-07
DEHHALKAJ00010Cgbt_4,21.325927734375,"(1979, 1983)",,,,1.7846969074239903e-06,1.0125616353756693e-10,3.8441537737831e-10,,,,,,3.527686278962535e-11,,1.9429407268187763e-11,1.6518201640639233e-10,2.5335246402149877e-10,5.7953065790079465e-11,-2.5180463254035137e-09,1.7857137727811822e-06,1.7831957264557786e-06
DEHHALKAJ00010E0,608.939453125,"(1949, 1957)",2.36919963190306e-06,2.893755656332482e-09,7.292709232448616e-07,1.292266651459865e-05,1.7765154151565445e-10,8.771443588328922e-10,,,,,,1.0070768528025386e-09,,1.0669650430156431e-10,1.6968475447377394e-09,5.003765872080586e-08,1.586310276999387e-11,-9.737910002942631e-07,1.2976585453224414e-05,1.200279445293015e-05
DEHHALKAJ00010C8,2470.76171875,"(1949, 1957)",8.514023805803877e-12,3.1215983034103706e-13,3.234297704215714e-10,3.982665558619127e-05,5.877200900390625e-10,3.142226902778756e-09,,,,,,4.086197444619065e-09,,4.062673494140625e-10,1.5810606477952598e-09,8.758771027002157e-09,3.794367505039729e-13,-9.008256059905017e-08,3.984521820908967e-05,3.975513564849062e-05
DEHHALKAJ00010At,606.01171875,"(1949, 1957)",2.259336478388163e-06,2.7595711857200558e-09,6.954568805181398e-07,1.2731399066636924e-05,1.7543399313283823e-10,8.686578419503137e-10,,,,,,1.0022349124781815e-09,,1.0591050184322706e-10,1.6343583234046995e-09,4.7807065959134836e-08,1.514335678053338e-11,-9.295537817692747e-07,1.278300787152565e-05,1.1853454089756377e-05
DEHHALKAJ00010Cv,1684.3408203125,"(1860, 1918)",5.054885272004017e-06,6.1742535346604204e-09,1.5561562214925837e-06,3.589312861390042e-05,1.2499449512438081e-08,4.002727133126838e-08,,,,,,2.785598161023454e-09,,2.6979443843061016e-09,2.6039495338734426e-08,1.3635006356248678e-07,5.865255572495232e-09,-2.370137558448759e-06,3.6119393691763174e-05,3.374925613331441e-05
DEHHALKAJ00010CW,1060.134765625,"(1979, 1983)",,,,2.0355199338331775e-05,5.911180673419139e-09,2.216503581196726e-08,,,,,,1.7532730663808413e-09,,1.1298632907546326e-09,9.636363446509834e-09,1.4671788825033107e-08,3.3446982343054507e-09,-1.4569342133413242e-07,2.041381154168014e-05,2.0268118120346007e-05
DEHHALKAJ00010DT,1031.4501953125,"(1958, 1968)",4.146665928651468e-12,1.5203416883641002e-13,1.5752307485967466e-10,2.0278296744078438e-05,2.853779010321045e-10,1.6834059179569008e-09,,,,,,1.7058339521484982e-09,,1.9472748237304687e-10,7.578480281906238e-10,4.1986276882628445e-09,7.47800135079159e-11,-4.3267204581265956e-08,2.028719734506191e-05,2.0243930140480645e-05
DEHHALKAJ0001078,478.849609375,"(1958, 1968)",1.92508505904329e-12,7.058169428811924e-14,7.312991282264579e-11,9.183188300198076e-06,1.3248637409204102e-10,7.815193306439776e-10,,,,,,7.919315416414931e-10,,9.040201775390625e-11,3.518296903395026e-10,1.9491984904978423e-09,3.468879753135158e-11,-2.0094673510057764e-08,9.187320356440574e-06,9.167225682930516e-06
DEHHALKAJ000107v,685.254638671875,"(1969, 1978)",,,,0.0004933708176045981,2.046673562053115e-05,2.6986767035621008e-08,,,,,,1.1332885079166475e-09,,3.010384729557495e-10,2.0467444347847663e-05,7.808156957430298e-07,5.578091108202093e-10,3.062678292238338e-06,0.0005351147921718473,0.0005381774704640856
DEHHALKAJ000109H,1071.4990234375,"(1949, 1957)",3.790084190384992e-06,4.629245078281782e-09,1.1666505892225026e-06,2.2242147856729723e-05,3.073536550970316e-10,1.5270137072586898e-09,,,,,,1.7720675355910887e-09,,1.86694566387432e-10,2.7768016969021973e-09,8.039196283164935e-08,2.538206137620543e-11,-1.5613571549379962e-06,2.2329135132783987e-05,2.076777797784599e-05
DEHHALKAJ000108E,598.4482421875,"(1969, 1978)",,,,0.00032871241951817654,2.01082983972451e-05,2.5549249338562003e-08,,,,,,9.897262518516412e-10,,2.8930612830054247e-10,2.0108987563393883e-05,7.670020743617439e-07,3.7237157928626735e-10,3.0107146537369563e-06,0.0003697239082064752,0.0003727346228602122
DEHHALKAJ000108obt_0,823.3544921875,"(1979, 1983)",,,,1.5925115865672997e-05,4.580606399848113e-09,1.718680963760782e-08,,,,,,1.3616946272505685e-09,,8.757121520768326e-10,7.467535133430491e-09,1.1373795371399235e-08,2.5933123943390786e-09,-1.1294799628180144e-07,1.5970555331388948e-05,1.5857607335107147e-05
DEHHALKAJ000108obt_1,1615.3154296875,"(1979, 1983)",,,,4.464097998969537e-05,9.214500457527834e-09,3.4329939030876324e-08,,,,,,2.671452570325958e-09,,1.7577392425468952e-09,1.5016108017672143e-08,2.2780102102670686e-08,5.184082204824771e-09,-2.2612990283068136e-07,4.473193391332182e-05,4.450580401049114e-05
DEHHALKAJ000108obt_2,460.986328125,"(1979, 1983)",,,,9.988762851122178e-06,2.649344090050323e-09,9.85001088957482e-09,,,,,,7.624161164064904e-10,,5.05057603852469e-10,4.316922129780855e-09,6.541105594345133e-09,1.4877147458491612e-09,-6.492257124162033e-08,1.0014875422292038e-05,9.949952851050418e-06
DEHHALKAJ00010Dn,1353.4423828125,"(1958, 1968)",5.441148240319147e-12,1.9949532093163881e-13,2.066977220566979e-10,2.5758648261127653e-05,3.7446553224792483e-10,2.208921891909636e-09,,,,,,2.2383513421607037e-09,,2.555163874511719e-10,9.944271332051293e-10,5.509295215437507e-09,9.802232493421478e-11,-5.6803262727650595e-08,2.5770327260954998e-05,2.571352399822735e-05
DEHHALKAJ000107Tbt_0,558.22998046875,"(1979, 1983)",,,,1.6902013978300063e-05,2.3923943251189713e-09,9.960034839925191e-09,,,,,,9.232484369194356e-10,,4.730082688124223e-10,3.923810787014396e-09,6.346515180827405e-09,1.48735889849215e-09,-6.340051103838903e-08,1.692752034903717e-05,1.686411983799878e-05
DEHHALKAJ000107Tbt_1,1430.43212890625,"(1979, 1983)",,,,2.6231217556026874e-05,6.3584263479371505e-09,2.6133950945086843e-08,,,,,,2.365678883546133e-09,,1.2517809194875053e-09,1.0420459005190587e-08,1.6727360907766563e-08,3.9072277153231714e-09,-1.6697796231353554e-07,2.629838244075121e-05,2.6131404478437673e-05
DEHHALKAJ00010BU,1223.6181640625,"(1949, 1957)",4.4176045257836165e-06,5.395701329030315e-09,1.3598084421313877e-06,2.5517137870936367e-05,3.5222666374917446e-10,1.7476796104450691e-09,,,,,,2.0236453435123996e-09,,2.1344731267188678e-10,3.220372030719552e-09,9.361273425317013e-08,2.958010969411391e-11,-1.8189476841399144e-06,2.5618337556260332e-05,2.3799389872120418e-05
DEHHALKAJ00010Dl,750.333984375,"(1949, 1957)",3.4536093604174885e-06,4.218243896056137e-09,1.0630487228513473e-06,1.6623974984273417e-05,2.262994250242809e-10,1.1039795755427308e-09,,,,,,1.2409180998897975e-09,,1.329525270563791e-10,2.385639859209974e-09,7.24536736812055e-08,2.3121019406887258e-11,-1.41449375832843e-06,1.6701541568460753e-05,1.5287047810132323e-05
DEHHALKAJ000108Y,2588.2119140625,"(1949, 1957)",9.757107295915308e-06,1.1917403376851309e-08,3.0033768726935763e-06,5.451571031795261e-05,7.507514770445848e-10,3.7146159350290112e-09,,,,,,4.280439035265094e-09,,4.526311985303752e-10,7.0396042841640376e-09,2.0635581580432577e-07,6.53457295762466e-11,-4.0133069932806335e-06,5.473836952141655e-05,5.0725062528135914e-05
DEHHALKAJ00010Cs,598.256103515625,"(1949, 1957)",2.3939038605861617e-06,2.923919361212998e-09,7.36864368377082e-07,1.1711399040943013e-05,1.5964043446743424e-10,7.800908494926738e-10,,,,,,9.894085500587687e-10,,9.407819521951458e-11,1.6611065429741529e-09,5.0263425431081826e-08,1.6100267313907365e-11,-9.808730210979298e-07,1.1765362891213622e-05,1.0784489870115693e-05
DEHHALKAJ000109s,1131.0458984375,"(1949, 1957)",3.910538053007434e-06,4.776371691661346e-09,1.2037315901435819e-06,2.335995999305287e-05,3.231858311623735e-10,1.6079655868954683e-09,,,,,,1.8705473970893333e-09,,1.9681981629349575e-10,2.8813652670474427e-09,8.30372935448887e-08,2.6185790681572683e-11,-1.6119108019082358e-06,2.3449903356286932e-05,2.1837992554378695e-05
DEHHALKAJ00010By,599.380859375,"(1949, 1957)",2.1584443258140056e-06,2.6363432194283995e-09,6.644034501031714e-07,1.2492194766352524e-05,1.7245979205075598e-10,8.558507616263814e-10,,,,,,9.912686479581973e-10,,1.0454046663824086e-10,1.5744486036127577e-09,4.5744629423873234e-08,1.4452891112161601e-11,-8.887944641490387e-07,1.2541652416939396e-05,1.1652857952790358e-05
DEHHALKAJ00010Hy,580.6455078125,"(1949, 1957)",2.392503696041293e-06,2.9222152028815436e-09,7.364397703659984e-07,1.2497154901927869e-05,1.712439223438776e-10,8.421714796474027e-10,,,,,,9.602837393005098e-10,,1.021087415622514e-10,1.6915999449874383e-09,5.040831185438305e-08,1.6018435679593097e-11,-9.821180651252756e-07,1.2551346640045771e-05,1.1569228574920495e-05
DEHHALKAJ00010pb,902.23828125,"(1969, 1978)",,,,0.0004748024647080218,3.0315836330702158e-05,3.769629696879283e-08,,,,,,1.4921405590768023e-09,,4.1606903110764526e-10,3.0316826437308215e-05,1.1559227136025665e-06,5.575488904541557e-10,4.543595655281891e-06,0.0005366312122450841,0.000541174807900366
DEHHALKAJ00010Nn,809.625,"(1949, 1957)",3.0768123521852273e-06,3.758040678073396e-09,9.470859026361536e-07,1.708554326283005e-05,2.3518597118249225e-10,1.163047697355007e-09,,,,,,1.3389748049692903e-09,,1.4165708009609673e-10,2.215686032443061e-09,6.504917575580839e-08,2.0601346057562055e-11,-1.2653214318986373e-06,1.7155707591517962e-05,1.5890386159619325e-05
DEHHALKAJ00010fSbt_0,1030.7373046875,"(1979, 1983)",,,,1.952119887394885e-05,5.181455435266144e-09,2.003216876483463e-08,,,,,,1.7046560665223917e-09,,9.999745362150876e-10,8.461250343489172e-09,1.3109520960647695e-08,3.013279526372557e-09,-1.304096299622363e-07,1.9573701179582198e-05,1.944329154961996e-05
DEHHALKAJ00010fSbt_1,207.1416015625,"(1979, 1983)",,,,4.864619338038606e-06,1.0412885731453678e-09,4.025754672744847e-09,,,,,,3.4259534652627746e-10,,2.0095937734213583e-10,1.7004117510414085e-09,2.6345989619560037e-09,6.055754398732682e-10,-2.620848104620831e-08,4.875170522161236e-06,4.848962041115027e-06
DEHHALKAJ00010hJbt_1,846.0361328125,"(1979, 1983)",,,,1.6249559640895434e-05,4.468777216441092e-09,1.7021604374114357e-08,,,,,,1.3992024220160417e-09,,8.583764993088542e-10,7.2913303598909e-09,1.1201076533010421e-08,2.5643525956046358e-09,-1.1132965774600642e-07,1.6294364360895822e-05,1.6183034703149816e-05
DEHHALKAJ00010Mlbt_0,379.3408203125,"(1979, 1983)",,,,7.87350232690349e-06,2.0025529476262447e-09,7.629012470806228e-09,,,,,,6.273860389143862e-10,,3.846767921609867e-10,3.267429406325446e-09,5.019994778674066e-09,1.1493205794851583e-09,-4.9895344118667676e-08,7.893582699917483e-06,7.843687355798816e-06
DEHHALKAJ00010Mlbt_1,2192.3134765625,"(1979, 1983)",,,,4.147250852705863e-05,1.2030472727803202e-08,4.531687113411804e-08,,,,,,3.6256943905177762e-09,,2.3027866341925957e-09,1.9616942422620486e-08,2.994526784056924e-08,6.835022480727031e-09,-2.97440211888999e-07,4.159218158468917e-05,4.1294741372800174e-05
DEHHALKAJ00010iu,602.981689453125,"(1969, 1978)",,,,0.00039725939675858547,1.800942493559552e-05,2.421718246110884e-08,,,,,,9.972237571333917e-10,,2.434437069249268e-10,1.8010001454028062e-05,6.866075505635533e-07,3.7756319396047525e-10,2.6994348485421122e-06,0.00043399126611189174,0.00043669070096043384
DEHHALKAJ00010HQ,661.7978515625,"(1969, 1978)",,,,0.0003551632258401318,2.2236877159095933e-05,2.7915743277779354e-08,,,,,,1.0944951562416925e-09,,3.1006347416020585e-10,2.2237615243712222e-05,8.479819351961421e-07,4.101811510601439e-10,3.3316343331116245e-06,0.0004005154306611953,0.0004038470649943069
DEHHALKAJ00010LW,648.451171875,"(1949, 1957)",2.5771860568176205e-06,3.147789909152006e-09,7.932900797945596e-07,1.3832325321689591e-05,1.8992990239587695e-10,9.364112257761496e-10,,,,,,1.0724221617807573e-09,,1.1377005731126391e-10,1.8368859052252224e-09,5.4380911114275846e-08,1.7255401970610013e-11,-1.0587687724178705e-06,1.3890872907458326e-05,1.2832104135040455e-05
DEHHALKAJ00010ZK,694.1630859375,"(1969, 1978)",,,,0.00039812126576637503,2.3324367173614886e-05,2.935639363234157e-08,,,,,,1.1480214620909457e-09,,3.2186027782001706e-10,2.3325133084081625e-05,8.893800866581411e-07,4.3065274762077617e-10,3.495271538660439e-06,0.0004456914030388495,0.0004491866745775099
DEHHALKAJ00010kz,1332.9111328125,"(1949, 1957)",5.274992255716356e-06,6.442906646491311e-09,1.6237092817348694e-06,2.840326855801583e-05,3.900952797277375e-10,1.9238466430012045e-09,,,,,,2.204396350600482e-09,,2.3379545829185363e-10,3.763365065578128e-09,1.1132707556049759e-07,3.531852487595739e-11,-2.1672977139003757e-06,2.8523146450898403e-05,2.635584873699803e-05
DEHHALKAJ00010Qw,715.884765625,"(1958, 1968)",2.878020654752455e-12,1.0552031093606996e-13,1.093299221222038e-10,1.363002964858243e-05,1.9806840187084962e-10,1.1683789062284249e-09,,,,,,1.1839452385042874e-09,,1.3515188490234374e-10,5.259885882611415e-10,2.9140662874319304e-09,5.1848204999265255e-11,-3.0045122558748574e-08,1.363620709609463e-05,1.3606161973535882e-05
DEHHALKAJ00010MKbt_0,334.86328125,"(1979, 1983)",,,,7.403505993857399e-06,2.2885845067370368e-09,7.910821509222208e-09,,,,,,5.538409165174334e-10,,4.267798878445819e-10,3.7147409612665815e-09,5.4037377730159175e-09,1.2043970189218723e-09,-5.3405022971047724e-08,7.425008896430925e-06,7.371603873459877e-06
DEHHALKAJ00010OW,1385.126953125,"(1969, 1978)",,,,0.0007156032124611317,4.654123755373065e-05,5.74136964335561e-08,,,,,,2.2907519461400014e-09,,6.421358049440305e-10,4.654276602892023e-05,1.774659053957199e-06,8.540489592026486e-10,6.974792223588572e-06,0.0008105230757308835,0.0008174978679544721
DEHHALKAJ00010f9bt_1,396.541015625,"(1979, 1983)",,,,1.090568179004407e-05,1.4131172145501104e-09,6.1496545056065e-09,,,,,,6.558338246800327e-10,,2.836291730557946e-10,2.3240769658450317e-09,3.858686428543352e-09,9.145371229183113e-10,-3.864258014760623e-08,1.0921281325279267e-05,1.0882638745131662e-05
DEHHALKAJ00010NS,425.843994140625,"(1958, 1968)",1.630467000501531e-12,5.977976029456992e-14,6.193799543908695e-11,7.812684786913283e-06,1.1207440309191894e-10,6.859809064129122e-10,,,,,,7.042697584457228e-10,,7.607277111328125e-11,2.9606796946268456e-10,1.6403195583115193e-09,4.1125029768705565e-11,-1.691932399678922e-08,7.816240697309892e-06,7.799321373313103e-06
DEHHALKAJ00010LF,579.9189453125,"(1984, 1994)",,,,1.2717365553918411e-05,3.2864233120370476e-09,1.1206999599087013e-08,,,,,,9.59082109970569e-10,,6.273742723540992e-10,5.356905695470648e-09,8.135091814664528e-09,1.8474360657437315e-09,-8.044337662399639e-08,1.274878486678774e-05,1.2668341490163742e-05
DEHHALKAJ00010KN,390.866455078125,"(1949, 1957)",1.5640404005685382e-06,1.9103223334214948e-09,4.814251987542145e-07,7.651558672574324e-06,1.0429996508307759e-10,5.096669188802033e-10,,,,,,6.464231771312975e-10,,6.146533307309429e-11,1.0852722710720628e-09,3.283925625812535e-08,1.0512555079840175e-11,-6.408486442583504e-07,7.686815569052767e-06,7.045966924794416e-06
DEHHALKAJ00010n9,364.85595703125,"(1969, 1978)",,,,0.00019730542462496,1.089729881416031e-05,1.4809544558870969e-08,,,,,,6.034064459276962e-10,,1.7677066329223648e-10,1.0897719743956047e-05,4.1609064916846536e-07,2.2933301273204851e-10,1.6270182718003838e-06,0.00021953235288692567,0.00022115937115872606
DEHHALKAJ00010Zr,287.15478515625,"(1949, 1957)",1.14904126298376e-06,1.4034414877664333e-09,3.5368486530633534e-07,5.621315642307423e-06,7.662523523347424e-11,3.744329877657066e-10,,,,,,4.749026463985917e-10,,4.515625294484253e-11,7.973086992322797e-10,2.412576367271721e-08,7.738014209766578e-12,-4.708024135914004e-07,5.647217569815924e-06,5.176415156224524e-06
DEHHALKAJ00010Ir,1416.34765625,"(1949, 1957)",4.8091788761961945e-06,5.873984003812189e-09,1.4803521531097285e-06,2.913730068894171e-05,4.0349282587983365e-10,2.009762845162587e-09,,,,,,2.34238540096313e-09,,2.4622345944199617e-10,3.5597480579337966e-09,1.022092415381358e-07,3.2203798759077945e-11,-1.9832542475580468e-06,2.9248103746867985e-05,2.7264849499309938e-05
DEHHALKAJ00010IZbt_1,169.8310546875,"(1979, 1983)",,,,3.2888897132201433e-06,1.3324951688719815e-09,4.248692370693327e-09,,,,,,2.8089619182533296e-10,,2.4280737928308517e-10,2.1542803282548356e-09,2.998842589130059e-09,6.529969510750707e-10,-2.949445423999153e-08,3.3008007241992767e-06,3.2713062699592852e-06
DEHHALKAJ00010k6,488.178955078125,"(1949, 1957)",1.9534334515785173e-06,2.3859278494638546e-09,6.012837566967361e-07,9.556540892479211e-06,1.302671214360532e-10,6.36556707960764e-10,,,,,,8.073606262788169e-10,,7.676811781444532e-11,1.3554684519744278e-09,4.1015121707435806e-08,1.31396424330827e-11,-8.003950472433108e-07,9.600575574854545e-06,8.800180527611234e-06
DEHHALKAJ00010Ji,624.638671875,"(1949, 1957)",2.7642732163602586e-06,3.3762905870196874e-09,8.508686418648078e-07,1.3693844427502642e-05,1.86855970170036e-10,9.142385224492994e-10,,,,,,1.0330405565561551e-09,,1.1037326651306834e-10,1.9248718610429575e-09,5.807733629899111e-08,1.8506584572693332e-11,-1.1330411603029246e-06,1.3756109650562937e-05,1.2623068490260012e-05
DEHHALKAJ00010JR,660.173828125,"(1958, 1968)",2.6540499313628586e-12,9.730860462547728e-14,1.0082174769148748e-10,1.260862741843162e-05,1.8265450163549804e-10,1.0774543785017e-09,,,,,,1.0918093292873174e-09,,1.2463421701171873e-10,4.850556503642248e-10,2.687292113628235e-09,4.781804080111314e-11,-2.7705630322282657e-08,1.261432413666285e-05,1.2586618506340566e-05
DEHHALKAJ00010fI,2724.6953125,"(1949, 1957)",4.672629981232892e-06,5.707413923737874e-09,1.4385455765210845e-06,5.6321960801369826e-05,8.054078308536376e-10,4.1627769027928635e-09,,,,,,4.50615813579455e-09,,5.24979560004415e-10,4.570706200684835e-09,1.0546750000681402e-07,3.151388078096341e-11,-1.9903136670273506e-06,5.644202984388755e-05,5.44517161768602e-05
DEHHALKAJ00010m0,777.3193359375,"(1984, 1994)",,,,1.587036457791367e-05,4.034752632034764e-09,1.4028035465884689e-08,,,,,,1.2855469939100923e-09,,7.764177999426493e-10,6.586099870318523e-09,1.0147890643570598e-08,2.320056253448053e-09,-1.0046536001476872e-07,1.590954337757278e-05,1.580907801755801e-05
DEHHALKAJ00010n5,589.107421875,"(1949, 1957)",1.626319217261214e-06,1.9864176412798483e-09,5.006247413526205e-07,1.1628739188419666e-05,1.6264842432375603e-10,8.197150292993986e-10,,,,,,9.742782112894926e-10,,1.0137589082171198e-10,1.2742793115824876e-09,3.495451666882784e-08,1.0892604344084592e-11,-6.746970599720299e-07,1.1667036894560154e-05,1.0992339834588124e-05
DEHHALKAJ00010L9,630.291015625,"(1969, 1978)",,,,0.0003677673616778532,2.117823068891879e-05,2.6858193048954038e-08,,,,,,1.0423884991946138e-09,,2.990530533746127e-10,2.1178942719461664e-05,8.076919510370586e-07,3.920156686965113e-10,3.172141077438886e-06,0.0004109608186875409,0.0004141329597649798
DEHHALKAJ00010XQbt_0,2723.8212890625,"(1979, 1983)",,,,6.719500594344776e-05,1.3900516685728163e-08,5.349511126405779e-08,,,,,,4.504713472405971e-09,,2.678764015345425e-09,2.2693474657442968e-08,3.506879653591515e-08,8.050846552130622e-09,-3.4876651661442556e-07,6.733539816663077e-05,6.698663165001635e-05
DEHHALKAJ00010XQbt_1,1487.9638671875,"(1979, 1983)",,,,3.060239748449152e-05,8.756151086394495e-09,3.2342816438880276e-08,,,,,,2.4608266511986263e-09,,1.6658629897472874e-09,1.4262457223580266e-08,2.1531071679163917e-08,4.888318980029176e-09,-2.1362120405155225e-07,3.0688304989540515e-05,3.047468378548896e-05
DEHHALKAJ00010XQbt_2,396.0400390625,"(1979, 1983)",,,,8.283716291581943e-06,2.3296129978521944e-09,8.605905451185255e-09,,,,,,6.550077492179662e-10,,4.432254500403863e-10,3.7946133165375674e-09,5.72883901646136e-09,1.3006899687546867e-09,-5.683926340251745e-08,8.306574185531991e-06,8.249734922129473e-06
DEHHALKAJ00010XQbt_3,433.8203125,"(1979, 1983)",,,,8.900839897585601e-06,2.4963238855426455e-09,9.277882564613183e-09,,,,,,7.174893574347742e-10,,4.758355199124718e-10,4.0675087652569594e-09,6.161953163133152e-09,1.4013466259373297e-09,-6.115798722503936e-08,8.92543823746743e-06,8.86428025024239e-06
DEHHALKAJ00010F7,855.0908203125,"(1949, 1957)",2.9334769565728414e-06,3.5829799570158076e-09,9.029760624955624e-07,1.7630435193063724e-05,2.440163499155568e-10,1.2146551827411496e-09,,,,,,1.4141671272272113e-09,,1.487356277246931e-10,2.1656957683067163e-09,6.23136859638714e-08,1.964331845274294e-11,-1.2094118504834083e-06,1.7697955792401964e-05,1.6488543941918555e-05
DEHHALKAJ00010FPbt_1,393.203125,"(1979, 1983)",,,,7.992079871222121e-06,2.134150972651005e-09,8.064554559664508e-09,,,,,,6.503125690603143e-10,,4.089099509520384e-10,3.4805696658229477e-09,5.322723019215634e-09,1.215959793315193e-09,-5.2879370229679276e-08,8.013357051752804e-06,7.960477681523124e-06
DEHHALKAJ00010FT,738.9658203125,"(1958, 1968)",2.97081177884643e-12,1.0892242281818426e-13,1.1285486081716208e-10,1.4616839228289903e-05,2.0445438441296387e-10,1.2060489597416267e-09,,,,,,1.2221171817783583e-09,,1.3950935721679688e-10,5.429481301461374e-10,3.0080426920788646e-09,5.358559423870504e-11,-3.099504460147095e-08,1.4623215934589515e-05,1.4592220889988043e-05
DEHHALKAJ00010Sj,884.236328125,"(1958, 1968)",3.554832478945754e-12,1.3033507173917768e-13,1.3504057291557158e-10,1.7013102755662955e-05,2.4464730190893557e-10,1.4431415829894947e-09,,,,,,1.46236857947096e-09,,1.6693497638671876e-10,6.496833982580066e-10,3.5993623182331284e-09,6.40624738567876e-11,-3.710460950072932e-08,1.702073295629406e-05,1.698362834679333e-05
DEHHALKAJ00010H5bt_0,784.65625,"(1979, 1983)",,,,1.4935988091174919e-05,4.0270543665968515e-09,1.5471364837297402e-08,,,,,,1.2976918841272801e-09,,7.756317866664295e-10,6.573782631820812e-09,1.0148464904946425e-08,2.328738152489088e-09,-1.0091741941636245e-07,1.4976610819738865e-05,1.4875693400322502e-05
DEHHALKAJ00010H5bt_2,213.65234375,"(1979, 1983)",,,,4.376915766430624e-06,1.1463624799403624e-09,4.346412127775894e-09,,,,,,3.5336019701105034e-10,,2.198774819448501e-10,1.8699419639137524e-09,2.865104713165936e-09,6.551166214196143e-10,-2.8469325975051293e-08,4.388371942015796e-06,4.3599026160407445e-06
DEHHALKAJ00010Hwbt_0,881.7412109375,"(1979, 1983)",,,,1.7960120327542287e-05,5.847691322241946e-09,2.0933942763196854e-08,,,,,,1.458267087932559e-09,,1.1019430858748808e-09,9.509033376947198e-09,1.4104527942781503e-08,3.1746846163767627e-09,-1.3968236410776074e-07,1.801625041773764e-05,1.787656805362988e-05
DEHHALKAJ00010Hwbt_1,396.0859375,"(1979, 1983)",,,,1.4816758703537086e-05,2.6196264390459496e-09,9.384370364353477e-09,,,,,,6.551164930077602e-10,,4.937469848304013e-10,4.259981630204162e-09,6.321520126228404e-09,1.423150804376989e-09,-6.260883362481173e-08,1.4841916216379133e-05,1.4779307382754321e-05
DEHHALKAJ00010Llbt_0,1279.119140625,"(1979, 1983)",,,,2.461828195872674e-05,6.71931327262637e-09,2.563558132916318e-08,,,,,,2.115434654117969e-09,,1.291328757480956e-09,1.0964342017936245e-08,1.6859284432340625e-08,3.861422842145324e-09,-1.675834119478251e-07,2.4685728666032547e-05,2.4518145254084722e-05
DEHHALKAJ00010cJ,1133.9541015625,"(1969, 1978)",,,,0.0005943734724678627,3.810166999480102e-05,4.735342568517794e-08,,,,,,1.8753570275329605e-09,,5.369969107290006e-10,3.81029488475563e-05,1.45309329921759e-06,7.00866094904924e-10,5.707486192201842e-06,0.000672081651255156,0.0006777891374473578
DEHHALKAJ00010kC,1404.9287109375,"(1969, 1978)",,,,0.0007333828704636211,4.720658302004287e-05,5.8479788095044234e-08,,,,,,2.3235005076594607e-09,,6.460270343735236e-10,4.7208120304829615e-05,1.7999157951413934e-06,8.672228196760062e-10,7.075565552738047e-06,0.0008296598061220918,0.0008367353716748298
DEHHALKAJ00010mrbt_1,210.458984375,"(1979, 1983)",,,,5.34471979532804e-06,1.3030861444692768e-09,4.747960369748708e-09,,,,,,3.480882989331548e-10,,2.4687522123864474e-10,2.120966182198097e-09,3.1773612600591166e-09,7.186753072929762e-10,-3.149947126086129e-08,5.35738280811198e-06,5.325883336851119e-06
DEHHALKAJ00010mrbt_2,786.5283203125,"(1979, 1983)",,,,1.528763517684518e-05,4.873654133758623e-09,1.7754174252861365e-08,,,,,,1.3007984169744925e-09,,9.232772265074106e-10,7.932505006223965e-09,1.1881865600868279e-08,2.6873545077970715e-09,-1.1779074693239857e-07,1.5334988805990174e-05,1.5217198059057777e-05
DEHHALKAJ00010mrbt_4,268.2744140625,"(1979, 1983)",,,,5.857103247664799e-06,1.4217521076600912e-09,5.41014822813749e-09,,,,,,4.4370077657594266e-10,,2.73010029426554e-10,2.319627171848899e-09,3.5614935178936146e-09,8.151469271123989e-10,-3.53965662989787e-08,5.871348126423453e-06,5.835951560124474e-06
DEHHALKAJ00010lN,589.67431640625,"(1949, 1957)",2.359564096777426e-06,2.881976699307077e-09,7.262942912801067e-07,1.1543401385528745e-05,1.5735044492182507e-10,7.689007027361639e-10,,,,,,9.752158058537529e-10,,9.272867444026354e-11,1.6372784432722047e-09,4.9542411547348346e-08,1.586506950539061e-11,-9.668040992268966e-07,1.159659113621682e-05,1.0629787036989924e-05
DEHHALKAJ00010O9bt_0,974.098388671875,"(1979, 1983)",,,,1.8980129405894032e-05,6.328783159600255e-09,2.2130455787636644e-08,,,,,,1.6110093981579852e-09,,1.1842435330717462e-09,1.0278729653197306e-08,1.5048057859639655e-08,3.3648869452129613e-09,-1.4882072496811439e-07,1.9040075572230545e-05,1.889125484726243e-05
DEHHALKAJ00010O9bt_1,463.212890625,"(1979, 1983)",,,,9.367425476923993e-06,2.9192397539392593e-09,1.0281429588292485e-08,,,,,,7.661069601027734e-10,,5.474163879202669e-10,4.742970779751345e-09,6.971452299156502e-09,1.5620251937808787e-09,-6.897486654731481e-08,9.395216117886937e-06,9.326241251339622e-06
DEHHALKAJ00010O9bt_2,464.256591796875,"(1979, 1983)",,,,9.422385527671811e-06,3.1640439307120165e-09,1.0943828065932234e-08,,,,,,7.6783653985637e-10,,5.901463067024819e-10,5.135916258640486e-09,7.473630387550456e-09,1.6660328015480408e-09,-7.386423048851522e-08,9.452126961962755e-06,9.37826273147424e-06
DEHHALKAJ00010UZ,1314.66015625,"(1949, 1957)",4.771292501406624e-06,5.827698112075451e-09,1.4686782878257158e-06,2.744850589832836e-05,3.7877986307810455e-10,1.878797745629677e-09,,,,,,2.17421249741507e-09,,2.293979449765032e-10,3.473774613543121e-09,1.010831361973552e-07,3.196369769119238e-11,-1.964320842319727e-06,2.755775596088805e-05,2.5593435118568323e-05
DEHHALKAJ00010gr,2024.767578125,"(1949, 1957)",7.796140379885406e-06,9.522258524864337e-09,2.39975765205063e-06,4.286175804669838e-05,5.895741100396199e-10,2.9130296151205825e-09,,,,,,3.348602999875828e-09,,3.54547279371274e-10,5.597107750310258e-09,1.647293834820647e-07,5.2199903374304365e-11,-3.2051437931089314e-06,4.303934249183854e-05,3.983419869872961e-05
DEHHALKAJ00010ZQ,2617.6005859375,"(1949, 1957)",9.769720993630514e-06,1.1932813021668201e-08,3.007262930309269e-06,5.500596720022279e-05,7.579168040459606e-10,3.752538266798405e-09,,,,,,4.329042635841819e-09,,4.574985489889515e-10,7.065369454656918e-09,2.0671489842023746e-07,6.541586690332446e-11,-4.019450701433471e-06,5.5229109880220255e-05,5.120965917878678e-05
DEHHALKAJ00010G5bt_0,313.968017578125,"(1979, 1983)",,,,6.092617880478138e-06,2.1479013662036803e-09,7.422888081701561e-09,,,,,,5.192770433573803e-10,,4.005189106289608e-10,3.4863494167371914e-09,5.070837963758366e-09,1.130127008911129e-09,-5.0114077879083797e-08,6.112795780269437e-06,6.062681702390353e-06
DEHHALKAJ00010le,1411.2080078125,"(1969, 1978)",,,,0.0007213448574002048,4.7417566016944574e-05,5.818178103688808e-08,,,,,,2.333885340200034e-09,,6.451440770383491e-10,4.741910115042215e-05,1.8078793718676363e-06,8.686419743080969e-10,7.108163471196239e-06,0.0008180514333918677,0.000825159596863064
DEHHALKAJ00010da,1340.302734375,"(1969, 1978)",,,,0.0007010056931114529,4.503510939035363e-05,5.5850178004972445e-08,,,,,,2.2166207150441674e-09,,6.191887149002283e-10,4.503658298645833e-05,1.7171825423766567e-06,8.27636679360062e-10,6.749458082228957e-06,0.0007928540816547557,0.0007996035397369847
DEHHALKAJ00010al,1089.498046875,"(1949, 1957)",3.926761904360459e-06,4.796182024331011e-09,1.2087195696682833e-06,2.2711521581689026e-05,3.135274756935971e-10,1.555829899594017e-09,,,,,,1.8018346954987706e-09,,1.9003308401646863e-10,2.8637299953288044e-09,8.321787984606613e-08,2.629348395448658e-11,-1.616910389609199e-06,2.2801490710169182e-05,2.1184580320559984e-05
DEHHALKAJ00010HUbt_0,828.4677734375,"(1979, 1983)",,,,1.6145551489547638e-05,4.744991724015934e-09,1.765830786483299e-08,,,,,,1.3701530404383304e-09,,9.048295799911899e-10,7.732037763350497e-09,1.1722028228102356e-08,2.666760234258091e-09,-1.1635083829754318e-07,1.6192350597982632e-05,1.607599975968509e-05
DEHHALKAJ00010HUbt_1,357.841796875,"(1979, 1983)",,,,7.0608128846290075e-06,2.1254180337245995e-09,7.830862201236369e-09,,,,,,5.918315014337392e-10,,4.0404655577530824e-10,3.461510670527936e-09,5.218121978253862e-09,1.1838779395623499e-09,-5.176403153537097e-08,7.0816285535095215e-06,7.02986452197415e-06
DEHHALKAJ00010HUbt_2,579.6181640625,"(1979, 1983)",,,,1.1186956137712632e-05,3.1592528960041555e-09,1.1923635022463086e-08,,,,,,9.586060779393043e-10,,6.05090797275928e-10,5.1520496110586195e-09,7.87335184779319e-09,1.7980464309001626e-09,-7.821328162501247e-08,1.1218426170396067e-05,1.1140212888771055e-05
DEHHALKAJ00010HUbt_3,338.2734375,"(1979, 1983)",,,,6.186517062604136e-06,1.8659872179278196e-09,7.0183785186437124e-09,,,,,,5.594624926096612e-10,,3.5700699743999565e-10,3.0424349539653344e-09,4.640319872956708e-09,1.0587259464843485e-09,-4.608729771703251e-08,6.205059378604164e-06,6.158972080887132e-06
DEHHALKAJ00010HUbt_4,846.8369140625,"(1979, 1983)",,,,1.5997665631183347e-05,4.628381061853129e-09,1.745463024972297e-08,,,,,,1.400526469699043e-09,,8.862534451465725e-10,7.547544900646519e-09,1.1528944359699351e-08,2.632315182561291e-09,-1.1452233259447435e-07,1.604374422685268e-05,1.5929221894258206e-05
DEHHALKAJ00010Ok,1045.513671875,"(1958, 1968)",4.203204324169866e-12,1.5410710360325277e-13,1.596708490143645e-10,1.992641676323686e-05,2.8926893274731447e-10,1.706358591561454e-09,,,,,,1.7290924151411428e-09,,1.9738252611328127e-10,7.681798985874713e-10,4.255848020279613e-09,7.572414933271972e-11,-4.387868827412251e-08,1.9935438617770618e-05,1.9891559929496496e-05
DEHHALKAJ00010Nr,1493.20703125,"(1969, 1978)",,,,0.0007799707757217346,5.01728128685787e-05,6.222180406153243e-08,,,,,,2.469497041459178e-09,,6.9825065965386e-10,5.017447520087232e-05,1.9132632072861506e-06,9.221927676141103e-10,7.517642532295448e-06,0.0008822976387430019,0.0008898152812752974
DEHHALKAJ00010FD,632.396484375,"(1949, 1957)",2.8222563603488647e-06,3.4471106990587023e-09,8.687156912884092e-07,1.3894935743593149e-05,1.8950413580822704e-10,9.266184968349976e-10,,,,,,1.04587058722345e-09,,1.1180964156693146e-10,1.961827798437626e-09,5.927661560349072e-08,1.889466777699914e-11,-1.1566126457640914e-06,1.3958466884524288e-05,1.2801854238760196e-05
DEHHALKAJ00010LB,764.4580078125,"(1969, 1978)",,,,0.00039924170154085893,2.5686327256786517e-05,3.1844321659597047e-08,,,,,,1.2642766648444057e-09,,3.5557244324613425e-10,2.5687173646642075e-05,9.794678555550356e-07,4.720469200976247e-10,3.84912183250182e-06,0.00045162860651753035,0.00045547772835003217
DEHHALKAJ00010Fv,605.6279296875,"(1949, 1957)",2.706905524493613e-06,3.306220798486405e-09,8.33209555083948e-07,1.3312172811502149e-05,1.8153959202746387e-10,8.875741568736328e-10,,,,,,1.0016001915000695e-09,,1.0708827867657218e-10,1.881054699018846e-09,5.685060470521879e-08,1.8122388937740064e-11,-1.109306118193227e-06,1.3373100395514402e-05,1.2263794277321175e-05
DEHHALKAJ00010NO,2445.3046875,"(1949, 1957)",9.256242778109017e-06,1.1305642504905693e-08,2.8492023217388825e-06,5.1555305029627164e-05,7.098233398878628e-10,3.5111565918286606e-09,,,,,,4.044096072934283e-09,,4.2774431989953625e-10,6.6718095967509626e-09,1.957272748202499e-07,6.197702199454255e-11,-3.8069285950897207e-06,5.17664589113907e-05,4.795953031630098e-05
DEHHALKAJ00010kp,598.71484375,"(1969, 1978)",,,,0.0003166670970736565,2.0117237460406824e-05,2.507302487467835e-08,,,,,,9.901671566122275e-10,,2.7648936363069504e-10,2.011789541868975e-05,7.670652928646725e-07,3.702385658810744e-10,3.014976300791861e-06,0.00035769600516557853,0.0003607109814663704
DEHHALKAJ00010c0bt_0,1328.0634765625,"(1979, 1983)",,,,3.275803769716922e-05,5.775120890116678e-09,2.339305756435761e-08,,,,,,2.1963830341700874e-09,,1.1314867066555388e-09,9.456280427354346e-09,1.5051669859455716e-08,3.5025509763828826e-09,-1.5013005838362798e-07,3.2818544246627715e-05,3.2668414188244086e-05
DEHHALKAJ00010c0bt_2,2534.205078125,"(1979, 1983)",,,,5.7697641825937544e-05,1.0161198244079975e-08,4.233394935780942e-08,,,,,,4.191121912547446e-09,,2.009493521523739e-09,1.666629741932465e-08,2.6967442441149113e-08,6.321203757656077e-09,-2.694066982898478e-07,5.780629253259164e-05,5.753688583430179e-05
DEHHALKAJ00010pZbt_1,1065.1142578125,"(1979, 1983)",,,,2.1380128343713995e-05,6.403193832429568e-09,2.3514861090342127e-08,,,,,,1.7615170535504648e-09,,1.2160372896084991e-09,1.042655970875311e-08,1.5688765873348372e-08,3.5562484057672342e-09,-1.5560382214801867e-07,2.1442695526967796e-05,2.1287091704819778e-05
DEHHALKAJ00010pZbt_2,352.798828125,"(1979, 1983)",,,,8.368234222331031e-06,2.115147233356644e-09,7.773316988621163e-09,,,,,,5.835000611909819e-10,,4.0178085240083904e-10,3.444311812171633e-09,5.18485283103609e-09,1.1755158729371741e-09,-5.1426823304645876e-08,8.388912647982746e-06,8.3374858246781e-06
DEHHALKAJ00010pZbt_3,1482.970703125,"(1979, 1983)",,,,3.0004149608933538e-05,8.915239647083335e-09,3.274000871667058e-08,,,,,,2.452568842473551e-09,,1.6931025579364577e-09,1.451701795845981e-08,2.1843659918440324e-08,4.951408453762103e-09,-2.1664916576752177e-07,3.0091262615028364e-05,2.9874613449260843e-05
DEHHALKAJ00010pZbt_5,372.3369140625,"(1979, 1983)",,,,7.4982371946013626e-06,2.2280635291845443e-09,8.192478792142737e-09,,,,,,6.158056832795077e-10,,4.2329630878459734e-10,3.6282843034614286e-09,5.463300330475105e-09,1.2388169571921383e-09,-5.418988380297799e-08,7.520027240505883e-06,7.465837356702905e-06
DEHHALKAJ00010pZbt_8,828.7158203125,"(1979, 1983)",,,,1.7265310079723245e-05,4.985488321964849e-09,1.830510639406775e-08,,,,,,1.370570440050193e-09,,9.467449238964206e-10,8.117975275840781e-09,1.2213800175956361e-08,2.768420224228813e-09,-1.2113738678592945e-07,1.731401818547925e-05,1.719288079869332e-05
DEHHALKAJ00010pZbt_9,4.0,"(1979, 1983)",,,,6.125144537352894e-07,1.7546858382909375e-11,7.086751540379365e-11,,,,,,6.617770553673969e-12,,3.434536528899528e-12,2.872697091023088e-11,4.5673585746022256e-11,1.0621008181392058e-11,-4.5563287821231615e-10,6.126979419809963e-07,6.12242309102784e-07
DEHHALKAJ00010b5,674.4716796875,"(1949, 1957)",2.024159427311387e-06,2.472340167784645e-09,6.230830169912429e-07,1.3526507549408215e-05,1.8846237826546152e-10,9.45526649507406e-10,,,,,,1.1154554360126403e-09,,1.165153451983174e-10,1.5484101156373991e-09,4.329708052504469e-08,1.3619784024627027e-11,-8.375805526886404e-07,1.3573732619641905e-05,1.2736152066953264e-05
DEHHALKAJ00010oz,697.059814453125,"(1969, 1978)",,,,0.00036503707780649467,2.081935887918833e-05,2.7855704987080498e-08,,,,,,1.1528121367363881e-09,,3.3412725623475684e-10,2.082015443187518e-05,7.948667277115648e-07,4.362079518660731e-10,3.1093298333012262e-06,0.0004075012366976016,0.00041061056653090287
DEHHALKAJ00010l3bt_0,1781.9599609375,"(1979, 1983)",,,,4.108006273667375e-05,6.984963752137031e-09,2.933830372476322e-08,,,,,,2.947043279578865e-09,,1.3851287022318703e-09,1.1462364177851062e-08,1.8635779855024383e-08,4.377347619971083e-09,-1.8625751941353827e-07,4.115519366778531e-05,4.096893614837177e-05
DEHHALKAJ00010Jq,1178.029296875,"(1969, 1978)",,,,0.0006174256709620588,3.958262795990222e-05,4.9191718058892875e-08,,,,,,1.9482495079051546e-09,,5.577551623781971e-10,3.958395624143078e-05,1.5095705311453109e-06,7.280961992507182e-10,5.929353256094833e-06,0.0006981542515134655,0.0007040836047695604
DEHHALKAJ00010bo,673.759765625,"(1949, 1957)",2.0220228994119316e-06,2.4697305789972482e-09,6.224253443635255e-07,1.3512229964234699e-05,1.8826345365323536e-10,9.445286332251439e-10,,,,,,1.114278057057689e-09,,1.1639236166136273e-10,1.5467757392498995e-09,4.325137968399327e-08,1.3604917464315251e-11,-8.366966344105419e-07,1.3559405187081004e-05,1.2722708552670463e-05
DEHHALKAJ00010jv,604.2275390625,"(1949, 1957)",2.3082071539296748e-06,2.8192603908946106e-09,7.104980570089328e-07,1.2766725833243558e-05,1.7568623736523362e-10,8.68507579325403e-10,,,,,,9.992841881486692e-10,,1.057526229330833e-10,1.6601803168098863e-09,4.8788361156559825e-08,1.5454948470327363e-11,-9.491220269586055e-07,1.2819339060293172e-05,1.1870217033334567e-05
DEHHALKAJ00010j8,617.4033203125,"(1969, 1978)",,,,0.0003278033137421639,2.07451855075778e-05,2.590637062059381e-08,,,,,,1.0210745504081074e-09,,2.8660113906187486e-10,2.0745867611680778e-05,7.910405791904015e-07,3.820365828749793e-10,3.108754060415168e-06,0.00037011300352350585,0.000373221757583921
DEHHALKAJ00010K6,476.650390625,"(1949, 1957)",1.4304772324351309e-06,1.7472073953919485e-09,4.403339271091171e-07,9.55921169429053e-06,1.331867132804888e-10,6.682054419881152e-10,,,,,,7.882944450956227e-10,,8.234161118272076e-11,1.0942644868108385e-09,3.0598131201104434e-08,9.635543628500296e-12,-5.919163501193566e-07,9.59258575373362e-06,9.000669403614263e-06
DEHHALKAJ00010Lc,1457.19140625,"(1969, 1978)",,,,0.000798055126233475,4.896265619121618e-05,6.113741983223071e-08,,,,,,2.40993364713517e-09,,6.769545384757716e-10,4.896426736755303e-05,1.8670201624558193e-06,9.018136191439053e-10,7.33715605132727e-06,0.000897914196076337,0.0009052513521276643
DEHHALKAJ00010IB,581.041015625,"(1949, 1957)",2.9092617391560964e-06,3.5533706245139692e-09,8.95487523773622e-07,1.3181233674037891e-05,1.7849286017747718e-10,8.650785729206607e-10,,,,,,9.6093784850243e-10,,1.0360648437146338e-10,1.9769696690216323e-09,6.085285643135959e-08,1.947571027688144e-11,-1.1896828931333845e-06,1.324619109161452e-05,1.2056508198481135e-05
DEHHALKAJ00010HS,1681.4013671875,"(1969, 1978)",,,,0.0008748190754558467,5.649627709914438e-05,6.994555304077159e-08,,,,,,2.7807367730468755e-09,,7.872519267662496e-10,5.649815142964776e-05,2.1544202282724606e-06,1.037929768771172e-09,8.464939344327742e-06,0.0009900424756844207,0.0009985074150287484
DEHHALKAJ00010Fcbt_4,199.026123046875,"(1979, 1983)",,,,6.7974720210311934e-06,8.812515150531192e-10,3.4165825460877676e-09,,,,,,3.29181155618638e-10,,1.70225485991186e-10,1.439304756549635e-09,2.2337666443155292e-09,5.138309030255013e-10,-2.2225405482790333e-08,6.806456164037835e-06,6.784230758555045e-06
DEHHALKAJ00010OG,782.2734375,"(1958, 1968)",3.1449183149240917e-12,1.153058988340981e-13,1.1946880015734886e-10,1.4940904017942669e-05,2.1643657894628904e-10,1.2767303163377746e-09,,,,,,1.2937402126472965e-09,,1.4768540226562502e-10,5.747669643484524e-10,3.1843072225655534e-09,5.665813492571649e-11,-3.2831069888793025e-08,1.4947654342774703e-05,1.491482327288591e-05
DEHHALKAJ00010Wy,601.388671875,"(1949, 1957)",2.9622345913904703e-06,3.6180728289157814e-09,9.117941411527115e-07,1.3578691558956057e-05,1.8406640052994143e-10,8.932526393204601e-10,,,,,,9.945892281788728e-10,,1.0709911630040843e-10,2.0192175141840498e-09,6.199551204579307e-08,1.9830530438913458e-11,-1.2117015935712822e-06,1.3644905126430803e-05,1.2433203532859521e-05
DEHHALKAJ00010IL,732.69921875,"(1979, 1983)",,,,1.531180572357412e-05,3.79253040835361e-09,1.4533129822981754e-08,,,,,,1.211753321830123e-09,,7.298694845536528e-10,6.190052432612051e-09,9.542160340130821e-09,2.1881109851834177e-09,-9.487468250214473e-08,1.5349993330369766e-05,1.5255118647867622e-05
DEHHALKAJ00010I3,2117.5283203125,"(1969, 1978)",,,,0.0011175174039296826,7.115050830454821e-05,8.881409329063836e-08,,,,,,3.5020126561707442e-09,,1.0304221944984812e-09,7.11529639523433e-05,2.7140785229516396e-06,1.3108940131359948e-09,1.0652028635960748e-05,0.0012626296121316803,0.001273281640767641
DEHHALKAJ00010MPbt_1,1095.7197265625,"(1979, 1983)",,,,2.0688390865699256e-05,5.784014394279778e-09,2.2035400024456846e-08,,,,,,1.8121249724850383e-09,,1.111075652670344e-09,9.437389779256008e-09,1.449939505467965e-08,3.319626824518412e-09,-1.4411370611268308e-07,2.07463898924016e-05,2.0602276186288917e-05
DEHHALKAJ00010MPbt_2,388.6474609375,"(1979, 1983)",,,,7.539705416706629e-06,1.3565806512894963e-09,5.9510148900269295e-09,,,,,,6.427658332872684e-10,,2.730350494442998e-10,2.23222907328952e-09,3.7236986402800226e-09,8.843055135254587e-10,-3.7306294556317275e-08,7.5547690463577704e-06,7.517462751801453e-06
DEHHALKAJ00010Yebt_0,788.1611328125,"(1979, 1983)",,,,1.6154078953548365e-05,4.994755812071582e-09,1.8088834682661185e-08,,,,,,1.3035043424309163e-09,,9.445261526206873e-10,8.127058642151125e-09,1.2133210697191824e-08,2.7397599113040137e-09,-1.2024138220902368e-07,1.6202410603788798e-05,1.6082169221579775e-05
DEHHALKAJ00010NW,530.296875,"(1949, 1957)",2.1268447530872056e-06,2.5977398527433777e-09,6.546687689965794e-07,1.1337183876475529e-05,1.5558927090632461e-10,7.666222141141515e-10,,,,,,8.770161173933054e-10,,9.30933780672985e-11,1.5128069058214e-09,4.486114703649116e-08,1.4251960112785965e-11,-8.735773124024601e-07,1.1385464403358434e-05,1.0511887090955975e-05
DEHHALKAJ000110T,498.8759765625,"(1949, 1957)",1.497178519765318e-06,1.828677397055013e-09,4.6086612372670074e-07,1.0004945399611863e-05,1.3939703598234835e-10,6.993629900923738e-10,,,,,,8.250515865850374e-10,,8.618109309980067e-11,1.145288618913795e-09,3.202488228597795e-08,1.0085218333363378e-11,-6.195165133157986e-07,1.0039875648440848e-05,9.42035913512505e-06
DEHHALKAJ00010y9,1255.5927734375,"(1979, 1983)",,,,2.637635217582795e-05,7.250505269040351e-09,2.6921038522044046e-08,,,,,,2.076525611333319e-09,,1.3816330246616387e-09,1.1813338147804733e-08,1.788639666955662e-08,4.066627502684332e-09,-1.7751431192629654e-07,2.6447748240575072e-05,2.6270233928648775e-05
DEHHALKAJ000115n,1289.1806640625,"(1949, 1957)",3.86896481091499e-06,4.7256144850585216e-09,1.190956717386578e-06,2.5854467257679512e-05,3.6022573116136805e-10,1.80727332312236e-09,,,,,,2.1320739996852144e-09,,2.227066526586173e-10,2.959620318268405e-09,8.275774110855075e-08,2.6007253266749094e-11,-1.6009541630889582e-06,2.5944732906066224e-05,2.4343778742977266e-05
DEHHALKAJ00010zU,658.533203125,"(1969, 1978)",,,,0.0003542081738818933,2.2127177967724972e-05,2.7792447529082566e-08,,,,,,1.08909601102808e-09,,3.0527759932932327e-10,2.2127904432795594e-05,8.437287950854101e-07,4.0816642907297354e-10,3.3158934924100245e-06,0.0003993365800650678,0.0004026524735574778
DEHHALKAJ00010xp,676.0947265625,"(1949, 1957)",2.0290303592303105e-06,2.478289600657971e-09,6.245824023235695e-07,1.355905780263856e-05,1.8891589363654506e-10,9.47801962348448e-10,,,,,,1.1181396642557565e-09,,1.1679572741837042e-10,1.55213621059209e-09,4.340127061251125e-08,1.3652847189567693e-11,-8.395960105757527e-07,1.3606396515556513e-05,1.2766800504980761e-05
DEHHALKAJ000116v,672.5458984375,"(1949, 1957)",3.0167033623192594e-06,3.6846083165807217e-09,9.285677693617688e-07,1.4797117336778088e-05,2.0174672293658904e-10,9.861093587688387e-10,,,,,,1.1122705325369098e-09,,1.1895051281859414e-10,2.0948039669754095e-09,6.334851087545862e-08,2.019639720500579e-11,-1.236175728854475e-06,1.4864999925144787e-05,1.3628824196290312e-05
DEHHALKAJ00010vT,720.9482421875,"(1958, 1968)",2.8983769897821678e-12,1.0626665957616992e-13,1.1010321626789276e-10,1.3792425340296414e-05,1.9946934621105956e-10,1.176642888774054e-09,,,,,,1.192319324657821e-09,,1.3610781864257812e-10,5.297089729274974e-10,2.934678867850131e-09,5.2218818452466294e-11,-3.0256680792541724e-08,1.3798646486333929e-05,1.3768389805541387e-05
DEHHALKAJ00010t9,436.673828125,"(1979, 1983)",,,,7.885699200878882e-06,1.8953708385149133e-09,7.682314535637555e-09,,,,,,7.221803280523183e-10,,3.7142571857625403e-10,3.1036250405944147e-09,4.94172633335102e-09,1.1501317603991901e-09,-4.929124844912318e-08,7.905565975434006e-06,7.856274726984884e-06
DEHHALKAJ0001119,1958.2861328125,"(1979, 1983)",,,,5.019169754818586e-05,9.963954562718324e-09,3.8380258407953844e-08,,,,,,3.238654593976339e-09,,1.9207022458799574e-09,1.626762228647374e-08,2.5151901661678687e-08,5.7755991073620285e-09,-2.501544815680304e-07,5.0292396241051905e-05,5.004224175948387e-05
DEHHALKAJ000113R,597.1162109375,"(1949, 1957)",2.9651324282956603e-06,3.621611652761583e-09,9.12685482153301e-07,1.3513623580781237e-05,1.830902329276779e-10,8.879447120821305e-10,,,,,,9.875233408016434e-10,,1.064046298296935e-10,2.0180824049353637e-09,6.203892908668355e-08,1.9849830516533092e-11,-1.2127095287095943e-06,1.3579865405019013e-05,1.2367155876309419e-05
DEHHALKAJ0001115,673.69140625,"(1949, 1957)",2.0218177458413398e-06,2.469480001198733e-09,6.223621933567489e-07,1.3510859299965511e-05,1.8824435252448932e-10,9.444328017577111e-10,,,,,,1.1141650036393186e-09,,1.1638055254258793e-10,1.5466188177393866e-09,4.324699171447195e-08,1.360433872292411e-11,-8.366114830890682e-07,1.3558029737546909e-05,1.2721418254457841e-05
DEHHALKAJ00010zH,749.181640625,"(1949, 1957)",3.2547647563388693e-06,3.975379919923316e-09,1.001848215022253e-06,1.6344624989906292e-05,2.232721814278831e-10,1.0938931367024368e-09,,,,,,1.2390123237974185e-09,,1.3221175137060347e-10,2.2751917346811023e-09,6.843114617023616e-08,2.17906657318566e-11,-1.3345878684018571e-06,1.641804150787024e-05,1.5083453639468381e-05
DEHHALKAJ0001158,2768.60595703125,"(1949, 1957)",4.747933151165577e-06,5.799393464660566e-09,1.4617288892250145e-06,5.722963144220002e-05,8.183876223191463e-10,4.229863382518817e-09,,,,,,4.578778478707727e-09,,5.334400255617088e-10,4.644366650297929e-09,1.0716719016438716e-07,3.201372552891219e-11,-2.0223917717427914e-06,5.7351635482249336e-05,5.532924371050655e-05
DEHHALKAJ0001104,2688.719482421875,"(1949, 1957)",4.6109343701854495e-06,5.632055423077659e-09,1.4195515734180088e-06,5.557830522991114e-05,7.947735352927898e-10,4.1078131959075565e-09,,,,,,4.446660555007181e-09,,5.180479315912995e-10,4.510356252616886e-09,1.0407494550084559e-07,3.109195911184947e-11,-1.964036222423274e-06,5.569678891884151e-05,5.373275269641824e-05
DEHHALKAJ000115cbt_0,424.447265625,"(1979, 1983)",,,,8.670347702231697e-06,2.3595744616738715e-09,8.855210979589466e-09,,,,,,7.019861855627509e-10,,4.511293500733194e-10,3.846742948767179e-09,5.859706919694861e-09,1.3361365110290363e-09,-5.819094187635979e-08,8.693758189588086e-06,8.635567247711726e-06
DEHHALKAJ000110O,607.013671875,"(1949, 1957)",2.675496159141508e-06,3.267858353004522e-09,8.235425659202847e-07,1.3293317885104881e-05,1.8143433492574362e-10,8.879747378945201e-10,,,,,,1.0038919613476817e-09,,1.0722905392018248e-10,1.8646116040729306e-09,5.622076634773285e-08,1.7912279172054168e-11,-1.0967414608531992e-06,1.3353601705423946e-05,1.2256860244570747e-05
DEHHALKAJ00010wG,871.703125,"(1949, 1957)",3.282042638517183e-06,4.008711408131437e-09,1.0102597053982327e-06,1.8355338360588005e-05,2.527940414710535e-10,1.2508942213330987e-09,,,,,,1.4416409037686449e-09,,1.5243358568746247e-10,2.3686440519475598e-09,6.941672395779322e-08,2.1975667081124004e-11,-1.3500159331506284e-06,1.8430243467017087e-05,1.708022753386646e-05
DEHHALKAJ000111u,758.015625,"(1949, 1957)",3.178578758208508e-06,3.8823293226605065e-09,9.784008485834424e-07,1.6387106828701363e-05,2.2431867511229168e-10,1.101824830460965e-09,,,,,,1.2536221521362538e-09,,1.3345309798316249e-10,2.2388096923885648e-09,6.692282153117351e-08,2.1281139073511533e-11,-1.3043110215070867e-06,1.645900295981969e-05,1.5154691938312602e-05
DEHHALKAJ00010tmbt_2,363.2197265625,"(1979, 1983)",,,,1.0975492985616765e-05,1.4827046524342386e-09,6.138249046820258e-09,,,,,,6.007319809452173e-10,,2.926011546089251e-10,2.4309828964727847e-09,3.919074768961946e-09,9.171436533805741e-10,-3.913868772216311e-08,1.099127447377039e-05,1.0952135786048226e-05
DEHHALKAJ0001127bt_0,396.10888671875,"(1979, 1983)",,,,7.708501839874853e-06,3.2548792254123946e-09,1.030398734153462e-08,,,,,,6.551459083630857e-10,,5.919237559862149e-10,5.260467197843399e-09,7.294607733859709e-09,1.5850410316368146e-09,-7.171327258758269e-08,7.73744789206949e-06,7.665734619481906e-06
DEHHALKAJ0001127bt_1,2.0,"(1979, 1983)",,,,4.224973906596125e-07,1.0594065358097017e-11,3.6355048222615895e-11,,,,,,3.3093847415526067e-12,,1.9713926639190866e-12,1.7189866030984558e-11,2.4925916350987015e-11,5.5449682180587475e-12,-2.463487357743542e-10,4.2259728130119874e-07,4.223509325654244e-07
DEHHALKAJ00010se,723.5107421875,"(1958, 1968)",2.4931532798135013e-12,9.140945839383883e-14,9.470962394610473e-11,1.1937781914629115e-05,1.7088799185180663e-10,1.1348031889955635e-09,,,,,,1.1965572902098563e-09,,1.1456069091796876e-10,4.4587820209495806e-10,2.4704986002583397e-09,1.047737522051803e-10,-2.5519075360040476e-08,1.194341987434565e-05,1.191790079898561e-05
DEHHALKAJ00010r1,2258.4638671875,"(1949, 1957)",6.7778841805897625e-06,8.278614365135345e-09,2.086389276989204e-06,4.529338805498532e-05,6.3106500162316e-10,3.166089604184328e-09,,,,,,3.735094813796047e-09,,3.901508469936063e-10,5.184839301274607e-09,1.4497994895030936e-07,4.55167314749735e-11,-2.8046617512317756e-06,4.5451520760234986e-05,4.264685900900321e-05
DEHHALKAJ000112q,619.58203125,"(1949, 1957)",2.8220300978820693e-06,3.4468327826653845e-09,8.686443884073469e-07,1.3688081175921533e-05,1.8645282970060506e-10,9.103117232659311e-10,,,,,,1.0246777829218305e-09,,1.0970193385029305e-10,1.9535029401870923e-09,5.9226617773071677e-08,1.8892892108142153e-11,-1.1560540257486607e-06,1.3751511333796639e-05,1.2595457308047977e-05
DEHHALKAJ00010yH,1040.1845703125,"(1949, 1957)",4.384217803986405e-06,5.3549012172492574e-09,1.34950886517625e-06,2.251656425066688e-05,3.0813106221228547e-10,1.5129478306212731e-09,,,,,,1.7202790562959176e-09,,1.8319276406073262e-10,3.084571381322552e-09,9.22877804307013e-08,2.935701691350253e-11,-1.7988413907903606e-06,2.2615690510209015e-05,2.0816849119418657e-05
DEHHALKAJ000110K,675.41796875,"(1958, 1968)",2.7153348667174998e-12,9.955556745517074e-14,1.0314983286298309e-10,1.3412482154458357e-05,1.8687219520361328e-10,1.1023339865127464e-09,,,,,,1.1170204182607985e-09,,1.275121583203125e-10,4.962570435848363e-10,2.7493663062776334e-09,4.8983786203888185e-11,-2.832780049530842e-08,1.3418310500352718e-05,1.338998269985741e-05
DEHHALKAJ000110I,1477.1123046875,"(1969, 1978)",,,,0.0009097069963438513,4.9632007920904935e-05,6.28341187362055e-08,,,,,,2.4428792463885343e-09,,6.827764761356623e-10,4.96336324021769e-05,1.8924699100093824e-06,9.18246210440372e-10,7.437954823270454e-06,0.0010109319845976116,0.001018369939420882
DEHHALKAJ00010tRbt_1,596.6630859375,"(1979, 1983)",,,,1.1620087538409725e-05,3.0912407552979574e-09,1.184248780512511e-08,,,,,,9.867934850523094e-10,,5.948548380010982e-10,5.0453495762723916e-09,7.776291736408017e-09,1.7830461792121778e-09,-7.731573673133851e-08,1.1651207602785095e-05,1.1573891866053756e-05
DEHHALKAJ0001149,1531.3896484375,"(1969, 1978)",,,,0.0007951696691753995,5.145575543997598e-05,6.358473737266062e-08,,,,,,2.5326442528552647e-09,,7.020605504303669e-10,5.145742597569419e-05,1.9618849123863492e-06,9.445684149720252e-10,7.712954800088192e-06,0.000900112499514047,0.0009078254543141352
DEHHALKAJ00010vxbt_0,529.48828125,"(1979, 1983)",,,,1.58792435845046e-05,2.5304375758823575e-09,9.938263715114356e-09,,,,,,8.757204321107611e-10,,4.908199102743044e-10,4.135903610364402e-09,6.46660007822791e-09,1.4926285686724703e-09,-6.438753254529955e-08,1.590517395839525e-05,1.584078642584995e-05
DEHHALKAJ00010xi,1624.2900390625,"(1860, 1918)",5.567304289715615e-06,6.800097107066441e-09,1.7138554638338253e-06,3.5129282279447215e-05,9.828911579789261e-09,3.1633336926200965e-08,,,,,,2.6862848651559012e-09,,2.1565496473436475e-09,2.1374511074529245e-08,1.4024440391749812e-07,4.584823144011924e-09,-2.5123296800927003e-06,3.5341791100601734e-05,3.2829461420509034e-05
DEHHALKAJ000116f,1221.1708984375,"(1949, 1957)",4.909849212671598e-06,5.996916402131643e-09,1.511311109843412e-06,2.6123245510878446e-05,3.584599874987043e-10,1.765908586767005e-09,,,,,,2.019598016929164e-09,,2.1440965509668113e-10,3.490397627170157e-09,1.0355181219504147e-07,3.287332447448217e-11,-2.0165632175069185e-06,2.6234678970271424e-05,2.4218115752764505e-05
DEHHALKAJ00010tt,399.333984375,"(1949, 1957)",1.5979229651663706e-06,1.951706571220791e-09,4.918545459692123e-07,7.817319665599143e-06,1.0655946573484744e-10,5.207080801545918e-10,,,,,,6.604269594786371e-10,,6.279688634858472e-11,1.108783126485858e-09,3.3550670631142435e-08,1.074478254847747e-11,-6.547302003341317e-07,7.853340355531035e-06,7.1986101551969035e-06
DEHHALKAJ00010zLbt_0,1165.072265625,"(1979, 1983)",,,,2.2191889930244383e-05,6.431649075879263e-09,2.4185567625109713e-08,,,,,,1.9268216431285018e-09,,1.2304415172879793e-09,1.0486481533117569e-08,1.599204734375653e-08,3.6485004689505847e-09,-1.5883002505774328e-07,2.2255791439451616e-05,2.2096961414393873e-05
DEHHALKAJ00010zLbt_1,448.126953125,"(1979, 1983)",,,,9.365353278513257e-06,2.458726757238927e-09,9.262065952932791e-09,,,,,,7.411498584177873e-10,,4.706387145495727e-10,4.009222029897879e-09,6.120288165634998e-09,1.3969782720604807e-09,-6.079198830413876e-08,9.389812348263989e-06,9.329020359959849e-06
DEHHALKAJ00010xgbt_0,1618.5771484375,"(1979, 1983)",,,,3.05685449307337e-05,8.418492119750382e-09,3.221340704318356e-08,,,,,,2.676837295409245e-09,,1.619391506406612e-09,1.3739284836310878e-08,2.1161865392248833e-08,4.850734044251936e-09,-2.103872757105448e-07,3.065322494297127e-05,3.0442837667260728e-05
DEHHALKAJ00010xgbt_1,829.486328125,"(1979, 1983)",,,,1.6965957638202086e-05,4.3142979767767526e-09,1.6508685267453057e-08,,,,,,1.371838386945969e-09,,8.299036692460149e-10,7.041092145407153e-09,1.0845075946984916e-08,2.4859162056876514e-09,-1.0782007813178328e-07,1.700935444780059e-05,1.6901534369668807e-05
DEHHALKAJ00010xgbt_2,916.66015625,"(1979, 1983)",,,,1.8101628579539363e-05,4.992223841175687e-09,1.8846098894838286e-08,,,,,,1.5160022839910277e-09,,9.562303267117219e-10,8.141331569550787e-09,1.2443270156090768e-08,2.84186735533347e-09,-1.2361231980054884e-07,1.815136560396705e-05,1.80277532841665e-05
DEHHALKAJ000110C,1499.03515625,"(1949, 1957)",5.4137990003780405e-06,6.612462028389846e-09,1.666452767767987e-06,3.126308170679163e-05,4.315330648513704e-10,2.1411352257855573e-09,,,,,,2.479135719445082e-09,,2.614960709842054e-10,3.946253876699518e-09,1.1472110007241219e-07,3.6250578971900134e-11,-2.2291117132969736e-06,3.1387098611400786e-05,2.9157986898103812e-05
DEHHALKAJ00010uC,1841.9482421875,"(1969, 1978)",,,,0.0009583367374267285,6.189076807382881e-05,7.663034576205016e-08,,,,,,3.046252555092822e-09,,8.639710639388779e-10,6.189282516379131e-05,2.360166145544789e-06,1.1370868272399328e-09,9.272871291367763e-06,0.0010845621744661018,0.0010938350457574695
DEHHALKAJ000112P,678.5439453125,"(1949, 1957)",2.036380718588108e-06,2.4872674452104975e-09,6.268450126806545e-07,1.3608177593285505e-05,1.8960025979218738e-10,9.51235466924461e-10,,,,,,1.1221902355835362e-09,,1.1721883127390172e-10,1.5577590130466312e-09,4.3558496759751454e-08,1.370455613276026e-11,-8.426367975093372e-07,1.365568779840801e-05,1.2813051000898672e-05
DEHHALKAJ00010zl,1774.623046875,"(1949, 1957)",6.68901626634452e-06,8.170014220378828e-09,2.0589747025612873e-06,3.737770677133377e-05,5.147433734688276e-10,2.5469052467978668e-09,,,,,,2.934908739027016e-09,,3.103465196201386e-10,4.826193484210417e-09,1.414688335878671e-07,4.479182325256012e-11,-2.751347219767065e-06,3.753035349410801e-05,3.4779006274340944e-05
DEHHALKAJ00010uLbt_0,1569.4658203125,"(1979, 1983)",,,,3.0344595336439234e-05,9.017100219743305e-09,3.352763283440159e-08,,,,,,2.5956161198563235e-09,,1.7190207391751377e-09,1.4692804805017759e-08,2.2263798573875117e-08,5.063810495144035e-09,-2.2097540509543234e-07,3.0433475120226445e-05,3.021249971513101e-05
DEHHALKAJ00010uLbt_1,512.3603515625,"(1979, 1983)",,,,1.091314749056593e-05,2.9419982732959176e-09,1.0940759944535617e-08,,,,,,8.473825274528481e-10,,5.608904572403111e-10,4.793846139486486e-09,7.264754217599431e-09,1.6524124294262716e-09,-7.21059918180633e-08,1.0942149534554968e-05,1.0870043542736905e-05
DEHHALKAJ000116sbt_1,1953.9296875,"(1979, 1983)",,,,3.734985344481296e-05,1.1474881265221183e-08,4.240861894386126e-08,,,,,,3.2314504002985983e-09,,2.1834775396377336e-09,1.8691423904778357e-08,2.822590461917295e-08,6.409253347329934e-09,-2.800524473311025e-07,3.746247845483326e-05,3.718242600750216e-05
DEHHALKAJ000115l,1479.5048828125,"(1949, 1957)",5.234063262661209e-06,6.392934900042976e-09,1.6111311973245463e-06,3.071255584243611e-05,4.2439883894656657e-10,2.1085048591224863e-09,,,,,,2.4468361441496628e-09,,2.577863917457159e-10,3.8345887876715816e-09,1.1101959588950359e-07,3.5047693739347335e-11,-2.156209878855254e-06,3.083268260104099e-05,2.8676472722185738e-05
DEHHALKAJ000112T,1371.8896484375,"(1969, 1978)",,,,0.0008221395329049894,4.6096443200889915e-05,5.80110254716913e-08,,,,,,2.2688598151299154e-09,,6.274936205177688e-10,4.609793582015405e-05,1.7575161539612491e-06,8.51154334673919e-10,6.909634662852431e-06,0.0009161531866132365,0.000923062821276089
DEHHALKAJ00010sN,676.6240234375,"(1984, 1994)",,,,1.4221175301433473e-05,3.6761962028812465e-09,1.265118161462639e-08,,,,,,1.1190149852126038e-09,,7.044258946592862e-10,5.996260446594587e-09,9.168462836317312e-09,2.088742953436218e-09,-9.071242432786655e-08,1.4256579586367202e-05,1.4165867162039335e-05
DEHHALKAJ000112c,1052.1044921875,"(1969, 1978)",,,,0.0005511334862464873,3.5351442954645715e-05,4.38599974339675e-08,,,,,,1.7399924306935194e-09,,4.833300800127137e-10,3.535259302958508e-05,1.3478873584976341e-06,6.497113900624068e-10,5.298734887142677e-06,0.0006232321426205505,0.0006285308775076932
DEHHALKAJ00010zdbt_1,653.140625,"(1979, 1983)",,,,2.1143593011022246e-05,3.9966615984893836e-09,1.4607817009641626e-08,,,,,,1.0802391596389007e-09,,7.579073628987868e-10,6.506255549446056e-09,9.764210159295577e-09,2.210435809546669e-09,-9.681860742239085e-08,2.1182516537671205e-05,2.1085697930248814e-05
DEHHALKAJ00010zdbt_2,406.7548828125,"(1979, 1983)",,,,8.45314498643607e-06,2.3919124682327265e-09,8.836784105906351e-09,,,,,,6.727286331547793e-10,,4.550900665880232e-10,3.8961080424975665e-09,5.882342750728483e-09,1.33557218109383e-09,-5.836253381304678e-08,8.476615524684273e-06,8.418252990871226e-06
DEHHALKAJ00010zdbt_3,298.87109375,"(1979, 1983)",,,,6.410267070563657e-06,1.7633891966477426e-09,6.508790355280972e-09,,,,,,4.943048391615634e-10,,3.3541138205302576e-10,2.872184405268097e-09,4.334193860618675e-09,9.838228420276687e-10,-4.300011421007911e-08,6.427559167444714e-06,6.384559053234635e-06
DEHHALKAJ000115G,1403.6142578125,"(1969, 1978)",,,,0.0007366091640747245,4.716243744381175e-05,5.8625404894318555e-08,,,,,,2.3213266376284006e-09,,6.598800464545863e-10,4.716400861447785e-05,1.7985427813300685e-06,8.675047323355041e-10,7.065785866621303e-06,0.000832796627030655,0.0008398624128972763
DEHHALKAJ00010uybt_0,259.579833984375,"(1979, 1983)",,,,8.231087074395105e-06,1.2177275243670756e-09,4.639495207390007e-09,,,,,,4.2933050703499907e-10,,2.339233320628081e-10,1.9868955504249012e-09,3.052940390565068e-09,6.989883171488293e-10,-3.034528861590608e-08,8.243346375224098e-06,8.213001086608192e-06
DEHHALKAJ00010wabt_1,613.4130859375,"(1979, 1983)",,,,1.2932060701335882e-05,3.1317209140572623e-09,1.2050703963403084e-08,,,,,,1.014499547811705e-09,,6.034891859997917e-10,5.1126951195467705e-09,7.90010102774473e-09,1.8135852565586182e-09,-7.856696828102272e-08,1.2963687496351004e-05,1.2885120528069981e-05
DEHHALKAJ00010xY,761.6005859375,"(1969, 1978)",,,,0.0004000408143174242,2.5590317582850253e-05,3.181149331457794e-08,,,,,,1.2595510018386934e-09,,3.553974633215398e-10,2.5591163602547545e-05,9.758315869764302e-07,4.706704198652657e-10,3.8344614562245275e-06,0.00045223202420199805,0.0004560664856582226
DEHHALKAJ00010xEbt_1,415.5927734375,"(1979, 1983)",,,,9.758520406583692e-06,2.595766004016066e-09,9.436333855842534e-09,,,,,,6.873525054948818e-10,,4.914344642318093e-10,4.224473803772758e-09,6.3203633907893006e-09,1.4286733757189008e-09,-6.264967673845998e-08,9.783704803983557e-06,9.721055127245097e-06
DEHHALKAJ00010xEbt_2,1365.3935546875,"(1979, 1983)",,,,2.9554740372394105e-05,8.943652351399072e-09,3.2117131909012235e-08,,,,,,2.258120354057069e-09,,1.686938819095722e-09,1.4545832895157749e-08,2.1613311830028092e-08,4.869006148490481e-09,-2.1408435685436208e-07,2.9640774366701347e-05,2.9426690009846985e-05
DEHHALKAJ00010qz,1463.5859375,"(1984, 1994)",,,,4.057351075911146e-05,7.131430488610029e-09,2.5163913182771388e-08,,,,,,2.420509079838944e-09,,1.3808109791161852e-09,1.165386307481972e-08,1.8157228211034766e-08,4.1721617269283225e-09,-1.7992272282672407e-07,4.064359067585457e-05,4.046366795302785e-05
DEHHALKAJ000113t,1581.9609375,"(1969, 1978)",,,,0.000826789652380512,5.3155003716943415e-05,6.592697075572392e-08,,,,,,2.6162801091912873e-09,,7.37528550836968e-10,5.315675940508879e-05,2.026936738025713e-06,9.76999362721293e-10,7.964954709706579e-06,0.0009351986100193484,0.000943163564729055
DEHHALKAJ000113Y,652.1806640625,"(1949, 1957)",2.5600483942850377e-06,3.1268588514587166e-09,7.880159371995697e-07,1.386996626378253e-05,1.9057975420161003e-10,9.40411255573111e-10,,,,,,1.078590071048595e-09,,1.1433578357998254e-10,1.8298168699271675e-09,5.404779726633985e-08,1.7140822085360746e-11,-1.0520217431678858e-06,1.3928184935605283e-05,1.2876163192437398e-05
DEHHALKAJ00010yu,7984.75830078125,"(1919, 1948)",4.891513360023699e-11,1.7934340041838117e-12,1.8581825457993765e-09,0.00014553027763309894,4.892952799591093e-08,1.577018382317603e-07,,,,,,1.320536039727324e-08,,1.0785942043015613e-08,9.190766142302483e-08,1.402654478318991e-07,2.2730686655036994e-08,-1.3975550011378547e-06,0.00014601580409767686,0.000144618249096539
DEHHALKAJ00010qZ,79.50537109375,"(1949, 1957)",9.544143452365233e-07,1.1656978549310872e-09,2.9374948380534116e-07,1.2516711959805224e-06,1.3214500663851142e-11,4.1378736626789005e-11,,,,,,1.3148767057872773e-10,,2.6461096883273096e-12,5.265897065438441e-10,1.9287723640490228e-08,6.391875686515456e-12,-3.8332827657909353e-07,1.271680628220801e-06,8.883523516417075e-07
DEHHALKAJ0001131bt_0,2458.0908203125,"(1979, 1983)",,,,4.592928885242569e-05,1.3875411275285267e-08,5.184770634029245e-08,,,,,,4.065242519757405e-09,,2.649275139409954e-09,2.2615257506061016e-08,3.436472654951738e-08,7.826651755105294e-09,-3.4117853580510627e-07,4.606653312351112e-05,4.572535458770601e-05
DEHHALKAJ00010qj,602.71142578125,"(1969, 1978)",,,,0.0004038826496591097,1.8001358091295937e-05,2.4296464942990647e-08,,,,,,9.967768022933884e-10,,2.4690314641699223e-10,1.8001943055583653e-05,6.863765680107865e-07,3.7786724367431815e-10,2.6974337469453485e-06,0.0004405982453861355,0.00044329567913308084
DEHHALKAJ000111hbt_0,1329.779296875,"(1979, 1983)",,,,2.5076383954219288e-05,7.404370614564106e-09,2.7775019665203493e-08,,,,,,2.1992174816909227e-09,,1.4154465141478387e-09,1.2070814313498464e-08,1.8382460551121467e-08,4.1910625601734706e-09,-1.8254509872244084e-07,2.5149822345919688e-05,2.4967277247197246e-05
DEHHALKAJ000111hbt_1,523.29296875,"(1979, 1983)",,,,1.0509229733523082e-05,2.704249747652976e-09,1.0367815801246013e-08,,,,,,8.654566744159812e-10,,5.205105495733567e-10,4.413914064304132e-09,6.80605122636132e-09,1.5608965734013957e-09,-6.767218064536882e-08,1.0536468628160038e-05,1.0468796447514668e-05
DEHHALKAJ000115x,903.091796875,"(1949, 1957)",3.612773731273182e-06,4.412661941920388e-09,1.112056140090494e-06,1.929503449786365e-05,2.6483965504893265e-10,1.3051520955805612e-09,,,,,,1.4935521541530736e-09,,1.5851177524349015e-10,2.5712077168520885e-09,7.621172344471458e-08,2.418899895440449e-11,-1.483996298571067e-06,1.9377063673704195e-05,1.7893067375133128e-05
DEHHALKAJ000114Jbt_0,1505.09765625,"(1979, 1983)",,,,2.757579367016581e-05,6.567470089063702e-09,2.716843777585594e-08,,,,,,2.489162268831286e-09,,1.2957216332475795e-09,1.0767255374444773e-08,1.7349622335704193e-08,4.05935526308632e-09,-1.7325256994201268e-07,2.7645490694906044e-05,2.7472238124964033e-05
DEHHALKAJ000114Jbt_1,565.7666015625,"(1979, 1983)",,,,1.6816100688466106e-05,2.3575838324788162e-09,9.914428429320459e-09,,,,,,9.357106995326137e-10,,4.677044786402302e-10,3.8691007508207894e-09,6.2951408190523895e-09,1.4791271686744793e-09,-6.292264178983093e-08,1.684141948464463e-05,1.67784968428548e-05
DEHHALKAJ000114Jbt_3,5.0,"(1979, 1983)",,,,5.36015125738174e-07,1.9088256147174434e-11,8.293157397118998e-11,,,,,,8.271200031076575e-12,,3.829052661907493e-12,3.1390468166692364e-11,5.2086902420092753e-11,1.234040343523205e-11,-5.216833432653288e-10,5.362250635950073e-07,5.35703380251742e-07
DEHHALKAJ00010t3,414.017578125,"(1979, 1983)",,,,8.415728006618678e-06,2.669314259298689e-09,9.350790765929061e-09,,,,,,6.847109713986917e-10,,4.997489701699609e-10,4.335700000965136e-09,6.353803852680493e-09,1.4214873770491741e-09,-6.28439548946094e-08,8.441043562816168e-06,8.37819960792156e-06
DEHHALKAJ000112ebt_1,815.400390625,"(1979, 1983)",,,,1.562748658516219e-05,4.210870130663113e-09,1.61474023900399e-08,,,,,,1.3485364610377966e-09,,8.105563132709465e-10,6.873120750241273e-09,1.0599256756388057e-08,2.4309629452054107e-09,-1.0538885593752126e-07,1.5669907290909034e-05,1.5564518434971512e-05
DEHHALKAJ00010xe,482.2607421875,"(1949, 1957)",1.447314479050181e-06,1.7677726732844e-09,4.4551682045100464e-07,9.67172725508104e-06,1.3475437020399965e-10,6.760704674224034e-10,,,,,,7.975729627162217e-10,,8.331080243073799e-11,1.107144389820647e-09,3.095828263921216e-08,9.74924349751742e-12,-5.988833317925798e-07,9.705494139956344e-06,9.106610808163763e-06
DEHHALKAJ00010tF,1766.76953125,"(1949, 1957)",6.062955305994171e-06,7.4053580334447195e-09,1.866284747632087e-06,3.6430064428811877e-05,5.042070281694512e-10,2.50977448574493e-09,,,,,,2.921920429943238e-09,,3.073194147872297e-10,4.475744373529873e-09,1.287889517397574e-07,4.059910164901425e-11,-2.4996111143108455e-06,3.6569612945385455e-05,3.407000183107461e-05
DEHHALKAJ00010wg,700.6640625,"(1979, 1983)",,,,1.3623226030898462e-05,4.247074546117904e-09,1.5099417400494878e-08,,,,,,1.1587729223917711e-09,,7.986600893886576e-10,6.903734544289828e-09,1.0200785869561593e-08,2.2916131700841e-09,-1.0098144003351834e-07,1.366392608944079e-05,1.3562944649407271e-05
DEHHALKAJ00010yg,2747.956298828125,"(1949, 1957)",4.712520673454958e-06,5.756138666148506e-09,1.4508265786699594e-06,5.680278477066418e-05,8.122836750833036e-10,4.198314930174741e-09,,,,,,4.5446276417924624e-09,,5.294613610747164e-10,4.609726660553417e-09,1.0636788406177014e-07,3.177710727067506e-11,-2.007307054356413e-06,5.69238788461019e-05,5.491657179174549e-05
DEHHALKAJ0001154bt_0,158.73974609375,"(1979, 1983)",,,,5.33406227265393e-06,8.784515344431297e-10,2.9863926339840062e-09,,,,,,2.6255540686208455e-10,,1.6301903077550966e-10,1.4246682384314844e-09,2.0536432922959386e-09,4.555677674339179e-10,-2.0276814793475415e-08,5.342286570558155e-06,5.322009755764679e-06
DEHHALKAJ000113a,675.1015625,"(1949, 1957)",2.026049770926132e-06,2.4746490632138236e-09,6.23664908410828e-07,1.3539139420149132e-05,1.8863838152319248e-10,9.46409668028749e-10,,,,,,1.1164971483529545e-09,,1.1662415779274231e-10,1.5498561414877141e-09,4.333751483294654e-08,1.3631336964968483e-11,-8.383631403356439e-07,1.358640859181623e-05,1.2748045451480586e-05
DEHHALKAJ000114L,911.2431640625,"(1949, 1957)",3.7472635557704295e-06,4.576925451658474e-09,1.1534504536450768e-06,1.9602808050877342e-05,2.686407213398266e-10,1.3213495341307757e-09,,,,,,1.507033066149403e-09,,1.6022497693520494e-10,2.6506275456787163e-09,7.895852209947685e-08,2.5099263817040193e-11,-1.5383068934305105e-06,1.9687699548084868e-05,1.8149392654654358e-05
DEHHALKAJ000110dbt_0,1138.5234375,"(1979, 1983)",,,,2.2029111467160665e-05,6.3343401355183736e-09,2.3766598941814916e-08,,,,,,1.8829152627220826e-09,,1.2109820655536881e-09,1.0326551444690669e-08,1.572822418793219e-08,3.5861406341220316e-09,-1.5618971529302194e-07,2.209194721983302e-05,2.1935757504539996e-05
DEHHALKAJ000110dbt_2,535.2509765625,"(1979, 1983)",,,,1.0565288309805967e-05,2.977627007016789e-09,1.1172470593711858e-08,,,,,,8.852336242457454e-10,,5.692601270252415e-10,4.854281722450013e-09,7.3936269478258535e-09,1.6858109217034225e-09,-7.342287725249762e-08,1.0594826620749945e-05,1.0521403743497448e-05
DEHHALKAJ0001133,689.73828125,"(1949, 1957)",2.5139527707433743e-06,3.0705633946289997e-09,7.738335106428255e-07,1.4414910164006777e-05,1.9887535827906733e-10,9.861772113732563e-10,,,,,,1.1407036413640987e-09,,1.203835822962754e-10,1.8284172910353856e-09,5.324938874110576e-08,1.6833196131278618e-11,-1.0348788260361845e-06,1.4472450943028362e-05,1.3437572116992179e-05
DEHHALKAJ00010vG,1154.033203125,"(1969, 1978)",,,,0.0006036776225588715,3.877632503166117e-05,4.8098145479059714e-08,,,,,,1.9085642657798813e-09,,5.346463922281086e-10,3.8777597526968515e-05,1.47856834858018e-06,7.126817704022072e-10,5.811120613074372e-06,0.0006827613675039888,0.0006885724881170632
DEHHALKAJ00010uo,800.193359375,"(1969, 1978)",,,,0.00042852900256215766,2.688706784173027e-05,3.3731628986207046e-08,,,,,,1.3233765389773367e-09,,3.7731853760113606e-10,2.688796619494194e-05,1.025364290341553e-06,4.959041048070284e-10,4.027836072729912e-06,0.000483365329117339,0.0004873931651900689
DEHHALKAJ00010tH,2882.0947265625,"(1949, 1957)",9.93144054577195e-12,3.6412827430631717e-13,3.772744367339979e-10,4.645700290213881e-05,6.855638726074218e-10,3.665345596637766e-09,,,,,,4.766468581883989e-09,,4.739028358886719e-10,1.8442758149109766e-09,1.0216929191906338e-08,4.3139247448439784e-13,-1.0508317014906197e-07,4.647865581942512e-05,4.637357264927605e-05
DEHHALKAJ00010zJbt_0,849.7275390625,"(1979, 1983)",,,,1.6983713839062974e-05,4.9633402748072264e-09,1.8370612798522978e-08,,,,,,1.405314554472037e-09,,9.44872918227091e-10,8.08543415099441e-09,1.2220086179076508e-08,2.775940297105831e-09,-1.2125621216786516e-07,1.703247944023618e-05,1.6911223228068315e-05
DEHHALKAJ000111Bbt_0,4.0,"(1979, 1983)",,,,1.0541868679885162e-06,1.6672141094973857e-11,6.852038972263414e-11,,,,,,6.6193513390658525e-12,,3.2821702624669084e-12,2.7323795074992103e-11,4.3910998949245136e-11,1.0258252629136091e-11,-4.3861209668043217e-10,1.0543634550875888e-06,1.0539248429909084e-06
DEHHALKAJ000111Bbt_1,1886.8251953125,"(1979, 1983)",,,,3.558491833575356e-05,1.0105843251677843e-08,3.83360793762368e-08,,,,,,3.1204714843733015e-09,,1.938663513676844e-09,1.64850880225764e-08,2.5265615056635967e-08,5.777881672906631e-09,-2.5106033768551227e-07,3.5685947978131643e-05,3.543488764044613e-05
DEHHALKAJ000111Bbt_2,852.2236328125,"(1979, 1983)",,,,1.6258334371212182e-05,4.380691959859787e-09,1.6822036550862267e-08,,,,,,1.4094328419330684e-09,,8.436178206369612e-10,7.150871484289265e-09,1.1036377321352182e-08,2.5321638147874954e-09,-1.0974394126665537e-07,1.6302509563005907e-05,1.6192765621739252e-05
DEHHALKAJ00010zw,1310.623046875,"(1949, 1957)",4.49122066892561e-06,5.4856248746330406e-09,1.3824773029784407e-06,2.7016126179553704e-05,3.7394177548052876e-10,1.8615209496431256e-09,,,,,,2.1675358582040076e-09,,2.2795762516338658e-10,3.3166639141912884e-09,9.540886041327653e-08,3.007792724076862e-11,-1.8516894731363865e-06,2.7119512738016906e-05,2.526782326488052e-05
DEHHALKAJ00010zSbt_1,2804.33203125,"(1979, 1983)",,,,5.298427923926465e-05,1.4564050434441339e-08,5.5754287713381795e-08,,,,,,4.637863459080568e-09,,2.801953953973727e-09,2.3769656022833136e-08,3.662044044214692e-08,8.395162435016662e-09,-3.640828954066384e-07,5.3130822653725524e-05,5.276673975831889e-05
DEHHALKAJ00010zSbt_3,4.0,"(1979, 1983)",,,,8.713248224407969e-07,1.603609155272334e-11,6.681368032555637e-11,,,,,,6.618924336063706e-12,,3.1713773293037624e-12,2.630302508087878e-11,4.2602380405847195e-11,9.987384718023605e-12,-4.2582329402820235e-10,8.714963553045454e-07,8.710705320105171e-07
DEHHALKAJ00010t5,894.6357421875,"(1949, 1957)",3.4991590208372204e-06,4.273894738150616e-09,1.0770867260070854e-06,1.9009729978785915e-05,2.6125514257926805e-10,1.2894722091630837e-09,,,,,,1.4795673507937407e-09,,1.568063499534737e-10,2.503110751337163e-09,7.388571288264388e-08,2.3428709591090342e-11,-1.4380554972827602e-06,1.9089329332181978e-05,1.7651273834899218e-05
DEHHALKAJ000110x,2385.73046875,"(1949, 1957)",7.1598244444922775e-06,8.745122211997346e-09,2.2039593106198604e-06,4.784571307376675e-05,6.666261187561204e-10,3.3445017851454893e-09,,,,,,3.945570983052361e-09,,4.121362208200386e-10,5.4770099232321755e-09,1.5314970708881915e-07,4.8079444660415494e-11,-2.9627078407857676e-06,4.801275670533123e-05,4.5050048864545464e-05
DEHHALKAJ00010zW,436.3486328125,"(1979, 1983)",,,,1.256801859348785e-05,1.7714619043835216e-09,7.347896529429846e-09,,,,,,7.216425338336833e-10,,3.4981138970945213e-10,2.904758428547569e-09,4.688152208701912e-09,1.0976699181953308e-09,-4.6824164974598136e-08,1.2586899986400652e-05,1.2540075821426054e-05
DEHHALKAJ000111S,790.3623046875,"(1984, 1994)",,,,1.6103218315401352e-05,4.17177643810544e-09,1.4449431912447594e-08,,,,,,1.307117728737669e-09,,8.015209547851544e-10,6.807846511836259e-09,1.0459723537437432e-08,2.3882264907980783e-09,-1.035286134078208e-07,1.61436039589755e-05,1.604007534556768e-05
DEHHALKAJ000111Jbt_0,528.65234375,"(1979, 1983)",,,,1.0199128914299708e-05,2.7809951507925965e-09,1.0605613430023634e-08,,,,,,8.743161768939809e-10,,5.343853133822086e-10,4.537824212477381e-09,6.975894962667565e-09,1.5975666399037919e-09,-6.933959995926066e-08,1.022703551018585e-05,1.015769591022659e-05
DEHHALKAJ000111Ubt_1,631.990234375,"(1979, 1983)",,,,1.6317477728445724e-05,2.4705008718178622e-09,1.0386914821408782e-08,,,,,,1.0452249418315546e-09,,4.900676627679332e-10,4.054354272447507e-09,6.595601894860631e-09,1.5496323556724242e-09,-6.592467414552502e-08,1.634407002526653e-05,1.6278145351121007e-05
DEHHALKAJ00018J5,1568.9208984375,"(1949, 1957)",5.588085839849775e-06,6.8253401585021254e-09,1.7201038155109491e-06,3.2618154647987834e-05,4.5056990008911547e-10,2.2375696420583986e-09,,,,,,2.594714225857469e-09,,2.7347059242110345e-10,4.087135577975013e-09,1.1849099730740172e-07,3.743717513154115e-11,-2.3016568777188723e-06,3.274632654240877e-05,3.0444669664689897e-05
DEHHALKAJ00018Cs,1703.0869140625,"(1969, 1978)",,,,0.0012248741876306475,5.7224917110814164e-05,7.146262997223273e-08,,,,,,2.8166007858805193e-09,,7.822281389577027e-10,5.722676641347348e-05,2.1818811245465225e-06,1.2984774482001332e-09,8.577209409712823e-06,0.0013415841122158272,0.00135016132162554
DEHHALKAJ000187x,1445.013671875,"(1949, 1957)",5.211738505282443e-06,6.365663786196061e-09,1.6042556089026042e-06,3.0127309676321375e-05,4.158853151493694e-10,2.063672276326524e-09,,,,,,2.3897938641394505e-09,,2.520531069664767e-10,3.8002002378635004e-09,1.1044616962879145e-07,3.4897629467374144e-11,-2.1459844028927755e-06,3.0246712348380073e-05,2.8100727945487297e-05
DEHHALKAPE0001Oe,2582.578125,"(2010, 2015)",5.167051500172861e-06,6.3109427565757204e-09,1.5903514849018193e-06,7.953028025268302e-05,1.063068457772504e-08,8.643597847914578e-08,,,,,,4.271121756185905e-09,,2.170803487092891e-09,2.0272160744515033e-08,1.342306549366985e-07,7.048762342932529e-09,-2.3862520251664177e-06,7.979534041900732e-05,7.74090883938409e-05
DEHHALKAPE0001O7,2515.681640625,"(2010, 2015)",5.595832426793591e-06,6.834644168303981e-09,1.7223206399905153e-06,6.355072882160737e-05,1.0426705642743286e-08,7.28704934366857e-08,,,,,,4.160486950126443e-09,,2.1283335794803528e-09,2.0167666197278075e-08,1.4226576728530178e-07,6.844891486151302e-09,-2.548333209048544e-06,6.380959316618514e-05,6.12612599571366e-05
DEHHALKAPE0001OZ,2381.560546875,"(2010, 2015)",4.764868825210454e-06,5.819724149737886e-09,1.4665648699809402e-06,7.4365261109263e-05,9.87190303103726e-09,8.071462946786975e-08,,,,,,3.938674678234512e-09,,2.0137179332568913e-09,1.8803860629704892e-08,1.2392201499620579e-07,6.532774556858406e-09,-2.202118963208223e-06,7.461105868455616e-05,7.240893972134794e-05
DEHHALKAPE0001Oibt_0,1602.5595703125,"(1979, 1983)",,,,2.7966102082860658e-05,6.505443877463522e-09,2.8043652743981166e-08,,,,,,2.6503467262532165e-09,,1.3014750569472946e-09,1.0692723330566098e-08,1.765259777518079e-08,4.173820141879064e-09,-1.7668239618159455e-07,2.8037122142512927e-05,2.7860439746331333e-05
DEHHALKAPE0001Oibt_1,748.99365234375,"(1979, 1983)",,,,2.1751870179332293e-05,3.0433015454361465e-09,1.3114450972627153e-08,,,,,,1.2387298459234418e-09,,6.087677923413504e-10,5.002043459078835e-09,8.256597978289081e-09,1.9520483725302728e-09,-8.263998824480995e-08,2.1785086119298517e-05,2.1702446131053707e-05
DEHHALKAbr0000Mgbt_1,1207.75146484375,"(1979, 1983)",,,,2.9768468199273253e-05,4.753746519065686e-09,2.041578398688441e-08,,,,,,1.997406835846665e-09,,9.498130783372306e-10,7.811701352543968e-09,1.2868230056907052e-08,3.0397334258613403e-09,-1.287723132888328e-07,2.98203046145287e-05,2.9691532301239867e-05
DEHHALKAbr0000Mgbt_2,677.674560546875,"(1979, 1983)",,,,1.870069772251613e-05,2.6484242228448934e-09,1.14046072485287e-08,,,,,,1.1207790830254832e-09,,5.296479551379133e-10,4.352816522186878e-09,7.181883772812551e-09,1.6976534403438274e-09,-7.188029629053461e-08,1.8729633534761012e-05,1.865775323847048e-05
DEHHALKAbr0000MWbt_1,1306.641845703125,"(1979, 1983)",,,,3.173696535729171e-05,5.0107562836682835e-09,2.1732622195668646e-08,,,,,,2.160952525799259e-09,,1.0045512323877527e-09,8.23915139507532e-09,1.3651841972913122e-08,3.2328445752623445e-09,-1.3668824725531212e-07,3.1791998077472484e-05,3.1655309830217174e-05
DEHHALKAbr0000MWbt_4,473.2568359375,"(1979, 1983)",,,,1.4552862648028716e-05,1.8024373981530596e-09,7.838069766781501e-09,,,,,,7.82713856782387e-10,,3.616774246443061e-10,2.964231067078148e-09,4.919396751871852e-09,1.1657165555919077e-09,-4.9263162834226095e-08,1.4572696890849619e-05,1.4523433728015393e-05
DEHHALKA10001o2abt_1,186.56201171875,"(1979, 1983)",,,,4.953043580145235e-06,7.973184124281412e-10,2.878976326878743e-09,,,,,,3.0856337612871706e-10,,1.506396205317628e-10,1.297128012518131e-09,1.9334325864498704e-09,4.3622811772006493e-10,-1.9157875488929776e-08,4.960845866597891e-06,4.941687991108961e-06
DEHHALKA100050O4bt_0,131.423828125,"(1979, 1983)",,,,2.9569031851395453e-06,1.06298903605811e-09,3.3732807026213403e-09,,,,,,2.173759504980342e-10,,1.9344226797429298e-10,1.7181769000746073e-09,2.3856881614005213e-09,5.187571441242714e-10,-2.345724995694735e-08,2.9663728953022964e-06,2.942915645345349e-06
DEHHALKA100050O3bt_1,129.41162109375,"(1979, 1983)",,,,3.1745875149267848e-06,1.074974836166724e-09,3.397465735482984e-09,,,,,,2.1405025702309484e-10,,1.9540327385325747e-10,1.7372181253342502e-09,2.406885504791445e-09,5.227391807267951e-10,-2.3659904001980728e-08,3.184136251840163e-06,3.1604763478381822e-06
DEHHALKA100050O2bt_1,131.869140625,"(1979, 1983)",,,,2.9394140919026425e-06,1.093500174254421e-09,3.456916353301001e-09,,,,,,2.1811279563297867e-10,,1.9878503683880477e-10,1.7671774861812288e-09,2.4487223199960636e-09,5.31865247130391e-10,-2.4071472432000762e-08,2.9491291713159775e-06,2.9250576988839765e-06
DEHHALKA100050O2bt_2,2.0,"(1979, 1983)",,,,6.411401839546744e-07,1.0191910206617797e-11,3.52759467839382e-11,,,,,,3.310210633291429e-12,,1.901341597360024e-12,1.6544763708497955e-11,2.4116392598782447e-11,5.378408953686209e-12,-2.3853609807399487e-10,6.412369029291565e-07,6.409983668310826e-07
DEHHALKA1b4000CPbt_0,1713.072509765625,"(1979, 1983)",,,,4.330543812712084e-05,7.858062389838513e-09,3.1950544320486866e-08,,,,,,2.833116025197312e-09,,1.541496235898872e-09,1.286980704229904e-08,2.0529936010520922e-08,4.7820421580337655e-09,-2.0481513308184493e-07,4.338780313130313e-05,4.318298799822129e-05
DEHHALKA1b4000CPbt_1,1990.797119140625,"(1979, 1983)",,,,4.998268054202723e-05,9.132017400628374e-09,3.713039070185216e-08,,,,,,3.2924227050525835e-09,,1.7914047701421884e-09,1.4956269573765565e-08,2.3858246376188322e-08,5.55730561319176e-09,-2.38019636309192e-07,5.0078398599168047e-05,4.984037896285885e-05
DEHHALKA3zZ0002pbt_1,1350.97705078125,"(1979, 1983)",,,,3.328155874684749e-05,4.775348836555178e-09,2.173916661053761e-08,,,,,,2.234274729080276e-09,,9.736906193029312e-10,7.876731966225056e-09,1.3434435289856514e-08,3.2197267004157445e-09,-1.348680244091506e-07,3.333581212159947e-05,3.320094409719032e-05
DEHHALKA3zZ0002pbt_2,1268.55322265625,"(1979, 1983)",,,,3.134789363474552e-05,4.4799654286820195e-09,2.040201646929484e-08,,,,,,2.0979605967001075e-09,,9.135820638042419e-10,7.389690935725186e-09,1.2606555047420493e-08,3.0215880261887895e-09,-1.2655951568734554e-07,3.1398804993313334e-05,3.127224547762599e-05
DEHHALKA3zZ0002pbt_4,797.26171875,"(1979, 1983)",,,,2.1482007348600022e-05,2.8185863563435563e-09,1.283036582943687e-08,,,,,,1.3185448777514568e-09,,5.74693849151073e-10,4.649116956792479e-09,7.929228956585923e-09,1.900306834936331e-09,-7.96015874323179e-08,2.1514028192261017e-05,2.1434426604828698e-05
DEHHALKA3zZ0002pbt_6,1539.37646484375,"(1979, 1983)",,,,4.070565094107131e-05,5.4125116254022104e-09,2.4693560270781218e-08,,,,,,2.545853731273082e-09,,1.1044627594425998e-09,8.92899793803362e-09,1.524930328547054e-08,3.656630552415857e-09,-1.5310631672962682e-07,4.0767242261234136e-05,4.061413594450451e-05
DEHHALKA3zZ0002pbt_7,3402.38232421875,"(1979, 1983)",,,,7.69915189571157e-05,1.1964947749002184e-08,5.4583995814352606e-08,,,,,,5.626931234098114e-09,,2.4414748517106374e-09,1.973842138644787e-08,3.370798130164753e-08,8.082683220635898e-09,-3.384305278735971e-07,7.712766539267361e-05,7.678923486480001e-05
DEHHALKA3zZ0002pbt_10,1758.7646484375,"(1979, 1983)",,,,5.342384155917203e-05,6.198931010592984e-09,2.8253186894133592e-08,,,,,,2.908683338878584e-09,,1.2644881524989094e-09,1.0225678651845747e-08,1.745368194066006e-08,4.184206636344485e-09,-1.7523120796686481e-07,5.3494330415796984e-05,5.331909920783012e-05
DEHHALKAJ00010BSbt_0,1329.8388671875,"(1979, 1983)",,,,2.5778132065906597e-05,6.5492315473636255e-09,2.6007932587406683e-08,,,,,,2.199315849285421e-09,,1.2748755967381699e-09,1.0711315532485248e-08,1.685382992235412e-08,3.901575015325066e-09,-1.6791366003567095e-07,2.5845630141957556e-05,2.5677716481921886e-05
DEHHALKAJ00010d0bt_0,598.486328125,"(1979, 1983)",,,,1.78045308987267e-05,2.5634917021250617e-09,1.067446267986567e-08,,,,,,9.898243166095498e-10,,5.068701042099408e-10,4.204481252006927e-09,6.8012557343528626e-09,1.594011731156442e-09,-6.794394957260106e-08,1.783186529624703e-05,1.776392134667443e-05
DEHHALKAJ00010d0bt_2,1112.301025390625,"(1979, 1983)",,,,2.9156961337757063e-05,4.764044614677734e-09,1.9838029547531465e-08,,,,,,1.8395580997215228e-09,,9.41983859810737e-10,7.81369855096356e-09,1.2639542524203898e-08,2.962341269566463e-09,-1.262669489596143e-07,2.920776053622354e-05,2.9081493587263928e-05
DEHHALKAJ00010d0bt_4,819.23095703125,"(1979, 1983)",,,,2.2778894421666882e-05,3.506268069361763e-09,1.460426735586418e-08,,,,,,1.3548887069106962e-09,,6.93346354369282e-10,5.7508608491251945e-09,9.304143831874966e-09,2.1807671172376776e-09,-9.29485772660647e-08,2.2816288963951627e-05,2.2723340386685563e-05
DEHHALKAJ00010d0bt_6,1029.189453125,"(1979, 1983)",,,,2.6742215373131292e-05,4.215004737276454e-09,1.7837663925997884e-08,,,,,,1.7021077754317584e-09,,8.379680002769522e-10,6.9200576291198606e-09,1.130084444650352e-08,2.6595513706710276e-09,-1.1299547437548715e-07,2.6787688571016567e-05,2.667469309664108e-05
DEHHALKAJ00010iS,2019.51904296875,"(1949, 1957)",4.290977673698714e-06,5.241156101943402e-09,1.320956074117089e-06,4.0350495152332715e-05,5.718198615111088e-10,2.925611489952642e-09,,,,,,3.339922861765975e-09,,3.661041806437588e-10,3.7459601827582885e-09,9.435234504859088e-08,2.875195653887973e-11,-1.8020550981868316e-06,4.045582566791447e-05,3.865377056972764e-05
DEHHALKAJ00010OEbt_0,2138.53515625,"(1979, 1983)",,,,5.071175938293327e-05,8.806263769378903e-09,3.7193314644692276e-08,,,,,,3.5367547173784088e-09,,1.7495565382515215e-09,1.4456049809252543e-08,2.35795437285408e-08,5.546405640754856e-09,-2.3574077885523073e-07,5.080662727178153e-05,5.05708864929263e-05
DEHHALKAJ00010dobt_0,293.857421875,"(1979, 1983)",,,,1.1639153056442578e-05,1.1080988273670447e-09,4.837126252521214e-09,,,,,,4.860231473426429e-10,,2.226446487138182e-10,1.8227892148193992e-09,3.032091717636373e-09,7.191859811206566e-10,-3.037070114470377e-08,1.1651381016232099e-05,1.1621010315087395e-05
DEHHALKAJ00010dobt_1,1736.378173828125,"(1979, 1983)",,,,4.146781978147929e-05,6.6139672413602946e-09,2.876008281807502e-08,,,,,,2.8716591157027423e-09,,1.3271379606888448e-09,1.0877075778824896e-08,1.8050309317881164e-08,4.277193021981565e-09,-1.8075314125264384e-07,4.1540597206733805e-05,4.135984406548116e-05
DEHHALKAJ00010dobt_3,1949.3994140625,"(1979, 1983)",,,,4.5980508865527315e-05,7.41700309652128e-09,3.22659372763807e-08,,,,,,3.223958035004781e-09,,1.488494279405514e-09,1.2198051754419012e-08,2.024761373743425e-08,4.79838424748307e-09,-2.0276129585866058e-07,4.6062148307953965e-05,4.5859387012095306e-05
DEHHALKAJ00010iU,843.173828125,"(1958, 1968)",3.389751827966127e-12,1.2428252253591377e-13,1.2876950787450513e-10,1.6015122993921253e-05,2.33286278260498e-10,1.376124430033154e-09,,,,,,1.394458543243772e-09,,1.5918278701171874e-10,6.19512780881219e-10,3.4322049905101966e-09,6.106254629543854e-11,-3.5388662244833283e-08,1.6022398826277488e-05,1.5987010164032655e-05
DEHHALKAJ00010kQ,1875.9150390625,"(1979, 1983)",,,,3.5888964581764545e-05,1.0354096894630136e-08,3.893734541542756e-08,,,,,,3.1024275546860076e-09,,1.9808754217836654e-09,1.688187973603671e-08,2.574581966252415e-08,5.87384537205306e-09,-2.5570341752063775e-07,3.5991840871821684e-05,3.5736137454301045e-05
DEHHALKAJ00010hjbt_0,2279.134521484375,"(1979, 1983)",,,,4.092124099793813e-05,8.605204469881744e-09,3.754555393618866e-08,,,,,,3.7692805712271385e-09,,1.7287090067181384e-09,1.4154818834441174e-08,2.3536235649323594e-08,5.581843305543448e-09,-2.35728542452853e-07,4.101616264371145e-05,4.0780434101258594e-05
DEHHALKAJ00010hjbt_2,1692.25341796875,"(1979, 1983)",,,,3.0427586606271084e-05,6.410755325691286e-09,2.7934947064638703e-08,,,,,,2.798684314900803e-09,,1.2872921192545003e-09,1.0544276454372208e-08,1.751932822915243e-08,4.1535389252640586e-09,-1.7545343757392377e-07,3.049823542870436e-05,3.0322781991130435e-05
DEHHALKAJ00010mabt_1,385.5048828125,"(1979, 1983)",,,,8.398380037601569e-06,2.0645356668866476e-09,7.831982135189768e-09,,,,,,6.375837227805147e-10,,3.960561123773566e-10,3.3677668958723134e-09,5.161710556603861e-09,1.1804212023750036e-09,-5.129150395561928e-08,8.419020093893655e-06,8.367728589938035e-06
DEHHALKAJ00010mabt_2,1800.1064453125,"(1979, 1983)",,,,3.433538768106435e-05,9.660710512348458e-09,3.6626024590367255e-08,,,,,,2.977054245475588e-09,,1.852929906443801e-09,1.5758453540803048e-08,2.41439037321306e-08,5.520489903417908e-09,-2.399060656280612e-07,3.443192724749534e-05,3.419202118186728e-05
DEHHALKAJ00010FRbt_1,276.05224609375,"(1979, 1983)",,,,5.295316961871396e-06,2.1103991666672867e-09,6.757101788438503e-09,,,,,,4.565789607967045e-10,,3.850028897158943e-10,3.4126113922603038e-09,4.761122899268512e-09,1.0380004753733807e-09,-4.683875508873988e-08,5.314237779443916e-06,5.267399024355177e-06
DEHHALKAJ00010cH,3263.802978515625,"(1958, 1968)",1.4162603072032907e-11,5.192604428871246e-13,5.380073587575496e-10,6.635259727138933e-05,9.764230522855225e-10,5.442114682406504e-09,,,,,,5.397745676704369e-09,,6.713860313671875e-10,2.6128537856203085e-09,1.4474996628031875e-08,1.0507985881035762e-10,-1.4913778329420808e-07,6.638227787110456e-05,6.623314008781036e-05
DEHHALKAJ00010F3,630.4287109375,"(1979, 1983)",,,,1.1876186555170952e-05,3.4849120430209328e-09,1.3099595730303768e-08,,,,,,1.0426162153139345e-09,,6.66619499897806e-10,5.681852816590855e-09,8.663003516510077e-09,1.9762104914668436e-09,-8.60373731035408e-08,1.1910801365484057e-05,1.1824763992380516e-05
DEHHALKAJ00010GS,1089.8603515625,"(1984, 1994)",,,,3.525833261080188e-05,6.589212966942943e-09,2.216969364648748e-08,,,,,,1.8024338912835247e-09,,1.2509729161659683e-09,1.0730007320466146e-08,1.613242109440582e-08,3.646286331402439e-09,-1.5939551268690855e-07,3.532065363896903e-05,3.516125812628212e-05
DEHHALKAJ00010cWbt_1,794.0029296875,"(1979, 1983)",,,,1.4988958695980346e-05,4.093500422854521e-09,1.570523487469187e-08,,,,,,1.3131478785837097e-09,,7.880893800910904e-10,6.6817356627738375e-09,1.03070746777043e-08,2.364269573966435e-09,-1.0248658349564004e-07,1.5030211748451012e-05,1.4927725164955371e-05
DEHHALKAJ00010oBbt_0,4.0,"(1979, 1983)",,,,8.408703259939229e-07,1.7894119952881045e-11,7.179932109713254e-11,,,,,,6.618778261533121e-12,,3.4950257288066115e-12,2.9284392237068106e-11,4.63949206609632e-11,1.0770700943714071e-11,-4.627202288115118e-10,8.41056583252805e-07,8.405938630239934e-07
DEHHALKAJ00010oBbt_1,1232.595703125,"(1979, 1983)",,,,2.423717180044512e-05,7.415932957696e-09,2.7228188905113098e-08,,,,,,2.0384940765454047e-09,,1.4082751426827354e-09,1.2075500549321537e-08,1.8167697416247932e-08,4.117917216147903e-09,-1.8018789135764907e-07,2.430962380670887e-05,2.4129435915351222e-05
DEHHALKAJ00010g4,309.11474609375,"(1949, 1957)",2.9364740759773768e-06,3.5865612979074192e-09,9.038142458958534e-07,7.172819557860614e-06,8.967684099769718e-11,3.8939188079471164e-10,,,,,,5.112205095281658e-10,,4.202651830876529e-11,1.7520425337028945e-09,6.007359685816028e-08,1.96501053646971e-11,-1.1869257505064637e-06,7.2356971631074715e-06,6.048771412601008e-06
DEHHALKAJ00010e6,2335.155029296875,"(1949, 1957)",5.60643599218071e-06,6.8478651720351936e-09,1.725871325294267e-06,4.750267545232746e-05,6.701189273157279e-10,3.4108188761241753e-09,,,,,,3.861928262894509e-09,,4.2511130690055304e-10,4.68719718498658e-09,1.2212992351347543e-07,3.772182386687467e-11,-2.3426314961054566e-06,4.763789827222302e-05,4.529526677611757e-05
DEHHALKAJ00010eLbt_1,251.5595703125,"(1979, 1983)",,,,5.723395968883785e-06,1.8433023805311067e-09,5.943312610705231e-09,,,,,,4.160757278556601e-10,,3.36934225756933e-10,2.981698257316448e-09,4.175680157123696e-09,9.122339181118045e-10,-4.109694921356626e-08,5.740005206161186e-06,5.69890825694762e-06
DEHHALKAJ00010IHbt_1,156.59814453125,"(1979, 1983)",,,,2.7164809161914997e-06,1.8773425396971003e-09,5.037466331157146e-09,,,,,,2.590293478832005e-10,,3.27012713174895e-10,3.01238842696233e-09,3.833754534939383e-09,7.9192987820451e-10,-3.7307861437651936e-08,2.7316198399635185e-06,2.6943119785258667e-06
DEHHALKAJ00010IHbt_3,1.0,"(1979, 1983)",,,,4.6406722724945274e-07,7.539514086189072e-12,2.0230750414141458e-11,,,,,,1.6557518562236879e-12,,1.3133015979826602e-12,1.2098329564961359e-11,1.542081105381105e-11,3.1868103862347235e-12,-1.5020105494995397e-10,4.641286725184123e-07,4.6397847146346235e-07
DEHHALKAJ00010hfbt_0,349.47265625,"(1979, 1983)",,,,7.315712985036958e-06,2.012319166051037e-09,7.477621317022554e-09,,,,,,5.779926062540014e-10,,3.83554941587901e-10,3.278838261215817e-09,4.966660509960659e-09,1.1294566543160648e-09,-4.929409594794455e-08,7.335539428493366e-06,7.286245332545422e-06
DEHHALKAJ00010hfbt_1,1898.00390625,"(1979, 1983)",,,,3.552844275591429e-05,1.0917683712512753e-08,4.0580956778830665e-08,,,,,,3.138959113269865e-09,,2.0811338858827792e-09,1.7789363060626983e-08,2.695083723926816e-08,6.1293008604084176e-09,-2.674902828310187e-07,3.56360309905651e-05,3.536854070773408e-05
DEHHALKAJ00010hfbt_2,343.4482421875,"(1979, 1983)",,,,7.171222395788706e-06,1.975580380774891e-09,7.343218960762508e-09,,,,,,5.68028929068034e-10,,3.7658603994945376e-10,3.219027483299882e-09,4.876856675968916e-09,1.109121756287316e-09,-4.8403598749746136e-08,7.190690816014817e-06,7.142287217265071e-06
DEHHALKAJ00010Nkbt_0,1238.1494140625,"(1979, 1983)",,,,2.2254712110068443e-05,4.6712674428783945e-09,2.0387264907126283e-08,,,,,,2.047677631132937e-09,,9.38510750284138e-10,7.683974846253592e-09,1.2778919059267857e-08,3.0308644009574245e-09,-1.279900758689038e-07,2.2306250589106346e-05,2.2178260513237444e-05
DEHHALKAJ00010nL,362.155517578125,"(1979, 1983)",,,,6.909337269640546e-06,2.089898876239961e-09,7.521938229415541e-09,,,,,,5.989404027022571e-10,,3.9446394192452345e-10,3.3993906620689737e-09,5.057480911279187e-09,1.140055116521122e-09,-5.010204343636458e-08,6.929539437780698e-06,6.879437394344333e-06
DEHHALKAJ00010m4,648.736328125,"(1958, 1968)",2.608068562825154e-12,9.562273475607501e-14,9.907501268004888e-11,1.2915729618984229e-05,1.794900155964355e-10,1.058787500280984e-09,,,,,,1.0728937646518909e-09,,1.2247493138671875e-10,4.766530170130231e-10,2.6407570259274177e-09,4.705271015978652e-11,-2.7207607116600893e-08,1.2921327727949246e-05,1.2894120120832645e-05
DEHHALKAJ00010FLbt_0,2049.407958984375,"(1979, 1983)",,,,4.7641603917070635e-05,7.966260939300213e-09,3.4374055550362776e-08,,,,,,3.3893542356003243e-09,,1.5942516096811395e-09,1.3094613294968507e-08,2.1630916535371267e-08,5.115723165263796e-09,-2.1651613121030576e-07,4.772876909240118e-05,4.7512252961190875e-05
DEHHALKAJ00010cMbt_0,2602.054443359375,"(1979, 1983)",,,,4.666438357360706e-05,9.974103065176937e-09,4.3266809981747974e-08,,,,,,4.303332294893672e-09,,1.999712143531029e-09,1.640050537974336e-08,2.7176598812480194e-08,6.435839812165433e-09,-2.7210189099433413e-07,4.6773940475096795e-05,4.650183858410246e-05
DEHHALKAJ00010cMbt_1,1469.501953125,"(1979, 1983)",,,,2.7198829207406304e-05,5.623373401305041e-09,2.4409383518529122e-08,,,,,,2.4302933112034493e-09,,1.12768157264693e-09,9.246939105233594e-09,1.5328605634289572e-08,3.6306375268334378e-09,-1.534811932829149e-07,2.726062612147634e-05,2.7107144928193425e-05
DEHHALKAJ00010mCbt_1,444.7900390625,"(1979, 1983)",,,,1.0083832662077692e-05,2.8958318798377767e-09,1.0415107150414323e-08,,,,,,7.356413374398404e-10,,5.464622952641373e-10,4.710125950813895e-09,7.004729587065431e-09,1.5786873842280735e-09,-6.938971367132981e-08,1.0111719247662753e-05,1.0042329533991423e-05
DEHHALKAJ00010mCbt_2,996.7177734375,"(1979, 1983)",,,,1.9596930712509093e-05,6.5120864392732725e-09,2.3400365103802936e-08,,,,,,1.6484076525735007e-09,,1.2285406376042913e-09,1.059152863653499e-08,1.5743300896511206e-08,3.547253007612293e-09,-1.5594603482221917e-07,1.9659602194883005e-05,1.9503656160060788e-05
DEHHALKAJ00010mCbt_3,827.095703125,"(1979, 1983)",,,,1.623532788628972e-05,5.397686606660898e-09,1.9401523279949925e-08,,,,,,1.3678906251451405e-09,,1.0183922683329957e-09,8.779157035534064e-09,1.3051497520518012e-08,2.9409767536617616e-09,-1.292844337312514e-07,1.628728501037952e-05,1.6158000576648267e-05
DEHHALKAJ00010mCbt_5,955.916015625,"(1979, 1983)",,,,1.9121495917460877e-05,6.068978675552534e-09,2.196876745188039e-08,,,,,,1.5809308047951706e-09,,1.1474996504074937e-09,9.874695472041929e-09,1.4738370985341569e-08,3.327584543523409e-09,-1.4605459349993136e-07,1.918020274504442e-05,1.9034148151544487e-05
DEHHALKAJ00010mCbt_6,404.677734375,"(1979, 1983)",,,,9.264019387098716e-06,2.640956274584459e-09,9.492691661544478e-09,,,,,,6.693034964329606e-10,,4.982744733129504e-10,4.2954283838712195e-09,6.3858497108853645e-09,1.438966699535245e-09,-6.325679681361397e-08,9.289440857798882e-06,9.226184060985269e-06
DEHHALKAJ00010mCbt_7,1208.5849609375,"(1979, 1983)",,,,2.4235790576862416e-05,7.880101943486924e-09,2.8330923394890743e-08,,,,,,1.998788890274888e-09,,1.4868589469907267e-09,1.2816880829583347e-08,1.9056666199119247e-08,4.294436962636014e-09,-1.8877264917486669e-07,2.4311655234029396e-05,2.412288258485453e-05
DEHHALKAJ00010mCbt_8,772.966796875,"(1979, 1983)",,,,1.565622297361697e-05,4.912302028177882e-09,1.777724086585978e-08,,,,,,1.2783752277753804e-09,,9.287274894427338e-10,7.992584861861684e-09,1.1927548155092213e-08,2.6927759276167543e-09,-1.181981367415033e-07,1.5703732528172796e-05,1.5585534391431294e-05
DEHHALKAJ00010H1,548.575927734375,"(1958, 1968)",2.100381735441465e-12,7.700880584100212e-14,7.978906307830722e-11,1.0397137491763567e-05,1.4437521838366699e-10,8.836865549858204e-10,,,,,,9.072464033293232e-10,,9.799760373046874e-11,3.8139792666105757e-10,2.1130879433131864e-09,5.3017584413648787e-11,-2.1784207621181275e-08,1.0401718300998384e-05,1.0379934093377204e-05
DEHHALKAJ00010oXbt_1,218.86474609375,"(1979, 1983)",,,,4.859423357432617e-06,1.7280526785109965e-09,5.504460709159152e-09,,,,,,3.6199968497778057e-10,,3.147988543371933e-10,2.79365779001259e-09,3.886836450539594e-09,8.461112717126344e-10,-3.8225999463421814e-08,4.874859274871867e-06,4.836633275408445e-06
DEHHALKAJ00010oXbt_3,2.0,"(1979, 1983)",,,,3.8219546200268623e-07,8.580902923244063e-12,3.09531368663866e-11,,,,,,3.309189730152349e-12,,1.62072159779108e-12,1.3959507101186378e-11,2.081280198830293e-11,4.695218682584077e-12,-2.0631119191946564e-10,3.8227939348157595e-07,3.820730822896565e-07
DEHHALKAJ00010IT,575.7099609375,"(1958, 1968)",2.204272236040139e-12,8.081786742934536e-14,8.37356436287052e-11,1.0878591464813812e-05,1.5151640298779294e-10,9.273960564638922e-10,,,,,,9.521212343425813e-10,,1.0284482742187499e-10,4.002628294643444e-10,2.2176055406682914e-09,5.563603489164455e-11,-2.2862838253616814e-08,1.0883398847740053e-05,1.0860536009486436e-05
DEHHALKAJ00010c6bt_0,1959.10400390625,"(1979, 1983)",,,,4.6544922880659514e-05,7.823778537064304e-09,3.3418986955792525e-08,,,,,,3.2400077338641816e-09,,1.5603285386825054e-09,1.2852241538788707e-08,2.110368153762176e-08,4.978285613523916e-09,-2.1112048084080844e-07,4.662990019111485e-05,4.641877971027404e-05
DEHHALKAJ00010mKbt_1,587.4423828125,"(1979, 1983)",,,,1.1384743744560874e-05,3.208559064094145e-09,1.2102461072149095e-08,,,,,,9.715462900899789e-10,,6.144189110958634e-10,5.232282866186779e-09,7.993235401772826e-09,1.825127921987512e-09,-7.94014523457938e-08,1.141669137608825e-05,1.1337289923742457e-05
DEHHALKAJ00010mKbt_5,1272.263671875,"(1979, 1983)",,,,2.4666072124773694e-05,6.956584429277182e-09,2.6231487371280155e-08,,,,,,2.104096990456343e-09,,1.3320108684795215e-09,1.1344089505903921e-08,1.732699220078537e-08,3.956005114046682e-09,-1.7211594829446132e-07,2.4735323391253924e-05,2.4563207442959462e-05
DEHHALKAJ00010mKbt_6,4.0,"(1979, 1983)",,,,2.9056661294985404e-07,1.6099338505329865e-11,6.698339064083802e-11,,,,,,6.6164249522036e-12,,3.1823942626201728e-12,2.6403989818230004e-11,4.270047352907791e-11,1.0005893049239962e-11,-4.26605193891328e-10,2.9073860485461166e-07,2.9031199966072033e-07
DEHHALKAJ00010mKbt_7,1081.10546875,"(1979, 1983)",,,,2.0901063141381807e-05,5.705579470726045e-09,2.1738039159108954e-08,,,,,,1.7879564954714629e-09,,1.096031858058801e-09,9.309448069149632e-09,1.4303399747205476e-08,3.274813690426757e-09,-1.4216633975323653e-07,2.0958278409871954e-05,2.0816112070118717e-05
DEHHALKAJ00010jFbt_0,1671.42822265625,"(1979, 1983)",,,,4.108754005850647e-05,6.708838966047784e-09,2.8602711554852723e-08,,,,,,2.7642436431510077e-09,,1.3371155215948412e-09,1.101942199176428e-08,1.8074121594107618e-08,4.261593969485908e-09,-1.80794373962732e-07,4.116030810574747e-05,4.097951373178474e-05
DEHHALKAJ00010jFbt_2,3374.3359375,"(1979, 1983)",,,,7.964360711747569e-05,1.34208136466011e-08,5.7413493488368745e-08,,,,,,5.5805476832617085e-09,,2.677950921308614e-09,2.2048664141265422e-08,3.623685666173394e-08,8.551428676236528e-09,-3.6254258153844006e-07,7.978953687269444e-05,7.942699429115601e-05
DEHHALKAJ00010jFbt_3,267.119140625,"(1979, 1983)",,,,9.486516291902148e-06,1.0593581566715597e-09,4.536755038836645e-09,,,,,,4.417962990713206e-10,,2.114588768190078e-10,1.7405086510676228e-09,2.86250286303779e-09,6.757020452341891e-10,-2.8641383897849916e-08,9.498044373832887e-06,9.469402989935037e-06
DEHHALKAJ00010Hg,2041.070556640625,"(1958, 1968)",8.440015810519519e-12,3.0944638675915555e-13,3.2061836309289284e-10,4.0919970538588704e-05,5.812419897332764e-10,3.3571500194718934e-09,,,,,,3.3755652065219327e-09,,3.97763830078125e-10,1.5480170162623657e-09,8.576165405236588e-09,1.1839838935990532e-10,-8.836130031650766e-08,4.0937924840445374e-05,4.084956354012887e-05
DEHHALKAJ00010vcbt_0,542.23388671875,"(1979, 1983)",,,,1.0676842930589926e-05,2.4916898271639405e-09,1.0125020065722788e-08,,,,,,8.967708249553851e-10,,4.88691788992357e-10,4.080700431204421e-09,6.507104305260607e-09,1.5154593546945977e-09,-6.491449949553242e-08,1.0702948367187919e-05,1.0638033867692387e-05
DEHHALKAJ00010vcbt_1,1980.101318359375,"(1979, 1983)",,,,4.8728707983278934e-05,8.665188216281205e-09,3.580991235127138e-08,,,,,,3.274733673618611e-09,,1.7090098688983184e-09,1.4205566012021856e-08,2.2876916669968412e-08,5.3512142593087456e-09,-2.2843839158456257e-07,4.88206005243303e-05,4.859216213274574e-05
DEHHALKAJ00010t7bt_1,808.16796875,"(1979, 1983)",,,,1.5232671146612155e-05,4.05779046369564e-09,1.569364013078774e-08,,,,,,1.3365727391926598e-09,,7.83207915513647e-10,6.6264566795270566e-09,1.0268904289249666e-08,2.360580484830307e-09,-1.0215413657691622e-07,1.527379829931495e-05,1.5171644162738032e-05
DEHHALKAJ000115Vbt_1,150.711669921875,"(1979, 1983)",,,,3.3367898362352278e-06,1.605881297739811e-09,4.309055379155502e-09,,,,,,2.49295639776754e-10,,2.797271084558954e-10,2.5768019642851836e-09,3.2794528949590207e-09,6.774321204505466e-10,-3.1914022608253186e-08,3.349767482640051e-06,3.317853460031798e-06
DEHHALKAJ00010us,2035.4248046875,"(1949, 1957)",4.326868886845491e-06,5.284994805802477e-09,1.332004868478732e-06,4.0671044276326506e-05,5.763525355009398e-10,2.9487444958431685e-09,,,,,,3.3662281434008462e-09,,3.689934320759177e-10,3.776619543969116e-09,9.513781156019272e-08,2.899242629288629e-11,-1.8170897098162151e-06,4.077724801846378e-05,3.896015830864756e-05
DEHHALKAJ00010uR,297.6181640625,"(1958, 1968)",1.0255655632991295e-12,3.760153595352079e-14,3.895906826851874e-11,5.039029356026383e-06,7.029525261987304e-11,4.668044605115261e-10,,,,,,4.922071866692038e-10,,4.712486009765626e-11,1.8341347488013712e-10,1.0162519212585772e-09,4.311439459962855e-11,-1.0492939783421763e-08,5.04134856757702e-06,5.030855627793598e-06
DEHHALKAJ00011Iz,3129.6142578125,"(1969, 1978)",,,,0.002059417310677104,0.00011216726869564909,1.3278530869712115e-07,,,,,,5.175821562172992e-09,,1.25470883072876e-09,0.00011217026062780838,4.270753272597426e-06,1.5565841087056875e-09,1.6874347382899252e-05,0.002288166365696357,0.0023050407130792566
DEHHALKAJ00011Ad,125.828369140625,"(1919, 1948)",,,,4.2440726965867047e-07,2.4153254028487645e-09,7.563139633862287e-09,,,,,,2.0809767437899945e-10,,4.833104603247136e-10,4.452176976176928e-09,5.665960337513226e-09,1.1705234919375379e-09,-5.5705882585266625e-08,4.463658036357129e-07,3.906599210504463e-07
DEHHALKAJ00010ta,4191.6552734375,"(1969, 1978)",,,,0.002716555432616201,0.0001502315814221397,1.8200216477494184e-07,,,,,,6.9322472218789726e-09,,1.7460166087810058e-09,0.0001502357242254295,5.721453663153117e-06,2.5807763705787125e-09,2.25853273952708e-05,0.0030229374531318995,0.0030455227805271704
DEHHALKAJ00011DAbt_2,3132.5771484375,"(1979, 1983)",,,,5.855004849435253e-05,1.744349983039996e-08,6.543245693604602e-08,,,,,,5.180722119516424e-09,,3.334547236300784e-09,2.84368621698767e-08,4.3305664759705355e-08,9.873323542259376e-09,-4.3004183714844925e-07,5.8723055570946635e-05,5.829301373379818e-05
DEHHALKAJ00011DAbt_3,4.0,"(1979, 1983)",,,,2.935676260161526e-07,1.761726536788645e-11,7.105643820759775e-11,,,,,,6.616449522655068e-12,,3.4468006622140227e-12,2.8839659693685812e-11,4.58003019589103e-11,1.0646219926226253e-11,-4.5677115405968413e-10,2.937516491514918e-07,2.932948779974321e-07
DEHHALKAJ00011DAbt_4,739.1328125,"(1979, 1983)",,,,1.4783950294296191e-05,4.114698113464022e-09,1.5435855542036537e-08,,,,,,1.222414714430468e-09,,7.865956829712563e-10,6.707920533655989e-09,1.0215787609422923e-08,2.329163156174499e-09,-1.0144740073401405e-07,1.4824762729648347e-05,1.4723315328914333e-05
DEHHALKAJ00011Apbt_0,749.1240234375,"(1979, 1983)",,,,1.4673326180737512e-05,3.949287160440531e-09,1.5051416917384933e-08,,,,,,1.238932559255077e-09,,7.5872721808176e-10,6.44392738134131e-09,9.90250932081873e-09,2.267408821328512e-09,-9.842625691378719e-08,1.4712938390116162e-05,1.4614512133202375e-05
DEHHALKAJ00011Apbt_2,1633.02734375,"(1979, 1983)",,,,3.121628983371156e-05,8.634934738324742e-09,3.288010792941784e-08,,,,,,2.7007353719693745e-09,,1.6584592384498375e-09,1.408865124904513e-08,2.1639323502335652e-08,4.953641316798494e-09,-2.150734314725591e-07,3.130284568705789e-05,3.1087772255585335e-05
DEHHALKAJ000114x,1902.276611328125,"(1969, 1978)",,,,0.0012715484976928775,6.81788033628502e-05,8.299037318500344e-08,,,,,,3.146024874802089e-09,,7.950499468502807e-10,6.818068984822416e-05,2.5965941982439033e-06,1.1731215145502822e-09,1.024909593855993e-05,0.0014105926896717169,0.0014208417856102769
DEHHALKAJ00010q6bt_0,1468.360595703125,"(1979, 1983)",,,,3.69468598768262e-05,6.191992007472138e-09,2.592791675867103e-08,,,,,,2.4284064760708076e-09,,1.2266136996128699e-09,1.015918022017543e-08,1.648728350160912e-08,3.869649384412713e-09,-1.6475607860998116e-07,3.701315091887422e-05,3.684839484026424e-05
DEHHALKAJ00010q6bt_2,781.785888671875,"(1979, 1983)",,,,2.5290814619935073e-05,3.27939343858213e-09,1.3758002944962629e-08,,,,,,1.2929754677634237e-09,,6.500521511784525e-10,5.381121052496246e-09,8.743040365676546e-09,2.0530417238895645e-09,-8.737935470607345e-08,2.5325972247079624e-05,2.523859289237355e-05
DEHHALKAJ00010smbt_1,2395.46142578125,"(1979, 1983)",,,,5.7561877347730083e-05,1.051716276527743e-08,4.34136992973658e-08,,,,,,3.961664814887461e-09,,2.073479148628494e-09,1.7240468018254134e-08,2.7745715276149514e-08,6.488173008047165e-09,-2.770377704291251e-07,5.767331771005869e-05,5.7396279939629566e-05
DEHHALKAJ00010wVbt_1,2108.89404296875,"(1979, 1983)",,,,5.165890201731373e-05,8.931840663354335e-09,3.734227811578318e-08,,,,,,3.4877337122268046e-09,,1.7684423408191768e-09,1.465304041065295e-08,2.375849078757285e-08,5.57400962613288e-09,-2.3739554929123454e-07,5.1754417852970276e-05,5.151702230367904e-05
DEHHALKAJ000116bbt_0,1521.22265625,"(1979, 1983)",,,,2.885715203704258e-05,7.929834528900937e-09,3.032332180808701e-08,,,,,,2.515830439998729e-09,,1.5250710940107575e-09,1.2941292459864454e-08,1.9925169050678923e-08,4.566438847163041e-09,-1.9808470923274265e-07,2.8936878995271283e-05,2.873879428603854e-05
DEHHALKAJ000116bbt_1,364.42578125,"(1979, 1983)",,,,7.993548090817158e-06,1.899679926212609e-09,7.2642884949191795e-09,,,,,,6.027218873385112e-10,,3.653477172544329e-10,3.100231298396727e-09,4.773353311530107e-09,1.0939563390424169e-09,-4.745427549969192e-08,8.012647669791852e-06,7.96519339429216e-06
DEHHALKAJ000112ibt_0,2711.553955078125,"(1979, 1983)",,,,4.882643928515808e-05,1.1006693685681913e-08,4.673204906818106e-08,,,,,,4.484424896803419e-09,,2.1906176542071904e-09,1.807406812008114e-08,2.9571739979221628e-08,6.965189347114364e-09,-2.957310991027564e-07,4.8945464067909365e-05,4.864973296880661e-05
DEHHALKAJ00010qnbt_0,245.83203125,"(1979, 1983)",,,,5.6079636178224774e-06,1.84152428754629e-09,5.915837404953723e-09,,,,,,4.066033164652137e-10,,3.362636051179668e-10,2.978300227805503e-09,4.162679059455239e-09,9.08417213873779e-10,-4.095990595846224e-08,5.6245132429376965e-06,5.583553336979234e-06
DEHHALKAJ00011CB,771.3798828125,"(1958, 1968)",3.101123731075211e-12,1.1370020566528128e-13,1.1780513647457928e-10,1.4655811097358366e-05,2.1342258972448726e-10,1.2589511986335324e-09,,,,,,1.2757242167725931e-09,,1.4562880807617189e-10,5.66762969817885e-10,3.1399623059426734e-09,5.586375774878596e-11,-3.2375265878693324e-08,1.4662467413205081e-05,1.4630092147326388e-05
DEHHALKAJ00010tV,784.91015625,"(1958, 1968)",3.1555185279578862e-12,1.1569454711341728e-13,1.1987147984748583e-10,1.4912036817190827e-05,2.1716609673193356e-10,1.2810336437964436e-09,,,,,,1.2981008657773946e-09,,1.481831883984375e-10,5.767041893849985e-10,3.195038309453924e-09,5.684352647245076e-11,-3.294316827473596e-08,1.4918809887010842e-05,1.4885866718736107e-05
DEHHALKAJ00010qObt_1,255.96484375,"(1979, 1983)",,,,2.9691003412028842e-06,1.3198107162141642e-09,4.556091926999735e-09,,,,,,4.233375330194083e-10,,2.4602523365982503e-10,2.1421194844676366e-09,3.113743948879388e-09,6.937358692089189e-10,-3.077028095696852e-08,2.9815952059153333e-06,2.950824924958365e-06
DEHHALKAJ00010txbt_0,3319.781494140625,"(1979, 1983)",,,,7.710092801619199e-05,1.2794201266897888e-08,5.538609931342517e-08,,,,,,5.490324377048447e-09,,2.563301819548616e-09,2.1034896283897653e-08,3.4814446703461716e-08,8.240367160913664e-09,-3.485401558904402e-07,7.724125165311717e-05,7.689271149722673e-05
DEHHALKAJ00010txbt_1,5.0,"(1979, 1983)",,,,7.890508888995266e-07,1.877440806159867e-11,8.208942655762253e-11,,,,,,8.272358716318297e-12,,3.774383728658137e-12,3.088709434068205e-11,5.145954464233165e-11,1.2211577281183643e-11,-5.156536254559075e-10,7.892583576928548e-07,7.887427040673989e-07
DEHHALKAJ00010txbt_3,1025.52490234375,"(1979, 1983)",,,,2.5912696847691393e-05,3.913627845949192e-09,1.7005738282520464e-08,,,,,,1.6960434092892632e-09,,7.85101964503104e-10,6.435909472134739e-09,1.0675790391934379e-08,2.5292766450672006e-09,-1.069019569486791e-07,2.595573833570279e-05,2.584883637875411e-05
DEHHALKAJ00010txbt_4,917.706298828125,"(1979, 1983)",,,,2.3819966802591493e-05,3.5102724136811406e-09,1.523958469680932e-08,,,,,,1.5177370216408556e-09,,7.039718646793661e-10,5.772274107298695e-09,9.569973186399295e-09,2.2667883131293606e-09,-9.582437038040884e-08,2.3858547404195128e-05,2.376272303381472e-05
DEHHALKAJ000115Cbt_1,2089.410400390625,"(1979, 1983)",,,,4.974826350698857e-05,8.581532801242665e-09,3.627872477046061e-08,,,,,,3.455511178608436e-09,,1.7054582257950145e-09,1.4087969086030652e-08,2.2992079537030956e-08,5.409535095550579e-09,-2.2987976676750305e-07,4.9840774317683286e-05,4.9610894550915785e-05
DEHHALKAJ00010wo,2266.988525390625,"(1949, 1957)",5.4427761339844e-06,6.647966226507984e-09,1.6754906811993948e-06,4.61160068099323e-05,6.505572006194605e-10,3.3112522112450394e-09,,,,,,3.749193072083032e-09,,4.127017018855262e-10,4.550371323480405e-09,1.1856477924797719e-07,3.6626853968401145e-11,-2.2742447343253056e-06,4.624728229154356e-05,4.3973037557218255e-05
DEHHALKAJ00011CH,281.9130859375,"(1979, 1983)",,,,9.307174015665903e-06,1.8391403308593407e-09,6.052466413902867e-09,,,,,,4.662338073375725e-10,,3.3812183744797466e-10,2.9779102308289298e-09,4.216997885991218e-09,9.267721970739859e-10,-4.155569222521087e-08,9.323991658369346e-06,9.282435966144135e-06
DEHHALKAJ00011Az,630.8408203125,"(1979, 1983)",,,,1.1847359464766267e-05,3.180421355860179e-09,1.2285007401598912e-08,,,,,,1.0432977667168092e-09,,6.136194749209719e-10,5.193325484485577e-09,8.04223033937045e-09,1.8481020850673949e-09,-7.999762552949091e-08,1.1879565468674288e-05,1.1799567843144798e-05
DEHHALKAJ000116qbt_0,492.901611328125,"(1979, 1983)",,,,1.496552593599978e-05,2.0143064028828034e-09,8.531172608149846e-09,,,,,,8.152045107313383e-10,,4.0056323683520865e-10,3.307186420599376e-09,5.4034516523594364e-09,1.271912361515047e-09,-5.403130458722725e-08,1.4987269733192854e-05,1.4933238428605627e-05
DEHHALKAJ000116qbt_1,3410.601806640625,"(1979, 1983)",,,,8.002323771702997e-05,1.3989962947976966e-08,5.917070328090824e-08,,,,,,5.640524946501937e-09,,2.7807467771830725e-09,2.2967441399955512e-08,3.749396885942903e-08,8.822561750203022e-09,-3.748822115049127e-07,8.017410362699213e-05,7.979922141548721e-05
DEHHALKAJ000116qbt_2,500.728759765625,"(1979, 1983)",,,,1.5146927155260415e-05,2.046054045162165e-09,8.666004044120725e-09,,,,,,8.281491605985729e-10,,4.0688244215310565e-10,3.3593200991902894e-09,5.488765961076364e-09,1.2920083848290814e-09,-5.488451194844082e-08,1.5169014339397545e-05,1.5114129827449104e-05
DEHHALKAJ00011dJbt_0,2015.93505859375,"(1979, 1983)",,,,4.823360259575271e-05,8.336532532500166e-09,3.515530458431805e-08,,,,,,3.3339961494186966e-09,,1.6553742658621577e-09,1.3683657812872312e-08,2.2299497677695166e-08,5.2432572158267745e-09,-2.2292429457365132e-07,4.8323310215991205e-05,4.8100385921417555e-05
DEHHALKAJ00011cK,1854.052734375,"(1969, 1978)",,,,0.0009600289389834053,6.229750585916061e-05,7.702460393556023e-08,,,,,,3.0662712176313084e-09,,8.8234986500539e-10,6.229960760735384e-05,2.3759493523795464e-06,1.1442979047607115e-09,9.331116964433962e-06,0.0010870841193252221,0.0010964152362896561
DEHHALKAJ00017ydbt_0,1094.767578125,"(1979, 1983)",,,,2.1137582051875638e-05,5.751226648037442e-09,2.194175928838413e-08,,,,,,1.8105508499266332e-09,,1.105274389535175e-09,9.384643076755844e-09,1.443013016711814e-08,3.3050384696570555e-09,-1.4343719235930883e-07,2.119531067476505e-05,2.105187348240574e-05
DEHHALKAJ00017ydbt_1,1008.275390625,"(1979, 1983)",,,,1.9527934995626554e-05,5.463495741805546e-09,2.0655407408275892e-08,,,,,,1.66751145786265e-09,,1.046979888602999e-09,8.910607758720511e-09,1.3630376093082685e-08,3.1142179884237167e-09,-1.3541646802971985e-07,1.9582423591963328e-05,1.9447007123933607e-05
DEHHALKAJ00017ydbt_2,4.0,"(1979, 1983)",,,,3.145209278761669e-07,1.6254472540025114e-11,6.739966122549114e-11,,,,,,6.616533614132951e-12,,3.2094169292453305e-12,2.6652939573671678e-11,4.301854459869071e-11,1.00716679397078e-11,-4.29707530709343e-10,3.1469415111258793e-07,3.142644435818786e-07
DEHHALKAJ00017xx,1821.58984375,"(1949, 1957)",5.466779949351777e-06,6.677211031333903e-09,1.6828011164089677e-06,3.65319188623268e-05,5.08992689413432e-10,2.5536457550533047e-09,,,,,,3.0125834274451986e-09,,3.1468062462254605e-10,4.181892325263893e-09,1.1693525494622862e-07,3.6766502743590396e-11,-2.2621142946081725e-06,3.665946267859757e-05,3.43973483839894e-05
DEHHALKAJ00018HM,2063.482666015625,"(1919, 1948)",1.2641025124085685e-11,4.634730120652745e-13,4.802058282934672e-10,3.748348138605077e-05,1.1930198348480662e-08,3.8517052951705854e-08,,,,,,3.4126308252976534e-09,,2.644404187865966e-09,2.2434344303618313e-08,3.45722733976484e-08,5.526806403449308e-09,-3.446800961143672e-07,3.760251909646884e-05,3.7257839000354474e-05
DEHHALKAJ00018Kk,5639.3310546875,"(1969, 1978)",,,,0.003629977174938814,0.00020211709786374017,2.3877079265791127e-07,,,,,,9.326443728346458e-09,,2.3030768618115234e-09,0.00020212259257498536,7.696485714189181e-06,2.8030160056469305e-09,3.039740299980557e-05,0.004042166554420982,0.004072563957420788
DEHHALKAJ00018CN,1930.560302734375,"(1984, 1994)",,,,5.108564235456461e-05,8.160610743453337e-09,3.037897027854352e-08,,,,,,3.1928010354192235e-09,,1.6164903154349129e-09,1.3391060852686634e-08,2.1721493000926387e-08,5.079954988587358e-09,-2.1592038543821587e-07,5.116918373577966e-05,5.0953263350341444e-05
DEHHALKAJ00018HHbt_1,242.92333984375,"(1979, 1983)",,,,5.043939806910817e-06,2.1306421632544488e-09,6.6800962386353815e-09,,,,,,4.0179307222582814e-10,,3.8644152535522716e-10,3.441941924914315e-09,4.7482838322493005e-09,1.0288070339105953e-09,-4.6653050159706504e-08,5.062757812701362e-06,5.016104762541655e-06
DEHHALKAJ00018HHbt_4,2.0,"(1979, 1983)",,,,3.106515827455171e-07,6.91022870344908e-12,2.647022287781458e-11,,,,,,3.3088791555450754e-12,,1.329708264904767e-12,1.1278677104797858e-11,1.7397391526639642e-11,3.989496373386412e-12,-1.7305385970558017e-10,3.107222673495237e-07,3.105492134898181e-07
DEHHALKAJ00018Aqbt_0,256.037109375,"(1979, 1983)",,,,5.149361249199051e-06,2.037894441131536e-09,6.48320980675304e-09,,,,,,4.234793357740951e-10,,3.7111218539985274e-10,3.294366239461291e-09,4.580332233730491e-09,9.967038833293701e-10,-4.5042717978567953e-08,5.16754834732463e-06,5.122505629346062e-06
DEHHALKAJ00018Aqbt_3,2.0,"(1979, 1983)",,,,4.5057534000727965e-07,1.0220550336099993e-11,3.5352796738027995e-11,,,,,,3.3094860738815456e-12,,1.9063303973523607e-12,1.6590548607056343e-11,2.4164685242733085e-11,5.387808900630361e-12,-2.389493871299501e-10,4.506722722135755e-07,4.504333228264455e-07
DEHHALKAJ00018JBbt_0,2957.1845703125,"(1979, 1983)",,,,5.6873494689990884e-05,1.871123554208201e-08,6.779127907947163e-08,,,,,,4.890654337831534e-09,,3.5387956423897718e-09,3.044604617838447e-08,4.546421709551103e-08,1.0267259957959161e-08,-4.505646890144505e-07,5.7054604177824517e-05,5.6604039488810065e-05
DEHHALKAJ00018JBbt_2,1032.3818359375,"(1979, 1983)",,,,2.0517978110548068e-05,6.341932839418345e-09,2.3155851936507206e-08,,,,,,1.7073851824188007e-09,,1.2022725507553708e-09,1.0323589279073603e-08,1.5483350706565615e-08,3.5041206575876325e-09,-1.5351468221561996e-07,2.0579696613700393e-05,2.0426181931484774e-05
DEHHALKAJ00018JBbt_3,227.9736328125,"(1979, 1983)",,,,5.781856532764483e-06,1.4424761929851506e-09,5.226127689121552e-09,,,,,,3.7705664494312485e-10,,2.728108710141781e-10,2.347130960883777e-09,3.5049769440457946e-09,7.915375691528146e-10,-3.473582583409201e-08,5.79581864963663e-06,5.761082823802538e-06
DEHHALKAJ00018JBbt_4,467.2900390625,"(1979, 1983)",,,,1.0435368606969936e-05,2.9567224430780675e-09,1.0712280108304346e-08,,,,,,7.728511508336135e-10,,5.591953815015925e-10,4.811041588656758e-09,7.184267444962642e-09,1.622437979486558e-09,-7.119876640905515e-08,1.0463987403066762e-05,1.0392788636657707e-05
DEHHALKAJ00018JBbt_6,805.4248046875,"(1979, 1983)",,,,1.625095525036451e-05,4.955662772639734e-09,1.808658667608379e-08,,,,,,1.3320515889999134e-09,,9.39348262578173e-10,8.066793139298663e-09,1.2095723028153892e-08,2.737129040150099e-09,-1.199240501410195e-07,1.6299168544872413e-05,1.617924449473139e-05
DEHHALKAJ00018IEbt_1,2018.47900390625,"(1979, 1983)",,,,4.7056685019026134e-05,7.830139275913502e-09,3.38126362047291e-08,,,,,,3.33820328592141e-09,,1.5674225248666446e-09,1.2871484719748405e-08,2.127201383897049e-08,5.0318144743237385e-09,-2.1293274474576872e-07,4.714240873335061e-05,4.692947598860484e-05
DEHHALKAJ00018Agbt_1,2096.561279296875,"(1979, 1983)",,,,4.9868180644623505e-05,8.607900281437122e-09,3.639483044831945e-08,,,,,,3.467337448463927e-09,,1.710772085695163e-09,1.4131366773819942e-08,2.3064635030214576e-08,5.4267817779521306e-09,-2.3060681496099142e-07,4.9960984268469404e-05,4.973037745350841e-05
DEHHALKAJ00018Eb,783.423828125,"(1958, 1968)",3.1495431486106885e-12,1.1547546463892698e-13,1.1964448781474935e-10,1.4915305396015014e-05,2.16754864854248e-10,1.2786078421697422e-09,,,,,,1.2956427461914737e-09,,1.4790258451171876e-10,5.756121298565624e-10,3.1889882779719735e-09,5.673657100182348e-11,-3.28807124327309e-08,1.492206564103157e-05,1.488918492859884e-05
DEHHALKAJ00018DZbt_0,155.06689453125,"(1979, 1983)",,,,3.754484902237238e-06,2.2742316948036146e-09,6.1024375411383855e-09,,,,,,2.565092154936913e-10,,3.961465002684393e-10,3.6492381514594096e-09,4.644273725808749e-09,9.593583685362423e-10,-4.5195498977683374e-08,3.772767097434747e-06,3.7275715984570634e-06
DEHHALKAJ00018BC,781.921875,"(1958, 1968)",3.1435049531862526e-12,1.152540790635222e-13,1.1941510953199726e-10,1.5067374719336801e-05,2.163393099082031e-10,1.2761565393432853e-09,,,,,,1.2931587956368666e-09,,1.4761903078124999e-10,5.745089114121346e-10,3.182882083418438e-09,5.6649472458146744e-11,-3.281148599462323e-08,1.5074122033479759e-05,1.5041310547485136e-05
DEHHALKAJ00018Aebt_0,1.0,"(1979, 1983)",,,,2.738252322953165e-07,5.5132249253234416e-12,1.479361616228767e-11,,,,,,1.654978676584874e-12,,9.60343998524832e-13,8.84677286184421e-12,1.1272872396184527e-11,2.3294144178809585e-12,-1.0978005022687703e-10,2.7387060351875513e-07,2.7376082346852823e-07
DEHHALKAJ00018Aebt_1,112.166748046875,"(1979, 1983)",,,,2.5734859140367675e-06,1.3362537451419788e-09,3.5855647590670514e-09,,,,,,1.855408815029081e-10,,2.3276091253943264e-10,2.14415655653097e-09,2.7288193186986414e-09,5.63688398508707e-10,-2.655545141031172e-08,2.5842626986087575e-06,2.5577072471984456e-06
DEHHALKAJ000186hbt_0,337.203125,"(1979, 1983)",,,,9.10526357613812e-06,1.9406966311911167e-09,6.544142649898913e-09,,,,,,5.577182364180482e-10,,3.592957065964504e-10,3.146126519727948e-09,4.514763155352702e-09,9.991954389369641e-10,-4.455453600707041e-08,9.123325514476243e-06,9.078770978469172e-06
DEHHALKAJ000186hbt_2,134.65625,"(1979, 1983)",,,,5.992870982138121e-06,7.727340484034325e-10,2.6072539333320614e-09,,,,,,2.22728546522219e-10,,1.4308667364285216e-10,1.2527436409185334e-09,1.798424905746353e-09,3.980956713278256e-10,-1.774930823016913e-08,6.000066049558015e-06,5.982316741327846e-06
DEHHALKAJ00018KPbt_0,365.4599609375,"(1979, 1983)",,,,7.750464688006992e-06,1.9154286927524634e-09,7.312696359190017e-09,,,,,,6.044305817327956e-10,,3.6818872815718757e-10,3.1256491236561624e-09,4.808036107635689e-09,1.1014261401337185e-09,-4.77945505028904e-08,7.76970054374025e-06,7.72190599323736e-06
DEHHALKAJ00018KPbt_1,1415.4833984375,"(1979, 1983)",,,,2.693582276966027e-05,7.4415574542787275e-09,2.8384401595554877e-08,,,,,,2.3409566799827775e-09,,1.4300244687598257e-09,1.2142714117349751e-08,1.866867421676106e-08,4.275570645930972e-09,-1.855663643875765e-07,2.7010506668838894e-05,2.6824940304451316e-05
DEHHALKAJ000189D,1904.2724609375,"(1969, 1978)",,,,0.0012528538240881295,6.825030972328554e-05,8.276109372169087e-08,,,,,,3.1493256525699275e-09,,7.778700686828614e-10,6.825215419778964e-05,2.598931021310494e-06,1.172621711237631e-09,1.026380382046842e-05,0.0013920430799416695,0.001402306883762138
DEHHALKAJ00018BIbt_0,569.5986328125,"(1979, 1983)",,,,1.1676743363672207e-05,2.981100822054972e-09,1.1386023847350622e-08,,,,,,9.420383127843655e-10,,5.731116316199143e-10,4.8647574624212895e-09,7.48501283142633e-09,1.7148632383272528e-09,-7.440688744982096e-08,1.1706690271818192e-05,1.1632283384368372e-05
DEHHALKAJ00018BIbt_1,2463.298828125,"(1979, 1983)",,,,4.624340400971204e-05,1.2912711307552847e-08,4.929546399601623e-08,,,,,,4.073855599775891e-09,,2.4820754843681103e-09,2.1071251385947814e-08,3.241164305356505e-08,7.4247552174133e-09,-3.221870832732613e-07,4.637307576575668e-05,4.6050888682483425e-05
DEHHALKAJ00018BIbt_2,540.2412109375,"(1979, 1983)",,,,1.1171967202880568e-05,2.8319661072500227e-09,1.081129128909013e-08,,,,,,8.934874864471008e-10,,5.44359234861482e-10,4.621266586451862e-09,7.108450075778161e-09,1.628383222864447e-09,-7.066164439923861e-08,1.1200406406883311e-05,1.1129744762484073e-05
DEHHALKAJ00018G0bt_0,862.81982421875,"(1979, 1983)",,,,2.2698989955207678e-05,3.3209216340811025e-09,1.4383387081602507e-08,,,,,,1.426967499952901e-09,,6.654555177238639e-10,5.460087458573139e-09,9.039676558512202e-09,2.139906103131216e-09,-9.050273247613177e-08,2.2735426357061257e-05,2.2644923624585124e-05
DEHHALKAJ00018G0bt_1,270.10009765625,"(1979, 1983)",,,,9.40975149493971e-06,1.0424292016358262e-09,4.510236133333434e-09,,,,,,4.467253611317568e-10,,2.0881056782322426e-10,1.713798032940713e-09,2.8357268820142177e-09,6.711124566033685e-10,-2.838953605297356e-08,9.421180333575194e-06,9.39279079752222e-06
DEHHALKAJ00018Cj,3124.43359375,"(1984, 1994)",,,,7.53776638172307e-05,1.1882083381755175e-08,4.5609891289967566e-08,,,,,,5.167253671359857e-09,,2.3853202460332627e-09,1.9545912832390047e-08,3.2447877825759355e-08,7.66238344839782e-09,-3.231087562493798e-07,7.550236453992637e-05,7.517925578367699e-05
DEHHALKAJ00018FFbt_0,2110.159912109375,"(1979, 1983)",,,,5.146585149020512e-05,8.849067279849917e-09,3.7128201280754465e-08,,,,,,3.489827215570348e-09,,1.7541517362154362e-09,1.4520414623856883e-08,2.3592765195094382e-08,5.540175711070372e-09,-2.3578649249310807e-07,5.1560726093247526e-05,5.132493960075442e-05
DEHHALKAJ00018II,782.5390625,"(1979, 1983)",,,,1.4754333475816356e-05,3.58399448169365e-09,1.4580114752237687e-08,,,,,,1.2941794821946336e-09,,7.031862826924136e-10,5.869989400879087e-09,9.366454676778336e-09,2.1820237413939958e-09,-9.344500263291135e-08,1.4791913418634225e-05,1.4698468416001313e-05
DEHHALKAJ00018ALbt_1,2274.87548828125,"(1979, 1983)",,,,5.246339430892527e-05,8.516369989252539e-09,3.728017210117305e-08,,,,,,3.7622371320180625e-09,,1.7128056201678156e-09,1.4011637105844986e-08,2.334430835448857e-08,5.540887237761315e-09,-2.338518063032563e-07,5.2557562726465975e-05,5.232371092016272e-05
DEHHALKAJ00018GKbt_0,2961.810546875,"(1979, 1983)",,,,5.54285943373551e-05,1.6548267446990347e-08,6.201490091250179e-08,,,,,,4.898304747276634e-09,,3.162467283570284e-09,2.6976003824926476e-08,4.1058616205113006e-08,9.358580101065015e-09,-4.077051629974175e-07,5.559261147787654e-05,5.518490631487912e-05
DEHHALKAJ0001861bt_0,4.0,"(1979, 1983)",,,,4.3236329708454277e-07,2.0469344928822166e-11,7.870941280237426e-11,,,,,,6.617073590002109e-12,,3.943601994784227e-12,3.3416234430353267e-11,5.163178653390077e-11,1.185122310163721e-11,-5.135597948897682e-10,4.325699357619246e-07,4.3205637596703486e-07
DEHHALKAJ0001861bt_1,1552.9619140625,"(1979, 1983)",,,,4.019148976978238e-05,7.947028270067302e-09,3.055818009007765e-08,,,,,,2.5683246024314775e-09,,1.5310659255302022e-09,1.2973420225897433e-08,2.0038721582015312e-08,4.599328454519275e-09,-1.992802992961828e-07,4.027170583893293e-05,4.007242553963675e-05
DEHHALKAJ0001861bt_2,4.0,"(1979, 1983)",,,,4.83218397602033e-07,2.0469344928822166e-11,7.870941280237426e-11,,,,,,6.617283865568651e-12,,3.943601994784227e-12,3.3416280087228713e-11,5.163450633107083e-11,1.185193853904782e-11,-5.13601381461285e-10,4.83425039970582e-07,4.829114385891207e-07
DEHHALKAJ00018DMbt_0,1620.308837890625,"(1979, 1983)",,,,3.880756351198186e-05,6.2116839627000975e-09,2.6944476484196636e-08,,,,,,2.679701262930289e-09,,1.245362803601713e-09,1.021390460560459e-08,1.6925068469464067e-08,4.008084439242011e-09,-1.6946218656734873e-07,3.88757917940096e-05,3.870632960744225e-05
DEHHALKAJ00018DMbt_1,4452.340087890625,"(1979, 1983)",,,,0.00010048938218318269,1.770200528170115e-08,7.573836004444913e-08,,,,,,7.3633732783078926e-09,,3.5323693169858396e-09,2.9082349150390823e-08,4.780023396291048e-08,1.128061230186918e-08,-4.782341460003629e-07,0.00010068188148651931,0.00010020364734051895
DEHHALKAJ00018Go,856.5146484375,"(1949, 1957)",2.9545132282499424e-06,3.6086733079813097e-09,9.094507874645485e-07,1.7680974130768044e-05,2.446462970002899e-10,1.2173779863336912e-09,,,,,,1.4165218801215787e-09,,1.4902807074289663e-10,2.1782134567342522e-09,6.27438543899408e-08,1.9784086528943533e-11,-1.2179128176279591e-06,1.7748943556935452e-05,1.6531030739307494e-05
DEHHALKAJ0004nAHbt_0,74.17138671875,"(1979, 1983)",,,,6.2908184906108835e-06,1.2643880390436501e-09,3.392727774244039e-09,,,,,,1.2271351411596073e-10,,2.2024268582347285e-10,2.0288441425600632e-09,2.5822678599979825e-09,5.334266230572408e-10,-2.5130449913118813e-08,6.300963101249725e-06,6.275832651336606e-06
DEHHALKAJ0004nAHbt_1,119.199951171875,"(1979, 1983)",,,,7.900710796697306e-06,2.037388285802327e-09,5.466916492969431e-09,,,,,,1.9720151664639783e-10,,3.5489094666680473e-10,3.2692026686801783e-09,4.160851668882423e-09,8.595125428606625e-10,-4.049245223354765e-08,7.917056760819813e-06,7.876564308586266e-06
DEHHALKAJ0004nAHbt_2,530.823486328125,"(1979, 1983)",,,,8.467159882402712e-06,9.662680227838852e-09,2.592783431218131e-08,,,,,,8.780521344737751e-10,,1.6831341169932774e-09,1.5504755355923122e-08,1.9732035940424086e-08,4.075984733949164e-09,-1.9201901705709121e-07,8.544624359224494e-06,8.352605342167403e-06
DEHHALKAJ0004nAD,409.1875,"(1919, 1948)",,,,1.9195171287736315e-06,1.0924188763937512e-08,3.4207053389527156e-08,,,,,,6.767231449256846e-10,,2.1859475720933725e-09,2.013657483546183e-08,2.5626377990656765e-08,5.292770652688557e-09,-2.519420698290854e-07,2.0185667651229228e-06,1.7666246952938375e-06
DEHHALKA10004m2m,939.4140625,"(2010, 2015)",2.2554210278184432e-06,2.754730236008521e-09,6.941893612923832e-07,3.568728510969451e-05,4.583088774574314e-09,3.85855186480264e-08,,,,,,1.5536226388678975e-09,,9.119578190730846e-10,8.715900865707891e-09,5.781532745607165e-08,2.8644997937653364e-09,-1.0340933434811364e-06,3.58023150256906e-05,3.4768221682209464e-05
DEHHALKA10004m2qbt_0,721.5634765625,"(1979, 1983)",,,,2.306779761108849e-05,4.243352225662441e-09,1.5676604959963616e-08,,,,,,1.1933971156655585e-09,,8.073452505711017e-10,6.911859774606752e-09,1.0435862657853362e-08,2.3694447779503617e-09,-1.0354318924274965e-07,2.3109435477850766e-05,2.3005892288608016e-05
DEHHALKA10004m2qbt_1,1156.0927734375,"(1979, 1983)",,,,3.390647328859505e-05,6.898053054231662e-09,2.538367543113207e-08,,,,,,1.9120152493513017e-09,,1.3108353269547845e-09,1.1233603260157144e-08,1.6923070254224526e-08,3.8381935834865185e-09,-1.678688186216341e-07,3.39739727347546e-05,3.380610391613296e-05
DEHHALKA10004m2qbt_3,4.0,"(1979, 1983)",,,,8.042710449837924e-07,2.351235868630588e-11,8.687472042441614e-11,,,,,,6.618605117064597e-12,,4.47366199397001e-12,3.8299391681560355e-11,5.7865633584427197e-11,1.3140044684484062e-11,-5.743332139746272e-10,8.045018293999647e-07,8.039274961859901e-07
DEHHALKA10004m2qbt_4,536.603515625,"(1979, 1983)",,,,1.8126592261531345e-05,3.166530315749269e-09,1.168739637650972e-08,,,,,,8.875040192004916e-10,,6.022928716114714e-10,5.157595953844477e-09,7.783096429485351e-09,1.7666852897639e-09,-7.721884959748585e-08,1.8157643362787513e-05,1.808042451319003e-05
DEHHALKA10004m2qbt_5,214.171875,"(1979, 1983)",,,,1.1124053689989607e-05,1.2683140364215682e-09,4.676733435827401e-09,,,,,,3.542458234064626e-10,,2.411692247089984e-10,2.0657057541827816e-09,3.1157696373456493e-09,7.070695996399725e-10,-3.0912031520471325e-08,1.1136482697501139e-05,1.1105570665980668e-05
DEHHALKA10004m2qbt_6,1783.365234375,"(1979, 1983)",,,,3.23222650685952e-05,1.091000864415035e-08,3.987871803480894e-08,,,,,,2.9493672903040396e-09,,2.068961781467191e-09,1.776068834346903e-08,2.6653857833749256e-08,6.03399613476418e-09,-2.642843429914693e-07,3.2428520666657916e-05,3.2164236323666446e-05
DEHHALKA4jt0009d,252.872314453125,"(1979, 1983)",,,,4.670618681453461e-06,1.053284956406542e-09,4.1627954517256434e-09,,,,,,4.18205541280737e-10,,2.0471569273968684e-10,1.7221769407547357e-09,2.702330060123796e-09,6.247878714005039e-10,-2.6915985016017032e-08,4.681506977967893e-06,4.654590992951876e-06
DEHHALKAJ00010Ekbt_0,1471.39453125,"(1979, 1983)",,,,3.663401080138197e-05,5.198944466767067e-09,2.367136053387006e-08,,,,,,2.433423655108025e-09,,1.0601223633281773e-09,8.575526924693813e-09,1.4627732679174196e-08,3.50585394320835e-09,-1.4684890864733355e-07,3.669308376594811e-05,3.654623485730078e-05
DEHHALKAJ00010Ekbt_1,999.82470703125,"(1979, 1983)",,,,2.8326754146803978e-05,4.12730182310231e-09,1.7680308706923092e-08,,,,,,1.6535503621168405e-09,,8.239306110699598e-10,6.781201971156119e-09,1.1153997161645686e-08,2.6331062468904307e-09,-1.1160298139507944e-07,2.837160754368688e-05,2.8260004562291802e-05
DEHHALKAJ00010Ekbt_2,844.66259765625,"(1979, 1983)",,,,2.428477703437914e-05,3.487292673048747e-09,1.4937866084796546e-08,,,,,,1.3969461929164043e-09,,6.961531742019216e-10,5.729640907760284e-09,9.424064095647681e-09,2.22469386628791e-09,-9.429369582700048e-08,2.43226736913738e-05,2.42283799955468e-05
DEHHALKAJ000108Abt_1,178.4765625,"(1979, 1983)",,,,4.2401534076238835e-06,1.55239771732687e-09,4.873026999712089e-09,,,,,,2.952028528715577e-10,,2.8165677799083337e-10,2.507959412367443e-09,3.4620779357432475e-09,7.503951609366092e-10,-3.401841364461349e-08,4.253876124480832e-06,4.219857710836218e-06
DEHHALKAJ00010fMbt_0,259.5771484375,"(1979, 1983)",,,,6.064184990123484e-06,2.1224478772298593e-09,6.72412450161995e-09,,,,,,4.2933713180926514e-10,,3.860635373635157e-10,3.4303783680908468e-09,4.75883274083806e-09,1.0342770848480509e-09,-4.67865160768334e-08,6.083070451365284e-06,6.03628393528845e-06
DEHHALKAJ00010Uobt_1,500.1552734375,"(1979, 1983)",,,,9.757629209013473e-06,2.9256330351850204e-09,1.0824275477368615e-08,,,,,,8.27193394533029e-10,,5.568862348409635e-10,4.7658440262666375e-09,7.201342713503937e-09,1.6356958698555216e-09,-7.145503919561545e-08,9.786366079765027e-06,9.714911040569411e-06
DEHHALKAJ00010Uobt_2,1223.4169921875,"(1979, 1983)",,,,2.3972142003864993e-05,7.1563159647415235e-09,2.6476982750010002e-08,,,,,,2.0233138583679168e-09,,1.362185142500332e-09,1.1657608948725819e-08,1.7615023209633038e-08,4.001035220922682e-09,-1.747843896595556e-07,2.4042434468959895e-05,2.3867650079300338e-05
DEHHALKAJ00010Uobt_3,564.212890625,"(1979, 1983)",,,,1.1501788865084845e-05,3.2969683492427942e-09,1.2201566270412108e-08,,,,,,9.331350027902117e-10,,6.27623290796407e-10,5.37083027417475e-09,8.116809945360626e-09,1.8437752934815742e-09,-8.054018344343376e-08,1.1534179573511102e-05,1.1453639390067668e-05
DEHHALKAJ00010fabt_0,1952.767333984375,"(1979, 1983)",,,,4.6287516272014965e-05,7.3962607286271205e-09,3.223164013740672e-08,,,,,,3.229527970222885e-09,,1.485220727711917e-09,1.2165281366025137e-08,2.0214083374612638e-08,4.79252283112337e-09,-2.0244496807064615e-07,4.63690308091507e-05,4.616658584108005e-05
DEHHALKAJ00010eubt_0,2041.06201171875,"(1979, 1983)",,,,4.041120708961987e-05,1.0607219930352144e-08,4.1407597549522845e-08,,,,,,3.375551512494936e-09,,2.0534366142157164e-09,1.7331022405394725e-08,2.700164018706807e-08,6.222472136131298e-09,-2.6875311669571776e-07,4.051920602995505e-05,4.025045291325933e-05
DEHHALKAJ00010eubt_1,5.0,"(1979, 1983)",,,,6.326319868848982e-07,1.8201605471954673e-11,8.05524274758264e-11,,,,,,8.271567787567672e-12,,3.674607728811401e-12,2.996783421933923e-11,5.028149314326194e-11,1.1967759903727493e-11,-5.041432593413094e-10,6.328349041806286e-07,6.323307609212873e-07
DEHHALKAJ00010eubt_2,5.0,"(1979, 1983)",,,,5.184979307960552e-07,1.8201605471954673e-11,8.05524274758264e-11,,,,,,8.271114038378462e-12,,3.674607728811401e-12,2.996773175165498e-11,5.027538910493346e-11,1.1966154248194035e-11,-5.040499266364726e-10,5.187008398258749e-07,5.181967898992384e-07
DEHHALKAJ00010eubt_3,707.8662109375,"(1979, 1983)",,,,1.2813021250007827e-05,3.1389397584446743e-09,1.291229406797144e-08,,,,,,1.170685173227493e-09,,6.181342766600714e-10,5.1444878891430316e-09,8.26219822235387e-09,1.930328502353234e-09,-8.247980339471884e-08,1.284619831789798e-05,1.2763718514503262e-05
DEHHALKAJ00010eubt_5,5.0,"(1979, 1983)",,,,6.637346845281882e-07,1.8201605471954673e-11,8.05524274758264e-11,,,,,,8.271687852049553e-12,,3.674607728811401e-12,2.996786214283123e-11,5.028315655613835e-11,1.196819746128295e-11,-5.041686934579811e-10,6.63937604072877e-07,6.63433435379419e-07
DEHHALKAJ00010hr,1848.1787109375,"(1969, 1978)",,,,0.0012388824523782923,6.623988498657706e-05,8.059261118806398e-08,,,,,,3.056556634872895e-09,,7.618973501989747e-10,6.624169202388166e-05,2.522524167723542e-06,1.139447330394739e-09,9.959899648525643e-06,0.0013739721040689783,0.001383932003717504
DEHHALKAJ00010nPbt_0,901.3125,"(1979, 1983)",,,,1.7882851466875352e-05,5.822067721758081e-09,2.0981558399118448e-08,,,,,,1.4906290890849903e-09,,1.0993295328260484e-09,9.470710041085063e-09,1.4100195203232026e-08,3.1795852682148963e-09,-1.396939588706273e-07,1.793899554213067e-05,1.7799301583260044e-05
DEHHALKAJ00010nPbt_2,4.0,"(1979, 1983)",,,,6.127030685493654e-07,1.9619687754183574e-11,7.642953083104334e-11,,,,,,6.617785191948566e-12,,3.795600928344902e-12,3.205303546143452e-11,4.9906397089225814e-11,1.149536181867238e-11,-4.968232919618854e-10,6.129029859484404e-07,6.124061626564784e-07
DEHHALKAJ00010mg,2173.253173828125,"(1979, 1983)",,,,4.16124737545251e-05,1.0815459127184591e-08,4.2804777590488085e-08,,,,,,3.594171585006047e-09,,2.103036751921257e-09,1.768528250613171e-08,2.7772730253615108e-08,6.42351341535644e-09,-2.766445840053383e-07,4.17236727257548e-05,4.144702814174946e-05
DEHHALKAJ00010l9bt_0,851.737060546875,"(1979, 1983)",,,,2.4020490855728985e-05,3.763906090027899e-09,1.550175404214131e-08,,,,,,1.4086503119595905e-09,,7.415012744501687e-10,6.1692153258800524e-09,9.915348537877944e-09,2.3172928962215557e-09,-9.899198452703998e-08,2.406030852420755e-05,2.3961316539680508e-05
DEHHALKAJ00010l9bt_1,1008.153076171875,"(1979, 1983)",,,,2.7724588607411703e-05,4.412534547041197e-09,1.8234273288683057e-08,,,,,,1.6673254285682841e-09,,8.702547249809673e-10,7.233813546766443e-09,1.1649232841102916e-08,2.7248743128355105e-09,-1.1632434532102874e-07,2.7771380916101682e-05,2.7655056570780655e-05
DEHHALKAJ00010eVbt_0,537.421875,"(1979, 1983)",,,,9.8792244611025e-06,2.4863802729970693e-09,1.0080253133721615e-08,,,,,,8.888084309908283e-10,,4.872817892346535e-10,4.0714476590536615e-09,6.483631826634031e-09,1.5090882982768716e-09,-6.46717422349319e-08,9.905231352513406e-06,9.840559610278475e-06
DEHHALKAJ00010eVbt_1,1943.592529296875,"(1979, 1983)",,,,4.809156241465739e-05,8.514234456237252e-09,3.5173304415041675e-08,,,,,,3.214354696018706e-09,,1.6790346510804041e-09,1.3957788596511591e-08,2.247312743602148e-08,5.256270813059492e-09,-2.2440183427712677e-07,4.818183052972136e-05,4.795742869544424e-05
DEHHALKAJ00010odbt_1,2761.6552734375,"(1979, 1983)",,,,6.220178112663707e-05,1.0452737478643568e-08,4.556338428428805e-08,,,,,,4.567283640689097e-09,,2.0991755587423975e-09,1.719282628396029e-08,2.8572312270813688e-08,6.7746085569725564e-09,-2.861562949815133e-07,6.231700345471117e-05,6.203084715972966e-05
DEHHALKAJ00010lBbt_2,2082.9892578125,"(1979, 1983)",,,,4.412748749816309e-05,1.194695508795961e-08,4.44427241613192e-08,,,,,,3.4448919684477935e-09,,2.2779058771803625e-09,1.9467334145986134e-08,2.9506761249595087e-08,6.712074649768012e-09,-2.928733882158571e-07,4.424528614530335e-05,4.395241275708749e-05
DEHHALKAJ00010lBbt_7,275.041015625,"(1979, 1983)",,,,5.703867238021206e-06,1.5743757478404808e-09,5.8599170537655165e-09,,,,,,4.5489102243488545e-10,,3.002349647816662e-10,2.5654925471212915e-09,3.889743090955938e-09,8.849553975094258e-10,-3.8609378983173654e-08,5.719396847845615e-06,5.680787468862441e-06
DEHHALKAJ00010ndbt_0,1208.116455078125,"(1979, 1983)",,,,2.9618315704502085e-05,4.661473141706317e-09,2.0170502096128422e-08,,,,,,1.998010041339876e-09,,9.33776853832844e-10,7.663694798616415e-09,1.2680750824342371e-08,3.0011215135021623e-09,-1.2694893951113666e-07,2.9669425033771555e-05,2.954247609426042e-05
DEHHALKAJ00010ndbt_1,913.33984375,"(1979, 1983)",,,,2.3473158301509058e-05,3.494224459276828e-09,1.5168829364658146e-08,,,,,,1.510514642392191e-09,,7.007362717656478e-10,5.745858699765474e-09,9.525762079867551e-09,2.25627547665949e-09,-9.538124127837771e-08,2.3511560502503445e-05,2.3416179261225066e-05
DEHHALKAJ00010pV,756.556640625,"(1969, 1978)",,,,0.0004644362642944393,2.542087966154545e-05,3.317264084869061e-08,,,,,,1.2512092370994585e-09,,3.8169560744370117e-10,2.542178964585217e-05,9.699851614998207e-07,4.74913814750081e-10,3.8024617015785056e-06,0.0005162841992228447,0.0005200866609244232
DEHHALKAJ00010kEbt_1,293.02392578125,"(1979, 1983)",,,,6.588857659010784e-06,2.1569233344593888e-09,6.949215923313776e-09,,,,,,4.846511652240489e-10,,3.9417629230470556e-10,3.4888796098987206e-09,4.883943405003093e-09,1.0667255544389274e-09,-4.806542258469682e-08,6.608282174295426e-06,6.56021675171073e-06
DEHHALKAJ00010oibt_0,4517.23681640625,"(1979, 1983)",,,,0.0001015841961180639,1.5788456989846727e-08,7.220910548073036e-08,,,,,,7.470700791933566e-09,,3.2245682638402152e-09,2.6050389878287725e-08,4.4554860138012385e-08,1.0690188280509554e-08,-4.473949827300981e-07,0.00010176418438788705,0.00010131678940515696
DEHHALKAJ00010oibt_2,6.0,"(1979, 1983)",,,,6.094750381085205e-07,2.093872864210157e-11,9.582497162647216e-11,,,,,,9.925297043378729e-12,,4.2774062614994284e-12,3.455004172071254e-11,5.91393821874141e-11,1.4192280765320058e-11,-5.939982200178132e-10,6.097138862167674e-07,6.091198879967496e-07
DEHHALKAJ00010oibt_3,772.9306640625,"(1979, 1983)",,,,2.0828197367421378e-05,2.697364238994009e-09,1.2344343158836556e-08,,,,,,1.2783061129393625e-09,,5.510230770276413e-10,4.450745992702446e-09,7.615355230665941e-09,1.8274633047829682e-09,-7.647273436860594e-08,2.085896196853733e-05,2.0782489234168726e-05
DEHHALKAJ00010jrbt_0,780.2587890625,"(1979, 1983)",,,,2.1905751167562496e-05,3.34207623010915e-09,1.3916513933707223e-08,,,,,,1.2904373619586838e-09,,6.608168560205264e-10,5.481466483408769e-09,8.86686545656487e-09,2.0781271108156744e-09,-8.857883960268247e-08,2.194138747099508e-05,2.1852808631392396e-05
DEHHALKAJ00010ii,1091.13671875,"(1958, 1968)",4.38661941769313e-12,1.6083187038593172e-13,1.6663840077874194e-10,2.083872492859346e-05,3.0189175197314455e-10,1.7808189071963075e-09,,,,,,1.8045447672938844e-09,,2.059957011328125e-10,8.017010175204997e-10,4.44156213227491e-09,7.903365931180639e-11,-4.579195406593178e-08,2.0848140476530166e-05,2.0802348522464234e-05
DEHHALKAJ00010hvbt_1,106.443359375,"(1979, 1983)",,,,2.329377146202332e-06,5.854489292270264e-10,1.5709329582810091e-09,,,,,,1.7605977510302309e-10,,1.0197885506965412e-10,9.39414113264691e-10,1.1956349260652985e-09,2.4698404076861733e-10,-1.1635661896110103e-08,2.3341935998001118e-06,2.3225579379040016e-06
DEHHALKAJ00010gRbt_0,2119.1376953125,"(1979, 1983)",,,,4.112816430030957e-05,1.295972236691843e-08,4.737521834212684e-08,,,,,,3.5046749011405662e-09,,2.4577355614400585e-09,2.109757657473929e-08,3.1663361443129915e-08,7.168249996829537e-09,-3.139581498304175e-07,4.1254390839495894e-05,4.0940432689665474e-05
DEHHALKAJ00010gRbt_1,325.4501953125,"(1979, 1983)",,,,6.707151535400671e-06,1.9915737338519678e-09,7.279117052750244e-09,,,,,,5.382625330972029e-10,,3.776708049133676e-10,3.242122094175969e-09,4.8653532640323334e-09,1.1014141686464817e-09,-4.8242061353002594e-08,6.726547049052139e-06,6.678304987699136e-06
DEHHALKAJ00010dc,119.04443359375,"(1949, 1957)",2.320695851879121e-06,2.8344399788045436e-09,7.142633720470205e-07,3.0434819399206863e-06,3.213157579651988e-11,1.006140183506885e-10,,,,,,1.968782480033068e-10,,6.434119319315682e-12,1.2804232185647778e-09,4.6898849366686906e-08,1.5526152256977237e-11,-9.320828943822977e-07,3.0920127966196644e-06,2.1599299022373667e-06
DEHHALKAJ00010oJbt_0,1021.7568359375,"(1979, 1983)",,,,2.1697649587534935e-05,5.696885246335826e-09,2.1361821600787002e-08,,,,,,1.6898150032582637e-09,,1.0889080220216075e-09,9.287030278292788e-09,1.4140144261052814e-08,3.223517514083047e-09,-1.404148180390884e-07,2.1754137709460767e-05,2.1613722891421678e-05
DEHHALKAJ00010fObt_1,1421.1953125,"(1979, 1983)",,,,2.8811019687445914e-05,7.932465587044164e-09,2.973561675890745e-08,,,,,,2.350403336084036e-09,,1.5160752096231828e-09,1.2931242485283247e-08,1.968523461079908e-08,4.487254604814279e-09,-1.954749644788745e-07,2.888965798003847e-05,2.8694183015559596e-05
DEHHALKAJ00010fObt_3,1195.3046875,"(1979, 1983)",,,,3.1913818163789374e-05,5.870008201844805e-09,2.2858281431100832e-08,,,,,,1.9768412827071168e-09,,1.1354672153858036e-09,9.589594201327651e-09,1.4919816269473257e-08,3.4359965659110787e-09,-1.484819012468375e-07,3.1973604168957126e-05,3.182512226771029e-05
DEHHALKAJ00010dP,1000.4638671875,"(1949, 1957)",2.4019975391377785e-06,2.9338701653807547e-09,7.394249541075763e-07,2.0351854122699903e-05,2.871028968469393e-10,1.4613167007206382e-09,,,,,,1.6545881327793441e-09,,1.821328762976913e-10,2.0081632865444056e-09,5.232483477478228e-08,1.619087587193185e-11,-1.0036574687230363e-06,2.0409788452243748e-05,1.940613098352071e-05
DEHHALKAJ00010o1,4276.961669921875,"(1919, 1948)",2.620093728658659e-11,9.606362778292454e-13,9.953182331548081e-10,7.68259659804857e-05,1.9799610507868772e-08,6.440282551632869e-08,,,,,,7.073328725843691e-09,,4.494931228216042e-09,3.741584841897126e-08,6.00972429809007e-08,9.082298071884138e-09,-6.008490297629449e-07,7.702833206593571e-05,7.642748303617277e-05
DEHHALKAJ00010fubt_0,1692.6552734375,"(1979, 1983)",,,,3.3837888844263546e-05,1.0021791301859469e-08,3.695600412877888e-08,,,,,,2.7993494697865524e-09,,1.9056704076880547e-09,1.632251282515255e-08,2.4617709866272092e-08,5.586539631079691e-09,-2.4422135444407496e-07,3.393609842189416e-05,3.3691877067450086e-05
DEHHALKAJ00010okbt_0,182.5927734375,"(1979, 1983)",,,,3.90908251254208e-06,1.2369539326115286e-09,4.042914577739211e-09,,,,,,3.020010261776177e-10,,2.2696925649826708e-10,2.0021891855690218e-09,2.8246409037748645e-09,6.195342752622671e-10,-2.782282506910717e-08,3.920337715699713e-06,3.892514890630606e-06
DEHHALKAJ00010FF,247.3564453125,"(1958, 1968)",8.523681777679112e-13,3.12513932106639e-14,3.2379665636147395e-11,4.147761598447581e-06,5.842379904858398e-11,3.879705809350474e-10,,,,,,4.0908326638026435e-10,,3.916641955078125e-11,1.524385573204202e-10,8.446257209870835e-10,3.5828403847355596e-11,-8.72227471570648e-09,4.1496891351956506e-06,4.1409668604799444e-06
DEHHALKAJ00010jM,2604.0625,"(1860, 1918)",9.016290857860986e-06,1.1012802636901044e-08,2.7755959858760446e-06,5.6226957358451304e-05,1.4556085653612873e-08,4.6951901024756994e-08,,,,,,4.306653065897163e-09,,3.2169333227478533e-09,3.2100411972490595e-08,2.238527978893712e-07,6.766637597794593e-09,-4.0364802055631375e-06,5.655870877897797e-05,5.252222857341483e-05
DEHHALKAJ00010cybt_1,1439.4677734375,"(1979, 1983)",,,,2.801036898774245e-05,8.438560164098845e-09,3.120226696191795e-08,,,,,,2.3806226966818816e-09,,1.6059584372752242e-09,1.3745928813888865e-08,2.07634697559935e-08,4.7153892964220315e-09,-2.0601747741618397e-07,2.809322118386873e-05,2.7887203706452547e-05
DEHHALKAJ00010hdbt_1,721.689453125,"(1979, 1983)",,,,1.4331523434016222e-05,4.218902381193368e-09,1.5611747841863823e-08,,,,,,1.1935672916280484e-09,,8.030982595930819e-10,6.8726376569834285e-09,1.0385776800772965e-08,2.359109681347331e-09,-1.0305354227115999e-07,1.4372968273929605e-05,1.4269914731658444e-05
DEHHALKAJ00010hdbt_2,1088.9462890625,"(1979, 1983)",,,,2.9805966505314085e-05,5.745335376673724e-09,2.189133773880245e-08,,,,,,1.8009533205606396e-09,,1.1036979888867941e-09,9.3743671484956e-09,1.4404287661251702e-08,3.2980025549270496e-09,-1.4317229431685042e-07,2.9863584487103684e-05,2.9720412192786834e-05
DEHHALKAJ00010hbbt_0,1676.9248046875,"(1979, 1983)",,,,4.317232375120603e-05,8.85554414774189e-09,3.373308368986249e-08,,,,,,2.7733352469987733e-09,,1.7010360185517813e-09,1.4448915295325409e-08,2.2198108563487423e-08,5.082103065508676e-09,-2.2063526556336423e-07,4.326111587723351e-05,4.3040480611670146e-05
DEHHALKAJ00010hbbt_1,1140.7744140625,"(1979, 1983)",,,,2.262939193296514e-05,7.031612905042438e-09,2.5650972759448927e-08,,,,,,1.8866415143408155e-09,,1.3326521743652812e-09,1.1445717832553996e-08,1.7157635637624995e-08,3.882076240069676e-09,-1.701059760659789e-07,2.2697779242028586e-05,2.2527673265962607e-05
DEHHALKAJ00010eqbt_1,2533.51318359375,"(1979, 1983)",,,,6.05129913498254e-05,1.048958069415514e-08,4.42152713878928e-08,,,,,,4.189977655517202e-09,,2.082592626796923e-09,1.7217222521891885e-08,2.8050671982817575e-08,6.59478392419471e-09,-2.804108911244502e-07,6.062583145061867e-05,6.034542055949422e-05
DEHHALKAJ00010ff,5173.162841796875,"(1979, 1983)",,,,0.00011680653645078739,1.9770320823982438e-08,8.586002799720737e-08,,,,,,8.555484981057745e-09,,3.9653187055615994e-09,3.251088719711352e-08,5.3910254083121374e-08,1.2770478277798141e-08,-5.398096807289681e-07,0.00011702387922285325,0.00011648406954212427
DEHHALKAJ00010Gjbt_0,398.98486328125,"(1979, 1983)",,,,1.1799801702711392e-05,2.8111957122751728e-09,9.124853419335622e-09,,,,,,6.599113901122773e-10,,5.148201163795677e-10,4.548809356926576e-09,6.3935088472947395e-09,1.3994851878928736e-09,-6.295097904075319e-08,1.1825254286741606e-05,1.1762303307700853e-05
DEHHALKAJ00010cBbt_1,1994.390869140625,"(1979, 1983)",,,,4.069805567829284e-05,9.860117524167638e-09,3.910689217600061e-08,,,,,,3.298365809854796e-09,,1.918594227802732e-09,1.61251184621459e-08,2.5353960375903518e-08,5.867375785195662e-09,-2.525825101672529e-07,4.079958610265391e-05,4.0547003592486656e-05
DEHHALKAJ00010cBbt_3,488.447265625,"(1979, 1983)",,,,1.5128456735825174e-05,1.989225121228655e-09,8.43562074249433e-09,,,,,,8.07838542883695e-10,,3.957452753921303e-10,3.26626320739489e-09,5.340591479812363e-09,1.2575210466729929e-09,-5.340659152015188e-08,1.5149949541241054e-05,1.5096542949720903e-05
DEHHALKAJ00010fBbt_1,222.689453125,"(1979, 1983)",,,,4.7731041526548495e-06,1.6581981623179102e-09,5.332181541944561e-09,,,,,,3.683227106636374e-10,,3.028719524789023e-10,2.681932876878765e-09,3.7504391275097126e-09,8.186911250148812e-10,-3.690567008154797e-08,4.7880167901516586e-06,4.7511111200701104e-06
DEHHALKAJ00010cdbt_1,229.90234375,"(1979, 1983)",,,,4.462604013135217e-06,1.5109446672689926e-09,4.9656487927970685e-09,,,,,,3.80247960265961e-10,,2.7767647953801777e-10,2.446335531115281e-09,3.4615161719137774e-09,7.604329313430853e-10,-3.410721515045832e-08,4.476406815669459e-06,4.442299600519001e-06
DEHHALKAJ00010kabt_0,894.490966796875,"(1979, 1983)",,,,2.517836770691736e-05,4.0023684034934145e-09,1.6412782547084432e-08,,,,,,1.4793566795801798e-09,,7.873491478755392e-10,6.558359977365936e-09,1.0514197904789004e-08,2.4545033594640666e-09,-1.0494517213644059e-07,2.5220576624937014e-05,2.5115631452800573e-05
DEHHALKAJ00010kabt_4,1313.609619140625,"(1979, 1983)",,,,3.448570355021001e-05,5.902781387627215e-09,2.417038245838557e-08,,,,,,2.1724809183393575e-09,,1.160634803302034e-09,9.671558790173763e-09,1.5491766896732472e-08,3.6151190238367946e-09,-1.5461417571041226e-07,3.454788827448841e-05,3.4393274098778e-05
DEHHALKAJ00010X6bt_1,4.0,"(1979, 1983)",,,,3.606925498619022e-07,1.72139168776788e-11,6.997413468749964e-11,,,,,,6.616685869905713e-12,,3.3765417289886123e-12,2.8192506508250627e-11,4.498023798737362e-11,1.0477025716616494e-11,-4.4881089973033406e-10,3.608733809112785e-07,3.604245700115482e-07
DEHHALKAJ00010X6bt_2,795.9404296875,"(1979, 1983)",,,,1.5576192819243612e-05,4.806360888601917e-09,1.762957116119032e-08,,,,,,1.3163628951485682e-09,,9.124450680009982e-10,7.825869347921522e-09,1.1767547377670616e-08,2.6665284916571194e-09,-1.1670424239269324e-07,1.5623117504473805e-05,1.550641326208111e-05
DEHHALKAJ00010X6bt_3,393.59765625,"(1979, 1983)",,,,8.162570000758342e-06,2.3765414917269686e-09,8.717306040060115e-09,,,,,,6.509686988765196e-10,,4.5116904050035904e-10,3.869566248494554e-09,5.818672817834348e-09,1.3185228807056305e-09,-5.7706707085595086e-08,8.185772747976541e-06,8.128066040890945e-06
DEHHALKAJ00010X6bt_4,4.0,"(1979, 1983)",,,,5.166475149213123e-07,1.8408448944832214e-11,7.317941818932864e-11,,,,,,6.6173820712599915e-12,,3.5846162620023265e-12,3.010939404436999e-11,4.742786136665457e-11,1.0983091525637075e-11,-4.726755929705227e-10,5.168378251337162e-07,5.163651495407457e-07
DEHHALKAJ00010oH,304.0361328125,"(1919, 1948)",1.1640903437214658e-12,4.268043553625259e-14,4.422133191160996e-11,3.862384586347856e-06,3.4354767126954584e-09,1.0864362934423443e-08,,,,,,5.028214128497267e-10,,7.111250950462882e-10,6.373435010176667e-09,8.66557015400855e-09,1.6398973222090683e-09,-8.562759095034799e-08,3.894577274989266e-06,3.808949684038918e-06
DEHHALKAJ00010iWbt_1,891.79443359375,"(1979, 1983)",,,,2.3934397871710423e-05,3.690833368535304e-09,1.555973917333975e-08,,,,,,1.4748889931877739e-09,,7.328112663434415e-10,6.058059001850688e-09,9.870910533451729e-09,2.3207667885243218e-09,-9.867693671436108e-08,2.3974105880835652e-05,2.3875428944121292e-05
DEHHALKAJ00010iWbt_2,5.0,"(1979, 1983)",,,,9.156367291552233e-07,2.0693296736906048e-11,8.723837348163955e-11,,,,,,8.272657513815451e-12,,4.108633328144702e-12,3.396625895228147e-11,5.538476275845252e-11,1.3022774565135647e-11,-5.538883652551332e-10,9.158594159125597e-07,9.153055275473045e-07
DEHHALKAJ00010iWbt_3,2456.209716796875,"(1979, 1983)",,,,5.98034378884499e-05,1.0189450243027474e-08,4.2919640989321586e-08,,,,,,4.0621315949258285e-09,,2.0225196464994805e-09,1.6723867415993734e-08,2.72355413259437e-08,6.40198486851131e-09,-2.722518900340796e-07,5.991299302453413e-05,5.964074113450005e-05
DEHHALKAJ00010Vabt_1,459.4697265625,"(1979, 1983)",,,,1.1817654443536586e-05,2.7929191613424028e-09,1.022624760139392e-08,,,,,,7.599229005475786e-10,,5.299234812540903e-10,4.54708810981037e-09,6.830670246610126e-09,1.547085227177548e-09,-6.77367606546216e-08,1.1844888300264724e-05,1.1777151539610102e-05
DEHHALKAJ00010Vabt_2,2372.40234375,"(1979, 1983)",,,,4.582985080325692e-05,1.4501500854274597e-08,5.301818449107557e-08,,,,,,3.923529249361962e-09,,2.7502342214134317e-09,2.360765561234329e-08,3.543308255244601e-08,8.02196106230222e-09,-3.5133943235666405e-07,4.5971106951300136e-05,4.561976751894347e-05
DEHHALKAJ00010Vabt_3,391.826171875,"(1979, 1983)",,,,8.830208979361948e-06,2.4089796534184326e-09,8.793813951906623e-09,,,,,,6.480434902753024e-10,,4.566519828706003e-10,3.92136440744216e-09,5.8806042447517295e-09,1.330793186819304e-09,-5.830470511873714e-08,8.853649230279432e-06,8.795344525160696e-06
DEHHALKAJ00010Vabt_4,2371.3291015625,"(1979, 1983)",,,,4.577722038795473e-05,1.4445419094800947e-08,5.2861318988675e-08,,,,,,3.921754294941662e-09,,2.7403639484664206e-09,2.3517513581608023e-08,3.531592654611522e-08,7.997442674600783e-09,-3.5019639832458404e-07,4.591802012708393e-05,4.556782372875934e-05
DEHHALKAJ00010Vabt_5,339.1162109375,"(1979, 1983)",,,,8.077824584446059e-06,2.0728752167877386e-09,7.578531475811721e-09,,,,,,5.608717428168277e-10,,3.931242990099868e-10,3.3745296169606294e-09,5.064961450956856e-09,1.1466975678207343e-09,-5.022245042546491e-08,8.098016175816221e-06,8.047793725390756e-06
DEHHALKAJ00010Jgbt_0,707.08740234375,"(1979, 1983)",,,,1.9496515859281938e-05,2.8168693244740097e-09,1.2043144121877523e-08,,,,,,1.16942253304898e-09,,5.61954582268003e-10,4.627580775691372e-09,7.602837590450704e-09,1.7939014762021112e-09,-7.606313376241632e-08,1.9527131569685947e-05,1.945106843592353e-05
DEHHALKAJ00010Jgbt_1,1378.45947265625,"(1979, 1983)",,,,3.360101341290449e-05,5.4621767461304975e-09,2.3399414995769977e-08,,,,,,2.279725957401128e-09,,1.09042422573971e-09,8.974432773652465e-09,1.4761624554601439e-08,3.484779166553738e-09,-1.4769883038455147e-07,3.366046599132433e-05,3.351276716093978e-05
DEHHALKAJ00010Jgbt_3,471.495361328125,"(1979, 1983)",,,,8.171498711082334e-06,2.8590380656859455e-10,3.757588737780548e-09,,,,,,7.797689273133405e-10,,9.733613100940078e-11,5.305257224292113e-10,1.8176249000885936e-09,5.244216003357246e-10,-1.907212271813039e-08,8.179291880907858e-06,8.160219758189729e-06
DEHHALKAJ00010ly,98.435546875,"(2002, 2009)",2.2613339119162372e-13,8.29099878493418e-15,8.590329609825737e-12,2.818476378423065e-06,1.010523518399329e-09,3.34600919801747e-09,,,,,,1.6279478655822713e-10,,1.8290020193951274e-10,1.633931226345127e-09,2.2387949456254005e-09,4.505934118435191e-10,-2.209250558252469e-08,2.8275019257117937e-06,2.805409420129269e-06
DEHHALKAJ00010m8bt_0,1278.497314453125,"(1979, 1983)",,,,3.346041621705447e-05,5.536899398946606e-09,2.296591549466805e-08,,,,,,2.1144109195818092e-09,,1.0933622081461199e-09,9.079119475257458e-09,1.4652717777505142e-08,3.4307058290290408e-09,-1.4634599281812194e-07,3.35192893481576e-05,3.3372943355339474e-05
DEHHALKAJ00010m8bt_1,625.82275390625,"(1979, 1983)",,,,1.8604680889451842e-05,2.7131428838974534e-09,1.1249400383737878e-08,,,,,,1.0350341952751239e-09,,5.356936960846934e-10,4.448772754632049e-09,7.178400249440981e-09,1.6805543785726136e-09,-7.169438476609302e-08,1.8633521887993483e-05,1.856182750322739e-05
DEHHALKAJ00010m8bt_2,971.50390625,"(1979, 1983)",,,,2.6497956022359175e-05,4.2048258405186335e-09,1.7444484658221375e-08,,,,,,1.6067152813687125e-09,,8.303792581280016e-10,6.894945185395993e-09,1.1129148973567493e-08,2.605862274995977e-09,-1.1115551428435252e-07,2.654267238383137e-05,2.643151686954702e-05
DEHHALKAJ00010hZ,106.029052734375,"(1949, 1957)",1.8822191505264163e-06,2.2988954820614248e-09,5.793090879607875e-07,2.4684406562632947e-06,2.606057456940332e-11,8.160381378617053e-11,,,,,,1.753531113297574e-10,,5.218444541012075e-12,1.0384976130369833e-09,3.8037691300285796e-08,1.2592611430924243e-11,-7.559733742204462e-07,2.507817673732275e-06,1.7518442995118287e-06
DEHHALKAJ00010ehbt_0,759.65478515625,"(1979, 1983)",,,,2.0490334475911522e-05,2.6375874401256028e-09,1.209623463789539e-08,,,,,,1.2563504233511216e-09,,5.392164033023732e-10,4.352723129805862e-09,7.45709584027886e-09,1.790402960539697e-09,-7.489204460650115e-08,2.052046408674682e-05,2.044557204214032e-05
DEHHALKAJ00010ehbt_1,1291.32861328125,"(1979, 1983)",,,,3.228640739169548e-05,4.498501442578585e-09,2.0602224101326717e-08,,,,,,2.1356270510544575e-09,,9.192026577847564e-10,7.423045295140211e-09,1.2706515890804113e-08,3.0497334948599963e-09,-1.2760207330568287e-07,3.233774224162903e-05,3.221014016832335e-05
DEHHALKAJ00010ehbt_2,547.47509765625,"(1979, 1983)",,,,1.7170484045312987e-05,2.213605179395561e-09,9.556758538202418e-09,,,,,,9.054601931664021e-10,,4.430806475689131e-10,3.6387606492641324e-09,6.012973079759261e-09,1.4222698866580654e-09,-6.019016341190688e-08,1.7194676953487e-05,1.7134486790075093e-05
DEHHALKAJ00010ehbt_4,639.02783203125,"(1979, 1983)",,,,1.9340955184732804e-05,2.5945833719965463e-09,1.1183896731598147e-08,,,,,,1.0568701428859592e-09,,5.190575840343272e-10,4.264594597462035e-09,7.0405288282618105e-09,1.6646591958259669e-09,-7.046969882651259e-08,1.9369279375184865e-05,1.9298809676358353e-05
DEHHALKAJ00010iqbt_1,604.5029296875,"(1979, 1983)",,,,1.2369301242897682e-05,3.7067953325796944e-09,1.3540819034929116e-08,,,,,,9.997703505470636e-10,,7.028187613169848e-10,6.0341884013665124e-09,9.052545210380059e-09,2.0490001693535794e-09,-8.975698783515713e-08,1.2405387180158156e-05,1.2315630192322998e-05
DEHHALKAJ00010iqbt_4,345.7353515625,"(1979, 1983)",,,,7.357023194609396e-06,2.1190082147736765e-09,7.74167754672327e-09,,,,,,5.718134524799379e-10,,4.0178578182121977e-10,3.4494984368893408e-09,5.175360852413629e-09,1.1714603105397814e-09,-5.1314744333785586e-08,7.3776537992050365e-06,7.3263390548712505e-06
DEHHALKAJ00010iqbt_8,612.8671875,"(1979, 1983)",,,,1.8914600759351688e-05,3.2956835408726313e-09,1.248741835176316e-08,,,,,,1.013623407248713e-09,,6.319981014917897e-10,5.375717221553923e-09,8.233900546151546e-09,1.8823931511147714e-09,-8.181551861288338e-08,1.8947521493671885e-05,1.8865705975059e-05
DEHHALKAJ000110R,2387.9169921875,"(1958, 1968)",9.59997300592086e-12,3.5197528373880863e-13,3.6468268543502224e-10,4.548994818111278e-05,6.606802171993408e-10,3.897263885844129e-09,,,,,,3.9491871011708746e-09,,4.5081484895507806e-10,1.754496227169702e-09,9.720208483692141e-09,1.7294877500300753e-10,-1.0021813369990916e-07,4.551055378065181e-05,4.5410335646951904e-05
DEHHALKAJ000110Zbt_0,2490.48486328125,"(1979, 1983)",,,,4.802409983983318e-05,1.3867483926094024e-08,5.366443755568934e-08,,,,,,4.118816364343059e-09,,2.6771105605517904e-09,2.264664300044285e-08,3.510671042963332e-08,8.071468203376222e-09,-3.4924898130525865e-07,4.81642525098733e-05,4.7815003528568045e-05
DEHHALKAJ000110Zbt_1,352.04150390625,"(1979, 1983)",,,,9.27871839542336e-06,1.966324230624768e-09,7.602060719496613e-09,,,,,,5.822406914886242e-10,,3.7948298217226573e-10,3.21098396822172e-09,4.97506749456238e-09,1.143543728259168e-09,-4.949103590740233e-08,9.298578099238184e-06,9.249087063330782e-06
DEHHALKAJ000110Zbt_4,6.0,"(1979, 1983)",,,,9.293673782531108e-07,2.7272970612581403e-11,1.1282161980600093e-10,,,,,,9.926602546178495e-12,,5.380762526471247e-12,4.4714260831308796e-11,7.209126826316826e-11,1.686866075051242e-11,-7.201307938092919e-10,9.29656454398447e-07,9.289363236046377e-07
DEHHALKAJ000110Zbt_5,6.0,"(1979, 1983)",,,,9.291692552565033e-07,2.7272970612581403e-11,1.1282161980600093e-10,,,,,,9.926601453473198e-12,,5.380762526471247e-12,4.471426065343722e-11,7.209125766729175e-11,1.68686579632875e-11,-7.201306317949397e-10,9.294583313871858e-07,9.287382007553909e-07
DEHHALKAJ000110Zbt_6,6.0,"(1979, 1983)",,,,9.291692550479722e-07,2.7272970612581403e-11,1.1282161980600093e-10,,,,,,9.92660145124831e-12,,5.380762526471247e-12,4.4714260653437035e-11,7.209125766728059e-11,1.6868657963284567e-11,-7.201306317947692e-10,9.294583311786526e-07,9.287382005468578e-07
DEHHALKAJ000110Zbt_7,6.0,"(1979, 1983)",,,,9.291692547802736e-07,2.7272970612581403e-11,1.1282161980600093e-10,,,,,,9.926601454431225e-12,,5.380762526471247e-12,4.4714260653436795e-11,7.209125766726626e-11,1.68686579632808e-11,-7.201306317945502e-10,9.294583309109571e-07,9.287382002791626e-07
DEHHALKAJ00010rBbt_1,414.8388671875,"(1979, 1983)",,,,1.070327829190776e-05,2.0365757096162574e-09,8.095820634103408e-09,,,,,,6.860995575776407e-10,,3.965722502390474e-10,3.331035591349222e-09,5.244498158496014e-09,1.214406336408392e-09,-5.225441663179077e-08,1.072428330014555e-05,1.067202888351376e-05
DEHHALKAJ00010rBbt_2,3011.002197265625,"(1979, 1983)",,,,5.82201949683567e-05,1.4870357154269852e-08,5.899863114658762e-08,,,,,,4.979658827656481e-09,,2.8938154332599733e-09,2.431928836992251e-08,3.8245310997126665e-08,8.851469873130457e-09,-3.810159179636614e-07,5.837335350015865e-05,5.799233758219499e-05
DEHHALKAJ00010rBbt_3,1498.038330078125,"(1979, 1983)",,,,2.8899459956292287e-05,7.362926589172495e-09,2.9258110027727695e-08,,,,,,2.477487585373201e-09,,1.4335698292267287e-09,1.2042572615596694e-08,1.8955581280037735e-08,4.3888651450081615e-09,-1.8886018847462015e-07,2.8975379069364436e-05,2.8786518880889815e-05
DEHHALKAJ00010sRbt_1,1318.09375,"(1979, 1983)",,,,2.6481025994020283e-05,7.800959723829985e-09,2.876970322447414e-08,,,,,,2.179891893331845e-09,,1.4834235651550233e-09,1.2705515642923268e-08,1.9163729492908697e-08,4.348989482957319e-09,-1.9011609402337332e-07,2.655747820704586e-05,2.6367362113022486e-05
DEHHALKAJ00010sRbt_3,708.7021484375,"(1979, 1983)",,,,1.424429513054794e-05,4.2070437128361366e-09,1.550270469905085e-08,,,,,,1.1720910593834864e-09,,7.998050998375943e-10,6.851756143328821e-09,1.0329706727530733e-08,2.3436811855231344e-09,-1.0247219873093282e-07,1.4285501919175433e-05,1.41830297204445e-05
DEHHALKAJ00010sRbt_4,4.0,"(1979, 1983)",,,,6.261135083470074e-07,1.6995535890377028e-11,6.938815378756487e-11,,,,,,6.617799406213747e-12,,3.338502129047044e-12,2.7842330416635118e-11,4.454849025469066e-11,1.0388643274772214e-11,-4.446883857242695e-10,6.262926278021666e-07,6.258479394164424e-07
DEHHALKAJ00010xObt_1,1.0,"(1979, 1983)",,,,3.932383162338458e-07,8.524018537139686e-12,2.287246758597854e-11,,,,,,1.655496961996434e-12,,1.4847915977192372e-12,1.3678002944862081e-11,1.7427420864261774e-11,3.601092918852689e-12,-1.6970672962719367e-10,3.933075595252566e-07,3.931378527956294e-07
DEHHALKAJ00010xObt_2,81.954345703125,"(1979, 1983)",,,,1.7382636384725982e-06,1.0066481402469389e-09,2.7011352518726205e-09,,,,,,1.3556371297004434e-10,,1.7534719029364047e-10,1.615270318712615e-09,2.0557091051712998e-09,4.246439640839249e-10,-2.0005044866952443e-08,1.7463779561559493e-06,1.7263729112889968e-06
DEHHALKAJ00010wzbt_0,1988.42041015625,"(1979, 1983)",,,,4.847139255861138e-05,8.346139383941187e-09,3.500657301127023e-08,,,,,,3.288491907015176e-09,,1.6542737285464722e-09,1.3694885740805736e-08,2.224715380243426e-08,5.223754033699814e-09,-2.2233434739851746e-07,4.8560853830219095e-05,4.833851948282058e-05
DEHHALKAJ00010wzbt_1,5.0,"(1979, 1983)",,,,7.81421619147261e-07,2.0986858064098593e-11,8.802608551106006e-11,,,,,,8.272331871221023e-12,,4.159768528066154e-12,3.443718729780254e-11,5.5977048840280955e-11,1.3144715042974424e-11,-5.596121195976404e-10,7.816466231424166e-07,7.81087011022819e-07
DEHHALKAJ00010wzbt_2,486.0595703125,"(1979, 1983)",,,,1.5104480992529038e-05,2.048525127986925e-09,8.579596453357502e-09,,,,,,8.038909898959514e-10,,4.0583397305864914e-10,3.361052661589022e-09,5.455437354419556e-09,1.2804899406753296e-09,-5.4517174584217464e-08,1.512641581903002e-05,1.5071898644445802e-05
DEHHALKAJ00010wzbt_3,1299.879150390625,"(1979, 1983)",,,,3.3789393614391404e-05,5.465072783513936e-09,2.2908796098748052e-08,,,,,,2.1497709999833836e-09,,1.0830064449816061e-09,8.967120799787779e-09,1.4561994181694961e-08,3.418720648163711e-09,-1.4552591347850165e-07,3.384794809634827e-05,3.370242218286977e-05
DEHHALKAJ00010wzbt_4,5.0,"(1979, 1983)",,,,8.521009217170461e-07,2.1021464887222914e-11,8.811894587225191e-11,,,,,,8.272426665229464e-12,,4.165796661390227e-12,3.44927809005205e-11,5.605149739154865e-11,1.3160307055141184e-11,-5.603576073351008e-10,8.523262049364794e-07,8.517658473291442e-07
DEHHALKAJ00010wzbt_6,1608.26904296875,"(1979, 1983)",,,,4.007841356832129e-05,6.677956698762047e-09,2.8119262901898556e-08,,,,,,2.6597897506037346e-09,,1.3253686410928459e-09,1.0960255177920719e-08,1.7845789898667006e-08,4.194474432804777e-09,-1.7838700384261067e-07,4.015019646582303e-05,3.9971809461980416e-05
DEHHALKAJ00010wzbt_7,403.917236328125,"(1979, 1983)",,,,1.319051393492909e-05,1.7069589836407954e-09,7.1420916579500145e-09,,,,,,6.680420938219136e-10,,3.3805550382973713e-10,2.8004722871212403e-09,4.542971178780095e-09,1.0660525558768112e-09,-4.539644013900188e-08,1.3208778579190107e-05,1.3163382139051105e-05
DEHHALKAJ00011DGbt_2,105.087890625,"(1979, 1983)",,,,2.749512317781067e-06,1.306724786616963e-09,3.5063298132761237e-09,,,,,,1.7383309773100883e-10,,2.2761728816598596e-10,2.096774556851516e-09,2.6685318139909637e-09,5.512350880404434e-10,-2.5968849328618992e-08,2.76004336422574e-06,2.734074514897121e-06
DEHHALKAJ00011GYbt_1,1205.1611328125,"(1979, 1983)",,,,2.2747766387249172e-05,6.704729068936694e-09,2.51566915208806e-08,,,,,,1.9931213623920546e-09,,1.2817981309735184e-09,1.0930386328819747e-08,1.6648031303823897e-08,3.7958774999560225e-09,-1.653238768251919e-07,2.2814277022464953e-05,2.264895314563976e-05
DEHHALKAJ00011GYbt_3,993.84375,"(1979, 1983)",,,,3.074915892802997e-05,5.768667661408604e-09,2.1388463220239324e-08,,,,,,1.6436961013161432e-09,,1.098773506621379e-09,9.398237967000118e-09,1.4218758040013415e-08,3.231517520010971e-09,-1.411058128004561e-07,3.080590704204658e-05,3.066480122924613e-05
DEHHALKAJ00011HI,1142.5439453125,"(1919, 1948)",6.999296362375129e-12,2.56623567753739e-13,2.6588847614594917e-10,2.0658834459998416e-05,6.0610799872347986e-09,1.962135378630569e-08,,,,,,1.889563112856835e-09,,1.355216298076098e-09,1.1417943002906647e-08,1.786491645761222e-08,2.7995251919249217e-09,-1.783068415872659e-07,2.071984405783533e-05,2.0541537216248065e-05
DEHHALKAJ0001117bt_1,2294.560546875,"(1979, 1983)",,,,4.4774529695369085e-05,1.3650554835328265e-08,5.0271994998526755e-08,,,,,,3.794792857507273e-09,,2.594651355625294e-09,2.2231119397754225e-08,3.3504463987487314e-08,7.600519467641034e-09,-3.3235743097735245e-07,4.490817779226896e-05,4.457582036129161e-05
DEHHALKAJ00011Bybt_1,1177.96875,"(1979, 1983)",,,,2.359024777664543e-05,7.306209192510115e-09,2.6608954370984763e-08,,,,,,1.948153881811428e-09,,1.3839993305282533e-09,1.189164302546263e-08,1.7809637580321382e-08,4.027775096203063e-09,-1.7655323412651335e-07,2.366122414912325e-05,2.3484670914996737e-05
DEHHALKAJ00011Bybt_2,1255.4970703125,"(1979, 1983)",,,,2.4460880147928768e-05,7.473938499857033e-09,2.7520007035367626e-08,,,,,,2.0763683188378955e-09,,1.4205436251605068e-09,1.2171844030540054e-08,1.8342321404530094e-08,4.160771250684173e-09,-1.8195019114391745e-07,2.4534045942093746e-05,2.435209575094983e-05
DEHHALKAJ00011Bybt_9,4.0,"(1979, 1983)",,,,7.130170109156196e-07,1.6778348241803678e-11,6.88053749690505e-11,,,,,,6.618076993451995e-12,,3.3006703957718236e-12,2.7493908887664215e-11,4.4109632021258307e-11,1.0298252790221241e-11,-4.404436031730099e-10,7.131944151799188e-07,7.127539715767458e-07
DEHHALKAJ00011CJbt_0,1104.828125,"(1979, 1983)",,,,2.1373706578585074e-05,6.560200499920482e-09,2.41722960996921e-08,,,,,,1.8271914490635416e-09,,1.2471397451319404e-09,1.0684159076092114e-08,1.6106772127901198e-08,3.6543550273521367e-09,-1.5978065595842827e-07,2.143795869261023e-05,2.1278178036651802e-05
DEHHALKAJ00011CJbt_1,261.1923828125,"(1979, 1983)",,,,5.579100868643739e-06,1.552455251933491e-09,5.718753568644342e-09,,,,,,4.3198913328383427e-10,,2.9510773446966754e-10,2.5283428871965367e-09,3.811012066623754e-09,8.645907407164939e-10,-3.78051390385551e-08,5.594303120026607e-06,5.556497980988052e-06
DEHHALKAJ00011CJbt_2,285.40625,"(1979, 1983)",,,,6.120981216303613e-06,1.6978232704673503e-09,6.25279526651857e-09,,,,,,4.720361030357006e-10,,3.2271786527685146e-10,2.7650558485156276e-09,4.167269495411197e-09,9.45353637003726e-10,-4.133865244020379e-08,6.137604267789842e-06,6.096265615349638e-06
DEHHALKAJ00011CJbt_3,636.2822265625,"(1979, 1983)",,,,1.2686139834578216e-05,3.788719198447304e-09,1.394960549564252e-08,,,,,,1.0523229372626116e-09,,7.200926629814822e-10,6.170178020953095e-09,9.297788229400314e-09,2.109071072774426e-09,-9.223091954254972e-08,1.2723227612195676e-05,1.2630996692653126e-05
DEHHALKAJ00010skbt_1,252.74462890625,"(1979, 1983)",,,,4.516959546901256e-06,1.5268503651363002e-09,5.098875672831924e-09,,,,,,4.1802137053865047e-10,,2.8188638751515993e-10,2.4740306292445836e-09,3.531345303897349e-09,7.793668443421416e-10,-3.48286065344242e-08,4.531069923474762e-06,4.496241316940338e-06
DEHHALKAJ00010s4bt_0,995.003662109375,"(1979, 1983)",,,,2.5607265261404283e-05,3.704536742674423e-09,1.6251106208183144e-08,,,,,,1.6455693672963745e-09,,7.456034991372306e-10,6.095756351126032e-09,1.0168962621414256e-08,2.414941362754723e-09,-1.0188035932353939e-07,2.564829173755687e-05,2.5546411378233333e-05
DEHHALKAJ00010s4bt_2,831.597900390625,"(1979, 1983)",,,,2.1581786042836532e-05,3.108062946497664e-09,1.3614201428800925e-08,,,,,,1.3753312662350752e-09,,6.252301391480122e-10,5.113781501739316e-09,8.52327893147662e-09,2.023370230558301e-09,-8.538571347138199e-08,2.161616929928099e-05,2.1530783585809607e-05
DEHHALKAJ00011Ax,1093.4267578125,"(1958, 1968)",4.395825899013222e-12,1.6116941861371076e-13,1.6698813554665717e-10,2.087856720183945e-05,3.025253516795654e-10,1.784556426785411e-09,,,,,,1.8083320779521625e-09,,2.064280376074219e-10,8.033835921766739e-10,4.450883760948723e-09,7.919906478348271e-11,-4.5888194116798044e-08,2.0888002510151382e-05,2.0842114316034586e-05
DEHHALKAJ000115e,149.48486328125,"(1919, 1948)",,,,3.730028232732911e-07,2.122777108491377e-09,6.647079380753729e-09,,,,,,2.472212657685408e-10,,4.2477108064265753e-10,3.912922198278087e-09,4.979689425943647e-09,1.0287811682113345e-09,-4.8958892280681705e-08,3.9236606490138046e-07,3.4340717262069874e-07
DEHHALKAJ00010zfbt_1,256.90185546875,"(1979, 1983)",,,,5.27689411812656e-06,2.0657773853901233e-09,6.561455875703266e-09,,,,,,4.249090558013024e-10,,3.760235801749168e-10,3.339189654917076e-09,4.6386933515273825e-09,1.008929868094407e-09,-4.561227989361372e-08,5.295309096898168e-06,5.249696817004554e-06
DEHHALKAJ00010qrbt_0,159.330810546875,"(1979, 1983)",,,,3.53428618620019e-06,2.362054892443646e-09,6.338093204317252e-09,,,,,,2.6356245619126534e-10,,4.114443489735538e-10,3.790159157231072e-09,4.823600464279294e-09,9.96400432457899e-10,-4.6940498881889705e-08,3.553271501156084e-06,3.506331002274194e-06
DEHHALKAJ00011Abbt_1,1938.90380859375,"(1979, 1983)",,,,4.8447335966316025e-05,8.676482476855398e-09,3.55789260711737e-08,,,,,,3.206600437245348e-09,,1.7068237937558705e-09,1.4217418699798607e-08,2.2792198484986174e-08,5.320699883898526e-09,-2.2749314282358998e-07,4.8538835116163744e-05,4.8311341973340154e-05
DEHHALKAJ00011Abbt_2,562.493896484375,"(1979, 1983)",,,,1.759336266616788e-05,2.545454245911441e-09,1.0397783531157695e-08,,,,,,9.303041544008617e-10,,5.000995228720908e-10,4.170060456566036e-09,6.6702604536032515e-09,1.5555825182517089e-09,-6.656364647935332e-08,1.7620132211050648e-05,1.7553568564571295e-05
DEHHALKAJ000114Zbt_0,198.94482421875,"(1979, 1983)",,,,4.408273068859935e-06,1.5354005063956098e-09,4.908554959162417e-09,,,,,,3.2905232135758507e-10,,2.79985767215413e-10,2.4826327018899656e-09,3.460839882039643e-09,7.541813112657306e-10,-3.4043901463184564e-08,4.422023716309261e-06,4.387979814846077e-06
DEHHALKAJ00010r3bt_0,140.15673828125,"(1979, 1983)",,,,4.068767206618043e-06,6.02088327702249e-10,2.171164921177109e-09,,,,,,2.318139702060796e-10,,1.1370862901697376e-10,9.794467937911215e-10,1.4588493314718177e-09,3.290311889248766e-10,-1.4454333063785224e-08,4.074653309780333e-06,4.0601989767165486e-06
DEHHALKAJ00010vLbt_1,1336.854248046875,"(1979, 1983)",,,,2.546755383082461e-05,6.292475689219177e-09,2.5363475066701253e-08,,,,,,2.210917964545702e-09,,1.2308587806711274e-09,1.0300392212949807e-08,1.6347860533922887e-08,3.799273872359869e-09,-1.630104506766191e-07,2.5533099084944986e-05,2.5370088634268368e-05
DEHHALKAJ00010wv,2941.11328125,"(1969, 1978)",,,,0.002068330698753178,9.882333836045364e-05,1.2246827027673173e-07,,,,,,4.864074702340809e-09,,1.2861490217102054e-09,9.882641477658938e-05,3.766562145651017e-06,1.3985656268149988e-09,1.482650386753837e-05,0.0022698770310955003,0.0022847035349630386
DEHHALKAJ000117Ibt_1,329.611328125,"(1979, 1983)",,,,7.231588979526892e-06,1.885761001328107e-09,7.019932331163468e-09,,,,,,5.451458114142891e-10,,3.596326680059491e-10,3.0729290073613964e-09,4.659510461861751e-09,1.0601283428055962e-09,-4.625054290566976e-08,7.2501920191508324e-06,7.2039414762451625e-06
DEHHALKAJ000117Ibt_3,1416.3837890625,"(1979, 1983)",,,,2.6528183812602252e-05,8.10336625115772e-09,3.0165584449831054e-08,,,,,,2.342445799817438e-09,,1.5453894860911714e-09,1.3204781370332214e-08,2.002230077672266e-08,4.555448693439813e-09,-1.9874113583545467e-07,2.6608123129429643e-05,2.6409381993594187e-05
DEHHALKAJ00011CDbt_0,1044.607421875,"(1979, 1983)",,,,2.2333479405763112e-05,6.2880147007396115e-09,2.3083867217204206e-08,,,,,,1.727609382373881e-09,,1.1940361093628807e-09,1.023881812398038e-08,1.5403326307195272e-08,3.491216365561236e-09,-1.5277008313609545e-07,2.2394906293969528e-05,2.2242136210833433e-05
DEHHALKAJ00011CDbt_2,1332.087890625,"(1979, 1983)",,,,3.530275922415958e-05,6.771834521212814e-09,2.6091464845812744e-08,,,,,,2.203048478924732e-09,,1.3054837847719241e-09,1.1056184740643874e-08,1.709700473283684e-08,3.926246215425004e-09,-1.700454480391158e-07,3.537121049147922e-05,3.52011650434401e-05
DEHHALKAJ00011Dtbt_0,504.1650390625,"(1979, 1983)",,,,1.579140881928441e-05,2.202443151331993e-09,9.1074367021717e-09,,,,,,8.338362834080419e-10,,4.3447016428317966e-10,3.610785783420214e-09,5.817142085434727e-09,1.3609269996588406e-09,-5.8090271318350924e-08,1.5814775860454118e-05,1.5756685589135765e-05
DEHHALKAJ00011Dtbt_1,1554.345703125,"(1979, 1983)",,,,3.997329325553974e-05,6.806476363574967e-09,2.812211449122939e-08,,,,,,2.5706104728711546e-09,,1.3423189791190907e-09,1.1158271299519579e-08,1.7967171295273528e-08,4.202513770524892e-09,-1.7941010390531574e-07,4.0045462732211855e-05,3.986605262830654e-05
DEHHALKAJ00011Hqbt_0,145.064453125,"(1979, 1983)",,,,4.427006344964285e-06,6.779606355797818e-10,2.394207065039192e-09,,,,,,2.399328468225344e-10,,1.272340007585074e-10,1.1016587227400128e-09,1.621826457415206e-09,3.6366665343364333e-10,-1.604939420246174e-08,4.433532831346074e-06,4.417483437143612e-06
DEHHALKAJ00011Hqbt_2,2.0,"(1979, 1983)",,,,5.732354540031465e-07,9.255139304804179e-12,3.276231286891745e-11,,,,,,3.3101503037061623e-12,,1.7381662642773412e-12,1.5041559083393757e-11,2.219983696641901e-11,4.982309432455836e-12,-2.198655123995094e-10,5.733247434773705e-07,5.731048779649709e-07
DEHHALKAJ00011a1,2523.326171875,"(1969, 1978)",,,,0.0018403899787337423,8.478562570453745e-05,1.0969418791260743e-07,,,,,,4.173129637270309e-09,,1.2341987307591552e-09,8.478856598026889e-05,3.2343335759279725e-06,1.5812361971628717e-09,1.2690929432283053e-05,0.0020133151867469546,0.0020260061161792376
DEHHALKAJ00011Y3bt_1,836.881103515625,"(1979, 1983)",,,,2.2877029266423274e-05,3.4242177060143005e-09,1.4496046653197806e-08,,,,,,1.3840759865927611e-09,,6.808335071261569e-10,5.621889003523286e-09,9.182769047468045e-09,2.1612709751102402e-09,-9.181921822918191e-08,2.291398036930231e-05,2.2822161151073127e-05
DEHHALKAJ00011WCbt_0,2063.052734375,"(1979, 1983)",,,,3.989764148592672e-05,1.2241288283639434e-08,4.511396430151191e-08,,,,,,3.4119204008408445e-09,,2.3272912074216288e-09,1.9936773228122168e-08,3.005868379449019e-08,6.820166023592692e-09,-2.981882182814346e-07,4.001755157316633e-05,3.9719363354884894e-05
DEHHALKAJ00011WCbt_1,413.025390625,"(1979, 1983)",,,,8.942141956853397e-06,2.450719165273839e-09,9.031864487903733e-09,,,,,,6.831013337022626e-10,,4.659262189604909e-10,3.991364438345882e-09,6.017832086202286e-09,1.3654180499157196e-09,-5.969838469448652e-08,8.9661481826337e-06,8.906449797939213e-06
DEHHALKAJ00017sUbt_0,373.480224609375,"(1979, 1983)",,,,1.2450670155446562e-05,1.570576836272683e-09,6.58309347061249e-09,,,,,,6.177043538506833e-10,,3.112306418259903e-10,2.5770004687061633e-09,4.184815127630759e-09,9.82453025556943e-10,-4.1821715319617785e-08,1.2467497029371015e-05,1.2425675314051397e-05
DEHHALKAJ00017sUbt_1,1653.33251953125,"(1979, 1983)",,,,4.173329614389185e-05,6.923867098220002e-09,2.9064925105754448e-08,,,,,,2.7343166976910365e-09,,1.3727467344812935e-09,1.1361702976091419e-08,1.8465916626016952e-08,4.3368111254419725e-09,-1.845541632242393e-07,4.1807556430255545e-05,4.162300226703131e-05
DEHHALKAJ00017sUbt_3,5.0,"(1979, 1983)",,,,8.364605511756099e-07,2.0924804450220486e-11,8.78595772771988e-11,,,,,,8.272441696280726e-12,,4.1489594614160895e-12,3.433766541099312e-11,5.585327640959174e-11,1.3119314180187164e-11,-5.584240281759824e-10,8.36685067214496e-07,8.361266431863199e-07
DEHHALKAJ00017sUbt_4,2488.223876953125,"(1979, 1983)",,,,6.100819434167411e-05,1.0413119610722728e-08,4.3722859600026856e-08,,,,,,4.11507729695461e-09,,2.0647079992812187e-09,1.708764085144525e-08,2.777609185138026e-08,6.523760418055167e-09,-2.776062940336601e-07,6.111989759930197e-05,6.084229130526831e-05
DEHHALKAJ00017sUbt_6,1356.22802734375,"(1979, 1983)",,,,3.509775623407763e-05,5.688061392080248e-09,2.38645291543005e-08,,,,,,2.2429604236325584e-09,,1.1275295721283726e-09,9.33350547841033e-09,1.5164816059917176e-08,3.561046594156832e-09,-1.5155765170346977e-07,3.515873868275226e-05,3.5007181031048786e-05
DEHHALKAJ00017yRbt_1,1847.21923828125,"(1979, 1983)",,,,3.760838810662837e-05,9.15587831647678e-09,3.6283784626481165e-08,,,,,,3.0549703058200613e-09,,1.78108597945637e-09,1.4972694620272807e-08,2.3530731451803517e-08,5.444260862826514e-09,-2.3440799761068959e-07,3.770261151279151e-05,3.746820351518082e-05
DEHHALKAJ00017yRbt_3,706.64306640625,"(1979, 1983)",,,,1.9810738613435955e-05,2.8903183917887347e-09,1.2237411566539609e-08,,,,,,1.1686896815315467e-09,,5.74703816684257e-10,4.745369891862015e-09,7.751678040268494e-09,1.8245073780821212e-09,-7.751032180640167e-08,1.9841931292202713e-05,1.976442097039631e-05
DEHHALKAJ00017vfbt_0,248.3125,"(1979, 1983)",,,,4.915372608925951e-06,1.9052943848132736e-09,6.096784089715221e-09,,,,,,4.1070083596421423e-10,,3.4752796058017833e-10,3.080861115942347e-09,4.296918464407677e-09,9.36634074210698e-10,-4.2270555403025855e-08,4.932447329851585e-06,4.89017677444856e-06
DEHHALKAJ000180Rbt_1,214.2158203125,"(1979, 1983)",,,,4.385349594321298e-06,1.3066207438466032e-09,4.355205533780291e-09,,,,,,3.543022529570507e-10,,2.410970492104952e-10,2.1169850000414072e-09,3.0186295172654466e-09,6.658503557451999e-10,-2.9768641687393423e-08,4.397408284774144e-06,4.36763964308675e-06
DEHHALKAJ0001806bt_0,556.5517578125,"(1979, 1983)",,,,1.0754558070309381e-05,3.307657574095287e-09,1.2184695350773276e-08,,,,,,9.204613327231493e-10,,6.287611380915166e-10,5.386888470730085e-09,8.119809966037317e-09,1.8421239543029142e-09,-8.054810285339195e-08,1.0786948468096137e-05,1.0706400365242746e-05
DEHHALKAJ0001806bt_1,366.37890625,"(1979, 1983)",,,,1.3005591685053593e-05,1.878818978911918e-09,7.219925719325204e-09,,,,,,6.059699424462046e-10,,3.6189856804035055e-10,3.06704096615782e-09,4.735812228560632e-09,1.086795186472635e-09,-4.709581267430343e-08,1.3024547946643507e-05,1.2977452133969204e-05
DEHHALKAJ00018Lp,2077.3017578125,"(1969, 1978)",,,,0.0011158627255826638,6.979888463499319e-05,8.787439256157717e-08,,,,,,3.4354851252514768e-09,,1.0233175390992567e-09,6.980132388638344e-05,2.6627875772725196e-06,1.2893951424715892e-09,1.0446777453482404e-05,0.0012582193442716813,0.0012686661217251637
DEHHALKAJ000180bbt_1,1550.853515625,"(1979, 1983)",,,,3.059118102616351e-05,9.066549979531594e-09,3.354965198793297e-08,,,,,,2.564834742785285e-09,,1.7258751901964326e-09,1.4769496601345534e-08,2.2319146121467903e-08,5.0697322529477656e-09,-2.2146293148146868e-07,3.068024631303971e-05,3.0458783381558243e-05
DEHHALKAJ000180bbt_2,955.904296875,"(1979, 1983)",,,,1.8901125366135612e-05,5.5883769781915605e-09,2.067910100523038e-08,,,,,,1.580906937469588e-09,,1.063782938592923e-09,9.103519568469656e-09,1.3756922393256437e-08,3.124846924278535e-09,-1.3650381769173053e-07,1.8956022822881103e-05,1.881951900518937e-05
DEHHALKAJ00018E7,136.772216796875,"(1949, 1957)",2.1307545491144e-06,2.6024504133702765e-09,6.558032703952336e-07,2.794382979304478e-06,2.950171227445061e-11,9.237909273281878e-11,,,,,,2.261968146321727e-10,,5.9075078701398184e-12,1.175624800440549e-09,4.306033319936498e-08,1.4255387893682603e-11,-8.557949831076121e-07,2.8389871778196867e-06,1.9831921947120745e-06
DEHHALKAJ00018EGbt_0,1460.2978515625,"(1979, 1983)",,,,3.0085955871489827e-05,8.776757989124408e-09,3.22336080802436e-08,,,,,,2.4150720471985153e-09,,1.6668376071281502e-09,1.4291575288148729e-08,2.1505277194478323e-08,4.8747960993851825e-09,-2.1329401482371786e-07,3.0171719795795534e-05,2.9958425780971817e-05
DEHHALKAJ00018EGbt_1,663.84765625,"(1979, 1983)",,,,1.2961050682644635e-05,3.986722880547448e-09,1.4644812746047568e-08,,,,,,1.0979085868251891e-09,,7.571881319596973e-10,6.491828182799934e-09,9.769734763401365e-09,2.2147230863297408e-09,-9.689935790272185e-08,1.3000013601022546e-05,1.2903114243119825e-05
DEHHALKAJ00018EGbt_2,472.4892578125,"(1979, 1983)",,,,1.0130860873107342e-05,2.837524117467992e-09,1.0423350357626657e-08,,,,,,7.814453737300364e-10,,5.389237351759809e-10,4.620517359635427e-09,6.953593715518778e-09,1.576327517209716e-09,-6.896822946080586e-08,1.0158592555283705e-05,1.0089624325822898e-05
DEHHALKAJ00018Hd,246.56689453125,"(1969, 1978)",,,,0.00011961994398497433,5.523292334629209e-06,8.669132975711301e-09,,,,,,4.077775210019463e-10,,1.2836793314108696e-10,5.523598466076384e-06,2.1172737224200412e-07,1.569445666661784e-10,8.159802457263997e-07,0.00013088792438091846,0.00013170390462664486
DEHHALKAJ00018G8bt_0,769.710693359375,"(1979, 1983)",,,,2.0724232362735122e-05,2.976513933827437e-09,1.2868701459796036e-08,,,,,,1.2729863475407635e-09,,5.960764397707296e-10,4.893278430435139e-09,8.092717073029552e-09,1.914879160602367e-09,-8.101417341973166e-08,2.075684751558012e-05,2.067583334216039e-05
DEHHALKAJ00018G8bt_1,1081.70166015625,"(1979, 1983)",,,,2.7344414352960595e-05,4.149954889219191e-09,1.7996170658058314e-08,,,,,,1.788948052284854e-09,,8.319311497878586e-10,6.8236709343098865e-09,1.1305406251755748e-08,2.677083307824504e-09,-1.1319396509073538e-07,2.7389987518203835e-05,2.72767935531131e-05
DEHHALKAJ00018G8bt_2,958.86962890625,"(1979, 1983)",,,,2.4612897698893825e-05,3.680311025397089e-09,1.5956924023994247e-08,,,,,,1.585811257126994e-09,,7.37740713968572e-10,6.051383611433896e-09,1.0024918366897343e-08,2.373769585576159e-09,-1.0037242607919486e-07,2.4653308557478216e-05,2.455293613139902e-05
DEHHALKAJ00018B7,104.38818359375,"(1969, 1978)",,,,5.942941020835146e-05,1.0614404612321326e-10,2.8981387557864478e-09,,,,,,1.7263939338551087e-10,,7.04604847990618e-11,2.746786587002491e-10,1.5159301626993553e-09,7.299708937693798e-11,-1.597710040928387e-08,5.943452119694233e-05,5.9418544096533046e-05
DEHHALKAJ00018K3bt_0,124.58349609375,"(1979, 1983)",,,,1.7954214171557978e-06,1.0473823396652913e-09,2.8104371793353086e-09,,,,,,2.060667211534172e-10,,1.824426461250264e-10,1.680632513042154e-09,2.1388930416874507e-09,4.4182707360630847e-10,-2.081454185375727e-08,1.803929098670413e-06,1.7831145568166556e-06
DEHHALKAJ0001813bt_1,774.5078125,"(1979, 1983)",,,,1.5649252056015537e-05,4.585206191637906e-09,1.6908708726307865e-08,,,,,,1.2809206201226997e-09,,8.718965922893394e-10,7.4679463278843e-09,1.1263381592224769e-08,2.5560388449691816e-09,-1.1173921214609557e-07,1.5694186154910974e-05,1.558244694276488e-05
DEHHALKAJ00018yQbt_0,330.62255859375,"(1979, 1983)",,,,1.1448297910354976e-05,1.3713326823269379e-09,5.776640820286875e-09,,,,,,5.468237944092743e-10,,2.722036857639145e-10,2.2507696693036083e-09,3.6657877223777573e-09,8.616987245528715e-10,-3.664503373486744e-08,1.1463043167453997e-05,1.1426398133719129e-05
DEHHALKAJ00018yQbt_1,1061.65771484375,"(1979, 1983)",,,,2.7636395086332368e-05,4.383197520210845e-09,1.8494902526114917e-08,,,,,,1.7558038628795686e-09,,8.705387147579081e-10,7.194882103981748e-09,1.172928079743862e-08,2.7583104979794007e-09,-1.1726011097732224e-07,2.7683582002355732e-05,2.756632189137841e-05
DEHHALKAJ00018yQbt_3,1544.0771484375,"(1979, 1983)",,,,3.82040178472978e-05,6.353557182240451e-09,2.6841670576997335e-08,,,,,,2.553627845945132e-09,,1.2623901232708119e-09,1.0429952304423262e-08,1.701533642903194e-08,4.002648438859174e-09,-1.7011697864163676e-07,3.827247703019857e-05,3.810236005155693e-05
DEHHALKAJ00018yQbt_4,515.04638671875,"(1979, 1983)",,,,1.5561617384419442e-05,2.1276679440071477e-09,8.975806798008263e-09,,,,,,8.518283879471066e-10,,4.2254215975993474e-10,3.492457224577588e-09,5.69289976841119e-09,1.3386993730227672e-09,-5.6913070045125367e-08,1.558451928607518e-05,1.5527606216030054e-05
DEHHALKAJ000181abt_0,243.458984375,"(1979, 1983)",,,,4.561787407392141e-06,1.8526554657578003e-09,5.9362988591776495e-09,,,,,,4.02670805191797e-10,,3.380530083663173e-10,2.995934668827348e-09,4.181473715878986e-09,9.118278766087898e-10,-4.1138142278230385e-08,4.57840632179195e-06,4.53726817951372e-06
DEHHALKAJ00018BE,623.3798828125,"(1995, 2001)",,,,1.8017300378236933e-05,4.34620425361897e-09,1.642601418848395e-08,,,,,,1.0309587351423352e-09,,7.989588153039288e-10,7.0375780350326815e-09,9.963152871359366e-09,2.1745319566145177e-09,-9.881387367546349e-08,1.8059077777092486e-05,1.7960263903417024e-05
DEHHALKAJ00018L7bt_0,206.03759765625,"(1979, 1983)",,,,4.206784650590293e-06,1.4434775152440276e-09,4.6900142011649694e-09,,,,,,3.4077873951589535e-10,,2.6442069940350105e-10,2.3358074701923142e-09,3.2847163962172417e-09,7.191995929248389e-10,-3.234295262175499e-08,4.219863065204955e-06,4.1875201125832e-06
DEHHALKAJ00019u9bt_1,2924.953125,"(1979, 1983)",,,,5.673118648497389e-05,1.7131181091696522e-08,6.335987584671031e-08,,,,,,4.83734926510463e-09,,3.260520902832219e-09,2.790609015306417e-08,4.215863144767519e-08,9.574894276778449e-09,-4.1830874323375323e-07,5.6899415027957746e-05,5.648110628472399e-05
DEHHALKAJ00019u9bt_3,4.0,"(1979, 1983)",,,,5.072067368495991e-07,1.7039689423328754e-11,6.950663080011999e-11,,,,,,6.617323648171998e-12,,3.3461931957018974e-12,2.7913072473601135e-11,4.463229426206752e-11,1.0405595108296421e-11,-4.45468547732076e-10,5.073861976485102e-07,5.069407291007782e-07
DEHHALKAJ0001A8nbt_0,776.5625,"(1979, 1983)",,,,1.6673052965997932e-05,4.5918100471926595e-09,1.6938646048222724e-08,,,,,,1.2843223361611036e-09,,8.732411131970816e-10,7.478837002898823e-09,1.12819629266853e-08,2.5604881602164738e-09,-1.1192599716685862e-07,1.67180622736325e-05,1.660613627646564e-05
DEHHALKAsT0000Edbt_1,241.58935546875,"(1979, 1983)",,,,4.014224419186712e-06,1.3301588493230512e-09,4.52687437170867e-09,,,,,,3.995682044236014e-10,,2.4692195696661925e-10,2.1573576718171353e-09,3.1114285806080387e-09,6.904226273350374e-10,-3.072172514141862e-08,4.026687151448895e-06,3.9959654263074764e-06
