building_name,net_leased_area ,building_age_group,a1,a2,a3,a1_a3,a4,a5,b1,b2,b3,b4,b5,b6,b7,c1,c2,c3,c4,d,sum,sum with d
DEHHALKA10000t7C,1350.308837890625,"(2002, 2009)",0.5136093469341585,0.28158777734832957,8.562089166016913,434.5639907283842,19.963465590396023,1.7886859794863956,,,,,,51.26556804822569,,12.3675548640636,22.89357294400471,16.151896161755783,49.21042704904755,-42.769687434915454,608.205161365364,565.4354739304486
DEHHALKA10000t7F,1348.009033203125,"(2002, 2009)",0.5127345832130914,0.28110818566373386,8.547506477785706,477.7008498110071,20.039945863123126,1.791048298602008,,,,,,51.17825519535514,,12.352723098618183,23.032423524612593,16.244456330403857,49.35436924120088,-56.87548234132057,651.6940713629228,594.8185890216023
DEHHALKA10000t79,1348.662109375,"(2002, 2009)",0.5129829901084051,0.2812443754467799,8.551647527787669,475.8895192737676,19.945071629147893,1.7867960230341766,,,,,,51.20304970832069,,12.352808131287144,22.95739930640542,16.20759482000227,49.27375200554226,-56.675974709158595,649.6159908975073,592.9400161883487
DEHHALKA3Aw000Dnbt_1,603.001953125,"(1979, 1983)",,,,263.55915112389096,8.473687877080023,0.6439224354834882,,,,,,23.14488713718147,,4.400036068020662,9.23843836181849,6.607122093415633,20.22279397184376,-24.02539208852047,336.2900390687345,312.264646980214
DEHHALKA3gi00005bt_1,759.09765625,"(1979, 1983)",,,,372.12172810088015,16.778039285114854,1.109773479996447,,,,,,29.18828369415041,,5.883760600281193,16.57202182383045,10.850855806801924,31.43019639297595,-28.480397696245248,483.9346591840314,455.45426148778614
DEHHALKA900014M0bt_1,852.228515625,"(1979, 1983)",,,,372.03703775783305,12.295633247329693,0.9257125437360046,,,,,,32.56732349136365,,6.23664734517569,13.31338211335002,9.468733670634942,28.890486131694864,-33.551807726187455,475.7349563011179,442.18314857493044
DEHHALKA900014M0bt_2,4.0,"(1979, 1983)",,,,13.728978642043392,0.05771049910627516,0.004344902930440497,,,,,,0.18688867940107357,,0.029272183367870113,0.07154483805589824,0.05243626862215877,0.14977887011467533,-1.6119895659602173,14.280954883641785,12.668965317681568
DEHHALKAJ000109w,1832.744140625,"(1949, 1957)",9.422509499622224,4.292381827536685,125.90887720076603,413.35232953870116,10.541297086423937,1.3141136873030272,,,,,,69.5816279747702,,19.50424608854204,23.489517757987556,10.619872537762372,9.847827765215884,-93.22724353242995,558.2508324367061,465.02358890427615
DEHHALKAJ00010D9bt_1,1199.3701171875,"(1979, 1983)",,,,478.3553850184199,21.902382525424684,1.5279031091181559,,,,,,45.541415642527575,,9.036437494458973,22.398108273969118,15.181594552389631,45.0633270921763,-36.71709465112297,639.0065537084843,602.2894590573613
DEHHALKAJ00010A0,590.72265625,"(1958, 1968)",1.6851738053295775,0.9239013057704601,28.09257360208736,118.7280802659073,2.9307916119509714,0.4651766660318585,,,,,,22.427542589902338,,7.503983833928617,8.192688157576228,2.9843808761494515,0.7930366115961234,-27.769098899883595,164.02568061304288,136.25658171315928
DEHHALKAJ00010D6,620.953125,"(1969, 1978)",0.2952355417318686,0.16186372091309356,4.921703719713689,245.0807915528302,6.8538588162770475,0.8994464013900578,,,,,,23.57522291928114,,15.591271760277078,17.65999518817199,7.45310632052891,17.418381777014346,-27.994339494326443,334.5320747357708,306.53773524144435
DEHHALKAJ00010Ax,810.3994140625,"(1949, 1957)",4.16642782166428,1.8979974568528724,55.67415442614468,189.70396448286985,4.961910995653597,0.6042313494858729,,,,,,30.76796919243261,,8.806380641010833,10.747930665527162,4.958838009469794,5.0796278850668,-41.70535132379613,255.6308532215165,213.92550189772038
DEHHALKAJ000108c,718.572265625,"(1969, 1978)",0.3416490932633491,0.1873100818343,5.695437626809037,281.90976360170305,7.912779527258859,1.0378802988529607,,,,,,27.281380869866798,,17.99592297457368,20.385400243679626,8.607223936256501,20.129431154295382,-32.30754323832367,385.2597826064868,352.95223936816313
DEHHALKAJ000107hbt_0,947.62060546875,"(1979, 1983)",,,,382.45843397550635,17.293041656898712,1.1666061069436189,,,,,,36.10222754091982,,6.454166487242592,17.30136261726193,11.47695436010724,33.55603704364598,-29.349017054082474,505.8088297885263,476.4598127344438
DEHHALKAJ00010AW,669.5283203125,"(1949, 1957)",3.4421809452678316,1.5680700494017086,45.996359882462365,167.2346227762103,4.755128954775206,0.5395788091895894,,,,,,25.4198318291712,,7.397435203686863,9.510441332998074,4.471437277870392,4.823528925887469,-35.222765688162156,224.15200510978912,188.92923942162696
DEHHALKAJ00010Em,1410.43359375,"(1958, 1968)",4.023589955788764,2.205944575141979,67.07497862839666,269.4058767680282,6.5797536560501095,1.0403398341383359,,,,,,53.548259103967965,,16.895387486951712,18.439898452929985,6.740282439609858,1.6007774365794185,-64.34263165297556,374.25057517825553,309.90794352527996
DEHHALKAJ00010CR,1537.02734375,"(1949, 1957)",7.902169444516479,3.599797752723743,105.59323736942494,358.5864266690496,9.358305226112536,1.1419528419147502,,,,,,58.35467331249658,,16.67060667601759,20.321642415810075,9.359090483583588,9.507358657464064,-79.0152490745609,483.3000562824488,404.28480720788787
DEHHALKAJ00010DZbt_1,109.232421875,"(1979, 1983)",,,,62.596528129678106,1.777775223539123,0.08703316831665303,,,,,,4.3742069512228365,,0.10028458476397174,1.476208708240542,0.7709506071353184,1.7977035081065622,-5.660487064047605,72.98069088100311,67.32020381695551
DEHHALKAJ00010CC,654.6484375,"(1949, 1957)",3.3656804485284266,1.5332205921509714,44.974117172052196,154.50467556420838,4.062977249283674,0.49231543595533567,,,,,,24.854767236586603,,7.146981583656326,8.747999775578508,4.053617647543596,4.23524031448854,-33.77769189398943,208.098574807301,174.32088291331155
DEHHALKAJ000109u,1563.70703125,"(1949, 1957)",8.039335131391883,3.6622829645167565,107.42612250747088,357.6898670712044,9.211618774609361,1.137973080732411,,,,,,59.367501285796656,,16.7728934125753,20.302976030658623,9.251284594161051,8.927127910938088,-79.89110685854882,482.6612421606759,402.7701353021271
DEHHALKAJ000106X,691.1787109375,"(1958, 1968)",1.9717480718741927,1.0810164580612354,32.86989013163922,137.4070692097064,3.3843089697645143,0.5367293914924265,,,,,,26.24145173133384,,8.67038877016501,9.465486499085843,3.450509932301454,0.8964626284099699,-32.28091662022793,190.05240713225948,157.77149051203156
DEHHALKAJ0001087bt_0,1165.005859375,"(1979, 1983)",,,,479.78418546773304,16.990051742481626,1.274358818647459,,,,,,44.28392994582694,,8.535820768819459,18.32388627873838,12.999217168156314,39.635791580378694,-42.17237559601511,621.8272417707819,579.6548661747669
DEHHALKAJ0001087bt_1,1333.10546875,"(1979, 1983)",,,,542.0500418459126,19.431053871835893,1.4577227296819975,,,,,,50.62367965863512,,9.766868411865943,20.954147337067365,14.865930335162426,45.336446455749304,-47.42377030057523,704.4858906459106,657.0621203453353
DEHHALKAJ00010Eh,1836.6298828125,"(1958, 1968)",5.2394140225617205,2.872523559058119,87.34328981089125,352.46930548404157,8.623209644439122,1.3597069035738119,,,,,,69.72914546716363,,22.164501335909915,24.18813933953215,8.838679835850755,2.1176098709569486,-83.98021718916604,489.4902978814678,405.5100806923018
DEHHALKAJ00010Apbt_0,4522.6318359375,"(1979, 1983)",,,,1718.6263484257192,78.29914117653098,5.5513949187630605,,,,,,171.70655753348453,,33.83288413317031,80.94455316978174,55.42905892372462,165.6632177135604,-132.52862793860604,2310.053155994735,2177.524528056129
DEHHALKAJ00010ED,2555.748046875,"(1949, 1957)",18.98837268086558,7.974151099682545,229.61610554749188,683.6318295079046,20.44793613223815,2.175365094363592,,,,,,97.03109760928652,,27.499604964164373,38.51390431856422,16.193803243643636,5.572794484999846,-154.9713380342825,891.0663353551648,736.0949973208824
DEHHALKAJ00010Dw,1936.94921875,"(1949, 1957)",9.958248949978264,4.536435524812868,133.06772938013384,455.7831649904073,12.473114388950913,1.4655616057526797,,,,,,73.53789354495034,,20.716057012740606,26.02420672721938,11.880245886872395,11.179339028404785,-99.93673106199695,613.0595831852985,513.1228521233015
DEHHALKAJ00010CLbt_0,1726.1591796875,"(1979, 1983)",,,,700.2665195169938,32.22430823522487,2.2333547410029193,,,,,,65.54064010776456,,13.045030502357745,32.80894108358992,22.145464032793264,65.550630339936,-53.512157128114566,933.814888559663,880.3027314315484
DEHHALKAJ00010CLbt_1,911.1748046875,"(1979, 1983)",,,,385.722871451243,17.01000586037288,1.1789043524361666,,,,,,34.74129437239035,,6.885983204793527,17.33076485715915,11.70048767382879,34.62074903104322,-30.198713361541493,509.1910608032671,478.9923474417256
DEHHALKAJ00010AK,860.0478515625,"(1969, 1978)",0.4089144303306057,0.22418849316076506,6.816779785377394,345.0372722141583,9.578325886828734,1.2586985176846448,,,,,,32.65259243110415,,21.813133097296888,24.705241149912506,10.405430241426807,24.308561403249165,-39.15561374718013,469.7592549416612,430.60364119448104
DEHHALKAJ00010D1,682.2548828125,"(1949, 1957)",3.5076107853615466,1.597876318804584,46.87067024553025,160.7579241378288,4.222930272419548,0.5121999258955918,,,,,,25.902902231045392,,7.441480505483059,9.10322640271401,4.214607077062408,4.386399070314102,-35.183841621483054,216.54166962276292,181.35782800127987
DEHHALKAJ00010C2,689.3984375,"(1958, 1968)",1.9666694277229018,1.0782320770388854,32.78522694487016,143.47716173947015,3.5663496434770456,0.5674506927133146,,,,,,26.173880548464687,,9.114279221782915,9.952912673784759,3.6175106878686547,1.0277579939368646,-33.092396624589924,197.4973032014984,164.40490657690847
DEHHALKAJ00010EY,856.015625,"(1958, 1968)",2.441983717638774,1.3388244810483625,40.708921006192256,169.65877782111102,4.176038446641313,0.6621432818041113,,,,,,32.49952023617067,,10.700563727398386,11.681605703430922,4.259226558687685,1.0994828654765383,-39.90734050732701,234.73735864072066,194.83001813339365
DEHHALKAJ00010Dybt_0,1084.08984375,"(1979, 1983)",,,,400.6974454877803,18.12354041228874,1.2991098580508988,,,,,,41.163285305970206,,8.073468616772448,18.876118498951996,13.014766669001332,39.07180051147614,-31.166748208885313,540.3195353602921,509.15278715140676
DEHHALKAJ00010Dybt_1,522.205078125,"(1979, 1983)",,,,208.73967907450566,9.310765226402825,0.6542075568013352,,,,,,20.01794978591075,,3.921738218181666,9.569868063345428,6.51677177559569,19.40079183663603,-16.072901091142725,278.1317715373794,262.05887044623665
DEHHALKAJ00010Kr,830.3896484375,"(1958, 1968)",2.368879657751762,1.2987449734194607,39.49024482187687,166.1222384636123,4.096824591082733,0.6500293382897917,,,,,,31.526659995333645,,10.492169425950355,11.454787361307627,4.173952168938927,1.0986471665659694,-38.92746301319343,229.61530851108134,190.6878454978879
DEHHALKAJ00010mObt_0,1644.840087890625,"(1979, 1983)",,,,684.1048503454274,24.47082536491392,1.864538766684579,,,,,,62.453973195430265,,12.791963717544736,26.66955515831775,19.093327401864908,58.5637522257461,-60.06098197692869,890.0127861759297,829.951804199001
DEHHALKAJ00010mObt_1,1554.635009765625,"(1979, 1983)",,,,650.8417820218843,23.153317970069956,1.7634847204376805,,,,,,59.029657905880676,,12.091818727846437,25.22987358923632,18.059114035910255,55.380833879440694,-57.256831785310006,845.5498828507064,788.2930510653963
DEHHALKAJ00010bibt_0,445.697021484375,"(1979, 1983)",,,,181.1008153952155,5.827950435830643,0.4358228461012299,,,,,,17.23514844037771,,2.9055504582477614,6.285236782750296,4.453138600294926,13.548625904944455,-16.464578879428043,231.79228886376254,215.3277099843345
DEHHALKAJ00010is,531.865234375,"(1949, 1957)",1.5172693165757114,0.8318471948450417,25.293533411976917,125.1668152716122,4.6651854775104,0.4443746394237959,,,,,,20.192697918285514,,5.079149870050044,7.720780973485777,3.6437268915464047,3.6299856609353305,-24.061933300624887,170.54271670284942,146.48078340222452
DEHHALKAJ00010Kj,732.373046875,"(1958, 1968)",2.08926449877156,1.145445171536711,34.82893961462294,144.99373460445955,3.5681139929115844,0.5657059952015389,,,,,,27.805383900976892,,9.143395857308889,9.981604055242437,3.639655847420992,0.9373548198536751,-34.12091379896451,200.63494907337554,166.51403527441101
DEHHALKAJ00010JX,538.5830078125,"(1860, 1918)",6.2305674519927035,2.651595579462526,76.59434543121792,219.76442224841156,9.38070298294628,0.7355872676274086,,,,,,20.448306832846615,,4.8617104509367,12.319914665988222,5.770768364810744,11.282074000998767,-48.556816678489646,284.5634868145663,236.00667013607668
DEHHALKAJ00010Hc,839.201171875,"(1949, 1957)",4.314503502594599,1.9654526673730532,57.65282504753518,181.56149923497173,4.49209840797806,0.5759537977009634,,,,,,31.861234406577122,,8.728311050054806,10.35356973337504,4.5701585277493155,3.702366940816646,-42.15144855615016,245.84519209922374,203.6937435430736
DEHHALKAJ00010I1,1226.453125,"(1958, 1968)",3.4987428666353986,1.918195673832785,58.32555145640319,327.9041005171024,8.316007825433323,1.2617146643279809,,,,,,46.56381476378388,,21.566644310350846,23.523423094454824,8.454661983157571,3.1898398412411932,-67.28053480103338,440.78020699985194,373.49967219881853
DEHHALKAJ00010lF,656.58984375,"(1958, 1968)",1.8730752813121687,1.0269188215112537,31.224972187495837,167.5892965132236,4.230262134452807,0.6443420093122391,,,,,,24.928150268521385,,10.962246562704753,11.957314348030394,4.306099396816691,1.553882175207922,-35.04421754575449,226.17159340826979,191.1273758625153
DEHHALKAJ00010h2,599.4443359375,"(1949, 1957)",3.0818649612158433,1.4039297232839414,41.181614830595464,143.48426568218918,3.807548765494758,0.4575134127940589,,,,,,22.758932533305078,,6.59706791825217,8.11506656798342,3.788016256284837,4.088293623157621,-31.069148421017623,193.09670475946115,162.02755633844353
DEHHALKAJ00010Kz,1310.1083984375,"(1969, 1978)",0.6228981660091751,0.3415056815610477,10.383980880711384,488.3114815804476,13.888892712135405,1.8140059730101952,,,,,,49.73971584634039,,31.41390576746509,35.5747375554562,15.165999066873034,35.299515210966675,-56.589330892919946,671.2082537126945,614.6189228197745
DEHHALKAJ00010PF,677.8642578125,"(1949, 1957)",3.4850376913574532,1.5875932473469927,46.56903585385183,159.27589409836762,4.176328113876943,0.5074079755484092,,,,,,25.736191968729244,,7.381834914731625,9.021303515654374,4.170500888671329,4.311338311182014,-34.926268271637895,214.58079978676156,179.65453151512367
DEHHALKAJ00010pq,1350.03662109375,"(2002, 2009)",0.5135058053684484,0.2815310103920319,8.56036308349273,475.40377995546254,19.916884261382872,1.7862419684655988,,,,,,51.25523413050424,,12.36266098056179,22.940769491560353,16.20332230273442,49.275415850467965,-56.62067493667088,649.1443089411399,592.523634004469
DEHHALKAJ00010KY,562.689453125,"(1949, 1957)",2.8929006509329143,1.317847881546985,38.65656732178746,137.81696001005363,3.7099850264794245,0.4399245167186439,,,,,,21.36351600718742,,6.274812131440399,7.780767231298656,3.6745638366379767,4.16524409005509,-29.382055350697726,185.22577284987125,155.84371749917352
DEHHALKAJ00010Po,760.1845703125,"(1949, 1957)",3.908263121110351,1.7803916885367392,52.22441233982252,181.60389873208845,4.813105815885814,0.579006818181084,,,,,,28.86157467619368,,8.35672378295458,10.27256981306883,4.790276007051923,5.1473594573139145,-39.375555223023724,244.42451510273827,205.04895987971454
DEHHALKAJ00010Nibt_0,4.0,"(1979, 1983)",,,,8.647152342212049,0.05868770224940752,0.004392743109845455,,,,,,0.17403859847352915,,0.029327307553504774,0.06848905959683156,0.04944686734418821,0.14471302421748372,-0.9940754153375809,9.176247644756842,8.18217222941926
DEHHALKAJ00010Nibt_1,936.0869140625,"(1979, 1983)",,,,373.0749466364167,16.963844855994015,1.1861086851222042,,,,,,35.60305327625501,,7.045412129104861,17.37616807350049,11.795223751385507,35.044201308596755,-28.766231267921093,498.08895871637554,469.32272744845443
DEHHALKAJ00010FV,674.16015625,"(1949, 1957)",3.4659941536444805,1.5789180493846613,46.314565380623115,158.79242837767646,4.170301955712413,0.5059284548194799,,,,,,25.595576449667554,,7.351661921861489,8.992186346833211,4.1623949400186975,4.32826934759905,-34.76234878259504,213.89874779418832,179.13639901159328
DEHHALKAJ00010Gn,1125.1611328125,"(1949, 1957)",5.784681684436354,2.635185726409129,77.29817368509087,266.13372843711653,7.131654877897548,0.8525670195464946,,,,,,42.71812284100399,,12.236945561254299,15.135361806967753,6.998045799161274,7.158620031158176,-58.13202772623561,358.3650463741061,300.2330186478705
DEHHALKAJ00010kcbt_1,1111.580078125,"(1979, 1983)",,,,446.6366277732864,20.14852655876095,1.4086891809755993,,,,,,42.21952571758486,,8.366499875408739,20.640026395874266,14.01074783311079,41.62265240599628,-34.59374332538517,595.053295740998,560.4595524156128
DEHHALKAJ00010Knbt_1,617.4208984375,"(1979, 1983)",,,,252.58046585315518,11.477488292602988,0.7964549820151596,,,,,,23.650419907467434,,4.6632643633179685,11.697743001117626,7.902543037145974,23.401780686381034,-19.44912503596835,336.17016012320335,316.721035087235
DEHHALKAJ00010K2,1443.42578125,"(1958, 1968)",4.117707846083449,2.257544974735547,68.64396442203679,286.1142495758498,7.042681380354336,1.1166813490875773,,,,,,54.800837912205814,,18.045852518924892,19.700335056199307,7.182877531915132,1.8546540710420303,-67.29695056451324,395.8581693955789,328.5612188310657
DEHHALKAJ00010JBbt_0,1263.5400390625,"(1979, 1983)",,,,465.7168941409595,20.88854548079174,1.502647859735019,,,,,,47.976065708195016,,9.396619585342751,21.809652931124905,15.070893029504457,45.308551497372775,-36.2346072393124,627.6698702330261,591.4352629937138
DEHHALKAJ00010SBbt_1,742.314453125,"(1979, 1983)",,,,348.6178039495717,14.651521016158364,0.9992911676520662,,,,,,28.519455116636678,,5.654642369953319,14.783034310595818,9.880677276624944,29.015116281073027,-27.9098776756281,452.1215414882659,424.2116638126378
DEHHALKAJ00010k2,2309.94921875,"(1949, 1957)",11.875917633486125,5.410020869423596,158.69269805681455,525.6743381877004,13.489803357124682,1.6719703469738258,,,,,,87.6991010158238,,24.706042743168098,29.850506219513402,13.563215211165868,12.90328827462447,-117.82828670693571,709.5582653560945,591.7299786491587
DEHHALKAJ00010Jw,2018.2841796875,"(1949, 1957)",10.37640848741574,4.726926221540713,138.65541256067672,457.20397761363387,11.695516391646258,1.4538527558943886,,,,,,76.62580183029016,,21.53146873454787,25.972105685654174,11.771100568870814,11.054669033897436,-102.80481332586704,617.3084926144348,514.5036792885678
DEHHALKAJ00010FJ,306.08154296875,"(1919, 1948)",0.970187566117331,0.5319080775782423,16.173444853452793,122.23435613395944,8.09199146840529,0.5276623473281191,,,,,,11.621298461158222,,2.1365149307275164,8.686193691836136,4.320318952889481,6.778523512899953,-18.33043724031041,164.3968594992042,146.0664222588938
DEHHALKAJ00010SZ,720.0390625,"(1949, 1957)",3.7018669197281753,1.6863688272044188,49.466430087262864,167.04778149273685,4.34336225015792,0.531831791591396,,,,,,27.337323328819455,,7.784947001063883,9.471080499710187,4.348840964982368,4.355838517530486,-36.95046883142149,225.22100584659253,188.27053701517104
DEHHALKAJ00010ki,458.909912109375,"(1958, 1968)",1.1636864774743227,0.637994403097006,19.399155098905457,95.53774672687072,2.426223964492566,0.3889444912876642,,,,,,17.423288450888446,,6.165279437101644,6.737014059479121,2.431864221034302,0.8294513461047593,-21.062903767083373,131.93981269725919,110.87690893017582
DEHHALKAJ00010Rb,1708.4765625,"(1958, 1968)",4.873826862205305,2.672089364224342,81.24879428893996,318.80305940700066,7.746488863235715,1.222537372494797,,,,,,64.86370095923321,,19.918983324495287,21.73642534045431,7.958372985136714,1.7823990999916335,-76.89016930349227,444.0319673520423,367.14179804855
DEHHALKAJ00010h6,653.5068359375,"(1860, 1918)",7.463118854775903,3.1844407941223727,92.04256441523515,255.05657778963712,10.471210401332707,0.8388338844847611,,,,,,24.81141606716005,,5.8402445142670985,14.065818421597823,6.5557328869855365,12.315894486886593,-57.74647596029777,329.9557284523517,272.2092524920539
DEHHALKAJ00010Io,1474.216796875,"(1958, 1968)",4.205546381514167,2.305702700261986,70.10827066385167,293.2072372785083,7.2337388174916395,1.1392639467487717,,,,,,55.96984261485411,,18.584992802986484,20.28304836501178,7.394037285369592,1.9123018502919105,-68.80287556227518,405.7244629612626,336.9215873989874
DEHHALKAJ00010gfbt_1,345.5048828125,"(1979, 1983)",,,,190.1753628294262,8.122798067217243,0.48516726131589544,,,,,,13.589630499340538,,1.9563592519605242,7.523713637734759,4.587606691240183,12.567861864855193,-14.715635284408108,239.00850010309054,224.29286481868243
DEHHALKAJ00010Ezbt_0,1507.0732421875,"(1979, 1983)",,,,606.9558525600819,27.877827412797025,1.937335889309933,,,,,,57.223292193285815,,11.374870183522297,28.435252477464896,19.226557490375562,56.976906007077915,-46.46196795891622,810.0078942139153,763.545926254999
DEHHALKAJ00010Ezbt_1,395.2939453125,"(1979, 1983)",,,,97.85479944490125,2.9982407642731097,0.29695617025542037,,,,,,15.036361466286515,,2.740194696734147,3.944666782611874,3.232620618201222,10.689499283353776,-9.442290109633095,136.79333922661732,127.35104911698423
DEHHALKAJ00010iY,725.8193359375,"(1949, 1957)",3.7315844783158587,1.6999065273728977,49.8635328373395,177.73236932534383,4.783846803337722,0.5673323006341506,,,,,,27.556954572406514,,8.092918280921259,10.034450420328152,4.738370843728793,5.3686866538437785,-37.89750538889609,238.8749292005442,200.9774238116481
DEHHALKAJ00010NBbt_0,1350.72265625,"(1979, 1983)",,,,538.1201747810658,24.605643439248155,1.7177439477092573,,,,,,51.28733475851741,,10.173353217272531,25.175379676090447,17.072123536853354,50.6904825819785,-41.34379155261163,718.8422359387354,677.4984443861238
DEHHALKAJ00010NBbt_1,1340.203125,"(1979, 1983)",,,,554.2191081119779,25.71415798499469,1.768016229681872,,,,,,50.888613545689736,,10.167463762533714,26.03964517202303,17.485981522435615,51.580259622670084,-42.06755819575363,737.8632459520067,695.7956877562531
DEHHALKAJ00010MC,1302.25,"(1958, 1968)",3.714971086298914,2.0367434069269823,61.930169067082,252.17314903854412,6.176962821006613,0.9776913001522354,,,,,,49.44099068813011,,15.848500876889942,17.29889238377367,6.317236281431868,1.5493578480075554,-59.885257731270045,349.7827812379361,289.89752350666606
DEHHALKAJ00010JFbt_1,587.47119140625,"(1979, 1983)",,,,258.9797941135994,9.116002602802158,0.5950733979844822,,,,,,22.694873921592205,,3.0615812255584194,8.970155524336263,5.83156290185925,16.74088008736303,-22.32443946488641,325.98992377509524,303.66548431020885
DEHHALKAJ00010Nv,1889.986328125,"(1969, 1978)",0.898604282649853,0.49266233992330327,14.980120667467173,736.2464994821989,20.836417208964697,2.731279213637099,,,,,,71.75486627938307,,47.40974500427618,53.72133243842062,22.66724271348413,53.17308096524732,-85.01783515918088,1008.5404633056121,923.5226281464312
DEHHALKAJ00010pAbt_0,627.797607421875,"(1979, 1983)",,,,252.0106743518908,8.62205281249694,0.6341054933511163,,,,,,24.065958835651138,,4.115979741417336,9.182804678601414,6.439901215545093,19.480977179655376,-22.36722712703749,324.55245430860924,302.18522718157175
DEHHALKAJ00010LObt_1,310.868408203125,"(1979, 1983)",,,,108.87191144575038,4.8073949199938415,0.3403297358384791,,,,,,11.947139747675585,,2.068469883264181,4.9672035989809,3.3987083077777207,10.148912927905483,-8.516844441952681,146.55007056718657,138.03322612523388
DEHHALKAJ00010LObt_2,3.0,"(1979, 1983)",,,,9.001719441592723,0.043902922673608055,0.003162397875116695,,,,,,0.13698447721595433,,0.01982105414543417,0.05194625884303801,0.03708374145640036,0.10493789199435663,-1.0504213349912472,9.399558185796632,8.349136850805385
DEHHALKAJ00010Lg,759.1484375,"(1949, 1957)",3.9029361520849184,1.777965011753709,52.1532303803984,164.06601488692536,4.055947679673307,0.5204242172536626,,,,,,28.82198861630355,,7.891078516952414,9.35674420288082,4.127522396563936,3.330767821086499,-38.118300365915196,222.17048833763954,184.05218797172435
DEHHALKAJ00010JN,1330.7109375,"(1949, 1957)",6.841454937386424,3.116594029257916,91.41937289853598,335.99182217251274,10.402949064264238,1.105451606731393,,,,,,50.52213055109722,,14.183165728560251,19.42040004114688,8.927724431330157,8.081002750826366,-70.39959279098773,448.63464634646925,378.2350535554815
DEHHALKAJ00010MGbt_0,556.2841796875,"(1979, 1983)",,,,244.11393367970297,7.795266677137768,0.5929612401470404,,,,,,21.37319265694463,,4.057905354956834,8.50580578237477,6.086892291927224,18.635927150686832,-22.306149333827374,311.16188483387805,288.8557355000507
DEHHALKAJ00010MGbt_1,28.51171875,"(1979, 1983)",,,,48.6492011711019,0.39953760900526514,0.03039156015226064,,,,,,1.2102132489280493,,0.20798336609112805,0.46327074495132314,0.3360850340645561,0.9979245905439347,-5.529756851926807,52.29460732483841,46.764850472911604
DEHHALKAJ00010os,654.0126953125,"(1949, 1957)",3.362411968947318,1.5317316509768406,44.93044190759876,153.31856569384126,4.014054524655823,0.48837426006583085,,,,,,24.83061494666491,,7.112821281255275,8.685465602775947,4.0103590255444,4.12269456464806,-33.672768810428295,206.5829498994515,172.9101810890232
DEHHALKAJ00010P7,576.5947265625,"(1949, 1957)",2.9643904831224783,1.3504147530960595,39.61185471126902,139.90297844268775,3.7443752193639,0.44638475293694774,,,,,,21.891442431802634,,6.395203976359689,7.904212477218069,3.7152820197493117,4.1300551550970654,-30.01628229995365,188.12993447521535,158.1136521752617
DEHHALKAJ00010u5,53.537841796875,"(1949, 1957)",,,,14.37542473219736,0.7504321881358403,0.05138093855281807,,,,,,2.032809932504087,,0.2800740766978701,0.8022092864194732,0.5302897752895563,1.2052461495428113,-1.0232419905378527,20.027867079339817,19.004625088801966
DEHHALKAJ00010u1,759.708984375,"(1949, 1957)",3.9058180373069713,1.7792778416061683,52.19173975335734,177.40740069726513,4.632851149334341,0.564997450439475,,,,,,28.843444279965126,,8.244229497145197,10.053189584105876,4.632320622530231,4.716832417856868,-39.06671065283699,239.09526569864224,200.02855504580526
DEHHALKAJ00010rf,1804.3740234375,"(1949, 1957)",9.276652970727005,4.225937541746099,123.95986013834393,408.0152568148426,10.42420115119541,1.2973196728537788,,,,,,68.50453375261846,,19.230215039455175,23.181272479505733,10.495766734172761,9.806476758369714,-91.85801231917756,550.9550424030136,459.0970300838361
DEHHALKAJ00010uw,1118.2529296875,"(1949, 1957)",5.749165210462833,2.61900635641558,76.82358256259684,265.6780363671489,7.016555150456885,0.8468338160008975,,,,,,42.45584196272578,,12.25445027680901,15.034754882760843,6.990975788068875,7.418438402721014,-57.82047391697825,357.6958866466922,299.87541272971396
DEHHALKAJ00010tJ,721.7001953125,"(1958, 1968)",2.0588177067093234,1.1287526316610865,34.321378469148954,144.2702160140637,3.557375574505368,0.5644058059621675,,,,,,27.400190722484897,,9.110990287223906,9.9468427418473,3.6246586990540557,0.9525925101840301,-33.817172346531905,199.42727235532539,165.6101000087935
DEHHALKAJ00010uN,808.54296875,"(1949, 1957)",4.156883459630965,1.8936495656516086,55.546617286780645,189.3135746161568,4.952462264872404,0.602994861603202,,,,,,30.697495767526416,,8.787367876026895,10.725613856026687,4.94915517791208,5.072615361877705,-41.61288898329419,255.1012797820022,213.488390798708
DEHHALKAJ00010z0,542.968505859375,"(1949, 1957)",4.6903518359944965,1.8813825437733431,53.566318316224184,163.22866864030357,5.247686769720623,0.513991809792128,,,,,,20.615141867358794,,5.847879416900259,8.959285920394038,3.8829739972939588,1.6792219231688297,-34.89267293969377,209.97485034493218,175.0821774052384
DEHHALKAJ00010yl,647.953125,"(1949, 1957)",3.3312584884545697,1.5175398230421535,44.51415156054258,152.7784995764689,4.01508556326447,0.48679233645558695,,,,,,24.600566248597495,,7.070051127267638,8.650915777189871,4.006618597774388,4.176644563905433,-33.422072559292175,205.78517379092378,172.36310123163162
DEHHALKAJ00010xG,1587.3701171875,"(1949, 1957)",8.1609918575514,3.7177031390027193,109.05176818023774,374.44246664611546,9.843291027227272,1.1930971803319261,,,,,,60.266000415044424,,17.324633142052015,21.201671230157558,9.82166278521155,10.249020238772186,-81.88943940713166,504.34184266491235,422.4524032577807
DEHHALKAJ00010wi,1759.9853515625,"(1949, 1957)",9.048441801940964,4.121976970119465,120.91037400859504,408.1841499320798,10.61082940054738,1.2995196646483929,,,,,,66.81933714635878,,19.025282161723908,23.1433363988622,10.62492682744136,10.633404578020292,-90.30871441647972,550.3407861096822,460.0320716932025
DEHHALKAJ000114D,1038.564453125,"(1949, 1957)",5.33947058327689,2.432371811484331,71.34901227893339,241.68114178693327,6.296698063200349,0.7695597029489284,,,,,,39.43035650042479,,11.248129764909944,13.69921479248361,6.300583011422816,6.359773308780424,-53.34757117527536,325.7854569311041,272.4378857558287
DEHHALKAJ0001108,1780.3466796875,"(1969, 1978)",0.8464755152783434,0.46408259575067,14.111111649205217,656.1740475826573,18.76331049265684,2.448301526913328,,,,,,67.59230691980059,,42.40641171667821,48.02636643847996,20.50266490603474,47.736161536341854,-76.40398334146164,903.6495711195628,827.2455877781011
DEHHALKAJ00010zs,2251.7880859375,"(1949, 1957)",11.576899448521317,5.273804480010838,154.6970487095744,510.1466548842524,13.05065217174145,1.6222116089932326,,,,,,85.49096591538579,,24.02376570544714,28.979370296573634,13.134725569965116,12.338528721953931,-114.70199839382474,688.7868748743126,574.0848764804879
DEHHALKAJ00010rm,644.9228515625,"(1949, 1957)",3.315679237855214,1.5104427654947994,44.305972842264524,150.0413806978366,3.9085035135878723,0.4777551020746599,,,,,,24.485475028729507,,6.983848073658658,8.504962998662727,3.91111592367044,3.945427976715088,-33.12497282870624,202.25846931493555,169.13349648622932
DEHHALKAJ000116jbt_0,1266.5126953125,"(1979, 1983)",,,,496.3288443419144,22.54761907138686,1.5849991668668024,,,,,,48.09001948846254,,9.50954288695819,23.17843827017733,15.78734415640152,47.01242015907516,-38.336864215726095,664.039227541243,625.7023633255169
DEHHALKAJ000116jbt_1,1430.556640625,"(1979, 1983)",,,,570.0478934369036,26.130975879944938,1.8227476918941918,,,,,,54.31817501729587,,10.778652166178812,26.72054033011885,18.11037914296987,53.75553190298521,-43.72483551175337,761.6848955682914,717.960060056538
DEHHALKAJ000116jbt_2,4.0,"(1979, 1983)",,,,5.239333973417432,0.058388236770060505,0.004378082409705226,,,,,,0.16520637477508068,,0.029310414657907055,0.06567248918247637,0.04705058945266354,0.14039023190367295,-0.5807494443533247,5.749730392568997,5.1689809482156726
DEHHALKAJ00010yDbt_0,1147.109375,"(1979, 1983)",,,,445.6754677268233,20.04492416940987,1.417114908450272,,,,,,43.557004953808175,,8.591744633553567,20.685663601962048,14.140402602141583,42.208111926411135,-34.39694535831402,596.3204345225598,561.9234891642458
DEHHALKAJ00010yDbt_1,4.0,"(1979, 1983)",,,,6.11580320461529,0.05687514803230717,0.004304007293207226,,,,,,0.1675861753249774,,0.029225061080150157,0.06511883661133343,0.04701468108418044,0.13996034367988203,-0.6887873997063896,6.625887457721327,5.937100058014938
DEHHALKAJ00010yDbt_2,2102.55078125,"(1979, 1983)",,,,806.3433150940971,36.73727238473005,2.597284984517179,,,,,,79.82902968494075,,15.747726718337582,37.90743171318605,25.912213873585912,77.35183802545531,-62.261687190313324,1082.42611247885,1020.1644252885367
DEHHALKAJ00010w4bt_0,783.0673828125,"(1979, 1983)",,,,303.5337241079984,13.794627827885757,0.9728230965684074,,,,,,29.829434111756584,,5.87136932806178,14.210832342710239,9.698880405759333,28.921380374584626,-23.457197996477753,406.8330715953251,383.37587359884736
DEHHALKAJ00010yw,1389.83984375,"(1949, 1957)",7.145448641959339,3.2550769942521836,95.48150794020526,319.5302882323129,8.257350499365176,1.0168298070114088,,,,,,52.76662390878967,,14.950271589688507,18.129565480559386,8.283809346607288,8.1031994745864,-71.12027257242768,431.03793833892075,359.9176657664931
DEHHALKAJ00010rK,757.517578125,"(1979, 1983)",,,,302.99848693369404,13.488409676846988,0.9481253469999168,,,,,,28.759904033724318,,5.687914953344794,13.867849459029884,9.446034244254186,28.125813688469684,-23.34586911216236,403.3225383363637,379.9766692242014
DEHHALKAJ00010vN,653.1806640625,"(1958, 1968)",1.8633498031266742,1.0215868005847457,31.062844274708784,130.24108332731697,3.209777581724374,0.5091616550726619,,,,,,24.798790283753224,,8.221891849376593,8.976032160769808,3.271440856579433,0.8552498250266193,-30.56029325661853,180.0834275396197,149.52313428300116
DEHHALKAJ00010qW,689.431640625,"(1984, 1994)",,,,273.2179374290429,12.689180652858074,0.8585282448658003,,,,,,26.175067021148294,,5.202857192240575,12.994601047395538,8.800951727591299,25.987844340058103,-23.01927787457641,365.92696765520054,342.90768978062414
DEHHALKAJ00010wLbt_0,194.54248046875,"(1979, 1983)",,,,86.95399466355607,3.765111257192191,0.23359724246987065,,,,,,7.610476988665478,,1.0559502270187413,3.5712513737931935,2.2380518448149824,6.268789126539695,-6.7240485483765,111.69722272405022,104.97317417567372
DEHHALKAJ00010yS,538.2734375,"(1958, 1968)",1.5355502068229798,0.8418697446358596,25.59828373099973,104.17632145390577,2.551493934244867,0.4038341180274976,,,,,,20.436217667555997,,6.546685124702314,7.145785629042267,2.6096071260773814,0.6392235682549353,-24.745071534674214,144.50916862181106,119.76409708713685
DEHHALKAJ000113H,695.6376953125,"(1949, 1957)",3.5764145398615663,1.629219559742046,47.790064752550066,164.63199661938728,4.33705266009702,0.5246560231405177,,,,,,26.410988868972247,,7.60638407731861,9.319382114735049,4.3246324251105985,4.547869463998721,-35.92416160713202,221.70296225276005,185.77880064562802
DEHHALKAJ00010zB,872.6298828125,"(1958, 1968)",2.4893797532646165,1.3648094916535416,41.499033346566385,174.94679729494703,4.322303296341403,0.6817384349429685,,,,,,33.13033239336227,,11.096026668415107,12.110922906287126,4.4126124370506155,1.1610135934343597,-40.92453954618284,241.86174702478087,200.93720747859803
DEHHALKAJ00010z2,1937.244140625,"(1958, 1968)",4.912390755844875,2.693232128001295,81.89167101597337,448.29223033326787,11.411715294319775,1.767630060475956,,,,,,73.5491009375076,,29.36197069228888,32.04940313367113,11.524250528814928,4.303398597772214,-93.6524344228876,612.2596995781184,518.6072651552308
DEHHALKAJ000113y,2227.1494140625,"(1949, 1957)",16.54699223653893,6.948895440228984,200.09381423755872,584.3367086525225,17.004606092223913,1.8491526460541914,,,,,,84.55600214603534,,23.911147626783887,32.835029768388296,13.717784745452125,4.419747467791689,-134.1957802504212,762.6301791452519,628.4343988948307
DEHHALKAJ00010ub,1699.013671875,"(1949, 1957)",8.734974025218198,3.979178134164238,116.72164108056074,397.66866687171864,10.40061709037698,1.2666178723831594,,,,,,64.5045314800382,,18.461429816889527,22.53066521491806,10.394438378641073,10.64445152840346,-87.43248564080052,535.8714182533691,448.43893261256864
DEHHALKAJ000112abt_0,142.30029296875,"(1979, 1983)",,,,82.9201153540874,3.4813872516173325,0.20647585363774518,,,,,,5.6407262844798,,0.8134168739141365,3.2098216714645456,1.9469513211048368,5.311437945826901,-6.209353705993678,103.53033255613268,97.320978850139
DEHHALKAJ000114z,1425.2294921875,"(1949, 1957)",7.327394005307722,3.3379613862787947,97.91276432811324,329.17512774023817,8.533098881789774,1.0477640014561624,,,,,,54.11019031064864,,15.370586319050728,18.669885847892473,8.551997263951131,8.4674197467898,-73.03623035191673,443.92607011181695,370.8898397599002
DEHHALKAJ000113Pbt_0,2650.8984375,"(1979, 1983)",,,,1015.7867217967015,37.94533963423931,2.8647466765548084,,,,,,100.64766871660498,,19.382426513081782,41.06321351932637,29.23520101359002,89.40622209105817,-87.52242907311881,1336.3315399611572,1248.8091108880385
DEHHALKAJ000113Pbt_1,4.0,"(1979, 1983)",,,,7.039083550053258,0.057256572484949156,0.004322680395491097,,,,,,0.169581943524992,,0.029246577294543042,0.06612328959423142,0.04778707491502485,0.14142266293618377,-0.80044251716318,7.554824351198674,6.7543818340354935
DEHHALKAJ000110n,1468.6025390625,"(1949, 1957)",7.5503836398935285,3.439543311482854,100.89247737793652,337.0926234981399,8.70161409030952,1.0726303685620102,,,,,,55.756862281780414,,15.78317565496341,19.12851927282572,8.7325500892938,8.505313841363945,-75.11270635802258,454.7732890972387,379.6605827392161
DEHHALKAJ00010ye,1470.9853515625,"(1949, 1957)",7.562634162440235,3.4451239819358173,101.056175757762,334.15673859654163,8.56453860048984,1.0627293136924607,,,,,,55.847283766732254,,15.717282736887103,18.977899781362144,8.614534549596167,8.15460857908613,-74.99213712489023,451.0956159243877,376.10347879949745
DEHHALKAJ00010robt_0,231.98291015625,"(1979, 1983)",,,,133.4265302753179,6.050256231734071,0.35495182372024325,,,,,,9.178979764395505,,1.3472018470382823,5.535316380097082,3.3286976347408377,9.023439210149194,-9.926896638436364,168.24537316719315,158.31847652875678
DEHHALKAJ00010robt_2,2.0,"(1979, 1983)",,,,5.989299454782395,0.028547582552947457,0.0019041201485418145,,,,,,0.09129121585810912,,0.010282615325751067,0.03239985717648833,0.02224038213276644,0.060625443893337363,-0.6986930015372004,6.236590671870337,5.537897670333137
DEHHALKAJ000113V,768.6767578125,"(1949, 1957)",3.9519231801538544,1.8002808320854964,52.80782263120053,183.37931423323056,4.855877051802638,0.5846282975516826,,,,,,29.18398414338746,,8.443423269645567,10.374114294019359,4.834174872107933,5.178349615788731,-39.797794380239026,246.83386577753393,207.0360713972949
DEHHALKAJ000111f,714.564453125,"(1949, 1957)",3.6737208421065235,1.673547008122734,49.09032635066382,167.97346340627698,4.405660602693106,0.5351276117856627,,,,,,27.129561141239734,,7.7834443257586905,9.51359663379451,4.399112751012107,4.552526457434794,-36.82237547511135,226.29249292999557,189.47011745488422
DEHHALKAJ000116Vbt_0,599.603515625,"(1979, 1983)",,,,251.7437693515147,10.366602886544346,0.7353013345403528,,,,,,23.004884032256786,,4.484711653162847,10.73689551596447,7.357786738218115,21.976333493641373,-20.281516929473295,330.40628500584296,310.12476807636966
DEHHALKAJ000116Vbt_1,4.0,"(1979, 1983)",,,,3.824404704080357,0.06439645996622269,0.004672222351466033,,,,,,0.16069117355409746,,0.02964933948958341,0.0694321168052269,0.0485710480205179,0.14454120040153234,-0.4024519334136669,4.3463582646690035,3.9439063312553366
DEHHALKAJ000116Vbt_2,703.4443359375,"(1979, 1983)",,,,271.85869595225006,12.180210745414179,0.8635382403190206,,,,,,26.84737920793988,,5.262417075987581,12.595040106034139,8.625287410369644,25.774349631745554,-21.204368507467173,364.0069183700601,342.8025498625929
DEHHALKAJ00010z8bt_0,1239.7236328125,"(1979, 1983)",,,,487.36423235104974,22.167417192547777,1.556208654519454,,,,,,47.073023163089516,,9.313854720929173,22.767071426925597,15.494108378722782,46.11361206857251,-37.60670733923752,651.8495279563565,614.2428206171189
DEHHALKAJ00017t6,344.34716796875,"(1949, 1957)",2.230943444333078,0.8948706193218623,25.478563413420538,92.54585351903546,2.5643694347599526,0.27904967522208723,,,,,,13.074100251630961,,3.6201559695040397,4.798863062802701,2.4827736755615075,3.7294403404200307,-17.530858915517758,123.09460592893673,105.56374701341898
DEHHALKAJ00018HV,703.094970703125,"(1949, 1957)",3.9282309965237108,1.7068448643123313,49.54246564003535,209.029363207191,7.460968128831139,0.6942495679354204,,,,,,26.694899805687935,,7.531523708621372,11.903374990263162,5.782674617445384,6.272157173092366,-38.80847269088305,275.36921119906776,236.56073850818473
DEHHALKAJ00018M0,241.99755859375,"(1949, 1957)",1.5678446553634253,0.6288900426003229,17.905621756364678,71.61390741198194,2.3473522519632213,0.2249321050926481,,,,,,9.188130074251466,,2.5162916734643925,3.8232002477408487,1.962922368028635,2.6940260067296187,-12.824282524025236,94.37076213925275,81.54647961522751
DEHHALKAP0006abHbt_0,593.348388671875,"(1979, 1983)",,,,231.32776539346736,10.223500078322116,0.7409468966314603,,,,,,22.674017093593005,,4.693237751375852,10.731003828153607,7.449911630629955,22.461149416762495,-18.268788859344706,310.3015320889359,292.03274322959123
DEHHALKAP0006abHbt_1,868.353271484375,"(1979, 1983)",,,,434.0439287388288,14.094165436686783,1.0418804536682205,,,,,,33.28795583085722,,6.819509637337349,15.079359317538218,10.610592227585958,32.14314695704398,-39.27393580287983,547.1205385995466,507.84660279666684
DEHHALKAbr0000Mkbt_1,1208.04443359375,"(1979, 1983)",,,,499.4263772602928,17.47894600619805,1.3452397817242336,,,,,,45.88725647290799,,9.36715271983854,19.188368810950863,13.818558232308524,42.5297900964832,-44.28392416141757,649.0416893807043,604.7577652192867
DEHHALKAbr0000Mkbt_2,675.5908203125,"(1979, 1983)",,,,308.4144746830733,9.794577101336595,0.7532755925465588,,,,,,25.903204231806868,,5.239623128967496,10.768721592548149,7.75539565121438,23.83794837342684,-28.278040238241807,392.4672203549202,364.18918011667836
DEHHALKA10000t7Ibt_0,584.130859375,"(1979, 1983)",,,,275.0613125077554,8.495124607324994,0.6525969292657086,,,,,,22.46108937763111,,4.5317905015427105,9.338536889017218,6.721966850776788,20.646467269937162,-25.440456914089342,347.9088849332511,322.46842801916176
DEHHALKA10000t7Ibt_1,2172.493896484375,"(1979, 1983)",,,,636.6313315276209,31.518285285759227,2.4233772671842786,,,,,,82.4816628673031,,16.850265117926487,34.37809912386035,24.711053942544968,76.2565847598633,-47.80212923903019,905.2506598920625,857.4485306530323
DEHHALKA1000143I,389.1025390625,"(2002, 2009)",0.37000183841368944,0.20285455456686388,6.168090107780508,192.25731017832175,9.727708177261853,0.6696041553499884,,,,,,14.772865681936862,,3.2524507850964635,9.611742515064588,5.835760448530478,15.743219659907478,-19.2671239670992,251.87066160146944,232.60353763437024
DEHHALKA2Rp000FHbt_0,1538.765869140625,"(1979, 1983)",,,,646.4316935418376,21.32889011099807,1.6677369543136136,,,,,,58.428413768962976,,11.878805642918834,23.697593185705408,17.224876824283523,53.278447106025894,-58.67441850487048,833.9364571350458,775.2620386301753
DEHHALKA4Eq0000Ubt_0,3080.425537109375,"(1979, 1983)",,,,1044.1691222551747,38.61134355147557,3.227711330825737,,,,,,116.95172383679858,,25.075953128137108,44.833630460093076,33.78963134652433,106.95129990317484,-92.07256970120218,1413.610415812204,1321.537846111002
DEHHALKA4Eq0000Ubt_1,732.0810546875,"(1979, 1983)",,,,309.15024634384304,9.141265073251454,0.7653735851590409,,,,,,27.959392929603787,,5.957474908129136,10.672991866263795,8.05666191492859,25.45589540185546,-29.323736239352673,397.15930202303434,367.83556578368166
DEHHALKA70001vybbt_0,880.7734375,"(1979, 1983)",,,,320.92152387584264,14.857816881149066,1.0619917087049966,,,,,,33.45532448858364,,6.566841878643478,15.439601389001647,10.625479183754372,31.867786966177125,-24.61468119740131,434.79636637185695,410.18168517445565
DEHHALKA70001vybbt_1,4.0,"(1979, 1983)",,,,8.746496044413822,0.06344762723692321,0.004625771080495412,,,,,,0.17429363521889732,,0.029595815683531687,0.0723899589404482,0.051465522575184046,0.14944553946838857,-1.000945998856035,9.29175991461769,8.290813915761657
DEHHALKA70001xCY,750.6943359375,"(1979, 1983)",,,,278.7544802958203,13.057509083375303,0.9244379048866697,,,,,,28.50078403039444,,5.619228178235649,13.480002099907159,9.22132740090909,27.54950978381897,-21.184673347068728,377.1072787773475,355.9226054302788
DEHHALKA70001xUI,657.490234375,"(1979, 1983)",,,,281.19952280205945,12.033748195490752,0.8389098554161081,,,,,,24.962368249067655,,4.955261295740547,12.314552157727068,8.346198412163442,24.752114618151086,-22.401070771546244,369.40267558581616,347.0016048142699
DEHHALKA7000Cli9,958.3779296875,"(2010, 2015)",0.7046552727866094,0.25736751073880404,8.801440366178577,455.73998432907007,15.707549058018575,1.560614264388307,,,,,,36.38559652878564,,8.618635828033872,17.465519103818885,11.817348849499064,38.189693063781164,-53.75675494890217,585.4849410253956,531.7281860764934
DEHHALKAJ00010AMbt_0,304.939453125,"(1979, 1983)",,,,118.24397695651831,5.252181594924643,0.3729746088554915,,,,,,11.743462397070065,,2.279657868322219,5.437776875721998,3.727846392244966,11.146485897820618,-9.270270856726452,158.20436259147831,148.93409173475186
DEHHALKAJ00010AMbt_1,916.00390625,"(1979, 1983)",,,,347.5136147598268,15.83038283746506,1.1229890526602604,,,,,,34.811725597362525,,6.850849833051466,16.371603450080954,11.214820837867132,33.52549948209498,-26.856645516315787,467.24148585040916,440.3848403340934
DEHHALKAJ000107G,943.96875,"(1969, 1978)",0.4488150780853302,0.24606413616274458,7.4819407796175925,434.77614311308724,9.669323473921875,1.2571677128803431,,,,,,35.83893589623409,,21.76142958984375,24.6555957137284,10.60589465380532,24.765046174029386,-39.86758364856276,563.3295363275304,523.4619526789676
DEHHALKAJ000109Xbt_2,310.957763671875,"(1979, 1983)",,,,147.48300402550962,6.468293054113677,0.4216712174130519,,,,,,12.101662794296043,,2.1626780208600938,6.331886883752368,4.106311995976153,11.80676666857201,-11.43382445637311,190.88227466049298,179.44845020411987
DEHHALKAJ00010Cq,1121.9658203125,"(1949, 1957)",5.7682539345294614,2.6277021388181065,77.07865684132491,267.73949045094344,7.091048422398044,0.8535874749627135,,,,,,42.59683127646568,,12.326121888280708,15.14618544179817,7.058947145581682,7.566496379956949,-58.09454664541144,360.37870848038733,302.28416183497586
DEHHALKAJ00010EB,596.498291015625,"(1969, 1978)",0.37814447714848437,0.20731877928700954,6.303831404760673,254.39255554616733,5.690261645573731,0.7473738348257768,,,,,,22.6468752848552,,12.779478803100586,14.441613912941914,6.269592775762625,14.400804052644096,-24.528389133506465,331.3685558558713,306.84016672236487
DEHHALKAJ00010DH,1074.5458984375,"(1949, 1957)",5.524458494438103,2.516642222484097,73.82092490379804,246.35986121206204,6.354470029970366,0.7838727236127085,,,,,,40.79636487684466,,11.540765147832587,13.981137315420511,6.378654238619162,6.193459866278668,-54.938648379179796,332.3885854106407,277.4499370314609
DEHHALKAJ00010Bibt_0,534.6513671875,"(1979, 1983)",,,,250.23400182823997,10.347974033101668,0.7097137777869295,,,,,,20.612372116628933,,4.06120025247948,10.482233742905953,7.031986075623141,20.698562960463384,-20.221149233818966,324.17804478722945,303.9568955534105
DEHHALKAJ00010Bibt_1,982.666015625,"(1979, 1983)",,,,432.7256728299954,18.99357187718426,1.303172033736268,,,,,,37.448115841141025,,7.462868272718739,19.224795700759433,12.895861679115882,37.98610557186599,-33.892603323081545,568.0401638065171,534.1475604834355
DEHHALKAJ000107r,2700.552490234375,"(1949, 1957)",12.336024316890924,6.027742112916291,179.4029958827391,633.2314543502114,19.050528588013446,2.1358089411460597,,,,,,102.52866792868868,,29.092302099312064,38.12251396250804,16.55166852688741,10.606446586410673,-142.88802647192676,851.3193909831778,708.431364511251
DEHHALKAJ00010Adbt_1,839.4833984375,"(1979, 1983)",,,,399.720571270419,17.393720020295298,1.1704537231331422,,,,,,32.175888901264635,,6.441334683757621,17.384813386661282,11.515815750207466,33.61887633138592,-31.328626140549247,519.4214740671243,488.0928479265751
DEHHALKAJ00010Adbt_4,551.091796875,"(1979, 1983)",,,,354.90838463452474,10.941082484755944,0.7449959093589836,,,,,,21.50588338347861,,4.201589129147207,11.098824850339167,7.425676110678014,21.71633318417691,-32.315031031929074,432.5427696864595,400.2277386545304
DEHHALKAJ00010Dfbt_0,271.61328125,"(1979, 1983)",,,,123.03718005598932,5.413870106849297,0.3682295340453474,,,,,,10.54309381264155,,2.072019281895049,5.448197062440947,3.634014316217574,10.662556472740391,-9.605685571764493,161.1791606428195,151.57347507105501
DEHHALKAJ00010Dfbt_1,2431.568359375,"(1979, 1983)",,,,1035.768746967579,48.3747051990227,3.2920047724270285,,,,,,92.32195309615155,,18.54418611788445,48.65040147213699,32.45129342589253,95.28767241589492,-78.1186170203808,1374.6909634669892,1296.5723464466084
DEHHALKAJ00010Dfbt_2,287.0009765625,"(1979, 1983)",,,,128.37586421597143,5.724879196867111,0.389301207453737,,,,,,11.129057150058058,,2.189647713291537,5.759074155776236,3.840566039172084,11.268857465402458,-9.947126617679125,168.67724714399264,158.73012052631353
DEHHALKAJ00010Bo,1804.3603515625,"(1949, 1957)",9.27658268084354,4.225905521505794,123.95892088534494,412.4645011286861,10.617404104795245,1.3121918770780936,,,,,,68.5047157226774,,19.347041811412822,23.413320124418036,10.664667617066955,10.27237542078313,-92.16724446802047,556.5962178069177,464.4289733388972
DEHHALKAJ00010AY,659.5224609375,"(1949, 1957)",3.390738791983593,1.5446358078193072,45.308960866195214,172.93339719838232,5.613795434690591,0.574041312130932,,,,,,25.040018298564497,,7.05908678164818,10.033933987295194,4.646264605674288,4.250569943078998,-35.36950497789792,230.15110756146498,194.78160258356706
DEHHALKAJ000107X,722.7646484375,"(1958, 1968)",2.06185430688755,1.1304174562986955,34.37199990281778,142.25502812640082,3.496463879903751,0.5541040391827021,,,,,,27.440573034589363,,8.96273294957331,9.7840089019979,3.5690032472605484,0.9076608496924194,-33.55677594883859,196.96957502860084,163.41279907976224
DEHHALKAJ00010ET,2587.2734375,"(1949, 1957)",13.301697712507996,6.059528572387723,177.74477424650274,636.3207343130225,19.016036433650534,2.080167464410415,,,,,,98.22794505943115,,27.497609346248794,36.67813429555049,16.772509521866226,15.062938520377987,-135.6124068139693,851.6560749545583,716.043668140589
DEHHALKAJ000109lbt_0,287.72607421875,"(1979, 1983)",,,,136.60927387014172,3.999645579510572,0.2929703911846314,,,,,,11.174725042620324,,1.8891073389961117,4.263166869223319,2.985272947000396,8.99991742216923,-12.761161465315501,170.21407946084628,157.45291799553078
DEHHALKAJ00010C0,580.3701171875,"(1949, 1957)",2.9838005323706596,1.3592569137399757,39.871222717992495,145.52505699134494,3.973187575865981,0.4650375775428415,,,,,,22.034854998483777,,6.560715680236175,8.201422590729477,3.918217648454444,4.649621846273542,-30.540408939114705,195.32811490893113,164.78770596981641
DEHHALKAJ000108Kbt_0,1100.91796875,"(1979, 1983)",,,,480.88049868782645,16.68702634874461,1.2351766148613295,,,,,,41.91973146813133,,8.101887803234522,17.844313074582487,12.561527081438014,38.10029889649412,-42.50079677823186,617.3304599753128,574.8296631970809
DEHHALKAJ000108Kbt_2,2633.3828125,"(1979, 1983)",,,,1019.6544295794732,37.45181045057561,2.8339310996570974,,,,,,99.98280351283772,,19.240661653692214,40.604730037968075,28.949496641797534,88.59258199198263,-88.49294833481355,1337.3104449679843,1248.8174966331708
DEHHALKAJ00010Bs,570.626953125,"(1969, 1978)",0.271307689501788,0.14874520824114368,4.522816110739761,230.30495667587988,6.3608890125580615,0.8363320815829096,,,,,,21.6645678335976,,14.485386507904284,16.40327971557039,6.908713528711702,16.11500204681321,-26.014809785734354,313.0791274026181,287.0643176168837
DEHHALKAJ00010B5bt_0,746.830078125,"(1979, 1983)",,,,328.857851863164,15.004908636588357,1.018307194825752,,,,,,28.58981677933668,,5.703947465478441,15.068822997385247,10.034577556293247,29.42194089751108,-25.135680948670313,433.70017339058285,408.56449244191253
DEHHALKAJ00010B5bt_3,1702.4951171875,"(1979, 1983)",,,,707.9785853141541,30.992292762013307,2.164049847438905,,,,,,64.64310017910196,,12.821616961512326,31.737079968968153,21.52928228790978,63.906293624506304,-55.74128612694379,935.7723009456049,880.0310148186611
DEHHALKAJ00010DP,1558.0380859375,"(1949, 1957)",8.010189933283842,3.6490060005907523,107.03666796038608,353.7852632281089,9.065012840623556,1.1251307208679289,,,,,,59.15290832902097,,16.643572063645237,20.093351250529324,9.11876896750481,8.62183031837132,-79.41994177794325,477.6058377186721,398.18589594072887
DEHHALKAJ00010Cgbt_2,284.637451171875,"(1979, 1983)",,,,155.35000101109702,4.50941921124809,0.3168839813718968,,,,,,11.118268661313357,,1.9000068942100177,4.676918904213201,3.1934125461111007,9.46309355783671,-14.474564554767941,190.52800476740137,176.05344021263343
DEHHALKAJ00010Cgbt_3,3.0,"(1979, 1983)",,,,4.52361517456105,0.04859034549243974,0.0033918764131011235,,,,,,0.12499005958033807,,0.020085472416526896,0.05232892036305425,0.036018921505690256,0.10418365182526879,-0.5017450217470855,4.913204422157468,4.411459400410383
DEHHALKAJ00010Cgbt_4,21.325927734375,"(1979, 1983)",,,,26.77136998598886,0.33785978558741886,0.02374193859274498,,,,,,0.8781184068369255,,0.1423544567094579,0.3618472856555375,0.24935545188311165,0.7269102153256775,-2.921259874996343,29.491557526579737,26.570297651583395
DEHHALKAJ00010E0,608.939453125,"(1949, 1957)",3.130681285282079,1.4261677801749908,41.83392603840002,142.6007485014705,3.7308410568931825,0.45421039700362176,,,,,,23.119358593340802,,6.618642063974652,8.078983592086232,3.728226659739069,3.8227205125544326,-31.341569529862813,192.15373137706248,160.81216184719966
DEHHALKAJ00010C8,2470.76171875,"(1949, 1957)",18.356952039386847,7.708986533596075,221.98067774673333,666.2984571989714,20.15369320807479,2.125063488166924,,,,,,93.80455971733339,,26.610155041147856,37.577589585142505,15.841913010291744,5.594262142467105,-150.22094902841656,868.0056933915956,717.784744363179
DEHHALKAJ00010At,606.01171875,"(1949, 1957)",3.115629208808709,1.4193108744299154,41.63279171761445,147.1219104348994,4.127215103674462,0.4743926223511937,,,,,,23.008306559473827,,6.578206544964134,8.389812372610391,3.885115553374764,3.9034272309099416,-31.586944992339326,197.48838642225812,165.9014414299188
DEHHALKAJ00010Cv,1684.3408203125,"(1860, 1918)",18.865311653815585,8.081733143376013,233.8105637907896,733.3747963979594,32.88948587939098,2.492798113878277,,,,,,63.948421380332725,,15.435660882955254,41.6481067470823,19.72812898760337,36.81671092446711,-153.54717437041637,946.3341093136695,792.7869349432531
DEHHALKAJ00010CW,1060.134765625,"(1979, 1983)",,,,426.27345172435537,19.551045986778178,1.3598945240842795,,,,,,40.24889696682907,,7.998186265328595,19.954285147772758,13.499932862258753,40.02148372503041,-32.66490059055601,568.9071772024374,536.2422766118814
DEHHALKAJ00010DT,1031.4501953125,"(1958, 1968)",2.94245164334291,1.613207437033045,49.05193701668487,244.70708589563912,6.128014789703309,0.939593811062202,,,,,,39.160131061983506,,15.859263396011993,17.299936096880785,6.250900184133493,2.0821601273328105,-52.77728821864132,332.4270853627473,279.64979714410595
DEHHALKAJ0001078,478.849609375,"(1958, 1968)",1.3660299124696904,0.7489297637197867,22.7723073651756,100.98277932630992,2.516494954983969,0.4007670257128317,,,,,,18.1802055292044,,6.426846814198814,7.018754939811393,2.5489642264254804,0.741425859222771,-23.170174519497873,138.8162386758696,115.64606415637174
DEHHALKAJ000107v,685.254638671875,"(1969, 1978)",0.8688214566816322,0.4763338213369418,14.48362812293301,317.5289036346848,6.794491156894043,0.8850692494503285,,,,,,26.016713335718208,,15.103583281860349,17.11967361824699,7.717117004315524,18.56395053669371,-32.63015830724619,409.72950181786393,377.09934351061776
DEHHALKAJ000109H,1071.4990234375,"(1949, 1957)",5.508793891837397,2.509506283216373,73.6116056640212,247.59196935544668,6.522791624880189,0.7918181030195366,,,,,,40.68072280121508,,11.507125775219258,14.10007379240131,6.44122985523767,6.22688422962175,-54.94795506815248,333.8626155370415,278.914660468889
DEHHALKAJ000108E,598.4482421875,"(1969, 1978)",0.2845354727552278,0.15599737782842932,4.743328958414271,237.76168834578428,6.611252442382136,0.8681103650566142,,,,,,22.72081555619723,,15.038441930918886,17.0306799403938,7.187697580771523,16.768849623214102,-27.01711758086812,323.98753578471855,296.97041820385044
DEHHALKAJ000108obt_0,823.3544921875,"(1979, 1983)",,,,332.2599852616174,15.157083048374,1.054828984284597,,,,,,31.383096926233367,,6.210260305225807,15.476509963260519,10.474352193802472,31.05770772876599,-25.543901355941344,443.0738244115641,417.52992305562276
DEHHALKAJ000108obt_1,1615.3154296875,"(1979, 1983)",,,,842.5273378327502,30.338362105333687,2.0989159878103187,,,,,,61.417813838764566,,12.217696142332201,30.990999888872878,20.923505519077658,61.74062727367576,-72.6024603514993,1062.2552585886174,989.6527982371181
DEHHALKAJ000108obt_2,460.986328125,"(1979, 1983)",,,,203.77787334963838,8.710054924825577,0.6015418199389536,,,,,,17.747541842094524,,3.4896742098938702,8.858397534953097,5.968095799237038,17.62681192071726,-16.212300972899286,266.77999140129873,250.56769042839943
DEHHALKAJ00010Dn,1353.4423828125,"(1958, 1968)",3.861009267897826,2.1168092530995617,64.3646884930946,263.43557022525977,6.45985081858014,1.0228681904377064,,,,,,51.38454472226338,,16.569443283007345,18.086425212837085,6.602515327639975,1.6383267736451492,-62.42729944453839,365.19954455367053,302.77224510913214
DEHHALKAJ000107Tbt_0,558.22998046875,"(1979, 1983)",,,,279.0794415213807,8.530562811881593,0.6438360223649031,,,,,,21.51817359620726,,4.3540946321504155,9.267956743491197,6.603765323633284,20.14973979682275,-25.8313954787726,350.1475704479321,324.3161749691595
DEHHALKAJ000107Tbt_1,1430.43212890625,"(1979, 1983)",,,,491.45631020962594,22.46149172708687,1.6792847143178382,,,,,,54.3101268377938,,11.191098783940785,24.063734410861862,17.01964590760503,51.951950633654704,-38.3852071535219,674.133643224887,635.7484360713651
DEHHALKAJ00010BU,1223.6181640625,"(1949, 1957)",6.290869259501447,2.8657771997975487,84.06213706787968,281.2782147137949,7.268184885864137,0.8950956755110773,,,,,,46.455931884108395,,13.16128164572827,15.9593820140913,7.291681151375101,7.13020513956823,-62.61187585705547,379.43997711004135,316.8281012529859
DEHHALKAJ00010Dl,750.333984375,"(1949, 1957)",3.857619260074032,1.7573211053977886,51.54768055404399,183.91417461937368,4.953186877447387,0.5870919043996237,,,,,,28.48767002483601,,8.370957014724354,10.382694803312127,4.905198661575934,5.568734974499495,-39.18995005334323,247.1697088801686,207.97975882682536
DEHHALKAJ000108Y,2588.2119140625,"(1949, 1957)",13.306522610937252,6.061726533168584,177.80924725593403,607.8107544587415,16.11388865645246,1.9410682028253423,,,,,,98.2635712118526,,28.035570363809654,34.503242881114616,15.888974417973188,15.994582097653357,-133.36429474630955,818.5516522904228,685.1873575441132
DEHHALKAJ00010Cs,598.256103515625,"(1949, 1957)",3.342490371307005,1.4523363135537397,42.155162086743324,171.52103116921538,5.895568228340023,0.5648558884067256,,,,,,22.71430748343313,,6.379146051545214,9.724086577755575,4.701314385049548,5.094118386132743,-32.54867783832212,226.5944281698783,194.04575033155618
DEHHALKAJ000109s,1131.0458984375,"(1949, 1957)",5.814936458561948,2.648968152699931,77.70245501165986,257.3447541529903,6.6031222341375475,0.818508284318052,,,,,,42.94139042140216,,12.095858129494992,14.613582737666734,6.639324039972336,6.313063842182864,-57.690293484072455,347.369603842165,289.67931035809255
DEHHALKAJ00010By,599.380859375,"(1949, 1957)",3.0815386153283284,1.4037810578825303,41.17725401310011,137.697925037312,3.556612267647579,0.43817477608559846,,,,,,22.75642938242172,,6.444748847945181,7.8131979021562055,3.5685816262337324,3.483863509667512,-30.66412753175417,185.75953334946954,155.09540581771537
DEHHALKAJ00010Hy,580.6455078125,"(1949, 1957)",2.9852163714518776,1.3599018928660969,39.89014195697233,138.0225292278367,3.6463803028201798,0.43995006101467116,,,,,,22.045208400564125,,6.364907017528498,7.810398527381017,3.6327111340397793,3.859400965330972,-30.027841088366397,185.82148563651594,155.79364454814956
DEHHALKAJ00010pb,902.23828125,"(1969, 1978)",0.42897409967310135,0.23518626362232928,7.151183118526394,335.44523234988435,9.521441456764041,1.2433321789841896,,,,,,34.25428799883796,,21.518343365165254,24.364510396957392,10.400914935319298,24.164660527947994,-38.79641798746536,460.9127232098605,422.1163052223951
DEHHALKAJ00010Nn,809.625,"(1949, 1957)",4.1624464018366005,1.896183738955659,55.62095245270139,188.47345961314917,4.9116211524777285,0.6001468915462738,,,,,,30.738522277383307,,8.770399906150177,10.682934921148693,4.914277930804332,4.964963972333342,-41.592461100656024,254.05632666499304,212.46386556433703
DEHHALKAJ00010fSbt_0,1030.7373046875,"(1979, 1983)",,,,391.43086760046964,17.514283086581695,1.249014093389466,,,,,,39.14303864556659,,7.6920857309401764,18.180528900585582,12.495774082683951,37.433235593651474,-30.317141196281742,525.1388277338685,494.8216865375868
DEHHALKAJ00010fSbt_1,207.1416015625,"(1979, 1983)",,,,91.10160331618056,3.5197490498061086,0.2510074860997369,,,,,,8.046606403985848,,1.5458361217905812,3.663388314326583,2.5197862516809266,7.537894541966309,-7.6579944948917325,118.18587148583666,110.52787699094492
DEHHALKAJ00010hJbt_1,846.0361328125,"(1979, 1983)",,,,330.9571485706957,14.945898591060786,1.0531070280404926,,,,,,32.21198735643471,,6.345872857201018,15.38960742015259,10.498036408459141,31.291326629568577,-25.663695272569072,442.69298486161296,417.02928958904386
DEHHALKAJ00010Mlbt_0,379.3408203125,"(1979, 1983)",,,,156.33923119777523,6.698366678277121,0.4720397259000756,,,,,,14.620518443086855,,2.845157375451298,6.903907549250001,4.71112442530459,14.036729947478452,-12.474779372966431,206.62707534252363,194.1522959695572
DEHHALKAJ00010Mlbt_1,2192.3134765625,"(1979, 1983)",,,,865.829083551891,39.91933292995542,2.787167840260387,,,,,,83.23726425058604,,16.51106009988036,40.84171705638312,27.69706102387913,82.24833808061639,-66.20297090545114,1159.071024833452,1092.8680539280008
DEHHALKAJ00010iu,602.981689453125,"(1969, 1978)",0.3822545665640289,0.2095721474356512,6.372348366662274,252.8893417295393,5.69807244850586,0.7479129446548101,,,,,,22.892826614288982,,12.776177030029297,14.433955440302151,6.283958182288888,14.39028964790095,-24.556458978272218,330.1125340375102,305.55607505923797
DEHHALKAJ00010HQ,661.7978515625,"(1969, 1978)",0.31465538920194897,0.17251070722318598,5.245440946502497,252.72211256156,7.09904619102449,0.9291150756560176,,,,,,25.125884796352704,,16.079907525024836,18.206117213343415,7.740909393936225,17.993874297212535,-28.963729875896256,345.89696705411023,316.933237178214
DEHHALKAJ00010LW,648.451171875,"(1949, 1957)",3.3338190484950694,1.5187062746532236,44.548367205506096,152.68647495504035,4.009078920232913,0.4864663919499487,,,,,,24.619475415946624,,7.069982602001287,8.646640477780537,4.001748696396253,4.157933528806519,-33.433181946129245,205.67780098815447,172.24461904202522
DEHHALKAJ00010ZK,694.1630859375,"(1969, 1978)",0.3300436159766866,0.18094734608245874,5.5019693187735,273.34189297253545,7.3616760715646326,0.9617980038107776,,,,,,26.3546991939804,,16.649762999116675,18.85487468217741,8.038764256600464,18.710709144498345,-30.079835419854568,370.2741773242842,340.1943419044296
DEHHALKAJ00010kz,1332.9111328125,"(1949, 1957)",6.85276658791828,3.1217470007868204,91.57052554187484,313.506422628004,8.225794885065726,0.9987923887048299,,,,,,50.6054400985487,,14.523493391871684,17.75542402085962,8.212611960242501,8.510622989551571,-68.69888891924084,422.3386023628486,353.6397134436077
DEHHALKAJ00010Qw,715.884765625,"(1958, 1968)",2.042227840598003,1.1196571906363502,34.04481825126099,139.93691338338883,3.4345557785609078,0.5440119992746031,,,,,,27.179381305680153,,8.80745495418699,9.614072854390919,3.508636013833318,0.8789717913525348,-33.103103315077284,193.90399808066826,160.80089476559098
DEHHALKAJ00010MKbt_0,334.86328125,"(1979, 1983)",,,,166.16165232783106,7.150634547510831,0.46314878806954024,,,,,,13.046903894811607,,2.339378630098753,6.972969547774703,4.502803864039885,12.902563853072229,-13.00212224088009,213.54005545320862,200.53793321232854
DEHHALKAJ00010OW,1385.126953125,"(1969, 1978)",0.6585661459925367,0.36106075248406005,10.978581479030321,508.9667305218752,14.630155766509477,1.9084756416601059,,,,,,52.587471315643754,,33.082721223288424,37.475438687148994,15.98504301237664,37.3025596946649,-59.551538085675396,701.9385958631674,642.387057777492
DEHHALKAJ00010f9bt_1,396.541015625,"(1979, 1983)",,,,174.3551611377058,5.20520598161122,0.405474628121701,,,,,,15.28924278664404,,2.872801129015948,5.780956824295861,4.195000445866886,12.943961302339737,-16.325300381252834,221.04780423560123,204.7225038543484
DEHHALKAJ00010NS,425.843994140625,"(1958, 1968)",1.0798391675989614,0.5920248782716209,18.00138430721555,90.86712164582799,2.3171258241540444,0.3719800531676149,,,,,,16.167915042948746,,5.881672539277753,6.427916151701174,2.31723693918035,0.8157155499667582,-19.8534673561671,125.16668374622444,105.31321639005733
DEHHALKAJ00010LF,579.9189453125,"(1984, 1994)",,,,237.64264616669013,10.79330704087321,0.7280173350251397,,,,,,22.017277601920664,,4.383164333268216,11.036965546689558,7.460828001492972,21.990490910845455,-20.87840334597412,316.0526969368053,295.1742935908312
DEHHALKAJ00010KN,390.866455078125,"(1949, 1957)",2.1837927852104446,0.948873806926662,27.541781306137224,109.2389406570015,3.6501565355323073,0.35752310103900764,,,,,,14.840198786340917,,4.15470191583921,6.173098730820916,2.97400485480665,3.220090788723832,-21.05480634737355,144.60871537010436,123.5539090227308
DEHHALKAJ00010n9,364.85595703125,"(1969, 1978)",0.23129699981399932,0.12680923443807646,3.855820670050096,153.00890009668524,4.0531108441397,0.5397219756134168,,,,,,13.852328052732128,,9.308663670538051,10.536580473574936,4.395349066693543,10.31702651654958,-17.28962917522766,206.01168069652658,188.7220515212989
DEHHALKAJ00010Zr,287.15478515625,"(1949, 1957)",1.6043498742749212,0.6971016587083627,20.233903910233185,86.75595699384385,3.146123284840791,0.289195181357488,,,,,,10.90268555752567,,3.0824020508538554,4.949869397562758,2.409603469812108,2.614691881692509,-15.953328462709173,114.15052781748905,98.19719935477988
DEHHALKAJ00010Ir,1416.34765625,"(1949, 1957)",7.281730684585473,3.317159665881376,97.30258532626378,320.91147213293766,8.210238226044357,1.0204697879590252,,,,,,53.77292721969424,,15.111588877370163,18.22951980065148,8.262926413918294,7.76448647164467,-72.14864014948535,433.28362893021983,361.1349887807345
DEHHALKAJ00010IZbt_1,169.8310546875,"(1979, 1983)",,,,86.91067314930893,3.9402528182664867,0.2359128719889205,,,,,,6.682426148349025,,0.9586782628367312,3.651106763561719,2.2291114554151528,6.119024614237164,-6.49320793808253,110.72718608396411,104.23397814588158
DEHHALKAJ00010k6,488.178955078125,"(1949, 1957)",2.7274831752397337,1.185111225453905,34.39875140048256,140.73787784225388,4.866247873627784,0.46409183895500894,,,,,,18.53476575114691,,5.208997149551934,7.984391327767139,3.863111472082733,4.186541248601684,-26.61774034896939,185.84602450398702,159.22828415501763
DEHHALKAJ00010Ji,624.638671875,"(1949, 1957)",3.2113941543234046,1.4629361646839396,42.912456839250176,151.4042868754784,4.049601730167064,0.48305800030292767,,,,,,23.715472462408368,,6.923979251262958,8.554687944477644,4.018935364652435,4.457868886987305,-32.50649386416496,203.6078905157371,171.10139665157214
DEHHALKAJ00010JR,660.173828125,"(1958, 1968)",1.8832994305361057,1.0325242402452222,31.395413161408317,133.43025836315925,3.2974372989085605,0.5235822081733308,,,,,,25.06431699505461,,8.440173677880471,9.21512344375504,3.355606474841055,0.9017334474502255,-31.137426652876282,184.22823190922256,153.09080525634627
DEHHALKAJ00010fI,2724.6953125,"(1949, 1957)",12.44630783984562,6.081629866263582,181.00685089358606,640.3243461884873,19.323123089830744,2.160746464164576,,,,,,103.44526996442193,,29.359014176492813,38.554652880226705,16.749123151707845,10.756101825758053,-144.27227403788083,860.6723777410901,716.4001037032093
DEHHALKAJ00010m0,777.3193359375,"(1984, 1994)",,,,293.71323934674416,13.488984097448085,0.9279360097858423,,,,,,29.511620269820362,,5.819977612451636,13.98402083707315,9.578722586004616,28.49214934249902,-25.270206816780146,395.51665010182694,370.2464432850468
DEHHALKAJ00010n5,589.107421875,"(1949, 1957)",3.028720788610566,1.3797201344541812,40.47147247385256,127.73705507339852,3.16569424360188,0.4052588573011605,,,,,,22.366272081020345,,6.134598088754313,7.282843697091412,3.218944314638329,2.628673370404571,-29.60945418380045,172.93933972621053,143.32988554241007
DEHHALKAJ00010L9,630.291015625,"(1969, 1978)",0.2996752926346518,0.1642978269046561,4.995716280683314,255.24366120977524,6.825533953477028,0.8936908542667641,,,,,,23.929777339173295,,15.485600248433126,17.540727030419646,7.437877072094856,17.37123207860655,-27.919542457648646,344.72809978624656,316.8085573285979
DEHHALKAJ00010XQbt_0,2723.8212890625,"(1979, 1983)",,,,1249.6047155220044,46.832675391829724,3.327540765506643,,,,,,103.41942709367589,,20.358065986599765,48.6526752967561,33.39394374020601,99.71391958006787,-106.37081188005247,1605.3029633766464,1498.9321514965939
DEHHALKAJ00010XQbt_1,1487.9638671875,"(1979, 1983)",,,,643.1200044969833,28.654743510224254,1.9681110491958633,,,,,,56.49954525531321,,11.294405306862064,29.016416425427053,19.475686171796458,57.402325227123434,-49.96465826465436,847.4312374429256,797.4665791782713
DEHHALKAJ00010XQbt_2,396.0400390625,"(1979, 1983)",,,,173.02209027651628,7.624318552637511,0.5237149307112963,,,,,,15.29230172071882,,3.0060052138016644,7.722468924514406,5.183903971633597,15.278106434069956,-13.525717906990172,227.65291002460353,214.12719211761336
DEHHALKAJ00010XQbt_3,433.8203125,"(1979, 1983)",,,,185.09743528031348,8.204974770748684,0.5664945324685617,,,,,,16.724869505440207,,3.284489868944436,8.337922299867436,5.615309311054639,16.588120971336267,-14.438122261841297,244.4196165401737,229.9814942783324
DEHHALKAJ00010F7,855.0908203125,"(1949, 1957)",4.3961954092984685,2.002667048086235,58.74443830087139,194.20476338580607,4.976777593938335,0.617628755678885,,,,,,32.46464043800032,,9.13542433585328,11.02974562457242,5.006070522866546,4.735901947651397,-43.59035412349671,262.17095260436724,218.58059848087055
DEHHALKAJ00010FPbt_1,393.203125,"(1979, 1983)",,,,163.92333286574154,7.097461501984458,0.496844243059479,,,,,,15.153665518320128,,2.9578333201203186,7.279750300334591,4.946286209512589,14.699177062517407,-12.685469827509806,216.55435102159055,203.86888119408076
DEHHALKAJ00010FT,738.9658203125,"(1958, 1968)",2.1080719187745025,1.1557563927555181,35.14246741159383,181.84797157348078,4.5723712572260045,0.6987082530087966,,,,,,28.055824081350778,,11.841202685545406,12.91645328174118,4.6590906045994736,1.6180039533247892,-38.61172230728729,246.2096256902772,207.5979033829899
DEHHALKAJ00010Sj,884.236328125,"(1958, 1968)",2.5224898386941788,1.3829621896516935,42.05099274028569,186.76862248384725,4.634858970461437,0.7291109706570282,,,,,,33.57101879660333,,11.898020537080823,12.987446301000904,4.718296245153782,1.3584956292241623,-42.635394238691916,256.6658699340287,214.0304756953368
DEHHALKAJ00010H5bt_0,784.65625,"(1979, 1983)",,,,300.72002034469125,13.551156738653159,0.9615072869765857,,,,,,29.888832467867708,,5.86796936509063,14.018886545649274,9.60492656882586,28.712810995517355,-23.38437821893786,403.32611031327184,379.941732094334
DEHHALKAJ00010H5bt_2,213.65234375,"(1979, 1983)",,,,87.96169228683048,3.8214821909853547,0.26825265713973556,,,,,,8.268999236854636,,1.6052039836206973,3.9275953138519224,2.673366210680335,7.952999741483837,-6.961695407979998,116.47959162144701,109.51789621346701
DEHHALKAJ00010Hwbt_0,881.7412109375,"(1979, 1983)",,,,403.3783803259672,18.720949245740336,1.2514837563347667,,,,,,33.70147521358883,,6.791056367162154,18.610512396003145,12.269774529871393,35.72960921878189,-30.414980972418547,530.4532410534497,500.0382600810311
DEHHALKAJ00010Hwbt_1,396.0859375,"(1979, 1983)",,,,272.6856189258625,8.390575023450072,0.5612453938163382,,,,,,15.5899482260158,,3.0495283956592614,8.413853021459747,5.564912863251525,16.139848083058865,-24.78812417534081,330.39552993257416,305.6074057572334
DEHHALKAJ00010Llbt_0,1279.119140625,"(1979, 1983)",,,,499.6767910485762,22.498873980927506,1.5874020257349564,,,,,,48.568628886863415,,9.588787773462615,23.18837837468865,15.831374873199222,47.21362486536419,-38.8229215941059,668.1538618288168,629.330940234711
DEHHALKAJ00010cJ,1133.9541015625,"(1969, 1978)",0.539144647148493,0.2955875779247753,8.987773625657733,427.7636808387778,12.216290310152656,1.5970957010440179,,,,,,43.051502047477,,27.705238233258036,31.389312861268813,13.320844658015126,31.169396650986616,-49.778512400119126,588.2133613009801,538.434848900861
DEHHALKAJ00010kC,1404.9287109375,"(1969, 1978)",0.6679809994809006,0.36622247254167495,11.135531144244826,517.8391289570874,14.770199334143463,1.927294183178248,,,,,,53.33926113451192,,33.36552183635343,37.782123918550866,16.14219395448559,37.5289982680993,-60.15277867361214,712.6947215864102,652.541942912798
DEHHALKAJ00010mrbt_1,210.458984375,"(1979, 1983)",,,,107.19686008734334,4.223619010504825,0.2867265898816645,,,,,,8.231987363852067,,1.60711839786635,4.253552249140883,2.835490746372333,8.303714784463791,-8.851491167169302,136.93906922942523,128.08757806225591
DEHHALKAJ00010mrbt_2,786.5283203125,"(1979, 1983)",,,,337.0398551077971,15.794446505921933,1.072041497555908,,,,,,30.054202264600438,,6.006689984307773,15.856311015840843,10.558463620160465,30.96706793750576,-25.351865884689737,447.3490779336903,421.99721204900055
DEHHALKAJ00010mrbt_4,268.2744140625,"(1979, 1983)",,,,114.69881246171731,4.751753750573115,0.33454636722864717,,,,,,10.391941531411256,,2.012952595055992,4.897376565723437,3.340505434770132,9.945980217129518,-9.30819137770035,150.37386892360942,141.06567754590907
DEHHALKAJ00010lN,589.67431640625,"(1949, 1957)",3.294543445879702,1.431503026637165,41.55046014644765,167.2004987335858,5.678119528280289,0.549161827699455,,,,,,22.38843409176172,,6.279028525159625,9.46595520087163,4.569590649264853,4.949808879146542,-31.942986489697006,221.0805974357699,189.1376109460729
DEHHALKAJ00010O9bt_0,974.098388671875,"(1979, 1983)",,,,436.3117410309588,19.932830641074883,1.3047815561800467,,,,,,37.20858108185716,,6.756158561936249,19.55078872043584,12.711006396555668,36.63563618667335,-33.058223886275485,570.4115241756721,537.3533002893965
DEHHALKAJ00010O9bt_1,463.212890625,"(1979, 1983)",,,,208.74930251187118,9.240161937974225,0.6087868199754056,,,,,,17.908745837844666,,3.199301754623483,9.106253215345482,5.9474871826756335,17.191611187398635,-16.13428158949837,271.9516504477087,255.81736885821033
DEHHALKAJ00010O9bt_2,464.256591796875,"(1979, 1983)",,,,218.59030858203363,9.890270024956049,0.640966109068668,,,,,,17.979775325900214,,3.2420086083120605,9.639647207376987,6.225254811289743,17.851558704181546,-16.622182891801277,284.0597893731189,267.43760648131763
DEHHALKAJ00010UZ,1314.66015625,"(1949, 1957)",6.758934614198864,3.079002267141153,90.31668987771158,309.359953749943,8.309227971980889,0.9906053438860147,,,,,,49.912463648028634,,14.181953753883878,17.598629673806744,8.082736380628694,7.960144474810203,-67.80227974007218,416.39571499696797,348.59343525689576
DEHHALKAJ00010gr,2024.767578125,"(1949, 1957)",10.409740954295895,4.7421106769248205,139.10081975070185,472.90483429811377,12.350923890083166,1.5060943518309364,,,,,,76.87195702301922,,21.974544694154623,26.797852757403387,12.349069536534547,12.579691582809073,-104.12576095778067,637.3349681339487,533.209207176168
DEHHALKAJ00010ZQ,2617.6005859375,"(1949, 1957)",13.457615736150592,6.130556326861809,179.82823866678152,606.6226296518479,15.76120165531167,1.9312067037594614,,,,,,99.37933471139185,,28.283842389171983,34.396561065533085,15.784699568831286,15.766376487428536,-134.28255678528225,817.9258522332757,683.6432954479934
DEHHALKAJ00010G5bt_0,313.968017578125,"(1979, 1983)",,,,144.33136638340676,6.710047695555474,0.43452315171019124,,,,,,12.191880161804255,,2.193719205014822,6.533704535621139,4.21648550791786,12.089326548991963,-10.79340115995786,188.70105319002244,177.90765203006458
DEHHALKAJ00010le,1411.2080078125,"(1969, 1978)",0.6709665253442029,0.36785929554164853,11.185301147072131,509.1240367937425,14.710259324156528,1.9159432824836296,,,,,,53.57765905257789,,33.198533969934445,37.60315209466517,16.094725660440467,37.49867850120692,-59.83116001215386,703.7229886792076,643.8918286670537
DEHHALKAJ00010da,1340.302734375,"(1969, 1978)",0.637254227310488,0.3493764327797386,10.623302609703211,496.3639008483981,14.148648900697983,1.846926526689538,,,,,,50.88568403075809,,31.981912716671566,36.21758540211036,15.456663221172846,35.96422647439471,-57.63078142920644,682.8655481208932,625.2347666916868
DEHHALKAJ00010al,1089.498046875,"(1949, 1957)",5.601330523418679,2.5516609295764403,74.84813223720292,250.34566498997802,6.467103904815902,0.7966444644193081,,,,,,41.364040170558525,,11.716006300263215,14.204773314860159,6.4885803896676055,6.338013212920212,-55.741936193416905,337.72082674748293,281.978890554066
DEHHALKAJ00010HUbt_0,828.4677734375,"(1979, 1983)",,,,341.06025809105586,15.61030161888689,1.0789594099554556,,,,,,31.59490421406756,,6.269084145173217,15.866334740132244,10.691182895808684,31.60670969751966,-26.12888757724843,453.7777348125996,427.6488472353512
DEHHALKAJ00010HUbt_1,357.841796875,"(1979, 1983)",,,,152.87234322102628,6.943094194177469,0.47585310433985845,,,,,,13.813279230104719,,2.719128949278777,7.017071531622413,4.702621475970837,13.851124959564103,-11.506831164637955,202.39451666608443,190.88768550144647
DEHHALKAJ00010HUbt_2,579.6181640625,"(1979, 1983)",,,,231.1322189809842,10.497493650249755,0.7341167445124746,,,,,,22.1987625807342,,4.362106873770642,10.754152093371692,7.300977885485601,21.693062964858427,-17.834218727432937,308.672891773967,290.8386730465341
DEHHALKAJ00010HUbt_3,338.2734375,"(1979, 1983)",,,,131.06810607436364,6.185135271663515,0.4313122037002073,,,,,,13.012257288351504,,2.549096209645859,6.320524926421321,4.282459593079098,12.712718421451566,-9.880216443603606,176.56160998867668,166.68139354507306
DEHHALKAJ00010HUbt_4,846.8369140625,"(1979, 1983)",,,,333.4481713370607,15.370474052015869,1.074196860625852,,,,,,32.23967620363647,,6.375031653243797,15.735703871175868,10.677771591300544,31.721450609722865,-25.504983355964786,446.64247617878203,421.13749282281725
DEHHALKAJ00010Ok,1045.513671875,"(1958, 1968)",2.9825709820279016,1.6352029779561732,49.72074368298287,206.65102658886047,5.083705409569708,0.8058973948080166,,,,,,39.6939317493979,,13.028330780164394,14.222535576714339,5.186617961119216,1.3311170236403287,-48.66296450723929,286.0031624842744,237.34019797703513
DEHHALKAJ00010Nr,1493.20703125,"(1969, 1978)",0.7099534071737363,0.38923396379029246,11.835229269529416,556.9243958185774,15.913648529707324,2.0785252010184685,,,,,,56.69081908024098,,36.02944365965871,40.81242993468117,17.370253601883526,40.54480145672983,-64.82316971724552,766.3643172824974,701.5411475652519
DEHHALKAJ00010FD,632.396484375,"(1949, 1957)",3.2512786424836615,1.4811053638963738,43.44541582668197,153.64775719821185,4.115658175399765,0.4902710209990291,,,,,,24.00998676631664,,7.019511689221254,8.679871695073906,4.082629210995933,4.551233191151778,-32.935488032207985,206.5969189473701,173.66143091516213
DEHHALKAJ00010LB,764.4580078125,"(1969, 1978)",0.36346571903924063,0.19927110863052983,6.059130180906484,284.0583380756623,8.111934465176919,1.0591972951360615,,,,,,29.023399804741256,,18.352854603699676,20.78700842433451,8.857910304595743,20.649637537158124,-33.041282787289724,390.90028051050456,357.8589977232148
DEHHALKAJ00010Fv,605.6279296875,"(1949, 1957)",3.1136560713657357,1.418412020541385,41.60642554414256,147.2071586906672,3.944187598656423,0.469729438271414,,,,,,22.993695042934252,,6.724042796712656,8.315755711195608,3.9122121933786476,4.365191129092354,-31.545763651161735,197.93197260090855,166.38620894974682
DEHHALKAJ00010NO,2445.3046875,"(1949, 1957)",12.571807562610527,5.727030397072163,167.99157110490086,568.6827276449108,14.810123040194801,1.8107398120511997,,,,,,92.83798252811562,,26.474403321661462,32.23626304306371,14.821216602103362,14.936792770059863,-125.5822731294922,766.6102487621607,641.0279756326686
DEHHALKAJ00010kp,598.71484375,"(1969, 1978)",0.2846622299186308,0.15606687280183412,4.745442054957328,223.7444181188609,6.331396010396964,0.8271343055421752,,,,,,22.730873712905858,,14.31214161346285,16.20411428901771,6.914344910109833,16.05590962240468,-25.806177411548568,307.12033258270094,281.3141551711524
DEHHALKAJ00010c0bt_0,1328.0634765625,"(1979, 1983)",,,,571.7204654770496,20.186472525361342,1.492789705911144,,,,,,50.455793314579566,,9.776687668062882,21.565111806238928,15.17086111434823,46.00617770060678,-50.19127997422405,736.3743593121585,686.1830793379345
DEHHALKAJ00010c0bt_2,2534.205078125,"(1979, 1983)",,,,993.4216097121166,36.25100870457965,2.7374663927387815,,,,,,96.2177765872751,,18.5278542777129,39.253229794279285,27.953338962763063,85.4737439997108,-86.4087196054922,1299.8360284311764,1213.4273088256841
DEHHALKAJ00010pZbt_1,1065.1142578125,"(1979, 1983)",,,,458.2744375722916,20.869214274013792,1.4263187979239087,,,,,,40.517238169979294,,8.104931868861089,21.056358959205212,14.086362387849897,41.433951945369,-35.12303200784477,605.7688139754939,570.6457819676491
DEHHALKAJ00010pZbt_2,352.798828125,"(1979, 1983)",,,,169.06827045806915,6.897238472100328,0.47169233893425966,,,,,,13.70046305580731,,2.683741838022587,6.975284120560186,4.671090972188675,13.729821876573864,-13.747228383708148,218.19760313225635,204.4503747485482
DEHHALKAJ00010pZbt_3,1482.970703125,"(1979, 1983)",,,,641.2740334246624,29.05644454442052,1.9858798951595449,,,,,,56.30989020058974,,11.284588882539406,29.319437076322732,19.61474635819896,57.692765146322785,-49.29224051612519,846.5377855282162,797.245545012091
DEHHALKAJ00010pZbt_5,372.3369140625,"(1979, 1983)",,,,160.14490961878394,7.268059031088257,0.4972689047793418,,,,,,14.380302478378603,,2.831739136711895,7.338792874237172,4.91300431103163,14.457733993599604,-12.301041761567843,211.83181034861047,199.53076858704264
DEHHALKAJ00010pZbt_8,828.7158203125,"(1979, 1983)",,,,365.2623744298004,16.24650728415378,1.1101998731650653,,,,,,31.66897502702129,,6.306585950355658,16.396897903226193,10.969497323796118,32.256988957241084,-28.373710295647783,480.21802674875966,451.8443164531119
DEHHALKAJ00010pZbt_9,4.0,"(1979, 1983)",,,,8.71367503759579,0.06120321227592244,0.004515892991023379,,,,,,0.17427352398028026,,0.02946920787652562,0.07056119320409017,0.050523034192710474,0.14723064078957057,-0.9994083786278568,9.251451742905914,8.252043364278057
DEHHALKAJ00010b5,674.4716796875,"(1949, 1957)",3.467595758846284,1.5796476534315855,46.3359669311003,176.67886804797564,5.728586031809646,0.5863413502252782,,,,,,25.607585039499813,,7.218286051018325,10.250249150238723,4.745554292337518,4.340238939485386,-36.15820603166294,235.1557089025903,198.99750287092735
DEHHALKAJ00010oz,697.059814453125,"(1969, 1978)",0.44189450841308764,0.24226991426311692,7.366571900591001,283.3880664615961,7.6333682236091,1.0139165452467152,,,,,,26.464717732330623,,17.50632921843564,19.822546604673907,8.292228930888903,19.51925948560808,-32.52251230156032,383.64043320238903,351.1179209008287
DEHHALKAJ00010l3bt_0,1781.9599609375,"(1979, 1983)",,,,699.4752103146893,25.067682786688962,1.9041922778494444,,,,,,67.65895895734852,,13.004262509386553,27.26239547892483,19.483009900842887,59.69328546598971,-61.33396671607787,913.5489976917202,852.2150309756423
DEHHALKAJ00010Jq,1178.029296875,"(1969, 1978)",0.5601004385619331,0.3070766498466737,9.337115699935302,444.2994175004276,12.68884036542593,1.658846590367849,,,,,,44.7248460913376,,28.776142109835597,32.60253128758045,13.836360261073782,32.37450263807368,-51.703695862518146,610.9614868441223,559.2577909816041
DEHHALKAJ00010bo,673.759765625,"(1949, 1957)",3.463935664200157,1.577980313775762,46.28705868565244,176.277352446909,5.707178736618371,0.5848448992315831,,,,,,25.580550106814837,,7.209671651638949,10.225714868960452,4.7331139984627155,4.327422915650507,-36.10399636978046,234.64584962428643,198.54185325450595
DEHHALKAJ00010jv,604.2275390625,"(1949, 1957)",3.106456379016566,1.4151322330702583,41.51021920124513,140.84244762901616,3.6735433695162434,0.4485068427233735,,,,,,22.94044051875869,,6.550222802968047,7.982312727474731,3.6745235837520402,3.724603210575746,-31.053465852611108,189.836600684785,158.7831348321739
DEHHALKAJ00010j8,617.4033203125,"(1969, 1978)",0.29354776777959746,0.1609383940694071,4.893567800541487,232.26023269047386,6.560855378947339,0.8575892923367179,,,,,,23.44039889501698,,14.841510220020552,16.80408668949636,7.1613409033828646,16.639662596911247,-26.748786843517255,318.56567666658594,291.81688982306866
DEHHALKAJ00010K6,476.650390625,"(1949, 1957)",2.4505563728776174,1.1163399349945813,32.74571402008914,129.42413436630082,4.374495056909979,0.43299826450456436,,,,,,18.09707447798279,,5.122307554895473,7.53502636801311,3.511451267526931,3.242072653087337,-25.8936738903197,171.73956000922104,145.84588611890135
DEHHALKAJ00010Lc,1457.19140625,"(1969, 1978)",0.6928295823154802,0.3798457783720926,11.549767729207328,557.4772996295724,15.459212530198496,2.0190103727925184,,,,,,55.32345799568001,,34.97108301196551,39.60720622751722,16.881206973295672,39.33445895877206,-63.064412221818976,761.0729356997938,698.0085234779748
DEHHALKAJ00010IB,581.041015625,"(1949, 1957)",2.987249757366392,1.3608281926748877,39.91731320444336,146.02426676233478,3.9921490311882026,0.4666814788970466,,,,,,22.06033456837003,,6.576995456369704,8.22816670430089,3.935308991898774,4.689637008886944,-30.598753112760186,195.97354000224635,165.37478688948616
DEHHALKAJ00010HS,1681.4013671875,"(1969, 1978)",0.7994314281135249,0.4382905418848346,13.326866441357227,625.6213310983723,17.924828177865745,2.340721152358872,,,,,,63.835768710512674,,40.58855116285885,45.98130870047152,19.566221159565693,45.714751751085466,-72.99986271455786,861.5734819130911,788.5736191985333
DEHHALKAJ00010Fcbt_4,199.026123046875,"(1979, 1983)",,,,113.43411182902452,2.9847586244466684,0.21333207865089815,,,,,,7.804796693460573,,1.3190391309267149,3.13855168923658,2.1670765238913234,6.459318023451431,-10.888254845672208,137.5209845930887,126.6327297474165
DEHHALKAJ00010OG,782.2734375,"(1958, 1968)",2.2316169720807526,1.2234903177133667,37.20201669499896,154.78319197004305,3.8145706703908004,0.6005543617694207,,,,,,29.69987753387841,,9.80312918268688,10.698472678596506,3.9013846129222447,0.9980440724311638,-36.397822605788434,214.29922508271846,177.90140247693003
DEHHALKAJ00010Wy,601.388671875,"(1949, 1957)",3.0918611867857164,1.4084834588871582,41.315190024953054,150.38715833967285,4.09935906349849,0.48051485138827826,,,,,,22.83285163672684,,6.787592756579171,8.477152650609876,4.044626384339541,4.775289908911765,-31.61803856153798,201.8845455917268,170.26650703018882
DEHHALKAJ00010IL,732.69921875,"(1979, 1983)",,,,300.5646167181486,12.738729488635379,0.9019952477898038,,,,,,27.81768610476872,,5.484202267032101,13.173764439584211,9.016919760154614,26.917228647403643,-24.141626396760074,396.6151426735171,372.473516276757
DEHHALKAJ00010I3,2117.5283203125,"(1969, 1978)",1.0067903608344586,0.5519756633234341,16.78362921626509,818.1164317302074,23.348051507980593,3.058302601444664,,,,,,80.39368110824013,,53.14063454557071,60.232659699258555,25.40442466587278,59.76195415381176,-95.19982108915757,1123.4561400123866,1028.2563189232292
DEHHALKAJ00010MPbt_1,1095.7197265625,"(1979, 1983)",,,,423.6449095497427,19.347258589413258,1.3634367184934941,,,,,,41.60669377617159,,8.218141620293963,19.92001163422561,13.589012870523423,40.51096731705002,-32.64288122612315,568.2004320759141,535.557550849791
DEHHALKAJ00010MPbt_2,388.6474609375,"(1979, 1983)",,,,127.01158962548783,5.026552366872728,0.3937296308626236,,,,,,14.86821280991663,,2.8113821398687233,5.572406091763678,4.051447285411042,12.561630696944704,-10.756683583924193,172.29695064712791,161.54026706320371
DEHHALKAJ00010Yebt_0,788.1611328125,"(1979, 1983)",,,,353.2388509097431,16.12040581220244,1.0886195469462827,,,,,,30.166171217802063,,6.035697509319877,16.13658068459073,10.710972561331939,31.333936997568088,-26.966312153004708,464.8312352395045,437.8649230864998
DEHHALKAJ00010NW,530.296875,"(1949, 1957)",2.7263638341811864,1.24198278362699,36.43120860915996,130.37201227766218,3.663667192494727,0.42008201587975946,,,,,,20.133697022796447,,5.813646502194406,7.418920703113199,3.463896438546201,3.630805667271465,-27.750708898949707,174.9167278199584,147.16601892100869
DEHHALKAJ000110T,498.8759765625,"(1949, 1957)",2.564822619861415,1.1683934099285929,34.27260394896129,135.6263560744702,4.590426309028845,0.45387135778423215,,,,,,18.940916535573972,,5.361928730899512,7.89704833540577,3.68096896621354,3.399654927135514,-27.113548295227833,179.95117123651158,152.83762294128374
DEHHALKAJ00010y9,1255.5927734375,"(1979, 1983)",,,,547.3038748767657,23.81469126140586,1.6428817230864141,,,,,,47.669624924218375,,9.50999348111457,24.192863152949315,16.285780528375327,48.086767503739345,-42.772816937775445,718.5064774516549,675.7336605138794
DEHHALKAJ000115n,1289.1806640625,"(1949, 1957)",6.627939374950467,3.019327975014816,88.56625773507776,326.5235307640624,10.150982976281114,1.075104863568256,,,,,,48.94540859739836,,13.745233192192224,18.87921866873937,8.684269800935002,7.86777662395095,-68.27842109862371,435.87152548712766,367.59310438850395
DEHHALKAJ00010zU,658.533203125,"(1969, 1978)",0.31310319434020406,0.17165971199940502,5.219565189200525,250.19421447337595,7.007206193092422,0.9167277506207867,,,,,,25.001927122148455,,15.849911888565728,17.940932479599812,7.645989989508722,17.720036933448455,-28.59016529150191,342.2769468303604,313.68678153885844
DEHHALKAJ00010xp,676.0947265625,"(1949, 1957)",3.475940172154736,1.5834489133876612,46.44746967998143,177.23047557334723,5.751404168806569,0.5882683709878821,,,,,,25.66919779488134,,7.236241462214549,10.282980454032312,4.761343968347141,4.355525792205823,-36.25465185214243,235.87543758482286,199.62078573268042
DEHHALKAJ000116v,672.5458984375,"(1949, 1957)",3.4576949266896833,1.5751373738687806,46.20366643724135,163.63688806618126,4.387126890805012,0.5221806476604199,,,,,,25.534339860448792,,7.471322299007134,9.243161932689375,4.350721687223158,4.864710847248906,-35.042802786086654,220.01045223126408,184.96764944517741
DEHHALKAJ00010vT,720.9482421875,"(1958, 1968)",2.0566725854825028,1.12757656288039,34.285618373804915,144.83059059810807,3.5809534518658728,0.5640275489054298,,,,,,27.371650167529335,,9.19758685181371,10.038290951635307,3.6570065919598416,0.9650310922724609,-33.84445206976093,200.20513725409,166.36068518432907
DEHHALKAJ00010t9,436.673828125,"(1979, 1983)",,,,148.62610830455915,6.6281203698475855,0.4903817506633901,,,,,,16.578779584703486,,3.214099042668041,7.053497277519643,4.958185919314313,15.071477364130528,-11.73581345630797,202.62064961340613,190.88483615709816
DEHHALKAJ0001119,1958.2861328125,"(1979, 1983)",,,,922.8726806350472,33.591556558852105,2.3884759381158363,,,,,,74.34792564511183,,14.631952968246313,34.933985337086526,23.99255506569193,71.64178067027288,-79.53134135317087,1178.4009128184248,1098.869571465254
DEHHALKAJ000113R,597.1162109375,"(1949, 1957)",3.0698955982029967,1.3984771337921937,41.021673462765975,149.68629997687677,4.086191334187294,0.47832963151551255,,,,,,22.670624527664494,,6.7490275829435395,8.436098264581585,4.029841399082706,4.779830830965177,-31.418998335888418,200.9162435478171,169.49724521192866
DEHHALKAJ0001115,673.69140625,"(1949, 1957)",3.4635842147828337,1.5778202125742422,46.28236242065745,176.610743717565,5.731693312142564,0.5862191650904518,,,,,,25.577963361408003,,7.210566272277271,10.247082552773087,4.744773734918381,4.340436506399026,-36.12654345998084,235.04947862257376,198.92293516259292
DEHHALKAJ00010zH,749.181640625,"(1949, 1957)",3.8516948270391507,1.7546222565721754,51.468514944128394,180.66068631879594,4.816603127614952,0.5762595027449258,,,,,,28.44385837775305,,8.280045537268919,10.211787042937923,4.7849049873668035,5.24923953309078,-38.92294849207808,243.02338442757332,204.10043593549523
DEHHALKAJ0001158,2768.60595703125,"(1949, 1957)",12.646890046881648,6.179640196447291,183.9239210888647,647.1262889781394,19.383263457759906,2.1812136730176555,,,,,,105.11237221669178,,29.815875618709907,38.95164462493301,16.897488982423994,10.794741078933004,-146.33488956999543,870.2628886306087,723.9279990606133
DEHHALKAJ0001104,2688.719482421875,"(1949, 1957)",12.281971573000622,6.001330362072046,178.61690597723162,629.3173699981711,18.885657301700764,2.1218002071672863,,,,,,102.07941796195367,,28.959553684206426,37.88279563398906,16.439765036569653,10.51633521164175,-142.1769147027219,846.2026950353998,704.0257803326779
DEHHALKAJ000115cbt_0,424.447265625,"(1979, 1983)",,,,177.48164292528938,7.808941140710228,0.5435453652384976,,,,,,16.35251604686251,,3.2011855530568107,7.979213012052988,5.401844962949667,16.013345258080747,-13.925614569857402,234.7822342642408,220.8566196943834
DEHHALKAJ000110O,607.013671875,"(1949, 1957)",3.1207804531254797,1.421657500612186,41.701625544541066,146.96674096574765,3.9281533979178045,0.4688747800606058,,,,,,23.046309054208987,,6.724262696880221,8.30467539970788,3.8992555132018225,4.31476594380525,-31.577761702989363,197.65303775153023,166.07527604854087
DEHHALKAJ00010wG,871.703125,"(1949, 1957)",4.481602638414044,2.041573927215479,59.88569778415467,202.45365053076938,5.267771934559959,0.6445887827358107,,,,,,33.09519408631296,,9.43049643119382,11.477482242077325,5.2732034377416355,5.296355075029623,-44.74878033157373,272.93874252042053,228.1899621888468
DEHHALKAJ000111u,758.015625,"(1949, 1957)",3.897112133169272,1.7753119061285298,52.075406560481376,181.0322706758186,4.797051551096258,0.5771760513158664,,,,,,28.7792450331623,,8.331475516304018,10.240470959203709,4.7745787763624365,5.1270760924091165,-39.25948689264273,243.6593446556723,204.39985776302956
DEHHALKAJ00010tmbt_2,363.2197265625,"(1979, 1983)",,,,180.15625727466178,5.265300936682534,0.39575777102633997,,,,,,14.074651646338165,,2.6594633924913573,5.710500677127085,4.060194023834951,12.36281966429964,-16.89379883709804,224.68494538646186,207.79114654936382
DEHHALKAJ0001127bt_0,396.10888671875,"(1979, 1983)",,,,208.7174814950805,9.578455645319917,0.5692471954727436,,,,,,15.51387381253684,,2.2578982033973216,8.832394754921694,5.36240270002774,14.655442714917143,-15.450774141356947,265.4871965216739,250.03642238031696
DEHHALKAJ0001127bt_1,2.0,"(1979, 1983)",,,,6.050265151253764,0.03293553989243213,0.0021189379863860137,,,,,,0.09163772449477836,,0.010530140701246075,0.03597277722195574,0.024080864253372997,0.06495190726736177,-0.7013105612103179,6.312493043071297,5.611182481860979
DEHHALKAJ00010se,723.5107421875,"(1958, 1968)",1.3759884752560212,0.75438957393805,22.938320898712153,143.14172678652247,3.764867748251223,0.6106973773857206,,,,,,27.46934603226515,,9.479957504755324,10.370109381646209,3.701694111763902,1.6083273236948388,-29.107740223892804,200.14672626628487,171.03898604239208
DEHHALKAJ00010r1,2258.4638671875,"(1949, 1957)",11.61122099447594,5.289439505919223,155.15567253108546,552.5966279771495,16.395332147887707,1.8041496128720533,,,,,,85.74443929910223,,23.98979262637892,31.834658528036453,14.542240544222548,13.039262272911982,-118.16470826076068,739.9465030085614,621.7817947478007
DEHHALKAJ000112q,619.58203125,"(1949, 1957)",3.185396938853388,1.451093250091545,42.565067408620536,151.40876598239285,4.07022114466669,0.4832592794246978,,,,,,23.52353867883123,,6.900246040571298,8.549596480185858,4.033088724562179,4.550525494770976,-32.328974426884145,203.51924182540577,171.19026739852163
DEHHALKAJ00010yH,1040.1845703125,"(1949, 1957)",5.347799934467458,2.436166209960342,71.46031375931474,251.7399681139174,6.8495847002411745,0.807569842085818,,,,,,39.49204780173332,,11.458208250534167,14.29487106751693,6.686713121190443,7.202082814319727,-54.14149368510337,338.5310457115389,284.3895520264356
DEHHALKAJ000110K,675.41796875,"(1958, 1968)",1.9267868881343777,1.0563663618902492,32.12036782156468,170.0815879127648,4.287084907868607,0.6537687245142431,,,,,,25.643211914795756,,11.106904683535806,12.115239468895773,4.365564355650695,1.5537151150073614,-35.765674753122326,229.80707708303302,194.04140232991068
DEHHALKAJ000110I,1477.1123046875,"(1969, 1978)",0.7023010818622146,0.3850385547914489,11.707661708627889,606.0716236676743,15.593024671740888,2.035182656914348,,,,,,56.07978481121748,,35.24882398031178,39.9273057428283,17.039906370636366,39.751916569808074,-63.84200972090966,811.7475684711314,747.9055587502218
DEHHALKAJ00010tRbt_1,596.6630859375,"(1979, 1983)",,,,233.32640525236928,10.381124776769578,0.734895191526849,,,,,,22.829292637791177,,4.466405747760798,10.725270115352794,7.3382569971065585,21.91342295874343,-18.26328058098932,311.71507367742043,293.4517930964311
DEHHALKAJ0001149,1531.3896484375,"(1969, 1978)",0.7281075402576017,0.3991870186077056,12.137866492009168,560.8288388221182,16.045181658409426,2.0925078127481336,,,,,,58.14045238611017,,36.22948917374762,41.026669650899635,17.542552228641995,40.79150121994246,-65.32281950174905,772.6971929526177,707.3743734508687
DEHHALKAJ00010vxbt_0,529.48828125,"(1979, 1983)",,,,274.78985365948733,8.650308951550851,0.6246410246070269,,,,,,20.477607022914757,,3.931853047047798,9.117209134036274,6.32672886608041,18.981517908312764,-25.041322143086354,342.8997196140372,317.8583974709509
DEHHALKAJ00010xi,1624.2900390625,"(1860, 1918)",18.40398479144011,7.865426357836754,227.42656758891098,664.6320404681137,29.024307012971068,2.253712014875005,,,,,,61.66768150554862,,14.710469224420166,37.894164283012294,17.73358852463297,35.77804305951149,-145.6615925812565,863.6940060930854,718.0324135118288
DEHHALKAJ000116f,1221.1708984375,"(1949, 1957)",6.278287370361266,2.860045576783153,83.89401078105894,288.4077183894525,7.587571395435295,0.9190163714055275,,,,,,46.36317178575125,,13.337045978440013,16.328662850832945,7.5690361935555845,7.920981578778739,-63.02209721626323,388.43320454365187,325.41110732738866
DEHHALKAJ00010tt,399.333984375,"(1949, 1957)",2.231101345837316,0.9694297197065983,28.138432251921834,113.57253763166146,3.8697526244624707,0.3732962901926778,,,,,,15.161735125426844,,4.25381324139229,6.432295612275696,3.106414314912105,3.365182235472603,-21.65770039718121,150.1350270757962,128.477326678615
DEHHALKAJ00010zLbt_0,1165.072265625,"(1979, 1983)",,,,465.26089755542444,21.315530542452212,1.4861431708731716,,,,,,44.239628955242374,,8.780253638189468,21.788216853741105,14.762769465858602,43.811726070281885,-35.44495135387541,621.4451662520632,586.0002148981878
DEHHALKAJ00010zLbt_1,448.126953125,"(1979, 1983)",,,,189.04072153411065,8.158781376165493,0.5696682231481092,,,,,,17.266944829817835,,3.374937075443728,8.35664660402117,5.669117401605973,16.82547963624893,-14.99724244935615,249.2622966805619,234.26505423120574
DEHHALKAJ00010xgbt_0,1618.5771484375,"(1979, 1983)",,,,623.1153597091982,28.247774383916212,1.997807838540929,,,,,,61.45537396432884,,12.12098056435934,29.155075116236546,19.93414407957105,59.515110488671134,-47.96378780895158,835.5416261448221,787.5778383358705
DEHHALKAJ00010xgbt_1,829.486328125,"(1979, 1983)",,,,336.0359795222002,14.476382960205166,1.023833982760969,,,,,,31.641139206744363,,6.211744476505658,14.954909677243737,10.227723665723781,30.521134082148222,-26.7570846215766,445.092847573532,418.3357629519554
DEHHALKAJ00010xgbt_2,916.66015625,"(1979, 1983)",,,,370.948092349532,16.59084223601903,1.1604675877641901,,,,,,34.896654652380924,,6.898015838306101,17.002964359258876,11.545589183463951,34.30325716831533,-28.87371861634449,493.3458833750404,464.4721647586959
DEHHALKAJ000110C,1499.03515625,"(1949, 1957)",7.706843899779995,3.5108180792392845,102.98318746420756,344.6180508754889,8.905378542345648,1.0966630172516796,,,,,,56.91223956792927,,16.12442779517871,19.553075938050654,8.934007435496168,8.738092339196974,-76.70680317242237,464.8819355109379,388.17513233851554
DEHHALKAJ00010uC,1841.9482421875,"(1969, 1978)",0.87576431332766,0.4801402621329923,14.599368535417723,686.1826146750467,19.664748856859767,2.5681813212511417,,,,,,69.9310602369644,,44.538979436733484,50.45848046863911,21.462686734727143,50.16746086749217,-80.08720919058948,944.974212597714,864.8870034071244
DEHHALKAJ000112P,678.5439453125,"(1949, 1957)",3.4885321027068414,1.5891851107221004,46.61573014580205,178.8585719883934,5.842679079672254,0.5944236760036301,,,,,,25.762209195232803,,7.267020077563085,10.383124756295267,4.812670267056932,4.40906681393397,-36.45956202197214,237.92976585415136,201.4702038321792
DEHHALKAJ00010zl,1774.623046875,"(1949, 1957)",9.123697163601848,4.1562592116848185,121.91597852302294,415.2470560073754,10.98113155302716,1.3270381911630535,,,,,,67.37509976766802,,19.21802497674932,23.596471454839943,10.861357911043333,10.924763844012709,-91.35190659898339,559.5309437058789,468.1790371068955
DEHHALKAJ00010uLbt_0,1569.4658203125,"(1979, 1983)",,,,643.8739604446336,29.64667638467818,2.047635230277405,,,,,,59.592325720474406,,11.8804638719243,30.115455899741633,20.2825358290254,59.94568232874875,-49.14661827535362,857.3847357095035,808.2381174341499
DEHHALKAJ00010uLbt_1,512.3603515625,"(1979, 1983)",,,,223.82363099985898,9.67387153566887,0.6682438243210387,,,,,,19.7248151622025,,3.878189217550158,9.8380794160025,6.628609791086065,19.58140170065576,-17.703175833690807,293.8168416473459,276.1136658136551
DEHHALKAJ000116sbt_1,1953.9296875,"(1979, 1983)",,,,805.0901919490824,37.566574667147755,2.5814227995255914,,,,,,74.18781730247792,,14.827849265860438,38.023793416495145,25.523060780496543,75.27187550655842,-60.89276065965095,1073.072585687644,1012.179825027993
DEHHALKAJ000115l,1479.5048828125,"(1949, 1957)",7.606434801250667,3.465077165965182,101.64146455513801,338.45182010731105,8.716581507124417,1.076771826654113,,,,,,56.170749571563306,,15.870308265761187,19.210892867323864,8.753987196840246,8.448803663373324,-75.59073245604847,456.69991500595154,381.10918254990304
DEHHALKAJ000112T,1371.8896484375,"(1969, 1978)",0.6522723974580015,0.35761018704632414,10.873661978513349,548.9166213205062,14.346171210486093,1.870624180724925,,,,,,52.084922831597346,,32.38299883151775,36.67568252331404,15.691609361924833,36.535245440889156,-58.669369404689874,738.5038757009605,679.8345062962707
DEHHALKAJ00010sN,676.6240234375,"(1984, 1994)",,,,265.63540513271664,12.175109403060757,0.8289526610882204,,,,,,25.688701205768037,,5.090501968608473,12.530097908895817,8.523660660886144,25.23532399829029,-22.99428666733896,355.7077529393144,332.71346627197545
DEHHALKAJ000112c,1052.1044921875,"(1969, 1978)",0.5002288050478997,0.27425185740847907,8.339029766098205,388.6794157608984,11.059643868267795,1.4434104449829266,,,,,,39.9440223636587,,24.98096940952963,28.285290322629834,12.086399901310658,28.076369018303943,-45.050113305779725,534.5555210895818,489.50540778380207
DEHHALKAJ00010zdbt_1,653.140625,"(1979, 1983)",,,,392.8553928262894,12.98254702553617,0.8837070343228567,,,,,,25.351439207389824,,4.980492541917734,13.145475963960525,8.788536427051868,25.7197783363634,-34.910930523185826,484.7073693628318,449.796438839646
DEHHALKAJ00010zdbt_2,406.7548828125,"(1979, 1983)",,,,176.93247269842536,7.828670814819887,0.5377898548183573,,,,,,15.703164400636313,,3.0872240430995443,7.929271513633983,5.3228511883039324,15.68867813462353,-13.800199068299808,233.03012264836093,219.22992358006113
DEHHALKAJ00010zdbt_3,298.87109375,"(1979, 1983)",,,,132.93227077677722,5.767813779439605,0.39591262351006057,,,,,,11.577299717873927,,2.2692750532558303,5.8408944114052135,3.919398098829544,11.546098541721726,-10.478394176749383,174.2489630028131,163.7705688260637
DEHHALKAJ000115G,1403.6142578125,"(1969, 1978)",0.6673560355910088,0.36587983432115173,11.125112726856715,527.423053572581,15.036256925035499,1.965153729878519,,,,,,53.28935741532914,,34.06826041763451,38.591828938142484,16.403719410537676,38.30812578770862,-61.269072026222084,725.0857561968473,663.8166841706253
DEHHALKAJ00010uybt_0,259.579833984375,"(1979, 1983)",,,,141.87664694480787,4.073435497607098,0.2870781032551276,,,,,,10.143029736655546,,1.7305425092785622,4.233997165098926,2.8964223290740296,8.592448437815314,-13.267428565104026,173.83360072359247,160.56617215848843
DEHHALKAJ00010wabt_1,613.4130859375,"(1979, 1983)",,,,251.54663635356206,10.55024906354319,0.7495382647517647,,,,,,23.506332396609622,,4.58489111127256,10.936878094856525,7.501882784960316,22.423824938954688,-20.325842657262292,331.80023300851076,311.4743903512485
DEHHALKAJ00010xY,761.6005859375,"(1969, 1978)",0.36210714226225427,0.19852626506942211,6.036482120521928,284.96374251788916,8.11128774036264,1.0597363197881609,,,,,,28.91492727379195,,18.36010846396557,20.794413241578127,8.853455541264534,20.635472278919543,-33.05079344162889,391.69314337755964,358.6423499359307
DEHHALKAJ00010xEbt_1,415.5927734375,"(1979, 1983)",,,,201.70774038260328,8.39997648467276,0.5691163720933323,,,,,,16.107044472346992,,3.176934729561557,8.43984901924949,5.617031392751575,16.443313275424252,-16.20341641507,260.4610061287032,244.25758971363322
DEHHALKAJ00010xEbt_2,1365.3935546875,"(1979, 1983)",,,,646.8566459440304,28.694927057116633,1.92351337477242,,,,,,51.8735589151329,,10.499452542451095,28.595997553752515,18.891786986289127,55.06528020035901,-49.70388100503231,842.4011625739041,792.6972815688719
DEHHALKAJ00010qz,1463.5859375,"(1984, 1994)",,,,631.2761174984219,24.168382650979957,1.6869834458867827,,,,,,55.56649136992981,,10.888863511039048,25.44830330039499,17.62189001656906,52.60561934556944,-66.03007493824096,819.2626511387909,753.2325762005499
DEHHALKAJ000113t,1581.9609375,"(1969, 1978)",0.7521519347881005,0.4123694259255331,12.538696911357846,589.1011408611055,16.820387419984314,2.1966792157399717,,,,,,60.06043264924093,,38.067273328666786,43.117658549828384,18.363663235399237,42.82834706879056,-68.51681932347384,810.5555823287558,742.0387630052819
DEHHALKAJ000113Y,652.1806640625,"(1949, 1957)",3.352993124563048,1.5274409387761199,44.80458200573295,153.07401565743717,4.010838284506979,0.4876243456236711,,,,,,24.761039799761416,,7.097755198552233,8.670781163450012,4.0061437694208175,4.130500265655931,-33.59131700567847,206.23869848440822,172.64738147872976
DEHHALKAJ00010yu,7984.75830078125,"(1919, 1948)",40.494898956575284,22.20144290440454,675.0674178822728,2885.5056817645445,150.11385550943228,11.30432936573259,,,,,,303.1478065455741,,77.01713868856056,192.2213057735729,89.62028723043979,143.66906362842911,-584.6011364731729,3852.5994685062856,3267.9983320331125
DEHHALKAJ00010qZ,79.50537109375,"(1949, 1957)",0.7277827091438316,0.24743124774909353,6.724044413387139,29.25636411350666,0.9863090023357577,0.08479238095972125,,,,,,3.018753294192624,,0.7798456331138843,1.3724222482491253,0.8271504307404047,1.6445092838560018,-4.1395854793355,37.97014638695418,33.830560907618676
DEHHALKAJ0001131bt_0,2458.0908203125,"(1979, 1983)",,,,977.4869861470229,45.779684565082405,3.175038331619649,,,,,,93.32767529959708,,18.57030748112267,46.6186067441192,31.47801235042815,93.21712479166686,-73.92847115746558,1309.653435710659,1235.7249645531936
DEHHALKAJ00010qj,602.71142578125,"(1969, 1978)",0.38208323545305556,0.20947821466940075,6.369492203202978,257.6805029900132,5.762319020009766,0.7569532321125801,,,,,,22.882765191124307,,12.946241425781249,14.63094662563493,6.347594394387629,14.589754087655898,-24.838235738364837,335.59707696671956,310.7588412283547
DEHHALKAJ000111hbt_0,1329.779296875,"(1979, 1983)",,,,528.108521424562,24.496593932152532,1.70444883652753,,,,,,50.49199043533771,,10.03098231239649,25.00276463413028,16.918060883969435,50.1667082089077,-40.20330642181469,706.9200706679837,666.7167642461691
DEHHALKAJ000111hbt_1,523.29296875,"(1979, 1983)",,,,208.70173364254097,9.086439542546307,0.6436387112055761,,,,,,20.081808808326024,,3.91615980824103,9.394901169959676,6.4311610171322755,19.206005738831884,-16.530920177830346,277.46184843878376,260.9309282609534
DEHHALKAJ000115x,903.091796875,"(1949, 1957)",4.642978169437077,2.11508782463316,62.042088490855704,213.00653869918523,5.599100833768705,0.6787055630824185,,,,,,34.287127747307245,,9.85579597242274,12.060950898754061,5.58691879733165,5.828551961290124,-46.58724181206624,286.9036904731422,240.31644866107598
DEHHALKAJ000114Jbt_0,1505.09765625,"(1979, 1983)",,,,512.1792621457307,23.309412170174504,1.7510524540252668,,,,,,57.14462452309749,,11.75694410724752,25.055248209886624,17.771637161326126,54.34326014187395,-40.1441236202178,703.3114409133622,663.1673172931444
DEHHALKAJ000114Jbt_1,565.7666015625,"(1979, 1983)",,,,276.06675765006673,8.46845856249331,0.643849701800715,,,,,,21.786653014497457,,4.402878840847853,9.2454722716732,6.615685949830802,20.24188071185649,-25.550322566420505,347.4716367030665,321.921314136646
DEHHALKAJ000114Jbt_3,5.0,"(1979, 1983)",,,,7.641289469859256,0.0702256455754446,0.0054641354904222585,,,,,,0.20871173100904275,,0.038650406409305366,0.08192990695452833,0.060043740373579145,0.18056952823743636,-0.8622119334494676,8.286884563909014,7.424672630459547
DEHHALKAJ00010t3,414.017578125,"(1979, 1983)",,,,189.4143686435328,8.417601270356997,0.5519044826905819,,,,,,15.718831091129285,,2.868478551162522,8.268896071674337,5.382857987057744,15.523089554579675,-14.591822894017463,246.14602765218396,231.5542047581665
DEHHALKAJ000112ebt_1,815.400390625,"(1979, 1983)",,,,314.92123772078384,14.150870811408515,1.002546836853691,,,,,,31.04951330952393,,6.101764793960637,14.62526180955776,10.011079209779737,29.907351787421728,-24.519241473045593,421.7696262792898,397.2503848062442
DEHHALKAJ00010xe,482.2607421875,"(1949, 1957)",2.4794003286279542,1.1294796693192837,33.13114319717823,131.13535018284082,4.441436794380313,0.43897760815832565,,,,,,18.31008610345594,,5.183600348055174,7.637489918896122,3.5602518289148852,3.288279534842427,-26.2135964331891,173.995472319544,147.7818758863549
DEHHALKAJ00010tF,1766.76953125,"(1949, 1957)",9.08332064625734,4.137865870790257,121.37644476459815,401.29025813852803,10.28415329814765,1.2762267169439467,,,,,,67.0768578554965,,18.87616398162687,22.79091166870934,10.34452094087645,9.78822036121523,-90.06741404274162,541.727312961544,451.6598989188024
DEHHALKAJ00010wg,700.6640625,"(1979, 1983)",,,,302.0264706757643,13.531416057132017,0.8990558260789259,,,,,,26.601557751033624,,4.814194710727138,13.40589555163351,8.804417339418379,25.556236479060626,-23.223716744650567,395.6392443908485,372.4155276461979
DEHHALKAJ00010yg,2747.956298828125,"(1949, 1957)",12.552563168714904,6.1335493262203995,182.55212381442118,643.244589909955,19.306192417821425,2.1688013204739525,,,,,,104.32839149078845,,29.597867855888783,38.7213911207303,16.80411415137815,10.750414617533387,-145.31395276891254,864.9217628845695,719.607810115657
DEHHALKAJ0001154bt_0,158.73974609375,"(1979, 1983)",,,,98.23207535790989,2.7134170854646724,0.17304253697193872,,,,,,6.281641676472499,,0.8413790088410752,2.6462641740125092,1.6972095385968884,4.79953681812001,-9.189060474970747,117.38456619638949,108.19550572141874
DEHHALKAJ000113a,675.1015625,"(1949, 1957)",3.470834114191622,1.5811228716455863,46.37923965855417,176.3327116654267,5.697421245259931,0.5848028387802043,,,,,,25.631487153044304,,7.222660927062449,10.227219155545301,4.732320821985038,4.324716800690545,-36.15383443184173,234.75334060779448,198.59950617595274
DEHHALKAJ000114L,911.2431640625,"(1949, 1957)",4.684886002099925,2.1341787493343416,62.602084546758675,221.0159076636388,6.0406207380823735,0.7085172930197803,,,,,,34.596720903185144,,10.006780538078097,12.539860262962991,5.853009942726416,6.218049730084081,-47.45407372653246,296.9794670717777,249.52539334524528
DEHHALKAJ000110dbt_0,1138.5234375,"(1979, 1983)",,,,459.5671205532328,20.959906333322817,1.458647154432239,,,,,,43.23733335927351,,8.587514430350977,21.401522070404823,14.484242064368532,42.94719237468689,-35.335653982927525,612.6434783400726,577.3078243571451
DEHHALKAJ000110dbt_2,535.2509765625,"(1979, 1983)",,,,218.88184664740425,9.852981040714344,0.6857085820236295,,,,,,20.540726643230364,,4.037177586627491,10.062898911890853,6.810977749634768,20.19317558955265,-16.95630070133559,291.06549275107835,274.1091920497428
DEHHALKAJ0001133,689.73828125,"(1949, 1957)",3.5460844551465476,1.6154028260509186,47.38477708348215,158.91843621877834,4.112848386597212,0.5057756761894311,,,,,,26.18691886268369,,7.428450469766574,9.015163742503848,4.124098427828638,4.057451619732953,-35.31896953576535,214.3491434040807,179.03017386831536
DEHHALKAJ00010vG,1154.033203125,"(1969, 1978)",0.5486913652317523,0.3008215931195586,9.146921530499448,428.2483428087108,12.210396368623307,1.5941795307726203,,,,,,43.81381366612545,,27.611116341995437,31.269675650254904,13.336409807908193,31.051421842709612,-49.73770982815485,589.1353560171004,539.3976461889456
DEHHALKAJ00010uo,800.193359375,"(1969, 1978)",0.3804562863667397,0.20858623523053493,6.342370260760229,306.3361526209628,8.624564352514442,1.1289862772373573,,,,,,30.3801429460693,,19.551514142004116,22.14061161046228,9.4007109941832,21.89430179148648,-35.185406920700665,419.45698473492,384.27157781421937
DEHHALKAJ00010tH,2882.0947265625,"(1949, 1957)",21.413021849490143,8.992380474009874,258.936074603058,772.8844956493796,23.217561915527213,2.462201226566372,,,,,,109.42108192172154,,31.021341838948054,43.57319012454881,18.338284005934888,6.3672380283657395,-174.91634295877955,1007.285394710992,832.3690517522125
DEHHALKAJ00010zJbt_0,849.7275390625,"(1979, 1983)",,,,359.1872589855986,16.2660198319548,1.1191375625726152,,,,,,32.417085843469124,,6.4443506827970864,16.48564036018597,11.076437721004101,32.676243679811556,-27.659264570439184,475.67217466739385,448.01291009695467
DEHHALKAJ000111Bbt_0,4.0,"(1979, 1983)",,,,14.685665105327656,0.05889259968264495,0.004402774115204559,,,,,,0.18851888617345258,,0.02933886585049269,0.07321808833327491,0.05355936221897762,0.1520570103058902,-1.7268269315131521,15.245652692007596,13.518825760494444
DEHHALKAJ000111Bbt_1,1886.8251953125,"(1979, 1983)",,,,734.4185903088326,33.70102428789073,2.3666867940665837,,,,,,71.63921944801137,,14.173333172686576,34.61543135054221,23.561464063051773,70.13892387543555,-56.38638029304793,984.6146733005174,928.2282930074695
DEHHALKAJ000111Bbt_2,852.2236328125,"(1979, 1983)",,,,327.36412705285215,14.736191232458745,1.0451912007247235,,,,,,32.42349696791301,,6.37428785285395,15.241205055528912,10.439951938053907,31.20376164523047,-25.469160819006547,438.8282129456159,413.35905212660936
DEHHALKAJ00010zw,1310.623046875,"(1949, 1957)",6.738179015752928,3.0695471476114196,90.03934188500726,300.1929329831046,7.845425513338365,0.9590100707755119,,,,,,49.75915407647547,,14.014418786441624,17.09827545995553,7.776706831003979,7.36510359491557,-67.02050759125581,405.0110273160106,337.9905197247548
DEHHALKAJ00010zSbt_1,2804.33203125,"(1979, 1983)",,,,1075.788073492952,48.88437667573642,3.4585706453014895,,,,,,106.47280385963353,,20.99745924161342,50.46789162836325,34.51415991033955,103.05897728550615,-83.20562672390184,1443.6423127394457,1360.436686015544
DEHHALKAJ00010zSbt_3,4.0,"(1979, 1983)",,,,12.175794723167604,0.05721244073009803,0.0043205198712599055,,,,,,0.184670917654529,,0.029244087815191798,0.06997051374300928,0.05119580962709933,0.1474581086223376,-1.4240017745425557,12.719867121231129,11.295865346688574
DEHHALKAJ00010t5,894.6357421875,"(1949, 1957)",4.5995038765141585,2.095283306005206,61.46116051097502,209.7872592223359,5.493503555525461,0.6682566041917347,,,,,,33.966050083885825,,9.7313334895505,11.884135944531325,5.488120749051649,5.645791018672793,-46.065765652309736,282.6644506677452,236.59868501543548
DEHHALKAJ000110x,2385.73046875,"(1949, 1957)",12.265524416119046,5.5875044871079975,163.89884325126417,582.772685225354,17.25041150594929,1.9018838524300994,,,,,,90.57620734357826,,25.337181189806586,33.567131128916614,15.328418774860877,13.737146489521894,-124.75152750629863,780.4710655104176,655.7195380041189
DEHHALKAJ00010zW,436.3486328125,"(1979, 1983)",,,,207.6714275626798,6.299600809750309,0.4741751294489923,,,,,,16.56661887907686,,3.19345207248273,6.832877299069409,4.861233654945067,14.816523487870235,-19.260317140686485,260.7159088953234,241.45559175463694
DEHHALKAJ000111S,790.3623046875,"(1984, 1994)",,,,302.2232832952356,13.898441842982386,0.9524711229670495,,,,,,30.006808226502798,,5.927963320570395,14.367179036637133,9.815827507984714,29.15031981108697,-25.708325532082718,406.342294163967,380.6339686318843
DEHHALKAJ000111Jbt_0,528.65234375,"(1979, 1983)",,,,206.99454576550937,9.309066326127708,0.6565737248062393,,,,,,20.24973956268438,,3.9635765669452896,9.592354074213686,6.547606222819352,19.523778158819827,-16.092327711923023,276.83724040192584,260.7449126900028
DEHHALKAJ000111Ubt_1,631.990234375,"(1979, 1983)",,,,271.58706964546053,8.872578978674813,0.6744633929058013,,,,,,24.230707421864317,,4.611082613388103,9.672246181643718,6.9181783048757115,21.181267865104967,-24.626110055844848,347.747594403918,323.1214843480732
DEHHALKAJ00018J5,1568.9208984375,"(1949, 1957)",8.066140680521745,3.674494111872646,107.78431334758899,367.87119384606336,9.867552298452411,1.1780061794102823,,,,,,59.56558584606434,,16.883475162301146,20.936983213929544,9.594821693643153,9.341129943413605,-80.82515440586869,495.2387481832778,414.4135937774091
DEHHALKAJ00018Cs,1703.0869140625,"(1969, 1978)",1.6194838787217585,0.8878866176848831,26.997494214839847,765.6679573995058,17.54340207734717,2.263939222571088,,,,,,64.65912303412901,,39.044331934204095,44.30155594467379,19.711393063731713,47.210743136097484,-78.34075885752178,1000.4024458122602,922.0616869547384
DEHHALKAJ000187x,1445.013671875,"(1949, 1957)",7.429108487387108,3.384296961158541,99.27193050716423,332.0920232623522,8.579812279740974,1.0567848599982277,,,,,,54.861366318856916,,15.540536403971693,18.842858675709977,8.607992681606248,8.41201022764237,-73.93504340510384,447.9933847098786,374.0583413047748
DEHHALKAPE0001Oe,2582.578125,"(2010, 2015)",1.2659079031991758,0.46235879933536495,15.811721489034793,1115.183494792662,41.53388381689212,4.050261674117578,,,,,,98.0496689913667,,24.18904138725035,46.81054685805344,32.50371190386305,104.33067066276186,-123.14222503567348,1466.6512800869668,1343.5090550512934
DEHHALKAPE0001O7,2515.681640625,"(2010, 2015)",1.2818229228379994,0.4518586914768938,15.637922761661525,923.8227058439676,40.19830662840479,3.7077797103891275,,,,,,95.50988923196894,,23.574244340896307,45.24224809279995,31.617626456344126,97.91709229283533,-91.41764283257992,1261.589892597606,1170.172249765026
DEHHALKAPE0001OZ,2381.560546875,"(2010, 2015)",1.167374682319209,0.4263706349629211,14.581000168760005,1042.572583851917,38.5144360038574,3.761510321415398,,,,,,90.41787416099751,,22.31642664285376,43.350363535107284,30.058703277595452,96.65737670115021,-115.67935688121241,1367.6492744948941,1251.9699176136817
DEHHALKAPE0001Oibt_0,1602.5595703125,"(1979, 1983)",,,,503.3406661926199,23.796036460985512,1.8414288778075405,,,,,,60.84398058047131,,12.92382473639442,26.087106690696118,18.824012321222114,58.20232736209883,-38.909715848250784,705.8593832222957,666.9496673740449
DEHHALKAPE0001Oibt_1,748.99365234375,"(1979, 1983)",,,,353.37895563935757,11.129110127183802,0.8610008291037494,,,,,,28.692685667989554,,6.040673157840113,12.287719914539327,8.879716860786985,27.349249730888957,-32.516343147474046,448.6191119276901,416.102768780216
DEHHALKAbr0000Mgbt_1,1207.75146484375,"(1979, 1983)",,,,495.55978333012797,17.340695191490017,1.3383528234939532,,,,,,45.87295397776325,,9.357321412632512,19.073171652005144,13.757740599243501,42.38511338701802,-43.96461278090815,644.6851323737743,600.7205195928661
DEHHALKAbr0000Mgbt_2,677.674560546875,"(1979, 1983)",,,,304.5094738278408,9.679951568190436,0.7485083540921273,,,,,,25.969172639363016,,5.247613643345476,10.681853271106332,7.716668959384319,23.765301687261612,-27.93365421545345,388.3185439505841,360.3848897351307
DEHHALKAbr0000MWbt_1,1306.641845703125,"(1979, 1983)",,,,524.815057378909,18.411265381908805,1.4308373058837063,,,,,,49.615767294580586,,10.103793470257461,20.345584454432245,14.7334033807794,45.50355531955802,-46.570938934826174,684.9592639863092,638.3883250514831
DEHHALKAbr0000MWbt_4,473.2568359375,"(1979, 1983)",,,,231.193735958028,6.635615438522382,0.5166328325413281,,,,,,18.254113502662925,,3.657674234727634,7.3737269191472885,5.350302184367943,16.497903393375857,-21.89343237565648,289.4797044633733,267.58627208771685
DEHHALKA10001o2abt_1,186.56201171875,"(1979, 1983)",,,,88.76534115830148,2.5679701155380754,0.17296852222375994,,,,,,7.292194303237808,,0.9538150270540933,2.5907518509761776,1.7221506328251133,5.00706183260392,-8.237539649523502,109.07225344276043,100.83471379323693
DEHHALKA100050O4bt_0,131.423828125,"(1979, 1983)",,,,76.18637185526453,3.1332656656247293,0.18667846159728235,,,,,,5.210150963506735,,0.7466176139705489,2.8977139630259394,1.7637895224845672,4.824803864799742,-5.689196761885709,94.94939191027407,89.26019514838836
DEHHALKA100050O3bt_1,129.41162109375,"(1979, 1983)",,,,79.70279074699145,3.1599458334750827,0.18747499209887433,,,,,,5.153010278366622,,0.7393974737179745,2.9168414305229176,1.770489537662509,4.828793249807235,-6.081360889041459,98.45874354264267,92.3773826536012
DEHHALKA100050O2bt_1,131.869140625,"(1979, 1983)",,,,74.928570876918,3.2149647873960765,0.19079092628715993,,,,,,5.230464006413165,,0.7531572032994505,2.965568391791042,1.7995782685615487,4.9107958312158555,-5.776023613580759,93.99389029188228,88.21786667830152
DEHHALKA100050O2bt_2,2.0,"(1979, 1983)",,,,9.007756594720194,0.031873225507801146,0.002066931081678043,,,,,,0.09908030779057253,,0.010470215376862584,0.03735442233710859,0.02561815529665786,0.06742152379645129,-1.0614586200015685,9.281641375907325,8.220182755905757
DEHHALKA1b4000CPbt_0,1713.072509765625,"(1979, 1983)",,,,759.3276652306668,27.542285852357384,2.0425557477532665,,,,,,65.04588160966156,,13.438607734440668,29.464083615743093,20.76007303341142,63.042284677715685,-65.99727549223326,980.6634375017499,914.6661620095166
DEHHALKA1b4000CPbt_1,1990.797119140625,"(1979, 1983)",,,,877.7608607023784,32.007462040776325,2.373696428569543,,,,,,75.5890932894339,,15.617284972161338,34.2372935059841,24.122596556050436,73.2572220136193,-76.1299945303469,1134.9655095089734,1058.8355149786264
DEHHALKA3zZ0002pbt_1,1350.97705078125,"(1979, 1983)",,,,529.764325699906,18.187962874848004,1.460681953806579,,,,,,51.29640465252732,,10.789318742821083,20.566511269850817,15.17121659230907,47.37467301559129,-47.641077023556676,694.6110948016602,646.9700177781035
DEHHALKA3zZ0002pbt_2,1268.55322265625,"(1979, 1983)",,,,498.6089881756878,17.06764207012084,1.371042925512855,,,,,,48.16819593185762,,10.130455139233916,19.30404788223556,14.242016521589232,44.47535982334183,-44.8876089686182,653.3677484695796,608.4801395009614
DEHHALKA3zZ0002pbt_4,797.26171875,"(1979, 1983)",,,,337.6848999414087,10.734648793550354,0.8620641732855892,,,,,,30.41972664744499,,6.367248476522795,12.157007487366133,8.970326014797179,27.98841489096434,-31.154209446291244,435.18433642534006,404.0301269790488
DEHHALKA3zZ0002pbt_6,1539.37646484375,"(1979, 1983)",,,,640.3995115223324,20.648327625047365,1.6606583806772344,,,,,,58.450114503208596,,12.289646012923782,23.401277600062947,17.280245787693648,53.95105681268407,-58.829413654888086,828.0808382446301,769.251424589742
DEHHALKA3zZ0002pbt_7,3402.38232421875,"(1979, 1983)",,,,1239.0746560812074,45.64300001828308,3.670706281050533,,,,,,129.17541410420898,,27.163296952008672,51.59330731152914,38.07793451970932,119.04098034759275,-108.61398648311565,1653.43929561559,1544.8253091324743
DEHHALKA3zZ0002pbt_10,1758.7646484375,"(1979, 1983)",,,,826.2684909892923,23.630809676892458,1.8992765306255703,,,,,,66.78691445340984,,14.043377751120524,26.839812067412126,19.8223922018643,61.790493095326696,-78.65329282150627,1041.0815667659438,962.4282739444375
DEHHALKAJ00010BSbt_0,1329.8388671875,"(1979, 1983)",,,,501.6072945331159,22.5671043352282,1.6436916452482744,,,,,,50.492891006595684,,10.49916115072591,23.757914506605747,16.5423050016425,49.98300551661969,-38.98054404546656,677.0933676957819,638.1128236503154
DEHHALKAJ00010d0bt_0,598.486328125,"(1979, 1983)",,,,294.8505960415622,9.141964944778637,0.6900810666568965,,,,,,23.03833226202748,,4.667874143393101,9.929984562910175,7.075538421406421,21.594012713655843,-27.1697619150072,370.98838415639074,343.81862224138354
DEHHALKAJ00010d0bt_2,1112.301025390625,"(1979, 1983)",,,,494.50377138210786,16.989857266996534,1.2824976870537785,,,,,,42.33199291168787,,8.675315169715503,18.41412169241148,13.114088257206866,40.0690184165806,-44.00445963928607,635.3806627837605,591.3762031444744
DEHHALKAJ00010d0bt_4,819.23095703125,"(1979, 1983)",,,,381.84798736947016,12.506640155714878,0.9442553417505428,,,,,,31.34971741391056,,6.389156618098635,13.570286721125875,9.667788325630891,29.52595693813027,-34.55822225999314,485.8017888838318,451.24356662383866
DEHHALKAJ00010d0bt_6,1029.189453125,"(1979, 1983)",,,,447.1226701522248,15.210367413739288,1.1617012278275098,,,,,,39.18861117527987,,7.998322953067131,16.620411009394186,11.918051889291872,36.568232865353735,-40.006084820023844,575.7883686861784,535.7822838661546
DEHHALKAJ00010iS,2019.51904296875,"(1949, 1957)",9.842511842767372,4.626138837183395,136.60308269412332,421.80232436697173,10.22673664762593,1.3561201697313867,,,,,,76.67267789830369,,21.117945213725946,24.585256775429844,10.514864813129599,6.949892351775648,-101.58178387490089,573.2258182366938,471.64403436179293
DEHHALKAJ00010OEbt_0,2138.53515625,"(1979, 1983)",,,,864.85157319101,31.73209745874894,2.4200835851935723,,,,,,81.19587434233902,,16.626727576282065,34.588591823069486,24.773458316598628,76.03139349315092,-75.19495326226135,1132.2197997863927,1057.0248465241314
DEHHALKAJ00010dobt_0,293.857421875,"(1979, 1983)",,,,178.527188820499,4.09095378929208,0.3193576725729006,,,,,,11.477280577560508,,2.269493410816782,4.5814458751775256,3.3334662111396236,10.256978486721508,-17.871244693389187,214.85616484377994,196.98492015039074
DEHHALKAJ00010dobt_1,1736.378173828125,"(1979, 1983)",,,,686.1335478402209,24.34824623014883,1.895631784649106,,,,,,65.92795593290701,,13.420121328398775,26.933407092008625,19.52299197806545,60.34105959515699,-60.646417964536724,898.5229617815558,837.8765438170191
DEHHALKAJ00010dobt_3,1949.3994140625,"(1979, 1983)",,,,762.1836617931269,27.313200145663487,2.127107459931752,,,,,,74.01488221474042,,15.06527218668996,30.213711465864044,21.90360454100772,67.71271955516093,-67.12439244551422,1000.5341593621852,933.409766916671
DEHHALKAJ00010iU,843.173828125,"(1958, 1968)",2.4053495044794353,1.3187396700533525,40.098212884407744,160.5339686586045,3.918011978753638,0.6193285352806972,,,,,,32.01191541383232,,10.062519875633484,10.982156624180028,4.015181693842775,0.9461480063880151,-38.39236139393557,223.08923078651546,184.69686939257988
DEHHALKAJ00010kQ,1875.9150390625,"(1979, 1983)",,,,748.5741032898327,34.31628951020782,2.3926630500751838,,,,,,71.22063652818795,,14.137078748915137,35.080333207116986,23.769794596761265,70.54059752899906,-57.411043410681394,1000.0314964600959,942.6204530494146
DEHHALKAJ00010hjbt_0,2279.134521484375,"(1979, 1983)",,,,714.1022333541858,31.757846221310377,2.478319307210336,,,,,,86.53096742048024,,17.603629402425916,35.049581199443324,25.418547917134184,78.78671698462094,-57.18419485858331,991.7278418068112,934.5436469482279
DEHHALKAJ00010hjbt_2,1692.25341796875,"(1979, 1983)",,,,531.6135680747517,23.63669060942879,1.842916006191925,,,,,,64.24951541845357,,13.073853926366294,26.070754974640845,18.89735062323451,58.55547267928911,-42.566730353123674,737.9401223123567,695.373391959233
DEHHALKAJ00010mabt_1,385.5048828125,"(1979, 1983)",,,,165.37741279484808,6.884984895315898,0.4835175996441255,,,,,,14.885436354000307,,2.895776718481975,7.083514363458955,4.823912711881272,14.347912372591866,-13.381437579421567,216.78246781022253,203.40103023080096
DEHHALKAJ00010mabt_2,1800.1064453125,"(1979, 1983)",,,,706.6349680390452,32.2031902606319,2.260413720865415,,,,,,68.34727621979789,,13.524805650397681,33.07006163024843,22.503506169198896,66.97190824917806,-54.46389290592509,945.5161299393635,891.0522370334384
DEHHALKAJ00010FRbt_1,276.05224609375,"(1979, 1983)",,,,138.50483022273758,6.258065119292595,0.37628676399483796,,,,,,10.822792668759105,,1.550014344425204,5.814757597760343,3.561327661694847,9.800748842585886,-10.378674200771155,176.68882322125037,166.31014902047923
DEHHALKAJ00010cH,3263.802978515625,"(1958, 1968)",11.034971617214602,6.049954404727178,183.95773265234078,589.837280771992,13.620153251164515,2.1084475239466833,,,,,,123.91292027832021,,35.52113554081051,38.69959480175299,14.405360857785665,1.2908337271645747,-155.7101866189011,819.3957267529372,663.685540134036
DEHHALKAJ00010F3,630.4287109375,"(1979, 1983)",,,,249.25348569340377,11.54640241861216,0.804770473114286,,,,,,23.934901816359556,,4.75175698996957,11.798690067553995,7.99234838065082,23.71694750135848,-18.997559747036483,333.79930334102266,314.8017435939862
DEHHALKAJ00010GS,1089.8603515625,"(1984, 1994)",,,,564.6448706595763,21.37499099755499,1.4215869701426664,,,,,,41.37771176643681,,8.298953057714371,21.757492483317233,14.587757984724675,42.58545906881314,-60.313622676219424,716.0488229882803,655.7352003120609
DEHHALKAJ00010cWbt_1,794.0029296875,"(1979, 1983)",,,,303.29455674822293,13.76138235251583,0.9753499777015597,,,,,,30.228006270181098,,5.9406207240949005,14.224343930901558,9.738685570237154,29.10096075615111,-23.48742761649303,407.2639063300062,383.77647871351314
DEHHALKAJ00010oBbt_0,4.0,"(1979, 1983)",,,,11.831250022545072,0.06212052232318539,0.004560801030400291,,,,,,0.18335455642923698,,0.029520953483040742,0.07365497180060189,0.052979104588928815,0.1518090184460566,-1.3768302178925234,12.389249950646525,11.012419732754001
DEHHALKAJ00010oBbt_1,1232.595703125,"(1979, 1983)",,,,523.6915134939918,24.166287832955266,1.6513578938510478,,,,,,46.8100526982103,,9.380249987116468,24.37478818463491,16.303283035036564,47.95634623262158,-39.82255449467934,694.3338793584179,654.5113248637385
DEHHALKAJ00010g4,309.11474609375,"(1949, 1957)",2.002680958326102,0.8033105249860447,22.8716841402562,96.23264375028148,2.8731015331080125,0.2944717123616918,,,,,,11.736585627752786,,3.5953843765476967,4.99403336465463,2.7280482013563434,4.724713992417317,-16.65293744905331,127.17898255847997,110.52604510942666
DEHHALKAJ00010e6,2335.155029296875,"(1949, 1957)",11.380824117788688,5.349170343050616,157.95314071498703,568.6928537775376,17.33155105560671,1.8911931273574805,,,,,,88.65607696667601,,25.007560851652624,33.476872364546175,14.989999938022834,11.793698085438688,-123.44994372717746,761.8398061668381,638.3898624396606
DEHHALKAJ00010eLbt_1,251.5595703125,"(1979, 1983)",,,,135.43667064850248,5.491886105722547,0.33257429191155063,,,,,,9.922348266926612,,1.4005908624652936,5.136275464877493,3.1649822788876447,8.737580645847135,-10.806969353958262,169.62290856514076,158.8159392111825
DEHHALKAJ00010IHbt_1,156.59814453125,"(1979, 1983)",,,,107.14996463601148,4.959100927749628,0.24277887329584852,,,,,,6.342415075678427,,0.27974367667918737,4.066888314741916,2.1055590739698977,4.93486242772977,-7.6010416304041755,130.08131300585617,122.48027137545199
DEHHALKAJ00010IHbt_3,1.0,"(1979, 1983)",,,,6.591174211311545,0.019916030510678234,0.0009750137209049198,,,,,,0.05536649218746544,,0.001123466467225183,0.020989669895469416,0.01256611363942746,0.027108781441750746,-0.7783512316447739,6.729219779174465,5.950868547529691
DEHHALKAJ00010hfbt_0,349.47265625,"(1979, 1983)",,,,151.13727120252793,6.613262341312441,0.45652631402525423,,,,,,13.515045842746929,,2.6460886744104197,6.721191419165462,4.526346751972559,13.368765007626948,-11.873220793934117,198.98449755378795,187.11127675985384
DEHHALKAJ00010hfbt_1,1898.00390625,"(1979, 1983)",,,,763.2615326100835,35.887051612536446,2.47795327823359,,,,,,72.0640137634668,,14.369355685531156,36.43557307857876,24.53214260050762,72.50931846261973,-57.528306029211464,1021.5369410915575,964.0086350623461
DEHHALKAJ00010hfbt_2,343.4482421875,"(1979, 1983)",,,,148.20537359124768,6.493845851966477,0.44839143630296713,,,,,,13.282943673260426,,2.600168490334283,6.600729909754457,4.445880782516131,13.132671718861468,-11.63481114073527,195.21000545424388,183.5751943135086
DEHHALKAJ00010Nkbt_0,1238.1494140625,"(1979, 1983)",,,,388.13372775778555,17.243216372777056,1.3458988063012782,,,,,,47.009289719883334,,9.562717305345906,19.033450668049575,13.805020810427553,42.79236384761061,-31.09939575504894,538.925685288181,507.826289533132
DEHHALKAJ00010nL,362.155517578125,"(1979, 1983)",,,,150.3742411901601,6.715873805445537,0.4510809158119004,,,,,,13.749778421950026,,2.4726436190720795,6.701250352935168,4.432855901371978,12.932883884012938,-11.61074013520669,197.8306080907597,186.219867955553
DEHHALKAJ00010m4,648.736328125,"(1958, 1968)",1.8506713009146476,1.0146357758822142,30.851488178720857,165.79729744350612,4.185588049490543,0.6374664809923658,,,,,,24.63024196274163,,10.846716828429061,11.83128521955327,4.260475265073671,1.5394052670194183,-34.65109406572835,223.7284765168061,189.07738245107774
DEHHALKAJ00010FLbt_0,2049.407958984375,"(1979, 1983)",,,,798.1101495867935,29.160187895769813,2.258055531272359,,,,,,77.81156982369396,,15.863299674209138,32.119623275215055,23.208027488289773,71.614960163624,-69.69674663794221,1050.1458734388675,980.4491268009253
DEHHALKAJ00010cMbt_0,2602.054443359375,"(1979, 1983)",,,,820.1330757966284,36.65282147679093,2.848815850807383,,,,,,98.79086736008873,,20.120107410602756,40.33702851333994,29.18538347892655,90.33869534405169,-65.44451657868571,1138.4067952312364,1072.9622786525506
DEHHALKAJ00010cMbt_1,1469.501953125,"(1979, 1983)",,,,474.30508761192954,20.674549875059487,1.6076350692622472,,,,,,55.792855320123905,,11.361355472955836,22.768521558657206,16.479522351650235,51.007416805834325,-38.3387590969268,653.9969440654727,615.6581849685459
DEHHALKAJ00010mCbt_1,444.7900390625,"(1979, 1983)",,,,215.38303908633023,9.30102781580513,0.6243205938897642,,,,,,17.231609559463468,,3.4176674860587726,9.282311099322204,6.138850737040529,17.899390007413032,-16.94274202594049,279.27821638532316,262.33547435938266
DEHHALKAJ00010mCbt_2,996.7177734375,"(1979, 1983)",,,,442.72088846614656,20.90289958637551,1.4019838295741969,,,,,,37.975809006816306,,7.661968933519007,20.818910239413817,13.754554758511967,40.121648111799416,-33.05436733296826,585.3586629321568,552.3042955991885
DEHHALKAJ00010mCbt_3,827.095703125,"(1979, 1983)",,,,366.7862045201372,17.329335548849507,1.1625955716172978,,,,,,31.603580253119308,,6.357130930209859,17.26238983055193,11.406716960535,33.27722068506082,-27.37503659164525,485.18517430008086,457.8101377084356
DEHHALKAJ00010mCbt_5,955.916015625,"(1979, 1983)",,,,422.4377201422712,19.580907250847844,1.321763335239449,,,,,,36.4443392609956,,7.322013107466554,19.590234774690824,12.99878968962651,38.02456033121281,-31.947328615856847,557.7203278923507,525.7729992764939
DEHHALKAJ00010mCbt_6,404.677734375,"(1979, 1983)",,,,197.4118326404506,8.478820796234643,0.5688296289521315,,,,,,15.715274148900816,,3.110388957701746,8.459635526629867,5.593004572894445,16.302974457893132,-15.573046899011967,255.6407607296574,240.06771383064543
DEHHALKAJ00010mCbt_7,1208.5849609375,"(1979, 1983)",,,,542.6548123842315,25.30326172492223,1.6978980777535246,,,,,,45.937050296555434,,9.288216647833021,25.21423479065244,16.664597375071068,48.615441458575596,-40.83458258440733,715.3755127555946,674.5409301711873
DEHHALKAJ00010mCbt_8,772.966796875,"(1979, 1983)",,,,344.4119074511932,15.846182221359829,1.0694222107374394,,,,,,29.585666483409494,,5.921401798232346,15.853347983923326,10.518129810467858,30.76292380862913,-26.161767253790273,453.96898176795264,427.80721451416235
DEHHALKAJ00010H1,548.575927734375,"(1958, 1968)",1.3910581840304126,0.7626515844026133,23.189539438644193,136.10392241744702,3.4867975408169283,0.5363778521900708,,,,,,20.8276058445027,,8.986379944995205,9.807836055878031,3.516813547591487,1.3956883062644465,-27.64215808218126,184.66142150968588,157.01926342750463
DEHHALKAJ00010oXbt_1,218.86474609375,"(1979, 1983)",,,,120.85121491627976,5.106515915484703,0.3054274324623982,,,,,,8.639084318185656,,1.2370833605952924,4.73495632945439,2.890347805408385,7.923940990318883,-9.41068054995029,151.68857106818945,142.27789051823916
DEHHALKAJ00010oXbt_3,2.0,"(1979, 1983)",,,,5.427046418616555,0.027617663432869897,0.0018585948165274193,,,,,,0.08988036511966842,,0.010230158439421306,0.031227439838392844,0.02148386290864837,0.0590585352698029,-0.6314584170270119,5.668403038441886,5.036944621414873
DEHHALKAJ00010IT,575.7099609375,"(1958, 1968)",1.459863643848614,0.8003743723839636,24.336556107224705,140.42173263479444,3.591971143240147,0.5534639417597613,,,,,,21.857760493338393,,9.253784200960911,10.099939207759107,3.623959699832682,1.4180480812306426,-28.71360269370198,190.82065940291608,162.1070567092141
DEHHALKAJ00010c6bt_0,1959.10400390625,"(1979, 1983)",,,,784.3729995295579,28.426155258351507,2.1855261400368375,,,,,,74.38373088381755,,15.195382601057013,31.163281133518723,22.42564750488319,69.01880628302318,-68.62653643165828,1027.1715293342456,958.5449929025874
DEHHALKAJ00010mKbt_1,587.4423828125,"(1979, 1983)",,,,235.13728105634473,10.65679034006768,0.744887758775284,,,,,,22.499018289439448,,4.421982962183851,10.914130025393135,7.407339286052947,22.003999229582423,-18.16321464455258,313.7854289478395,295.6222143032869
DEHHALKAJ00010mKbt_5,1272.263671875,"(1979, 1983)",,,,509.66393165587533,23.1001836806573,1.6142354625917115,,,,,,48.30884246359294,,9.578118538720837,23.65389722595551,16.051074649099,47.675476804081825,-39.365361667124624,679.6457604805744,640.2803988134498
DEHHALKAJ00010mKbt_6,4.0,"(1979, 1983)",,,,4.282528040546457,0.05737951094489162,0.00432869899870656,,,,,,0.162147538750734,,0.02925351227273579,0.06413849923261748,0.04599852934835145,0.13828004500780816,-0.46570860713374035,4.784054375102302,4.318345767968562
DEHHALKAJ00010mKbt_7,1081.10546875,"(1979, 1983)",,,,424.58903446300116,19.085804899214757,1.345084922243804,,,,,,41.05985781328699,,8.108339194591554,19.656572210350568,13.41076977059684,39.97514785133362,-33.01168400917703,567.2306111246194,534.2189271154423
DEHHALKAJ00010jFbt_0,1671.42822265625,"(1979, 1983)",,,,689.1884202061235,24.341614276545624,1.8689874040285046,,,,,,63.46312462757501,,12.969137882657293,26.674353854856292,19.182731237795014,58.99455066784319,-60.87858937232771,896.6829201574244,835.8043307850967
DEHHALKAJ00010jFbt_2,3374.3359375,"(1979, 1983)",,,,1341.8112325810425,48.816189349981315,3.7572405193792457,,,,,,128.11196681235282,,26.16417431517327,53.552028307861825,38.560189725925966,118.72599719834824,-117.24450050358969,1759.4990188100653,1642.2545183064756
DEHHALKAJ00010jFbt_3,267.119140625,"(1979, 1983)",,,,149.36337955035674,3.856303090948262,0.29703489086997253,,,,,,10.403392645500258,,2.070752058832524,4.2653984012116055,3.077967456024983,9.441799359395397,-14.526951874283743,182.77602745313973,168.24907557885598
DEHHALKAJ00010Hg,2041.070556640625,"(1958, 1968)",6.210803847098239,3.4050907782156146,103.53677683033483,465.54462733821316,11.467884782205193,1.7563747806832406,,,,,,77.49090139478238,,29.755820284174852,32.447777743079754,11.791038793272888,3.372406867749451,-104.73094560631506,633.6268319841608,528.8958863778457
DEHHALKAJ00010vcbt_0,542.23388671875,"(1979, 1983)",,,,199.31151770427294,8.729503092195694,0.6470932819359674,,,,,,20.70416759111814,,4.2543392931188215,9.30450504713885,6.548516902791148,19.917303140234363,-15.896138480139204,269.41694605280594,253.52080757266674
DEHHALKAJ00010vcbt_1,1980.101318359375,"(1979, 1983)",,,,844.0218819337658,30.73194595662481,2.306917707595303,,,,,,75.18218732694379,,15.471127650785288,33.14442743575949,23.520988460731722,71.75935215244394,-73.4008739925784,1096.1388286246502,1022.7379546320717
DEHHALKAJ00010t7bt_1,808.16796875,"(1979, 1983)",,,,304.3161130928229,13.719648241072154,0.97868818311039,,,,,,30.751578001732423,,6.03039847724591,14.243920643373217,9.791679497456311,29.33643925470933,-23.686739929296323,409.16846539152255,385.4817254622262
DEHHALKAJ000115Vbt_1,150.711669921875,"(1979, 1983)",,,,105.42982287164078,4.242021509171246,0.2076733701325761,,,,,,6.132148528867835,,0.2392931119605702,3.4892327338428535,1.810286758304683,4.2375860672541945,-8.173826780277043,125.78806495117475,117.6142381708977
DEHHALKAJ00010us,2035.4248046875,"(1949, 1957)",9.920031610966683,4.662574374782449,137.6789705848289,425.15661226913954,10.3086789711089,1.3669085096984148,,,,,,77.27655297508446,,21.285115546839545,24.780568352646,10.598900868160364,7.0079962995679255,-102.38408262407675,577.7813337922452,475.3972511681684
DEHHALKAJ00010uR,297.6181640625,"(1958, 1968)",0.5660167014779824,0.3103202577262481,9.435742352505368,66.997365787662,1.767780229064401,0.27871969200055124,,,,,,11.299644253628339,,4.497918353623422,4.915702988358594,1.7484072710100347,0.8127664994483096,-12.902542505811018,92.31830507479566,79.41576256898465
DEHHALKAJ00011Iz,3129.6142578125,"(1969, 1978)",,,,1148.0492123261556,28.71470779817383,3.6516387564856774,,,,,,118.81834030295111,,63.87386219482423,72.38994111246755,31.267680012918774,71.35729576424978,-104.2804269451081,1538.1226782682265,1433.8422513231185
DEHHALKAJ00011Ad,125.828369140625,"(1919, 1948)",,,,73.05697665796757,6.380211491940678,0.36450282098618797,,,,,,4.777932147188759,,0.4134488957205641,5.988755065677612,3.083538608534647,7.391664475564134,-5.932153310711038,101.45703016358016,95.52487685286911
DEHHALKAJ00010ta,4191.6552734375,"(1969, 1978)",1.594356244402911,0.8741103210888381,26.57860572137047,1600.4097796080232,40.3563364851582,5.170191706084456,,,,,,159.13958395965034,,89.28016149658204,101.01990525801935,44.582909370851596,101.67252648018987,-160.22216348508886,2141.631394364559,1981.4092308794702
DEHHALKAJ00011DAbt_2,3132.5771484375,"(1979, 1983)",,,,1237.0003768059032,57.709390834569874,4.015311564912409,,,,,,118.93503510213755,,23.630245428958936,58.89595384627981,39.850375496603164,118.17234649969697,-93.84639240644233,1658.209035579062,1564.3626431726195
DEHHALKAJ00011DAbt_3,4.0,"(1979, 1983)",,,,4.380103083392632,0.06138919609993795,0.004524998057426259,,,,,,0.16236895715591415,,0.029479699253791573,0.06743505351049943,0.047708278475547476,0.14228307596664116,-0.4731822298136902,4.895292341912391,4.422110112098701
DEHHALKAJ00011DAbt_4,739.1328125,"(1979, 1983)",,,,306.4897036359688,13.613641075510145,0.9472717642516701,,,,,,28.254615546576186,,5.5754014292612295,13.903815815890157,9.410116611705835,27.89554395912286,-23.69323259649925,406.0901098382869,382.39687724178765
DEHHALKAJ00011Apbt_0,749.1240234375,"(1979, 1983)",,,,296.63874076374714,13.21379715793814,0.9314926119702847,,,,,,28.58141205330058,,5.617830816451937,13.613334189584677,9.289666259058057,27.69174403903465,-23.181871938260326,395.57801789108544,372.3961459528251
DEHHALKAJ00011Apbt_2,1633.02734375,"(1979, 1983)",,,,637.1403924401158,28.873173622385245,2.033914707912514,,,,,,62.00435780451367,,12.250246124431367,29.723559116244537,20.27232514162473,60.42055279075879,-49.306183374123684,852.7185217479866,803.412338373863
DEHHALKAJ000114x,1902.276611328125,"(1969, 1978)",0.7235582117337082,0.3966928363753975,12.062027224870453,744.4661805205794,18.364579166672364,2.3533609722496256,,,,,,72.2214775860926,,40.648797769165036,45.99914944152995,20.28357608810257,46.31776225741354,-73.01280586177316,990.6548838018052,917.6420779400321
DEHHALKAJ00010q6bt_0,1468.360595703125,"(1979, 1983)",,,,628.1835865003965,22.17206593739843,1.680485293410535,,,,,,55.756422563547964,,11.437912091725146,24.08396912809483,17.190448194867123,52.617797117927715,-55.382262146269305,813.1226868273683,757.740424681099
DEHHALKAJ00010q6bt_2,781.785888671875,"(1979, 1983)",,,,410.20877157500263,11.759033767211248,0.8924814672207345,,,,,,30.05603703510349,,6.08719787768227,12.843224316596778,9.184288098759449,28.06000898394304,-38.73150764396228,509.09104312151965,470.35953547755736
DEHHALKAJ00010smbt_1,2395.46142578125,"(1979, 1983)",,,,1003.4756118927149,37.269110720384795,2.7952692426909764,,,,,,90.9507884683495,,18.72157273192095,40.15656983523321,28.48034737111665,86.87913803918632,-86.56354407412334,1308.7284083015975,1222.164864227474
DEHHALKAJ00010wVbt_1,2108.89404296875,"(1979, 1983)",,,,884.5594786677685,31.94641899632108,2.418564474166369,,,,,,80.0713219082229,,16.433173571329306,34.65890535700062,24.71954140084587,75.64928860520291,-77.28699515609961,1150.4566929808575,1073.1696978247578
DEHHALKAJ000116bbt_0,1521.22265625,"(1979, 1983)",,,,586.2409658682201,26.595475965306708,1.879932214159882,,,,,,57.75960483020175,,11.394562886444426,27.44119046777586,18.756109344492906,55.98352626068615,-45.37501790725955,786.0513678372878,740.6763499300282
DEHHALKAJ000116bbt_1,364.42578125,"(1979, 1983)",,,,155.13030610748623,6.371241623671744,0.4503586394979825,,,,,,14.078157366178857,,2.729694081819105,6.584945509683521,4.503034226170924,13.428857742980423,-12.653183061232216,203.2765952974888,190.62341223625657
DEHHALKAJ000112ibt_0,2711.553955078125,"(1979, 1983)",,,,880.6834813785861,39.81414857337483,3.0479550480334368,,,,,,102.94826371574099,,21.05812335679034,43.35497246570826,31.09463374410447,95.74024443215919,-69.53047629471362,1217.7418227144974,1148.2113464197837
DEHHALKAJ00010qnbt_0,245.83203125,"(1979, 1983)",,,,134.0585581702872,5.473011375102377,0.33019964763559434,,,,,,9.704109889271528,,1.3746908345525308,5.105951972041737,3.1376052028995893,8.643592444916244,-10.65222250958879,167.82771953670678,157.17549702711798
DEHHALKAJ00011CB,771.3798828125,"(1958, 1968)",2.2005405730090857,1.2064525940137973,36.6839597293331,147.3480995985933,3.5987511344673404,0.5690089745481289,,,,,,29.286227235742146,,9.240789123487687,10.085549731306862,3.6865287647029072,0.8756346709215674,-35.19064295612854,204.69058923376988,169.49994627764136
DEHHALKAJ00010tV,784.91015625,"(1958, 1968)",2.2391388257332405,1.2276141952560684,37.32740923711441,149.83868877492898,3.6590847506258752,0.5785200891944038,,,,,,29.79991125715753,,9.396057516329805,10.254968881920188,3.7486194891896742,0.8890397094242317,-35.794815683647116,208.16489046877066,172.37007478512356
DEHHALKAJ00010qObt_1,255.96484375,"(1979, 1983)",,,,78.21252797831859,4.119959520285823,0.2665256615023251,,,,,,9.875769201804234,,1.3423020621447799,4.0011834711697585,2.5784779224921968,7.396683427757383,-5.362428578416691,107.79342924547508,102.43100066705838
DEHHALKAJ00010txbt_0,3319.781494140625,"(1979, 1983)",,,,1287.7332541995834,46.944890905158346,3.643521679241501,,,,,,126.04052920430804,,25.68012661882532,51.79203596540963,37.471334055238515,115.71906861193514,-112.59743823960258,1695.0247612397002,1582.4273230000977
DEHHALKAJ00010txbt_1,5.0,"(1979, 1983)",,,,11.069669585549958,0.06939659903788394,0.00542354849950773,,,,,,0.2191533070894774,,0.03860363976149274,0.08385497348711791,0.061990853308251055,0.1838225076767453,-1.2792637811662968,11.731915014410433,10.452651233244136
DEHHALKAJ00010txbt_3,1025.52490234375,"(1979, 1983)",,,,424.83647659347696,14.39975038870687,1.1205314883501292,,,,,,39.01474066577956,,7.927172021141094,15.93758330223475,11.551533647679985,35.68011915973421,-38.176215343760134,550.4679072671036,512.2916919233435
DEHHALKAJ00010txbt_4,917.706298828125,"(1979, 1983)",,,,389.0612691038141,12.907239166365137,1.0037723761217023,,,,,,34.97787202177597,,7.0949560390647886,14.285910580207346,10.35177399897993,31.96016299195306,-35.21832167602406,501.642956278282,466.4246346022579
DEHHALKAJ000115Cbt_1,2089.410400390625,"(1979, 1983)",,,,846.8838556185613,30.94389511370462,2.36158931945384,,,,,,79.33090915654176,,16.241447553760825,33.74784067390193,24.181334827268035,74.22963471628128,-73.7627472070582,1107.9205069794734,1034.1577597724151
DEHHALKAJ00010wo,2266.988525390625,"(1949, 1957)",11.048601639217242,5.193020435866703,153.3422633863008,554.8017792833414,17.01920024463137,1.8470458770063174,,,,,,86.06809513047297,,24.290098948529423,32.67247692658761,14.646072766962149,11.553202140993724,-120.04845936394082,742.8979713185249,622.8495119545842
DEHHALKAJ00011CH,281.9130859375,"(1979, 1983)",,,,182.63792708363928,5.556028139436846,0.3434020515225087,,,,,,10.703467681696745,,1.5358256357123605,5.2982912033966505,3.3219666515665827,9.248095790745815,-16.509109648729922,218.6450042377168,202.13589458898687
DEHHALKAJ00011Az,630.8408203125,"(1979, 1983)",,,,237.4448690685859,10.743604137841976,0.7656250596874932,,,,,,23.950514477352016,,4.709151444579174,11.146035020357454,7.657206405423455,22.932618123062365,-18.4400692096509,319.3496237368898,300.90955452723887
DEHHALKAJ000116qbt_0,492.901611328125,"(1979, 1983)",,,,243.31416830447245,7.273083842676405,0.555801544134237,,,,,,19.0153823340166,,3.8299253205025927,7.972695575287236,5.722567707333553,17.536713749688346,-22.713960539414053,305.22033837811136,282.5063778386973
DEHHALKAJ000116qbt_1,3410.601806640625,"(1979, 1983)",,,,1365.6492221839344,50.46326228878297,3.8525710354271765,,,,,,129.488918338595,,26.50869106714534,55.03684764773125,39.44128248896456,121.10138964908508,-118.42425348956199,1791.542184699666,1673.117931210104
DEHHALKAJ000116qbt_2,500.728759765625,"(1979, 1983)",,,,246.40428833278293,7.387947135860872,0.5645966174059402,,,,,,19.312077397806572,,3.890707915246786,8.098207647262807,5.812665493520278,17.813664576000733,-22.981432807369792,309.28415511588696,286.30272230851716
DEHHALKAJ00011dJbt_0,2015.93505859375,"(1979, 1983)",,,,822.417956989979,30.00570742341258,2.2858847354125937,,,,,,76.54161880377913,,15.678767501913292,32.685636731697116,23.396044259494225,71.7710007538532,-71.65055925777452,1074.782617199541,1003.1320579417664
DEHHALKAJ00011cK,1854.052734375,"(1969, 1978)",0.8815194599957209,0.48329553757384336,14.695309310696796,694.8091877086354,20.01005554903848,2.614489861161948,,,,,,70.39061719359988,,45.40630520534792,51.46076167813828,21.820044910504947,51.220506440455964,-81.48347735560074,957.7319685468829,876.2484911912821
DEHHALKAJ00017ydbt_0,1094.767578125,"(1979, 1983)",,,,428.58974574370916,19.25711261499132,1.3586617869918018,,,,,,41.575595278906455,,8.206863525469437,19.847775346615443,13.550669495581712,40.410950861839346,-33.33935195375248,572.7973746541046,539.4580227003521
DEHHALKAJ00017ydbt_1,1008.275390625,"(1979, 1983)",,,,401.78221903454187,18.175905205688764,1.2728712532097504,,,,,,38.32066743161001,,7.5833115809080684,18.638845982826734,12.665361199548812,37.65342280181849,-31.081720571730425,536.0926044901524,505.010883918422
DEHHALKAJ00017ydbt_2,4.0,"(1979, 1983)",,,,4.613998697641491,0.05778930581136648,0.004348761009424768,,,,,,0.1631267536069447,,0.029276628866711618,0.06471842278039694,0.0463877479453914,0.13906958651203985,-0.5054969659370226,5.118715904173766,4.613218938236743
DEHHALKAJ00017xx,1821.58984375,"(1949, 1957)",9.365162996126951,4.266257885768757,125.14258093258302,469.56951367906834,14.928751615489697,1.55255930370127,,,,,,69.15865913332154,,19.459722518403726,27.198858768358697,12.554022308643422,11.430964899992153,-97.08786644528502,625.853052226979,528.765185781694
DEHHALKAJ00018HM,2063.482666015625,"(1919, 1948)",10.465003311467992,5.737467668782406,174.45611535363597,725.2205787393394,36.90606398655625,2.8135177232491375,,,,,,78.34182384268725,,19.781047288080646,47.806393021787265,22.248482871304553,33.63040881486046,-149.42342792262923,966.748316287865,817.3248883652358
DEHHALKAJ00018Kk,5639.3310546875,"(1969, 1978)",,,,2057.120176546663,52.53143348011719,6.690811849769532,,,,,,214.1017642971614,,117.17402065429687,132.83731018491875,57.12214977145953,130.90671419066598,-190.9760244276524,2768.4843809750528,2577.5083565474006
DEHHALKAJ00018CN,1930.560302734375,"(1984, 1994)",,,,762.1737012023848,29.056456496333293,2.1313275022778373,,,,,,73.29528777841932,,15.04148055705928,31.70871364857362,22.66031132805309,69.03914313081184,-79.0751663832473,1005.1064216439131,926.0312552606658
DEHHALKAJ00018HHbt_1,242.92333984375,"(1979, 1983)",,,,137.33522192010548,6.229531638166909,0.3664993440973716,,,,,,9.5955758830489,,1.4047538262716208,5.709318551315324,3.440588670070265,9.343340672805578,-10.221301794384733,173.42483050588146,163.20352871149672
DEHHALKAJ00018HHbt_4,2.0,"(1979, 1983)",,,,4.391891400480135,0.02320448794775601,0.0016425423934082535,,,,,,0.08708159952420368,,0.009981210504297018,0.026897888355502723,0.01898312951817386,0.05355487053924035,-0.5106179907996407,4.613237129262716,4.1026191384630755
DEHHALKAJ00018Aqbt_0,256.037109375,"(1979, 1983)",,,,137.2086944417879,6.016995047129194,0.35941566701109756,,,,,,10.07936592104173,,1.4496274921777772,5.5683210906172835,3.394239613037353,9.303757795683618,-10.07322093735662,173.38041706848594,163.30719613112933
DEHHALKAJ00018Aqbt_3,2.0,"(1979, 1983)",,,,6.418025119347094,0.031948879944688806,0.002070634837502943,,,,,,0.09255088812535314,,0.010474483055750428,0.035457724844039376,0.023921507960021078,0.06443046354990127,-0.7470259056196703,6.678879701664351,5.93185379604468
DEHHALKAJ00018JBbt_0,2957.1845703125,"(1979, 1983)",,,,1273.4632575916942,60.406939249255366,4.08074107795796,,,,,,112.27733014457975,,22.64162945377103,60.443497072309135,40.121461518844995,117.4291256995209,-94.96289604565602,1690.8639818079334,1595.9010857622775
DEHHALKAJ00018JBbt_2,1032.3818359375,"(1979, 1983)",,,,446.471277297709,20.585852586552434,1.4000113120894846,,,,,,39.289784132383296,,7.876049787088021,20.698717862420214,13.801822302100279,40.51040372511047,-33.93025792299148,590.6339190054532,556.7036610824617
DEHHALKAJ00018JBbt_3,227.9736328125,"(1979, 1983)",,,,117.17127033768868,4.656858258353982,0.3145902279650282,,,,,,8.917255851953534,,1.7454759405921092,4.6740367178251,3.1056956274871967,9.075261402154108,-9.626885459785214,149.66044436401972,140.0335589042345
DEHHALKAJ00018JBbt_4,467.2900390625,"(1979, 1983)",,,,220.92103888458033,9.545417382739712,0.6448328172906073,,,,,,18.075409119059362,,3.5777976180814637,9.566077473797009,6.353071323274416,18.579280298577885,-17.395963542806847,287.2629249174008,269.866961374594
DEHHALKAJ00018JBbt_6,805.4248046875,"(1979, 1983)",,,,351.9284162540283,16.081240526725093,1.0932606943037797,,,,,,30.78757906412106,,6.145774239702038,16.167910762107116,10.77865248726417,31.62924505429781,-26.88628383198761,464.6120790825495,437.7257952505619
DEHHALKAJ00018IEbt_1,2018.47900390625,"(1979, 1983)",,,,787.2934846828599,28.67811804464108,2.221921852124797,,,,,,76.6373591685292,,15.621527339420926,31.602060201174226,22.8413744399858,70.49490976961417,-68.83975470220778,1035.39075549835,966.5510007961423
DEHHALKAJ00018Agbt_1,2096.561279296875,"(1979, 1983)",,,,848.9855330142499,31.041867988118355,2.3692834564593945,,,,,,79.60236790319807,,16.296585539056107,33.856364024329096,24.26030950014335,74.47504914108379,-73.9271299441896,1110.887360566638,1036.9602306224485
DEHHALKAJ00018Eb,783.423828125,"(1958, 1968)",2.234898728970616,1.225289550211627,37.25672499670711,150.41524219093674,3.682447453235417,0.5791579070658859,,,,,,29.743495766422306,,9.474877241783616,10.338788434638829,3.777872111718403,0.904211978146864,-35.81884651866561,208.91609308394806,173.09724656528243
DEHHALKAJ00018DZbt_0,155.06689453125,"(1979, 1983)",,,,136.10689910260146,6.007504900750764,0.29410477672722096,,,,,,6.394950235372118,,0.3388843125172834,4.9314348201238465,2.5549013067257147,5.985602030271637,-9.973221679084206,162.61428148509006,152.64105980600584
DEHHALKAJ00018BC,781.921875,"(1958, 1968)",2.230614058260421,1.2229404673743398,37.185297689383574,163.41681865229862,4.045913796710241,0.6300554532813845,,,,,,29.686583328491864,,10.431753043833183,11.381733212343022,4.1384578567632255,1.1594535669471964,-37.37890065413261,224.89076891066873,187.5118682565361
DEHHALKAJ00018Aebt_0,1.0,"(1979, 1983)",,,,3.928971348087029,0.014563479100875817,0.000712972996293246,,,,,,0.04839892780343258,,0.0008215281859101527,0.014675251741789876,0.008594629267307717,0.01876907524212576,-0.46103817864304203,4.035507212424765,3.574469033781723
DEHHALKAJ00018Aebt_1,112.166748046875,"(1979, 1983)",,,,87.45199569914412,3.5297858793055807,0.17280500059156498,,,,,,4.593425000386053,,0.19911578613813494,2.900812215426738,1.5042266598322451,3.5228543583878977,-6.387420912415244,103.87502059921233,97.4875996867971
DEHHALKAJ000186hbt_0,337.203125,"(1979, 1983)",,,,181.2033238528269,5.961158088263321,0.3772389439595772,,,,,,13.204562347811295,,1.7984233700945793,5.75905198918984,3.6678528331123603,10.354095126394599,-15.971008905946887,222.3257065516525,206.3546976457056
DEHHALKAJ000186hbt_2,134.65625,"(1979, 1983)",,,,104.31844178155924,2.374543014480461,0.15035293544838646,,,,,,5.39369223810014,,0.7178341196110545,2.3191578135750746,1.4835763029281062,4.166783304070064,-10.263395300148819,120.92438150977253,110.66098620962372
DEHHALKAJ00018KPbt_0,365.4599609375,"(1979, 1983)",,,,152.3447377479855,6.416682807135202,0.4529761570538514,,,,,,14.102519135130844,,2.738983918349624,6.6231854329818844,4.524883602765919,13.489676934464407,-12.267710238016143,200.69364573586725,188.4259354978511
DEHHALKAJ00018KPbt_1,1415.4833984375,"(1979, 1983)",,,,548.9941449222138,24.91304955132457,1.7573962337046247,,,,,,53.745467735239664,,10.61190964837662,25.670008498451686,17.522894167551314,52.2574369657963,-42.465005245881834,735.4723077226585,693.0073024767767
DEHHALKAJ000189D,1904.2724609375,"(1969, 1978)",0.7243173617782649,0.39710904253479984,12.074682583287661,726.6561619779372,18.0466385322168,2.3085025768332046,,,,,,72.29725067110077,,39.80405511474609,45.02115395592154,19.969886445004143,45.33647899348277,-71.64607415077788,969.4401282672426,897.7940541164647
DEHHALKAJ00018BIbt_0,569.5986328125,"(1979, 1983)",,,,231.8039559090817,9.989692265041738,0.7054502478566114,,,,,,21.843102742365904,,4.268292869402526,10.309484191063568,7.044029771735193,21.007191281675034,-18.44813927299798,306.9711992782223,288.5230600052243
DEHHALKAJ00018BIbt_1,2463.298828125,"(1979, 1983)",,,,945.3980349231518,43.25599866066774,3.053466731488266,,,,,,93.52511041454595,,18.46181978213039,44.58517602096156,30.4469909256899,90.83333653883031,-72.79506740060592,1269.559933997466,1196.7648665968602
DEHHALKAJ00018BIbt_2,540.2412109375,"(1979, 1983)",,,,223.1254230846043,9.486739014339422,0.6696745623153774,,,,,,20.738368762761617,,4.0489752040355755,9.788481939179421,6.68666475784187,19.937806644295893,-17.608401075131887,294.4821339693735,276.8737328942416
DEHHALKAJ00018G0bt_0,862.81982421875,"(1979, 1983)",,,,370.6907108568671,12.189675629041663,0.9464014953992332,,,,,,32.92000499728871,,6.673687149238406,13.478918530757593,9.75823165990502,30.10721580490816,-33.647284664868465,476.76484612340585,443.11756145853735
DEHHALKAJ00018G0bt_1,270.10009765625,"(1979, 1983)",,,,147.47190732408956,3.8233907238177434,0.2966316004285906,,,,,,10.50839297469353,,2.089576730661136,4.249266141656689,3.07879129362244,9.469321625169952,-14.339926314921126,180.98727841413958,166.64735209921847
DEHHALKAJ00018Cj,3124.43359375,"(1984, 1994)",,,,1116.8850796935742,43.52483862277921,3.277992675082264,,,,,,118.62165031606187,,24.145791951804654,48.38535801509295,35.1350952282892,108.1639815352131,-112.7061443415967,1498.1397880378975,1385.4336436963008
DEHHALKAJ00018FFbt_0,2110.159912109375,"(1979, 1983)",,,,878.7477610469091,31.73278226766388,2.4086185947351653,,,,,,80.1192236304269,,16.429904627733166,34.48779113094183,24.634655140612658,75.46146964994519,-76.81724606003831,1144.022206088968,1067.2049600289297
DEHHALKAJ00018II,782.5390625,"(1979, 1983)",,,,278.3000205969716,12.56663676590174,0.9323238724209523,,,,,,29.709748583746684,,6.137980256376438,13.395601264697186,9.43148095712062,28.702511707566938,-21.841426460643632,379.1763040048022,357.3348775441586
DEHHALKAJ00018ALbt_1,2274.87548828125,"(1979, 1983)",,,,868.0062395676032,31.50631685818447,2.464279488065185,,,,,,86.3714239336849,,17.559892298785112,34.946956141784796,25.395783910827724,78.63684991521905,-76.13016672114735,1144.8877421141544,1068.757575393007
DEHHALKAJ00018GKbt_0,2961.810546875,"(1979, 1983)",,,,1172.6053966084553,54.710519644794594,3.8036232891608974,,,,,,112.45181087873667,,22.350381702467153,55.80583784342059,37.740348178825315,111.87656629511204,-88.93899238963218,1571.3444844409728,1482.4054920513406
DEHHALKAJ0001861bt_0,4.0,"(1979, 1983)",,,,6.373760378513622,0.06892311710666807,0.004893830408322548,,,,,,0.1679927853094299,,0.029904688943039465,0.07499742121490076,0.05212849164412447,0.15194663348508336,-0.7069674023921791,6.924547346625191,6.217579944233012
DEHHALKAJ0001861bt_1,1552.9619140625,"(1979, 1983)",,,,738.8363514956084,26.758743966281276,1.8999830595014628,,,,,,58.99266954729196,,11.610210745106563,27.805056322082464,19.0804487460851,56.93797410029489,-63.78642766194736,941.9214379822521,878.1350103203047
DEHHALKAJ0001861bt_2,4.0,"(1979, 1983)",,,,7.065155124769614,0.06892311710666807,0.004893830408322548,,,,,,0.16988769882593152,,0.029904688943039465,0.07552002701945972,0.0525897394155657,0.15276475591993538,-0.7908912055614339,7.619638982408536,6.828747776847102
DEHHALKAJ00018DMbt_0,1620.308837890625,"(1979, 1983)",,,,643.276760720026,22.825889318092567,1.7740680911114668,,,,,,61.521689022860286,,12.528979870061473,25.21986873332293,18.263128811923366,56.41309478216982,-56.84293897373038,841.8234793495678,784.9805403758374
DEHHALKAJ00018DMbt_1,4452.340087890625,"(1979, 1983)",,,,1707.7304275444062,64.39472843276435,4.956747250390242,,,,,,169.03718195203015,,34.52193217069815,70.5994062185882,50.830300132114246,156.5649870069324,-147.10217749590748,2258.635710707924,2111.533533212016
DEHHALKAJ00018Go,856.5146484375,"(1949, 1957)",4.403515598590721,2.0060017273978827,58.84225479176709,194.77608155137375,4.995828110936905,0.6194859399337237,,,,,,32.518658123348494,,9.157149932924677,11.06104364184408,5.0238164994174825,4.7697371435229465,-43.680196705464866,262.92180094330206,219.24160423783718
DEHHALKAJ0004nAHbt_0,74.17138671875,"(1979, 1983)",,,,132.81809107945568,3.3399487652735806,0.16351129164595196,,,,,,3.2424256315442817,,0.18840704416591283,2.78489027435074,1.4585546456880882,3.3953940831668206,-12.481521668396011,147.39122281529106,134.90970114689506
DEHHALKAJ0004nAHbt_1,119.199951171875,"(1979, 1983)",,,,183.61777422102298,5.381870343138718,0.26347606898262477,,,,,,5.121571083552775,,0.3035921670349024,4.464490740500567,2.3299802847300657,5.435240306962454,-16.422161609670255,206.91799521592506,190.4958336062548
DEHHALKAJ0004nAHbt_2,530.823486328125,"(1979, 1983)",,,,476.52812475181867,25.524487656980806,1.2495826249754547,,,,,,21.64133884434885,,1.4398404320753608,20.875600499565696,10.78729427213009,25.311017535807792,-30.02212458331174,583.3572866177027,553.3351620343909
DEHHALKAJ0004nAD,409.1875,"(1919, 1948)",,,,331.7663317619651,28.85683006090899,1.6485967550146152,,,,,,15.537776656894524,,1.8699732035136323,26.972007735268676,13.946836533476155,31.88987206506869,-26.949410748943283,452.48822477211036,425.53881402316705
DEHHALKA10004m2m,939.4140625,"(2010, 2015)",0.5525695464930933,0.20181988865080666,6.901825757143077,505.2375340647154,17.11177156789992,1.6680123007320273,,,,,,35.66561960121533,,8.75572447655131,18.65056704976797,12.497591028840558,40.78336952856631,-59.126534222089234,640.3701896182888,581.2436553961995
DEHHALKA10004m2qbt_0,721.5634765625,"(1979, 1983)",,,,423.6241076091297,13.88825178496639,0.954041013744702,,,,,,27.938462676409433,,5.476618118456692,14.149561268800749,9.515933753375995,27.9613787234946,-37.80262882892645,523.5083549483783,485.7057261194518
DEHHALKA10004m2qbt_1,1156.0927734375,"(1979, 1983)",,,,640.943094871367,22.514220240836828,1.5414151545980024,,,,,,44.295930443209926,,8.789467671385692,22.85283437690522,15.328893187166216,45.009550490353504,-55.694540778365436,801.2754064358222,745.5808656574568
DEHHALKA10004m2qbt_3,4.0,"(1979, 1983)",,,,11.543807975728663,0.07696140102598263,0.00528735446471817,,,,,,0.18179425249517195,,0.03035812982487299,0.08536611648950651,0.05887463376875865,0.16585779347788854,-1.3257637061395005,12.148307657275561,10.82254395113606
DEHHALKA10004m2qbt_4,536.603515625,"(1979, 1983)",,,,328.6549610685141,10.3570013148472,0.7108973477656471,,,,,,20.894302899649176,,4.074406610093188,10.555980033852519,7.097574036544636,20.837972453193583,-29.734418064114884,403.18309576446006,373.4486777003452
DEHHALKA10004m2qbt_5,214.171875,"(1979, 1983)",,,,184.21793287030317,4.145552814384618,0.28431530412921835,,,,,,8.526762010237727,,1.6268639847302448,4.2627457050574,2.873051987634448,8.391176563373353,-18.293471972418722,214.3284012398502,196.03492926743147
DEHHALKA10004m2qbt_6,1783.365234375,"(1979, 1983)",,,,727.1234014311801,35.44111708353936,2.412570355923088,,,,,,67.7117715259785,,13.598569750689984,35.626175513143096,23.763218609191746,69.81077056683289,-53.38641623894725,975.4875948364787,922.1011785975314
DEHHALKA4jt0009d,252.872314453125,"(1979, 1983)",,,,87.72250174485906,3.6169134801516436,0.2624634309133333,,,,,,9.60063772991018,,1.6660105425122254,3.804098094491301,2.6438186758309112,7.970111057370321,-7.179050988851172,117.28655475603895,110.10750376718778
DEHHALKAJ00010Ekbt_0,1471.39453125,"(1979, 1983)",,,,582.1546056357995,19.803710650388208,1.590612914557011,,,,,,55.86794004048053,,11.750704572268987,22.39923783340417,16.524711920108878,51.59822101231646,-52.52100528524121,761.6897445793238,709.1687392940826
DEHHALKAJ00010Ekbt_1,999.82470703125,"(1979, 1983)",,,,464.49951115464125,15.02738950998239,1.1577254743707397,,,,,,38.13339679264325,,8.073298649625102,16.534941691946713,11.918872388366243,36.66574216837511,-42.342392666920254,592.0108778299509,549.6684851630307
DEHHALKAJ00010Ekbt_2,844.66259765625,"(1979, 1983)",,,,397.2462090359578,12.696630557714498,0.9781240288951633,,,,,,32.29818645204134,,6.820484077717001,13.973617905940316,10.072960425503474,30.98261932813798,-36.3563861088245,505.0688318119076,468.7124457030831
DEHHALKAJ000108Abt_1,178.4765625,"(1979, 1983)",,,,107.67944847822692,4.5425380522795455,0.2675881249265644,,,,,,7.087612159427152,,1.0301412356084407,4.172194697278416,2.5182573144643756,6.839330110620288,-8.369864931289651,134.13711017283168,125.76724524154203
DEHHALKAJ00010fMbt_0,259.5771484375,"(1979, 1983)",,,,150.1499314717271,6.249110401446445,0.371675741618037,,,,,,10.242651532410237,,1.4780711935075106,5.775772023134297,3.511587881008348,9.592821937245706,-11.778830333810932,187.37162218209767,175.59279184828674
DEHHALKAJ00010Uobt_1,500.1552734375,"(1979, 1983)",,,,208.3256519358691,9.585323678002553,0.6592721015081774,,,,,,19.224318429065033,,3.7938101788015253,9.710089000668395,6.522127277489286,19.24049279527013,-15.892794663268239,277.0610853966742,261.1682907334059
DEHHALKAJ00010Uobt_2,1223.4169921875,"(1979, 1983)",,,,513.2286706572136,23.44641451581317,1.6126285861525675,,,,,,46.45910706054586,,9.279941818827348,23.752229758060952,15.954310382921065,47.065376574102686,-38.976125120618704,680.7986793536372,641.8225542330185
DEHHALKAJ00010Uobt_3,564.212890625,"(1979, 1983)",,,,241.60333428085704,10.80407567455384,0.7432733242150789,,,,,,21.67236042492156,,4.279202524623257,10.95155148233614,7.35820474346224,21.703911182582033,-18.738642638280048,319.11591363755116,300.3772709992711
DEHHALKAJ00010fabt_0,1952.767333984375,"(1979, 1983)",,,,765.3392261591025,27.27174704886204,2.1264428567749407,,,,,,74.14273685661175,,15.086299743142046,30.196054877046073,21.90631539797127,67.74593886225941,-67.56017108184028,1003.8147618017701,936.2545907199299
DEHHALKAJ00010eubt_0,2041.06201171875,"(1979, 1983)",,,,802.0738707669675,36.10336765421235,2.59458538631637,,,,,,77.49452139885857,,16.197063098101047,37.66757809046679,26.01268561140506,78.17533376127051,-62.1498868780328,1076.319005767598,1014.1691188895651
DEHHALKAJ00010eubt_1,5.0,"(1979, 1983)",,,,8.921669589192442,0.0678835103001306,0.00534947338300973,,,,,,0.21202579529725288,,0.03851828618373584,0.08101520985917335,0.05993724130728194,0.17981378674995535,-1.0201815616564105,9.566212892272981,8.54603133061657
DEHHALKAJ00010eubt_2,5.0,"(1979, 1983)",,,,7.36997298559271,0.0678835103001306,0.00534947338300973,,,,,,0.20793680157403807,,0.03851828618373584,0.07984232612474101,0.05890206335107241,0.177977675309475,-0.8318314461195349,8.006383121818914,7.174551675699378
DEHHALKAJ00010eubt_3,707.8662109375,"(1979, 1983)",,,,240.63720488389205,11.09525165712138,0.8300306866941388,,,,,,26.885689969821712,,5.536914377621843,11.890142075900295,8.412423616396943,25.686528663735974,-18.70582248250261,330.97418593118437,312.2683634486817
DEHHALKAJ00010eubt_5,5.0,"(1979, 1983)",,,,9.34452278437123,0.0678835103001306,0.00534947338300973,,,,,,0.21310776508245968,,0.03851828618373584,0.08133483267301943,0.060219337888112484,0.180314145897169,-1.071508894578515,9.991250135778868,8.919741241200352
DEHHALKAJ00010hr,1848.1787109375,"(1969, 1978)",0.7029812988746155,0.38541148569268696,11.719001219380921,718.9745517304457,17.644969491908203,2.258736869324676,,,,,,70.16760711335681,,38.97346856689453,44.09125629550692,19.51121541671602,44.40801157143354,-70.12857135718485,956.0298170555865,885.9012456984017
DEHHALKAJ00010nPbt_0,901.3125,"(1979, 1983)",,,,400.04840793701504,18.725932529335005,1.2591629232801353,,,,,,34.395795564616925,,6.918632685762854,18.6843286060084,12.365526485500812,36.11008814622653,-30.046553270748728,528.5078748777457,498.461321606997
DEHHALKAJ00010nPbt_2,4.0,"(1979, 1983)",,,,8.793769491391782,0.06667870214566729,0.004783952318850515,,,,,,0.17440543785334509,,0.029778081136033398,0.07502268064302618,0.052822351285063386,0.15263415106075812,-1.0031624931626257,9.349894847834527,8.346732354671902
DEHHALKAJ00010mg,2173.253173828125,"(1979, 1983)",,,,815.8203048348628,37.17699881044232,2.700714216333402,,,,,,82.50931762089428,,17.174741762390507,39.06281626454074,27.154029013358013,81.96832743326675,-63.076278386175,1103.5672499560887,1040.4909715699137
DEHHALKAJ00010l9bt_0,851.737060546875,"(1979, 1983)",,,,406.0239653570793,13.315948429019807,0.9970484882933797,,,,,,32.604841270138785,,6.660330454497883,14.367183978002927,10.18582306711112,31.011716031746477,-36.68368029613703,515.1668570758897,478.4831767797526
DEHHALKAJ00010l9bt_1,1008.153076171875,"(1979, 1983)",,,,469.3812631531515,15.648836342789785,1.174642429629647,,,,,,38.46252397189445,,7.877111020385291,16.90673163435524,12.002763464802648,36.58448322124696,-42.18275285346088,598.0383552382556,555.8556023847947
DEHHALKAJ00010eVbt_0,537.421875,"(1979, 1983)",,,,188.61546004377755,8.696419172480228,0.6435236438238896,,,,,,20.483732779137014,,4.219088281245551,9.250859981127096,6.502652543750699,19.773018637947597,-14.623068100244325,258.18475508328964,243.56168698304532
DEHHALKAJ00010eVbt_1,1943.592529296875,"(1979, 1983)",,,,832.342160315804,30.188596843523605,2.265522907697296,,,,,,73.79629873863843,,15.187186808185213,32.55496292244138,23.099451600809218,70.46343110054059,-72.49338130871352,1079.8976112376397,1007.4042299289262
DEHHALKAJ00010odbt_1,2761.6552734375,"(1979, 1983)",,,,1037.7810520263547,38.54927478663924,3.0063341845275406,,,,,,104.85161709725351,,21.33436421504285,42.65496863109515,30.942893915056914,95.73677838751635,-90.15475203551773,1374.857283243486,1284.7025312079684
DEHHALKAJ00010lBbt_2,2082.9892578125,"(1979, 1983)",,,,906.180169994013,39.292789074519106,2.714961946821193,,,,,,79.0890161686744,,15.764652130252706,39.96461024741502,26.931133424746612,79.56826493718556,-71.55364265273877,1189.5055979236276,1117.951955270889
DEHHALKAJ00010lBbt_7,275.041015625,"(1979, 1983)",,,,117.86735213221932,5.180042082302394,0.3580844048814382,,,,,,10.644322370421042,,2.0811236111729183,5.269016729640331,3.551457228880296,10.496213568661632,-9.240232806276627,155.4476121281794,146.20737932190278
DEHHALKAJ00010ndbt_0,1208.116455078125,"(1979, 1983)",,,,490.0408159293946,17.09839570003351,1.326638659660758,,,,,,45.88299927191735,,9.346185486360156,18.875689647366542,13.656582948682978,42.15121348610819,-43.559616465082584,638.3785211295241,594.8189046644414
DEHHALKAJ00010ndbt_1,913.33984375,"(1979, 1983)",,,,384.060417857279,12.847553858034251,0.9990809875440329,,,,,,34.80268387380171,,7.061295618480896,14.216945769106879,10.301127468893435,31.806044075740406,-34.66654934207989,496.0951495088805,461.4286001668006
DEHHALKAJ00010pV,756.556640625,"(1969, 1978)",0.3597089710205814,0.19721146090225827,5.9965035723721565,332.23996985873816,8.698466071722486,1.146986543596335,,,,,,28.723607671491454,,19.8961106186699,22.540989042248977,9.421552178104132,22.11331510572401,-35.70640684663248,444.7809970902954,409.0745902436629
DEHHALKAJ00010kEbt_1,293.02392578125,"(1979, 1983)",,,,157.0674312529111,6.4229724606796985,0.38865840737613017,,,,,,11.503951607404758,,1.6329080474670665,6.003147301520597,3.696809632261522,10.202044276529838,-12.475946099704284,196.9179229861507,184.4419768864464
DEHHALKAJ00010oibt_0,4517.23681640625,"(1979, 1983)",,,,1632.817880656143,60.342474755183055,4.860934102312246,,,,,,171.5005496826269,,36.049402952802765,68.28354305624941,50.4415727872535,157.78397768860978,-142.99425949592944,2182.0803356811807,2039.0860761852514
DEHHALKAJ00010oibt_2,6.0,"(1979, 1983)",,,,8.619218072745753,0.08006451633971284,0.0064523476880981815,,,,,,0.24916547719288998,,0.047877660310083114,0.09550461019742765,0.07126714400787482,0.2171261107584636,-0.9729995920538105,9.386675939240302,8.413676347186492
DEHHALKAJ00010oibt_3,772.9306640625,"(1979, 1983)",,,,326.0868642735301,10.314053297049522,0.831202897220644,,,,,,29.499967670500183,,6.167685296205224,11.710276524680687,8.657562095916898,27.042566856058425,-30.147909113738383,420.3101789111617,390.16226979742333
DEHHALKAJ00010jrbt_0,780.2587890625,"(1979, 1983)",,,,366.64200585571064,11.918565491399132,0.8996727111737953,,,,,,29.884905573265687,,6.085602386324448,12.932497863519394,9.21267459707647,28.13153711294531,-33.26591667627178,465.7074615914149,432.44154491514314
DEHHALKAJ00010ii,1091.13671875,"(1958, 1968)",3.1127213371897255,1.706558278341335,51.89040619503828,220.4399623367969,5.447224469695104,0.8649087606038308,,,,,,41.42606515159415,,13.943125639462288,15.223298297116955,5.5435838503457235,1.4884350159078266,-51.45093505552286,304.3766035215228,252.92566846599993
DEHHALKAJ00010hvbt_1,106.443359375,"(1979, 1983)",,,,53.56636432533683,1.546494721495101,0.0757105474384718,,,,,,4.235133027839132,,0.08723801464397972,1.2834904580249435,0.6700619256232003,1.5627812728537391,-4.8164601280889885,63.027274293255395,58.210814165166404
DEHHALKAJ00010gRbt_0,2119.1376953125,"(1979, 1983)",,,,900.8437711355521,42.10228948439852,2.8662374114979885,,,,,,80.46043114182527,,16.158252486158986,42.35231413813275,28.257130367040254,82.98699186141374,-67.91978378874289,1196.0274180260194,1128.1076342372764
DEHHALKAJ00010gRbt_1,325.4501953125,"(1979, 1983)",,,,143.70922793292334,6.469265298549409,0.4403505414092394,,,,,,12.591979258651984,,2.481719338898582,6.511060869907157,4.344580906531273,12.754445003108334,-11.077951003962685,189.3026291499793,178.22467814601663
DEHHALKAJ00010dc,119.04443359375,"(1949, 1957)",1.0897185837569543,0.3704820484008933,10.067999779625154,53.191079294647466,1.7636642324428429,0.1551530262637813,,,,,,4.520378793496925,,1.5073575435781892,2.494439174482095,1.609300112070561,3.730089319527941,-6.830028756517816,68.97146149650979,62.14143273999197
DEHHALKAJ00010oJbt_0,1021.7568359375,"(1979, 1983)",,,,439.09980529896364,18.842473523408348,1.310625573729351,,,,,,38.901430687780554,,7.708598569769654,19.25263237836957,13.029743210298156,38.6053229813972,-34.913311700081685,576.7506322237165,541.8373205236348
DEHHALKAJ00010fObt_1,1421.1953125,"(1979, 1983)",,,,594.3023516335027,26.231018379888436,1.8240889925449104,,,,,,53.963884854031136,,10.723407805018187,26.782934154378935,18.12028248208174,53.6975074740671,-46.258639097525176,785.6454757755131,739.386836677988
DEHHALKAJ00010fObt_3,1195.3046875,"(1979, 1983)",,,,572.7533316705444,19.94418091258353,1.4304924738535583,,,,,,45.573313721673124,,8.899532736784717,20.8805245977065,14.42144668607521,43.19761292625865,-50.301217510556654,727.1004357254798,676.7992182149231
DEHHALKAJ00010dP,1000.4638671875,"(1949, 1957)",4.8759517744276035,2.291775741015581,67.67277033495704,256.5749948675728,8.34887869779276,0.8630100628118211,,,,,,37.98415217725012,,10.773972196590249,15.16717904917172,6.868991178949822,5.547887164529192,-53.85487903097453,342.1290653946685,288.27418636369396
DEHHALKAJ00010o1,4276.961669921875,"(1919, 1948)",21.690716755657583,11.891996819716708,361.59359646654787,1339.0331027845891,63.47727864660314,5.087855232797704,,,,,,162.37831012863677,,40.156433782925006,88.15475867458836,39.81825165725946,71.96337072665649,-296.2657521744688,1810.0693616340557,1513.8036094595868
DEHHALKAJ00010fubt_0,1692.6552734375,"(1979, 1983)",,,,720.6298107241265,32.75803172092767,2.246755573075063,,,,,,64.26979974960959,,12.857222451734582,33.12949798215395,22.21374574315749,65.44238244034815,-55.33164688347043,953.5472463851329,898.2155995016625
DEHHALKAJ00010okbt_0,182.5927734375,"(1979, 1983)",,,,91.19461793080386,3.7194655524879727,0.22833610940799204,,,,,,7.160057338514755,,1.0015599721408557,3.5083278341087736,2.183110374519694,6.075040684333867,-7.271767895720759,115.07051579631778,107.79874790059702
DEHHALKAJ00010FF,247.3564453125,"(1958, 1968)",0.4704278709134785,0.25791341096877407,7.84223535062932,52.86747388058302,1.3915548556758885,0.22110689796400412,,,,,,9.391087495914345,,3.531464729330501,3.8603297278748228,1.37510549996846,0.6217126316180628,-10.385867904284623,73.25983571892911,62.87396781464449
DEHHALKAJ00010jM,2604.0625,"(1860, 1918)",29.53296783223622,12.619269474223684,364.8662153964119,1030.6526451963393,43.32519479861337,3.430433111624522,,,,,,98.86535061576288,,23.375987262594798,57.62218141889301,26.882949002402544,52.01158099969782,-230.7691213384801,1336.1663224059284,1105.3972010674483
DEHHALKAJ00010cybt_1,1439.4677734375,"(1979, 1983)",,,,599.2750121095238,27.635741096351275,1.8998006920820987,,,,,,54.65745374917531,,10.921495835454946,27.985025283638496,18.79076578544866,55.42188667879967,-45.651162087774956,796.5871812304741,750.9360191426991
DEHHALKAJ00010hdbt_1,721.689453125,"(1979, 1983)",,,,303.9280812441228,13.824133969211879,0.9509499063248681,,,,,,27.599303374401156,,5.473820596604568,14.008017032208599,9.410399607878475,27.760021485378637,-23.343675974655195,402.9547272161309,379.6110512414757
DEHHALKAJ00010hdbt_2,1088.9462890625,"(1979, 1983)",,,,546.6123707767631,19.219935702393734,1.354630216628879,,,,,,41.62349357552751,,8.16690365088452,19.885591003600002,13.585623362869242,40.40165681605686,-47.69359671501816,690.8502051047237,643.1566083897055
DEHHALKAJ00010hbbt_0,1676.9248046875,"(1979, 1983)",,,,804.9756620622142,29.618919166755692,2.087100402154986,,,,,,63.682994155155754,,12.577830790937107,30.61204497497359,20.90534045972637,62.19358215713865,-68.9581878209788,1026.6534741690564,957.6952863480776
DEHHALKAJ00010hbbt_1,1140.7744140625,"(1979, 1983)",,,,493.656359125167,22.810147735872178,1.5500831477113586,,,,,,43.35468966999446,,8.706527603350859,22.922746633379653,15.276931439000219,44.82508063831199,-37.46158582184913,653.1025659927877,615.6409801709386
DEHHALKAJ00010eqbt_1,2533.51318359375,"(1979, 1983)",,,,1032.6256971053135,37.74301882766306,2.8744127871649363,,,,,,96.19162203874903,,19.70608052468919,41.10370729960797,29.41595467203738,90.2291407201358,-89.89538521091002,1349.8896339753608,1259.9942487644507
DEHHALKAJ00010ff,5173.162841796875,"(1979, 1983)",,,,1955.030175061976,72.71318451532838,5.656086888353727,,,,,,196.40331107356843,,39.9920968827544,80.31379859523933,58.17594993764676,179.8352172979271,-169.6723922439096,2588.1198202527944,2418.447428008885
DEHHALKAJ00010Gjbt_0,398.98486328125,"(1979, 1983)",,,,247.61574319080685,8.413560986138465,0.5129467435037154,,,,,,15.705351911786614,,2.204656891147646,7.932593901684178,4.919945246062733,13.609239320025893,-21.446090463692492,300.9140381911562,279.4679477274637
DEHHALKAJ00010cBbt_1,1994.390869140625,"(1979, 1983)",,,,778.5072185114553,33.94501093884036,2.4700078105782266,,,,,,75.72270180045523,,15.751515110142991,35.73374946064047,24.869896296718395,75.09266518932168,-61.97849291131056,1042.0927651181528,980.1142722068422
DEHHALKAJ00010cBbt_3,488.447265625,"(1979, 1983)",,,,244.91187394348884,7.1891884168038604,0.5498893035666681,,,,,,18.852778598821068,,3.7942894363257036,7.888912987449882,5.6659334561023815,17.365111760810287,-22.9893335377407,306.2179779033687,283.228644365628
DEHHALKAJ00010fBbt_1,222.689453125,"(1979, 1983)",,,,116.89278624232531,4.931459048668114,0.29782598877367306,,,,,,8.763071487075631,,1.243792766496679,4.600684717730246,2.8284018566217313,7.798985259391342,-9.126365300875147,147.35700736708273,138.2306420662076
DEHHALKAJ00010cdbt_1,229.90234375,"(1979, 1983)",,,,108.04131734195025,4.5603356537174236,0.281483989738131,,,,,,9.004654385549303,,1.25413360158054,4.312326429255,2.6929092450596848,7.520543711736332,-8.282455612704517,137.66770435858666,129.38524874588214
DEHHALKAJ00010kabt_0,894.490966796875,"(1979, 1983)",,,,427.60666614567344,14.115190479314691,1.0535015533898147,,,,,,34.21958075079189,,7.0020335908131575,15.194426990118039,10.75157758979635,32.69665484993523,-38.52834438522536,542.6396319498326,504.11128756460727
DEHHALKAJ00010kabt_4,1313.609619140625,"(1979, 1983)",,,,595.0480012315741,20.795194053873686,1.5503690150747382,,,,,,49.92484860634415,,10.286612239899647,22.342230381097334,15.794504336795907,48.042138407772754,-52.513330412342725,763.7838982724323,711.2705678600896
DEHHALKAJ00010X6bt_1,4.0,"(1979, 1983)",,,,5.277605897829333,0.060323729447103305,0.004472836829558916,,,,,,0.16449881754435783,,0.029419596109454424,0.06725707762549109,0.0478700035050807,0.14231206648757022,-0.5832854254316168,5.793760025377949,5.210474599946332
DEHHALKAJ00010X6bt_2,795.9404296875,"(1979, 1983)",,,,337.8106126134,15.651635532287166,1.0686257057589332,,,,,,30.39833591649924,,6.0598520594780645,15.776892246710805,10.546534815135871,31.01206737791258,-25.620897052641904,448.32455626718274,422.70365921454083
DEHHALKAJ00010X6bt_3,393.59765625,"(1979, 1983)",,,,173.2951909269181,7.739213966880882,0.5284119066026943,,,,,,15.201498404561315,,2.996600782078157,7.805996888601112,5.219241425034659,15.342455554998436,-13.428494966740407,228.1286098556753,214.7001148889349
DEHHALKAJ00010X6bt_4,4.0,"(1979, 1983)",,,,7.442553077274588,0.06347914991895974,0.004627314312089121,,,,,,0.17077268653504873,,0.02959759388306829,0.07142968167629452,0.050608557312042744,0.14793315579153687,-0.8426346888794444,7.981001216703628,7.138366527824184
DEHHALKAJ00010oH,304.0361328125,"(1919, 1948)",0.9637042235349708,0.5283535666674651,16.06536473844835,139.00458397576293,9.571517995847715,0.611751201098454,,,,,,11.54381563147776,,2.221617614719047,10.065396500033643,5.032641757908334,8.47948352706909,-19.636198985047955,186.53080820391696,166.894609218869
DEHHALKAJ00010iWbt_1,891.79443359375,"(1979, 1983)",,,,399.23620343530933,13.281574102751872,1.011598122733031,,,,,,34.04418082238747,,6.936301167657229,14.492330449858835,10.37662781351451,31.799069245086248,-35.98718819644024,511.1778851592985,475.1906969628583
DEHHALKAJ00010iWbt_2,5.0,"(1979, 1983)",,,,12.862425316650892,0.07446544630935759,0.0056717001397760276,,,,,,0.22184594240306485,,0.03888957424697835,0.08928417274982119,0.06526593939579889,0.19085833933905305,-1.4913496615245274,13.548706431234741,12.057356769710214
DEHHALKAJ00010iWbt_3,2456.209716796875,"(1979, 1983)",,,,1017.3191348035865,36.644040138824465,2.7892852091725167,,,,,,93.2570104532408,,19.107771486908117,39.90409983116617,28.550808204486707,87.54625399875897,-89.06164507636787,1325.118404126144,1236.0567590497762
DEHHALKAJ00010Vabt_1,459.4697265625,"(1979, 1983)",,,,234.1148797975065,9.0836849353289,0.6192571732686153,,,,,,17.82488002166046,,3.5008864871574,9.17603022632835,6.134152713133087,17.995545988554497,-19.484276400804276,298.4493173429378,278.9650409421335
DEHHALKAJ00010Vabt_2,2372.40234375,"(1979, 1983)",,,,1005.3367666414147,47.11536716831546,3.207874947893406,,,,,,90.0755747210791,,18.08832017040276,47.396546259409476,31.624443597617784,92.88314459110687,-75.67272584419493,1335.7280380972397,1260.0553122530448
DEHHALKAJ00010Vabt_3,391.826171875,"(1979, 1983)",,,,183.7048634340958,7.818323479181694,0.5316118165029216,,,,,,15.174878766772315,,2.9895413069189947,7.870903124631599,5.249951372164346,15.397115322037351,-14.602100426921307,238.73718862230504,224.13508819538373
DEHHALKAJ00010Vabt_4,2371.3291015625,"(1979, 1983)",,,,1002.5960507148336,46.96323918106178,3.2000196069117948,,,,,,90.03479191607744,,18.07275804462403,47.26823487980587,31.554956253075225,92.7115908831725,-75.50360100965963,1332.4016414795622,1256.8980404699025
DEHHALKAJ00010Vabt_5,339.1162109375,"(1979, 1983)",,,,164.46251953924167,6.734770277537678,0.45854043280509305,,,,,,13.18351741782643,,2.585582759421576,6.790652662533832,4.5343127994284655,13.301475490894664,-13.336440880187112,212.0513713796894,198.71493049950232
DEHHALKAJ00010Jgbt_0,707.08740234375,"(1979, 1983)",,,,319.5115518320302,10.241400797247938,0.7879137726892289,,,,,,27.0847434311414,,5.483345300974484,11.260404965970949,8.110746569630685,24.935900982120952,-29.20876094797454,407.41600765180584,378.2072467038313
DEHHALKAJ00010Jgbt_1,1378.45947265625,"(1979, 1983)",,,,561.8711125808721,19.888157532807764,1.532243071345388,,,,,,52.34181401555323,,10.68536104396956,21.84375605798212,15.739386761139208,48.46509042474415,-49.62047748767124,732.3669214884137,682.7464440007425
DEHHALKAJ00010Jgbt_3,471.495361328125,"(1979, 1983)",,,,87.84045623195902,2.622634189192233,0.31945860613470356,,,,,,17.900977048523828,,3.419080573720187,4.03297720325698,3.5994516851625526,12.401066027987447,-8.86273100825888,132.13610156593694,123.27337055767806
DEHHALKAJ00010ly,98.435546875,"(2002, 2009)",0.1872068652996206,0.10263669346894896,3.1208191259637426,60.35348991889575,2.8822242808617986,0.17297778850752155,,,,,,3.737355460546346,,0.6207478481310363,2.6853084095494864,1.4517099066677244,3.4099956560156426,-7.7368728734433265,75.31380926917531,67.57693639573198
DEHHALKAJ00010m8bt_0,1278.497314453125,"(1979, 1983)",,,,569.95182118166,19.68963142089519,1.4820162603323919,,,,,,48.58696603309317,,9.980645362644378,21.296248363096254,15.140714901843642,46.21414098699891,-50.593224893636766,732.342184510564,681.7489596169273
DEHHALKAJ00010m8bt_1,625.82275390625,"(1979, 1983)",,,,309.35812015447175,9.645545176565463,0.7258120102292812,,,,,,24.079115604788534,,4.885935656503847,10.45346480141334,7.4346938038092985,22.66496300864364,-28.443249123628156,389.2476502164252,360.80440109279704
DEHHALKAJ00010m8bt_2,971.50390625,"(1979, 1983)",,,,447.57453651173677,14.955010004733449,1.125823945856209,,,,,,37.08027406115089,,7.583707800066679,16.188112368436137,11.512015350599357,35.12778026251409,-40.20970806624209,571.1472603050935,530.9375522388514
DEHHALKAJ00010hZ,106.029052734375,"(1949, 1957)",0.9705773356618383,0.32997645888333194,8.967243972166678,44.539491423941264,1.4477203810660937,0.12871010691048312,,,,,,4.025964240990658,,1.2680446210654632,2.073792887472863,1.325713052524628,3.0254505327027346,-5.885866009134719,57.834887246674185,51.94902123753947
DEHHALKAJ00010ehbt_0,759.65478515625,"(1979, 1983)",,,,320.25335036328227,10.101378398009762,0.8151871866165408,,,,,,28.99807220781017,,6.059745246389387,11.480414958325948,8.494134937909656,26.54336902502359,-29.640565093268208,412.7456523233674,383.1050872300992
DEHHALKAJ00010ehbt_1,1291.32861328125,"(1979, 1983)",,,,510.3535827864764,17.210568636670644,1.3876539088712154,,,,,,49.033212368653665,,10.303112391925165,19.521324216630276,14.432514243336238,45.118643904858686,-46.21070538918353,667.3606124574223,621.1499070682388
DEHHALKAJ00010ehbt_2,547.47509765625,"(1979, 1983)",,,,275.1740547737352,8.106032976572289,0.6279383376784997,,,,,,21.095496190894185,,4.41379289334368,8.971314145294956,6.4900658960310444,19.98294592457825,-25.8471407166232,344.8616411381281,319.0145004215049
DEHHALKAJ00010ehbt_4,639.02783203125,"(1979, 1983)",,,,312.0656959034845,9.49011942472464,0.734343786621454,,,,,,24.554440917745602,,5.153508959731315,10.487601554622817,7.580999122935747,23.341508836639722,-29.030765122412515,393.40821850650576,364.37745338409326
DEHHALKAJ00010iqbt_1,604.5029296875,"(1979, 1983)",,,,266.00668708835155,12.036255002013467,0.8189025086712326,,,,,,23.227578217312573,,4.610763673038739,12.109262609106807,8.077371647436777,23.708871721520946,-20.442617504349823,350.59569246745207,330.15307496310226
DEHHALKAJ00010iqbt_4,345.7353515625,"(1979, 1983)",,,,155.94166625485508,6.881210339431995,0.46822422148611786,,,,,,13.388285929971822,,2.636895556887312,6.926375541095846,4.621137681570774,13.561752198032648,-12.156475190046915,204.4255477233316,192.26907253328469
DEHHALKAJ00010iqbt_8,612.8671875,"(1979, 1983)",,,,339.05113306610315,10.981338174835804,0.7704353725542925,,,,,,23.72601493550602,,4.605658294639818,11.347492400043135,7.734403612036658,22.93474099979741,-30.47641513282112,421.1512168555162,390.6748017226951
DEHHALKAJ000110R,2387.9169921875,"(1958, 1968)",6.812088755967312,3.734746930410291,113.56045539975412,469.60847268596495,11.540473392109073,1.828771198081062,,,,,,90.6592069255768,,29.583867809270217,32.29453539538315,11.781020127990303,2.990824273096358,-110.81373202262463,650.287171807472,539.4734397848473
DEHHALKAJ000110Zbt_0,2490.48486328125,"(1979, 1983)",,,,984.8048631823796,46.90650546712988,3.347636991019055,,,,,,94.55662506899905,,20.644408896287615,48.67219265545124,33.46022065905356,100.31360605778188,-74.23939481653721,1332.706058978102,1258.4666641615647
DEHHALKAJ000110Zbt_1,352.04150390625,"(1979, 1983)",,,,173.2910088275869,6.646541622411582,0.4739916625563691,,,,,,13.609611353802475,,2.9190899633808787,6.9187351934364525,4.759094899055313,14.2357228912222,-14.613808777155327,222.85379641345216,208.23998763629683
DEHHALKAJ000110Zbt_4,6.0,"(1979, 1983)",,,,13.205198106538038,0.09679675596470178,0.00727149501803856,,,,,,0.26093011034445174,,0.04882152862411149,0.11241962600370195,0.08118964260022693,0.23877533107605875,-1.511423835481201,14.05140259616933,12.539978760688129
DEHHALKAJ000110Zbt_5,6.0,"(1979, 1983)",,,,13.202504547827642,0.09679675596470178,0.00727149501803856,,,,,,0.2609202633514299,,0.04882152862411149,0.1124175900185797,0.0811878456557764,0.23877214380739276,-1.5110968823299658,14.048692170267675,12.537595287937709
DEHHALKAJ000110Zbt_6,6.0,"(1979, 1983)",,,,13.202504544992582,0.09679675596470178,0.00727149501803856,,,,,,0.26092024330169783,,0.04882152862411149,0.11241759001643678,0.08118784565388505,0.2387721438040381,-1.5110968819858366,14.04869214737549,12.537595265389655
DEHHALKAJ000110Zbt_7,6.0,"(1979, 1983)",,,,13.202504541353116,0.09679675596470178,0.00727149501803856,,,,,,0.2609202719847608,,0.04882152862411149,0.11241759001368581,0.08118784565145706,0.2387721437997315,-1.5110968815440664,14.048692172409604,12.537595290865537
DEHHALKAJ00010rBbt_1,414.8388671875,"(1979, 1983)",,,,191.82076154649442,7.0227341990986885,0.5119119603742199,,,,,,16.02325312818732,,3.2742198736567745,7.424831328167142,5.177392827214998,15.618083600466738,-16.561070761097465,246.87318846366028,230.31211770256283
DEHHALKAJ00010rBbt_2,3011.002197265625,"(1979, 1983)",,,,1130.9292411070728,51.20621703283452,3.727013322777804,,,,,,114.31850503441851,,23.778261769880103,53.881365685636204,37.50020188741447,113.2770022915338,-88.2259338802796,1528.6178081315682,1440.3918742512885
DEHHALKAJ00010rBbt_3,1498.038330078125,"(1979, 1983)",,,,560.4357995798866,25.38269398595886,1.8496918555951338,,,,,,56.878214792288176,,11.82492212032561,26.730304524373516,18.617320894871103,56.26445791248903,-43.726032735730044,757.983405665788,714.257372930058
DEHHALKAJ00010sRbt_1,1318.09375,"(1979, 1983)",,,,562.8275992497305,25.500816165240426,1.7491723867197388,,,,,,50.05026442113633,,10.011625734685559,25.792970077844792,17.29584796725616,50.95478719128383,-43.298466909181286,744.1830831938972,700.884616284716
DEHHALKAJ00010sRbt_3,708.7021484375,"(1979, 1983)",,,,303.1752774749558,13.744586001827004,0.942121613460833,,,,,,27.128254757043358,,5.384861499788719,13.895514969606818,9.313611365055667,27.430114852960997,-23.311657015031507,401.01434253469927,377.70268551966774
DEHHALKAJ00010sRbt_4,4.0,"(1979, 1983)",,,,8.877938292293663,0.059746864365834845,0.004444595691394055,,,,,,0.17453353073479638,,0.029387055057934604,0.06951480986705012,0.050035267738055694,0.14601301715048237,-1.0209345494434816,9.41161343289921,8.39067888345573
DEHHALKAJ00010xObt_1,1.0,"(1979, 1983)",,,,5.665051271359877,0.02251665177869177,0.0011023303273858564,,,,,,0.05306949437434043,,0.001270167928994853,0.022379899132325066,0.01301497037238269,0.028534326764867966,-0.6631007857260978,5.806939112038866,5.1438383263127685
DEHHALKAJ00010xObt_2,81.954345703125,"(1979, 1983)",,,,61.28408732850232,2.659115009997844,0.13018023942180776,,,,,,3.3448695710174023,,0.15000110311269046,2.1835969555754033,1.1315745499827254,2.650649291414484,-4.540561100673689,73.53407404902467,68.99351294835098
DEHHALKAJ00010wzbt_0,1988.42041015625,"(1979, 1983)",,,,827.9911976760816,29.922109952758152,2.2706423421800976,,,,,,75.49753513490461,,15.483160811595122,32.514195205215984,23.22161798837923,71.12731707039636,-72.35638128803296,1078.0277761815112,1005.6713948934782
DEHHALKAJ00010wzbt_1,5.0,"(1979, 1983)",,,,11.048699116098383,0.07524090428745618,0.005709663636981253,,,,,,0.2189113905486677,,0.038933317955578764,0.08853650559597771,0.06437402446779916,0.18946401174239924,-1.2703483069853572,11.729868934333243,10.459520627347887
DEHHALKAJ00010wzbt_2,486.0595703125,"(1979, 1983)",,,,246.97583146020995,7.33637585942849,0.5561274783828787,,,,,,18.773549929950654,,3.786026966965585,7.999363290617471,5.715198699603987,17.46086193204803,-23.07407403703616,308.60333561720705,285.5292615801709
DEHHALKAJ00010wzbt_3,1299.879150390625,"(1979, 1983)",,,,570.1983578031698,19.584582440703503,1.4855380319433609,,,,,,49.38389915668254,,10.123062291008818,21.296288108138576,15.209582261053107,46.55493341415665,-50.7856689633039,733.8362435068564,683.0505745435524
DEHHALKAJ00010wzbt_4,5.0,"(1979, 1983)",,,,12.010905952108125,0.0753323200653621,0.005714139008603007,,,,,,0.21976563362993148,,0.03893847473423491,0.08933728641481539,0.0650534342140775,0.19069121590831217,-1.3870445472153985,12.695738456083461,11.308693908868063
DEHHALKAJ00010wzbt_6,1608.26904296875,"(1979, 1983)",,,,678.8613571029209,24.00988894122287,1.827153353182717,,,,,,61.06596278868826,,12.512239869654314,26.150949716793786,18.709562074741665,57.3540619884484,-59.844774544946816,880.4911758356529,820.6464012907061
DEHHALKAJ00010wzbt_7,403.917236328125,"(1979, 1983)",,,,214.0933799705042,6.1087777547872815,0.4627423221393594,,,,,,15.653283479782669,,3.146891427002222,6.664017594588489,4.760271912041258,14.532368279018723,-20.236235329494793,265.4217327398642,245.18549741036938
DEHHALKAJ00011DGbt_2,105.087890625,"(1979, 1983)",,,,86.25618893235857,3.451783552867853,0.16898630095166878,,,,,,4.319072387991261,,0.19471566242516142,2.8395830905673916,1.4733632872743514,3.4487266036987143,-6.707788014254307,102.15241981813497,95.44463180388067
DEHHALKAJ00011GYbt_1,1205.1611328125,"(1979, 1983)",,,,478.6931156423833,22.18573840312725,1.543975171917066,,,,,,45.760839107361306,,9.09008745992491,22.64751329697387,15.326428959404733,45.45077058003331,-36.46143827354796,640.6984686211258,604.2370303475778
DEHHALKAJ00011GYbt_3,993.84375,"(1979, 1983)",,,,566.7276015969289,18.928447618485748,1.3042302578154437,,,,,,38.241295145951646,,7.531896612873678,19.315048685528122,13.013333997081467,38.29832181414312,-50.252721725921845,703.3601757288081,653.1074540028862
DEHHALKAJ00011HI,1142.5439453125,"(1919, 1948)",5.7944398410092965,3.1768180340720753,96.59580940648743,381.8076622305061,18.996093679449046,1.475643974027145,,,,,,43.37781106290261,,10.859475519609152,25.398994903590754,11.622604473801845,20.718784451980437,-81.10684352355602,514.257070295867,433.15022677231104
DEHHALKAJ0001117bt_1,2294.560546875,"(1979, 1983)",,,,964.4156410046216,44.57851628668082,3.0541079160826294,,,,,,87.12025723822158,,17.438918852947598,45.038938211685675,30.175058099841088,88.86537929796944,-73.30673254859613,1280.6868169080506,1207.3800843594545
DEHHALKAJ00011Bybt_1,1177.96875,"(1979, 1983)",,,,514.4796719475843,23.673613397309374,1.606485433124071,,,,,,44.76316408452935,,8.997154540751088,23.769956143913813,15.827300850195176,46.40827879418093,-39.12636549982616,679.525625191588,640.3992596917618
DEHHALKAJ00011Bybt_2,1255.4970703125,"(1979, 1983)",,,,527.3566466085962,24.40454676309813,1.671722465262429,,,,,,47.67485287908802,,9.542644853860326,24.653694686538664,16.51570689406186,48.63586101415595,-40.05596836672929,700.4556761646614,660.3997077979321
DEHHALKAJ00011Bybt_9,4.0,"(1979, 1983)",,,,10.051301513820027,0.05917315155277004,0.004416508876388563,,,,,,0.17703502826213105,,0.029354691826368448,0.06994059815283533,0.05058272943820948,0.14684520889796027,-1.1639866147161415,10.58864943082669,9.424662816110548
DEHHALKAJ00011CJbt_0,1104.828125,"(1979, 1983)",,,,461.37895623473213,21.431415826674318,1.4689295082068268,,,,,,41.977883534456836,,8.39495193752975,21.657344344577293,14.513691082072182,42.752961042081424,-34.970713339486004,613.5761335103308,578.6054201708448
DEHHALKAJ00011CJbt_1,261.1923828125,"(1979, 1983)",,,,116.28600076047339,5.070717094026886,0.34747111970806954,,,,,,10.12998930973341,,1.9848825536298964,5.1287718594482365,3.4376807519317882,10.11975078032795,-9.138283965592265,152.50526422927965,143.36698026368737
DEHHALKAJ00011CJbt_2,285.40625,"(1979, 1983)",,,,127.4558348085965,5.544622080427643,0.3798706566055904,,,,,,11.063431173145593,,2.1691069899568873,5.607602880323002,3.7581995092985556,11.062071441290012,-10.028564199919039,167.0407395396438,157.01217533972476
DEHHALKAJ00011CJbt_3,636.2822265625,"(1979, 1983)",,,,271.23331591615147,12.370659763851338,0.8473467752001098,,,,,,24.391934452390064,,4.836325805077604,12.499436379776972,8.373788932567258,24.655640563121274,-20.77946898307294,359.20844858813604,338.4289796050631
DEHHALKAJ00010skbt_1,252.74462890625,"(1979, 1983)",,,,107.14509931557181,4.6588946115246035,0.2920943095270378,,,,,,9.83908707292989,,1.3587402362512035,4.448290185725177,2.808312162327576,7.911803415961613,-8.282427589245803,138.4623213098189,130.1798937205731
DEHHALKAJ00010s4bt_0,995.003662109375,"(1979, 1983)",,,,415.06091365659455,13.726542646510914,1.075205637635587,,,,,,37.87962265472607,,7.677446208651929,15.268786550462126,11.109307697499528,34.38441872607011,-37.65484251504284,536.1822437781508,498.52740126310795
DEHHALKAJ00010s4bt_2,831.597900390625,"(1979, 1983)",,,,349.788319798047,11.50374048438433,0.9001686206678798,,,,,,31.727766984419148,,6.418382183997055,12.788719538199327,9.299698912415515,28.7715134420697,-31.787598902501877,451.1983099641999,419.410711061698
DEHHALKAJ00011Ax,1093.4267578125,"(1958, 1968)",3.119254206380497,1.7101399423552741,51.999311939949656,220.46838591566308,5.445762740689183,0.8645539626107126,,,,,,41.51297581468005,,13.940874873541073,15.220653106916757,5.543329447066459,1.4825279672356075,-51.49844663627139,304.47906382840296,252.98061719213158
DEHHALKAJ000115e,149.48486328125,"(1919, 1948)",,,,64.17494550751212,5.607429494365869,0.32035362334921746,,,,,,5.675946205811409,,0.3633712667997002,5.2662242288398495,2.7100450208202544,6.534635604924873,-5.210685219096757,90.65295095242331,85.44226573332655
DEHHALKAJ00010zfbt_1,256.90185546875,"(1979, 1983)",,,,137.44714698143878,6.0927899088833435,0.36334531097348277,,,,,,10.10845544694855,,1.4576527359902935,5.633935910368338,3.430253436581962,9.391639261804158,-10.403550480654104,173.92521899298885,163.52166851233474
DEHHALKAJ00010qrbt_0,159.330810546875,"(1979, 1983)",,,,136.39806883443208,6.239494583872144,0.30546211643557575,,,,,,6.570234797375158,,0.3519708876553023,5.118117518044587,2.650250858626135,6.210871059767292,-9.755707358313959,163.84447065620827,154.0887632978943
DEHHALKAJ00011Abbt_1,1938.90380859375,"(1979, 1983)",,,,843.585202052555,30.59861354347173,2.283695765621645,,,,,,73.61869912890567,,15.177786540735667,32.874530863004445,23.250614766025045,70.77726373060338,-73.40067083905622,1092.1664063909227,1018.7657355518664
DEHHALKAJ00011Abbt_2,562.493896484375,"(1979, 1983)",,,,293.8964995072102,8.951766455981925,0.6661844328779768,,,,,,21.715777875502816,,4.40743696506892,9.634508910709517,6.80870852573609,20.663861194969265,-27.180424071386383,366.7447438680568,339.5643197966704
DEHHALKAJ000114Zbt_0,198.94482421875,"(1979, 1983)",,,,110.1972001950129,4.548305616701365,0.27305446136752015,,,,,,7.852350131015415,,1.1192194404946547,4.227455930518649,2.5877979815794103,7.110459481734879,-8.423947178147714,137.9158432384248,129.4918960602771
DEHHALKAJ00010r3bt_0,140.15673828125,"(1979, 1983)",,,,71.52931138108572,1.93738896518345,0.1303446260734247,,,,,,5.499800171143016,,0.7170249714760251,1.9565609487077231,1.3003680582016894,3.775265337550602,-6.767538601420006,86.84606445942164,80.07852585800164
DEHHALKAJ00010vLbt_1,1336.854248046875,"(1979, 1983)",,,,485.34490495265845,21.916655085083327,1.6146909504959732,,,,,,50.758618903005484,,10.511140466802114,23.252317599357855,16.30283876123147,49.48052287813156,-38.02706814138042,659.1816895967662,621.1546214553858
DEHHALKAJ00010wv,2941.11328125,"(1969, 1978)",,,,1231.7144389936745,28.938979721337887,3.7387842316552735,,,,,,111.66175351342817,,65.78351312255859,74.69194900393283,31.13851174802324,73.11885482467966,-107.698118841682,1620.7867851592903,1513.0886663176084
DEHHALKAJ000117Ibt_1,329.611328125,"(1979, 1983)",,,,148.21959132156258,6.2052058364723175,0.4290040158558837,,,,,,12.76356552378866,,2.493888464293152,6.316065186490066,4.258419665925389,12.582571269462981,-11.674051579331618,193.26831128385106,181.59425970451946
DEHHALKAJ000117Ibt_3,1416.3837890625,"(1979, 1983)",,,,568.1450334690176,26.664596161095304,1.8434874097244298,,,,,,53.77996696455296,,10.71657097663592,27.09562401687318,18.25851613633161,53.99576492875477,-42.88239916375741,760.4995600629858,717.6171608992283
DEHHALKAJ00011CDbt_0,1044.607421875,"(1979, 1983)",,,,468.31178282040946,20.488819284621165,1.3999054724231774,,,,,,39.80142985021403,,7.9500935494638645,20.682416624224075,13.836516701739006,40.67928612033647,-36.71283375519721,613.1502504234312,576.4374166682339
DEHHALKAJ00011CDbt_2,1332.087890625,"(1979, 1983)",,,,643.3254285803066,22.834287893446344,1.6239456470902116,,,,,,50.69675761194002,,9.952226874935302,23.762300566386067,16.324412045415258,48.73613813949972,-56.00541283546973,817.2554973590195,761.2500845235497
DEHHALKAJ00011Dtbt_0,504.1650390625,"(1979, 1983)",,,,260.7682830003606,7.814667064555746,0.5868797007103063,,,,,,19.479776028956138,,3.938619450178269,8.46558855862373,6.015241920275038,18.315475889739,-24.267595833284787,325.3845316133989,301.1169357801141
DEHHALKAJ00011Dtbt_1,1554.345703125,"(1979, 1983)",,,,686.1217423493209,24.135811808288548,1.811466676422537,,,,,,59.02115546369575,,12.145234212763878,26.04508352121426,18.48412755462658,56.36916739971203,-60.46771093195677,884.1337889860445,823.6660780540877
DEHHALKAJ00011Hqbt_0,145.064453125,"(1979, 1983)",,,,79.01671872904151,2.1499581634840457,0.14199418463494218,,,,,,5.707709064593341,,0.7502964784390878,2.1451651324888785,1.4085896126149318,4.053677770752758,-7.4515837561280645,95.3741091360495,87.92252537992144
DEHHALKAJ00011Hqbt_2,2.0,"(1979, 1983)",,,,8.049527448116445,0.029398694967933705,0.0019457874015719392,,,,,,0.09853664335800795,,0.010330626713239323,0.034641210374398414,0.023963915999011896,0.06388848885424245,-0.9478426842173246,8.312232815784851,7.364390131567527
DEHHALKAJ00011a1,2523.326171875,"(1969, 1978)",1.1997291572044473,0.657754904216127,20.000002103489035,1190.929036929885,27.78041187467676,3.631881090878589,,,,,,95.80013470109628,,63.25821005004882,71.78053864652607,30.26504773835797,71.98322427501753,-114.40796684720986,1555.428485306487,1441.0205184592771
DEHHALKAJ00011Y3bt_1,836.881103515625,"(1979, 1983)",,,,378.84241433564074,12.359804872733447,0.9442192190021537,,,,,,31.99366802499447,,6.503326684346392,13.51957211285245,9.697836180820914,29.745185738700286,-34.393078631101424,483.60602716909085,449.2129485379894
DEHHALKAJ00011WCbt_0,2063.052734375,"(1979, 1983)",,,,861.0284658068448,39.996260449467975,2.7418272934518315,,,,,,78.33095754685802,,15.674664301714435,40.42222152923013,27.091834987759913,79.81021305535334,-65.26425242315632,1145.0964449706805,1079.8321925475243
DEHHALKAJ00011WCbt_1,413.025390625,"(1979, 1983)",,,,185.35686370359213,8.007294636937775,0.5489167921087107,,,,,,15.962888495325027,,3.138084760636354,8.102382235464555,5.432472680656252,15.993447859206697,-14.641290943495813,242.5423511639275,227.90106022043167
DEHHALKAJ00017sUbt_0,373.480224609375,"(1979, 1983)",,,,201.12528835869674,5.627968211540737,0.4268696933950279,,,,,,14.49435684790822,,2.9086031877266914,6.147780529478286,4.395272563440141,13.421171436391393,-19.117827191029715,248.54731082857725,229.42948363754755
DEHHALKAJ00017sUbt_1,1653.33251953125,"(1979, 1983)",,,,707.3133337813549,24.837952791226837,1.885953333337998,,,,,,62.777071832444086,,12.871592169745593,27.015654951098846,19.303796273267885,59.12285392643038,-62.49702686423062,915.1282090589065,852.6311821946758
DEHHALKAJ00017sUbt_3,5.0,"(1979, 1983)",,,,11.794653673653785,0.07507698634086621,0.0057016388326939695,,,,,,0.21990108703839947,,0.03892407131798843,0.08896860193666155,0.06480443624396348,0.19018776854683123,-1.361073424841169,12.47821826391119,11.11714483907002
DEHHALKAJ00017sUbt_4,2488.223876953125,"(1979, 1983)",,,,1039.759147599931,37.361670004605394,2.8373907762544555,,,,,,94.4725793059212,,19.370360728329022,40.62405880954885,29.02750903448161,88.93089518097165,-91.07520603726955,1352.3836114400435,1261.308405402774
DEHHALKAJ00017sUbt_6,1356.22802734375,"(1979, 1983)",,,,592.2693620923973,20.396794094902322,1.5481351375326657,,,,,,51.509456311867496,,10.559816141434386,22.18791578405994,15.852061016464134,48.534279328651266,-52.706000960080615,762.8578199073094,710.1518189472288
DEHHALKAJ00017yRbt_1,1847.21923828125,"(1979, 1983)",,,,720.757723830337,31.501837546113606,2.290760815472877,,,,,,70.1353862215842,,14.592648953448549,33.146239447206455,23.059793684045477,69.6108560497807,-57.30108151461121,965.0952465479888,907.7941650333776
DEHHALKAJ00017yRbt_3,706.64306640625,"(1979, 1983)",,,,326.56274394187244,10.43366060840658,0.7971460292450725,,,,,,27.085902012210532,,5.4911079967883625,11.418512768508592,8.191986767489336,25.121456705120575,-29.85410643595494,415.10251682964144,385.2484103936865
DEHHALKAJ00017vfbt_0,248.3125,"(1979, 1983)",,,,126.91609066117256,5.647603593023959,0.3393752500691767,,,,,,9.755643415195749,,1.3952952216703935,5.246993591866067,3.2125582486890805,8.83648854608807,-9.59843064487092,161.35004852777504,151.75161788290413
DEHHALKAJ000180Rbt_1,214.2158203125,"(1979, 1983)",,,,98.85235783938083,3.981773043834563,0.24918683528709556,,,,,,8.382009254916127,,1.1534781314314777,3.8028577982644998,2.3991442663432556,6.747309795336081,-7.959775371288117,125.56811696479393,117.60834159350581
DEHHALKAJ0001806bt_0,556.5517578125,"(1979, 1983)",,,,232.36138265164283,10.803865578517092,0.7403525463754034,,,,,,21.349704009190916,,4.2293612769074995,10.916084304641693,7.314401661737,21.54418286541476,-17.60092230105803,309.25933489442724,291.65841259336923
DEHHALKAJ0001806bt_1,366.37890625,"(1979, 1983)",,,,222.35887571147143,6.323388386410377,0.44875792484660554,,,,,,14.313941839759979,,2.7396981519955,6.604517459129727,4.537829527650539,13.499894066216516,-20.869881317500283,270.8269030674807,249.95702174998044
DEHHALKAJ00018Lp,2077.3017578125,"(1969, 1978)",0.98766442283117,0.5414898137099176,16.464791586955236,820.782628976067,23.205939024633103,3.04531820703077,,,,,,78.86644797469206,,52.90551580070605,59.96175875698531,25.214221222178622,59.3127845555208,-94.7253149062544,1123.2946145178137,1028.5692996115592
DEHHALKAJ000180bbt_1,1550.853515625,"(1979, 1983)",,,,650.3322999426744,29.70819194560177,2.0435759175596715,,,,,,58.88607276374623,,11.76287617194356,30.100997074475572,20.220847249882947,59.65197844190393,-49.82431624107409,862.7068395077881,812.8825232667141
DEHHALKAJ000180bbt_2,955.904296875,"(1979, 1983)",,,,401.46651395725877,18.311328598783504,1.259605101903069,,,,,,36.403462923731006,,7.250319751725845,18.553911138995733,12.463998197925854,36.76860404199563,-30.78552790677343,532.4777437123194,501.6922158055459
DEHHALKAJ00018E7,136.772216796875,"(1949, 1957)",1.2519966023259292,0.4256532583132694,11.567299763624366,52.89119738225926,1.6694215586846284,0.15077926910583503,,,,,,5.193310066886396,,1.5158469514453539,2.4371188285185443,1.5369411790870533,3.425174711227461,-7.274875837384416,68.81978994721452,61.5449141098301
DEHHALKAJ00018EGbt_0,1460.2978515625,"(1979, 1983)",,,,638.7370115646056,28.606452134122343,1.955236465241203,,,,,,55.44946812760279,,11.111736403344036,28.87204617828491,19.317348361131117,56.81373215601174,-49.42702088982125,840.8630313903438,791.4360105005226
DEHHALKAJ00018EGbt_1,663.84765625,"(1979, 1983)",,,,280.5160992929129,12.99604923363771,0.8884356917635359,,,,,,25.414732847130573,,5.050894675217405,13.11098335314041,8.771611062501865,25.80760334687725,-21.282638639311138,372.55640950318167,351.27377086387054
DEHHALKAJ00018EGbt_2,472.4892578125,"(1979, 1983)",,,,211.971806634879,9.249853635972961,0.6323383334464971,,,,,,18.233566259586716,,3.594941480796378,9.340966789249423,6.251353731256209,18.382967851436092,-16.642772823868906,277.65779471662324,261.01502189275436
DEHHALKAJ00018Hd,246.56689453125,"(1969, 1978)",0.23446314302735202,0.1285450814111433,3.9086016419442475,113.1893499532654,2.887926633228487,0.39393440409341124,,,,,,9.361404940068253,,6.802786820700718,7.712729521218337,3.1094182976263633,7.58245273133797,-13.23482926851504,151.04000330153897,137.80517403302395
DEHHALKAJ00018G8bt_0,769.710693359375,"(1979, 1983)",,,,337.66512058056855,10.911136319647133,0.8460783686889273,,,,,,29.427188298769266,,5.955592637866365,12.059289476562745,8.724976988997277,26.902280333154025,-30.822964972568663,432.49166300425435,401.66869803168566
DEHHALKAJ00018G8bt_1,1081.70166015625,"(1979, 1983)",,,,449.0958291730781,15.246514538137124,1.1847504058212217,,,,,,41.132623968043156,,8.364680856329391,16.857958300077115,12.208744827350051,37.6919939128624,-40.324129270624475,581.7830959816986,541.4589667110741
DEHHALKAJ00018G8bt_2,958.86962890625,"(1979, 1983)",,,,403.23765501769583,13.519436707499253,1.0504238975965219,,,,,,36.517769691121494,,7.415072875984503,14.950947584465297,10.827551422742314,33.42208379517068,-36.36427976141913,520.940940992276,484.5766612308568
DEHHALKAJ00018B7,104.38818359375,"(1969, 1978)",0.19852771935856858,0.10884338373105712,3.309542642127872,78.20668112377783,1.5938445789026159,0.23322945234257048,,,,,,3.963478841231837,,3.984136031209819,4.512709351886399,1.6648824082632163,4.23211771290575,-8.443372827210514,98.39107950052002,89.94770667330951
DEHHALKAJ00018K3bt_0,124.58349609375,"(1979, 1983)",,,,63.58475314796993,2.7667165807582244,0.13544800640107815,,,,,,4.981586627508918,,0.1560709249331195,2.27182114541634,1.1772443662147536,2.757696242308114,-4.702543120274122,77.83133704151047,73.12879392123634
DEHHALKAJ0001813bt_1,774.5078125,"(1979, 1983)",,,,334.4667696535931,14.987862925258831,1.0279875734587742,,,,,,29.61559176695856,,5.883006914315668,15.159275436814239,10.165059922365433,29.945946429556674,-25.512319681210382,441.2515006223213,415.73918094111093
DEHHALKAJ00018yQbt_0,330.62255859375,"(1979, 1983)",,,,183.13108274123272,4.931912080564443,0.37542617501314707,,,,,,12.852322311967658,,2.5720009218206843,5.405777024423692,3.873693344266159,11.83837567784958,-17.596045965604272,224.9805902771381,207.38454431153383
DEHHALKAJ00018yQbt_1,1061.65771484375,"(1979, 1983)",,,,463.2325825333849,15.783251421918125,1.2029045996038281,,,,,,40.4158579742809,,8.255897520283161,17.221035259237144,12.333533456638232,37.81444054679665,-41.41006284376288,596.2595033121429,554.8494404683801
DEHHALKAJ00018yQbt_3,1544.0771484375,"(1979, 1983)",,,,645.8665369355381,22.898731892915595,1.746742778446404,,,,,,58.62881189841548,,12.004209226904894,24.97986943778242,17.89617146617005,54.90969146592195,-56.906695018011625,838.9307651020949,782.0240700840833
DEHHALKAJ00018yQbt_4,515.04638671875,"(1979, 1983)",,,,254.06389549424466,7.660240999577877,0.5837290377608003,,,,,,19.85958878741969,,4.005400792029787,8.379294482390687,6.004319303730082,18.382934437752734,-23.646549642772513,318.9394033349063,295.29285369213375
DEHHALKAJ000181abt_0,243.458984375,"(1979, 1983)",,,,120.35851624999262,5.49654079975372,0.33075054005345167,,,,,,9.542673472319176,,1.3657283152152337,5.108661787969566,3.1303622246869445,8.619510419746923,-8.960288803131217,153.9527438097376,144.99245500660638
DEHHALKAJ00018BE,623.3798828125,"(1995, 2001)",,,,292.1992903332276,13.169029660131796,0.8535770171980575,,,,,,23.667461388531237,,3.623732366038591,12.518082362479365,7.700119958283583,21.25613205659782,-35.711505220121865,374.9874251424882,339.2759199223663
DEHHALKAJ00018L7bt_0,206.03759765625,"(1979, 1983)",,,,101.9115831278747,4.323043378033632,0.2638228523126811,,,,,,8.087758482722794,,1.1372674841021726,4.059318509895903,2.514440223297459,6.976061638588449,-7.947666878948391,129.2732956968278,121.3256288178794
DEHHALKAJ00019u9bt_1,2924.953125,"(1979, 1983)",,,,1214.6052880799227,56.11346340681879,3.858303854011136,,,,,,111.05333202343401,,22.18979463333715,56.82899512361452,38.16315528757912,112.57162732170208,-92.43033633179438,1615.3839597304197,1522.9536233986253
DEHHALKAJ00019u9bt_3,4.0,"(1979, 1983)",,,,7.263006255399653,0.05986349828937001,0.004450305648290776,,,,,,0.1702462026409094,,0.02939363439622003,0.06838787322071076,0.0490057435321975,0.1442151615402989,-0.8247815805367849,7.7885686746676495,6.963787094130865
DEHHALKAJ0001A8nbt_0,776.5625,"(1979, 1983)",,,,346.00601154895816,15.01293654440921,1.0299956665465568,,,,,,29.726319277897137,,5.897785381034088,15.198116792602594,10.195045039369713,30.026679867779066,-27.271032897209217,453.09289011859653,425.8218572213873
DEHHALKAsT0000Edbt_1,241.58935546875,"(1979, 1983)",,,,93.45534710562403,4.111709954941385,0.2624809269107266,,,,,,9.37644501620273,,1.2795028489036393,3.9706569748569103,2.5382883882717353,7.22084548780308,-7.20146626694085,122.21527670351423,115.01381043657338
