building_name,net_leased_area ,building_age_group,a1,a2,a3,a1_a3,a4,a5,b1,b2,b3,b4,b5,b6,b7,c1,c2,c3,c4,d,sum,sum with d
DEHHALKA10000t7C,1350.308837890625,"(2002, 2009)",-9993.005569692994,68.64940834841846,782.1813858107284,264478.06406655,7055.621887114915,5189.5465961299815,-3888.889453125,,,,,41541.79137189576,,1377.9166814541184,6717.92927089542,8579.976775880814,22305.94212959591,-24221.36068788541,353357.89932639187,329136.53863850643
DEHHALKA10000t7F,1348.009033203125,"(2002, 2009)",-9975.985788435177,68.53248677708339,780.8491984124937,273333.73823179514,7061.082364173727,5213.054069492758,-3882.266015625,,,,,41471.04078262482,,1377.10248771323,6765.700441879391,9008.166962305097,22303.803130863154,-27253.69194402745,362651.4224552223,335397.73051119485
DEHHALKA10000t79,1348.662109375,"(2002, 2009)",-9980.818900416563,68.56568902796676,781.2275000356655,272420.4889784502,7047.958962235435,5184.960400322608,-3884.146875,,,,,41491.13234679828,,1376.3188509321035,6752.055440115757,9049.208880824039,22298.154693030567,-27206.400470871547,361736.131677709,334529.73120683746
DEHHALKA3Aw000Dnbt_1,603.001953125,"(1979, 1983)",,,,170752.19729078695,2805.248420626882,2189.3570230012374,-1356.75439453125,,,,,19038.162638170805,,501.69111212870064,2598.856572031809,-732.5055078140854,6031.334065224306,-8481.227120700325,201827.58721962533,193346.360098925
DEHHALKA3gi00005bt_1,759.09765625,"(1979, 1983)",,,,236619.34021027377,4498.115842336128,4545.194687352225,-1707.9697265625,,,,,24067.20721489894,,716.3321293097547,4215.835469309613,-3584.7820097097165,8532.76961525387,-10965.816596578627,277902.04343246203,266936.2268358834
DEHHALKA900014M0bt_1,852.228515625,"(1979, 1983)",,,,240808.82966435453,4015.2572374037,3187.8360104149183,-1917.5141601562498,,,,,26628.72838944408,,713.4797270416561,3721.463676906217,-1185.3186135186086,8572.848853099254,-11934.527740355024,284545.61078498955,272611.08304463455
DEHHALKA900014M0bt_2,4.0,"(1979, 1983)",,,,8843.450925682815,18.845918266224757,14.962353180951943,-9.0,,,,,190.90198427038217,,3.3487719031246472,21.780359009151066,44.74582479753074,42.469319029444065,-370.0756362832855,9171.505456139625,8801.42981985634
DEHHALKAJ000109w,1832.744140625,"(1949, 1957)",-101724.63082796232,698.8223585084468,7962.280432767215,77546.2728536544,4155.170197113332,1467.929168087203,-6397.777187025553,,,,,56383.765584343244,,1983.3109279779214,7770.290913164337,108178.21687420903,2623.585424392606,-60323.40882351449,253710.7647559165,193387.35593240202
DEHHALKAJ00010D9bt_1,1199.3701171875,"(1979, 1983)",,,,306552.896289542,6378.230184766444,5832.620934616914,-2698.582763671875,,,,,36910.52891752909,,1067.8935253304676,5920.657536414588,-3989.068332631583,12758.227071304997,-15032.576516386718,368733.403363201,353700.8268468143
DEHHALKAJ00010A0,590.72265625,"(1958, 1968)",-38295.10604578755,287.47678400954175,3750.1399568321913,2179.259103132483,730.9409865200994,392.71932886009233,-1594.951171875,,,,,18173.88505901121,,494.43486328125,1955.9699506357929,42176.8364679551,841.1059159864623,-20599.84300128538,65350.20050350749,44750.35750222211
DEHHALKAJ00010D6,620.953125,"(1969, 1978)",,,,147969.21307514826,3203.0407888481855,820.0528069377749,-4933.7746661891015,,,,,19103.83282985739,,1529.4701465186215,6315.161156252207,3637.6085757539076,5227.061943029625,-11965.955252902468,182871.66665615686,170905.7114032544
DEHHALKAJ00010Ax,810.3994140625,"(1949, 1957)",-44980.409098780176,309.0039778688869,3520.7464338777777,36850.03348880272,1912.3624512175388,665.038732413592,-2885.354805364279,,,,,24932.506635769438,,894.4599896629265,3505.41856322923,47945.57552633666,1265.5079212556793,-26825.01272377799,115085.5485033235,88260.53577954552
DEHHALKAJ000108c,718.572265625,"(1969, 1978)",,,,170972.43996237445,3701.8919632450397,946.4244793052013,-5700.794058251975,,,,,22106.988353416386,,1767.2461580581123,7297.199458000382,4192.614876610742,5998.232702127193,-13799.751448735062,211282.24389488553,197482.49244615046
DEHHALKAJ000107hbt_0,947.62060546875,"(1979, 1983)",,,,243885.56583527953,4781.766390552015,4655.735636583541,-1895.2412109374998,,,,,29395.432364910303,,776.499081903102,4465.585223336255,-3491.8507708738052,9260.511871377985,-11536.208368546331,291834.00442213134,280297.796053585
DEHHALKAJ00010AW,669.5283203125,"(1949, 1957)",-37161.4999076897,255.2900590528822,2908.737846074771,31918.49697763703,1616.5786034415546,557.2252036888051,-2411.3347996432644,,,,,20598.858194719985,,747.513787889412,2930.883158202115,39825.21613125909,1099.9264257801099,-22300.012445050954,96883.36368297483,74583.35123792387
DEHHALKAJ00010Em,1410.43359375,"(1958, 1968)",-89366.03926464412,663.0129101343066,8509.308732397814,6237.935860413532,1740.2612182409932,918.2439266917563,-3808.170703125,,,,,43391.51970072924,,1180.53291796875,4662.247490529229,97702.02440815784,1693.1178255227692,-48316.50341822239,153717.7126451291,105401.2092269067
DEHHALKAJ00010CR,1537.02734375,"(1949, 1957)",-85311.16572667522,586.0660250617727,6677.551149935924,69443.02437883805,3613.9202014344537,1258.5421922250148,-5462.5858000369935,,,,,47286.31613958308,,1693.4015980114682,6636.314066895586,90915.482618418,2381.76418513761,-50850.64438575081,217766.17958050626,166915.53519475544
DEHHALKAJ00010DZbt_1,109.232421875,"(1979, 1983)",,,,39042.12693752611,281.23169994742824,520.4873007048916,,,,,,3800.4035580768937,,24.661833668449216,293.0057001596512,-561.0868484808788,282.9814234928152,-1417.1537895017482,43683.81160509535,42266.6578155936
DEHHALKAJ00010CC,654.6484375,"(1949, 1957)",-36335.60689168544,249.61638394959445,2844.0928161801808,30233.495532306544,1558.4705088730673,540.1257042586602,-2341.073436352363,,,,,20140.919567538433,,725.7327652692325,2844.361579883743,38751.17926358279,1041.4596901608866,-21697.021120572215,93494.671175521,71797.65005494878
DEHHALKAJ000109u,1563.70703125,"(1949, 1957)",-86791.99510235521,596.2389464913074,6793.459938852389,68016.57636072271,3599.5309642078946,1263.9926594004596,-5499.442443972543,,,,,48106.99232137134,,1704.8271576314883,6680.010608645898,92378.96442317867,2314.76527312551,-51577.78960404847,218566.21732431147,166988.427720263
DEHHALKAJ000106X,691.1787109375,"(1958, 1968)",-44585.239655008816,333.853327616109,4340.119346317737,2660.969054301582,854.7090066393644,457.41717894002034,-1866.18251953125,,,,,21264.402172744827,,578.5165810546875,2287.745691691016,49026.9718468019,950.2974035936898,-24009.701101337698,76214.84641623584,52205.145314898145
DEHHALKAJ0001087bt_0,1165.005859375,"(1979, 1983)",,,,310525.7067319328,5517.658322241355,4411.029105942474,-2621.26318359375,,,,,35944.71289753285,,977.8564893741047,5104.574120662298,-1825.4829318916436,11741.559953996659,-15537.098783329935,369776.3515061972,354239.25272286724
DEHHALKAJ0001087bt_1,1333.10546875,"(1979, 1983)",,,,350857.35671851004,6312.14363096968,5044.424135642534,-2999.4873046875,,,,,41034.329330755165,,1118.8064301988702,5837.01248017804,-2113.246556222889,13432.85857820709,-17597.795475288865,418524.19744355103,400926.40196826216
DEHHALKAJ00010Eh,1836.6298828125,"(1958, 1968)",-115883.4059185496,857.8582730364789,10975.987694590842,8420.654069603894,2264.9551637494133,1191.1426147382576,-4958.90068359375,,,,,56503.30185979553,,1537.2592119140625,6069.401362855975,126557.78742024473,2131.3071193739675,-62727.74684175555,199716.90813868205,136989.1612969265
DEHHALKAJ00010Apbt_0,4522.6318359375,"(1979, 1983)",,,,1104709.153708851,23372.438923663423,20737.51534349555,-10175.921630859375,,,,,139139.51135217305,,3967.3256389117673,21641.532209998928,-13420.122268740724,47438.11835370764,-54935.4236364393,1337409.5516312013,1282474.127994762
DEHHALKAJ00010ED,2555.748046875,"(1949, 1957)",-141854.23965889,974.5025714617644,11103.34073024304,102927.91392876965,5655.553514976562,2017.507946605941,-8817.33076171875,,,,,78626.74220112522,,2733.3725361328125,10695.019721281198,152805.47118390945,3393.8638928417454,-84707.55314565169,350038.1141639238,265330.56101827207
DEHHALKAJ00010Dw,1936.94921875,"(1949, 1957)",-107508.42948686828,738.555585230992,8414.99504587558,82787.57264412605,4399.041556644262,1553.0116125808408,-6767.264736442775,,,,,59589.60570283273,,2097.8520682972603,8221.301614685657,114748.40246484868,2790.9458890910955,-63932.555062438594,269420.46881666384,205487.91375422524
DEHHALKAJ00010CLbt_0,1726.1591796875,"(1979, 1983)",,,,448303.88772241713,9290.726021915543,8599.940245351318,-3883.858154296875,,,,,53115.56473432056,,1546.6726331200273,8632.179972143364,-6016.884363621579,18471.24078084566,-21856.43631633268,538059.4695921951,516203.03327586246
DEHHALKAJ00010CLbt_1,911.1748046875,"(1979, 1983)",,,,246992.3275396578,4904.226428269807,4539.586479388754,-2050.143310546875,,,,,28318.27747965683,,816.4305766133206,4562.392278768042,-3108.5835947523155,9753.271324831412,-11958.597022479495,294727.78520188684,282769.1881794073
DEHHALKAJ00010AK,860.0478515625,"(1969, 1978)",,,,206598.93114537885,4463.253411443106,1145.9459388746375,-6888.561046871622,,,,,26459.385912030168,,2135.4539245302026,8817.722884302748,5101.598420592024,7388.42540451676,-16766.130384836302,255222.15599479692,238456.0256099606
DEHHALKAJ00010D1,682.2548828125,"(1949, 1957)",-37867.87503301407,260.14267662497946,2964.027865736535,31411.532779416048,1621.3514401308944,562.2990574203454,-2437.662000516173,,,,,20990.285000019867,,755.6752201600137,2961.675428328642,40381.09116964815,1081.3887306402692,-22606.255580262856,97327.63682524806,74721.38124498521
DEHHALKAJ00010C2,689.3984375,"(1958, 1968)",-45414.7418929451,343.6642832491731,4531.910005888831,2181.859962613723,854.7730247624229,465.10710849780884,-1861.37578125,,,,,21209.66409746928,,577.0264921875,2285.461944592724,50270.524387399026,1091.6929142810777,-24344.289230529048,77074.73415055357,52730.44492002453
DEHHALKAJ00010EY,856.015625,"(1958, 1968)",-55142.07156388523,412.6123760794437,5358.812071160284,3333.6584371238114,1058.3630227466542,565.7899384594923,-2311.2421875,,,,,26335.361414599512,,716.485078125,2833.051536950211,60608.785170413685,1165.3308369889812,-29703.725929413988,94305.58324790734,64601.857318493356
DEHHALKAJ00010Dybt_0,1084.08984375,"(1979, 1983)",,,,257873.30384266953,5500.412883050274,4782.004783985286,-2439.2021484375,,,,,33361.21728576469,,942.033149967283,5085.545700740084,-2963.019030029617,11270.60998078834,-12967.749752648011,313412.9064484983,300445.1566958503
DEHHALKAJ00010Dybt_1,522.205078125,"(1979, 1983)",,,,134383.90521500062,2741.4021760766536,2473.493417944704,-1174.96142578125,,,,,16437.382078838804,,461.8317639251062,2543.067055607148,-1637.8259984104388,5520.332613656796,-6539.080724325559,161748.62689685816,155209.5461725326
DEHHALKAJ00010Kr,830.3896484375,"(1958, 1968)",-53718.05855700631,402.82237577011585,5247.122405379676,3120.471069375322,1027.2234577218287,550.9815139639089,-2242.05205078125,,,,,25547.08136397038,,695.0361357421875,2749.1068236543415,59123.280337471806,1164.982257705583,-28909.68902330292,91736.1109088241,62826.42188552119
DEHHALKAJ00010mObt_0,1644.840087890625,"(1979, 1983)",,,,443686.9366400528,8133.012885802096,6316.218404695613,-3947.6162109374995,,,,,50615.124296616406,,1457.1659739873874,7503.823368293401,-2393.3274864327714,17505.254201912874,-22531.407489618243,528876.5920739903,506345.18458437204
DEHHALKAJ00010mObt_1,1554.635009765625,"(1979, 1983)",,,,422075.67006574885,7690.864559621841,5977.003017203081,-3731.1240234375,,,,,47840.75803447751,,1377.5930927485306,7097.563616803345,-2255.5695906784476,16549.776301004407,-21404.1737610898,502622.5350734916,481218.36131240183
DEHHALKAJ00010bibt_0,445.697021484375,"(1979, 1983)",,,,117113.28145061109,1884.301990781466,1514.7434862019018,-891.39404296875,,,,,14319.733438772775,,333.22990353582986,1749.9824667910082,-568.7369136693694,4003.8814570352274,-5747.571486998253,139459.02323709117,133711.4517500929
DEHHALKAJ00010is,531.865234375,"(1949, 1957)",-29520.647982305993,202.79934839558987,2310.6663143329133,14361.503998583368,911.5840360742188,363.4384981090389,-1635.485595703125,,,,,16362.658852328077,,507.0005346679688,1991.394289470673,31791.531635914624,386.0569401051017,-17248.149654286477,65039.68318954994,47791.533535263465
DEHHALKAJ00010Kj,732.373046875,"(1958, 1968)",-47153.91090985902,352.7497005674224,4579.7448545031275,2863.8783469862146,905.4371798088259,483.8471391053452,-1977.4072265625,,,,,22531.647776223297,,612.996240234375,2423.7569736772834,51820.44391701558,993.4373709474679,-25403.482256841497,80658.03771743589,55254.55546059439
DEHHALKAJ00010JX,538.5830078125,"(1860, 1918)",-72066.79969187993,593.6240239407114,8680.77170381031,27040.616996994613,1741.8722477532904,2865.6466355871116,-1454.1741210937498,,,,,16569.984236445085,,560.3452305219425,3141.599390237384,72976.86393521773,1712.8911268823274,-32936.91910108932,125155.64567854573,92218.7265774564
DEHHALKAJ00010Hc,839.201171875,"(1949, 1957)",-46579.021865139264,319.98604125546336,3645.874468706231,32658.44203703198,1819.1275593810155,654.4038038390324,-2866.7430771425497,,,,,25818.228791823123,,888.6903539141905,3480.555059447367,49409.96932014007,1084.0214595947753,-27453.302244809587,112946.69530802901,85493.39306321942
DEHHALKAJ00010I1,1226.453125,"(1958, 1968)",-76457.2212149823,562.3840121767087,7130.304553060438,8066.771765731599,1510.254378125,786.7115552183188,-3311.4234375,,,,,37732.16597923484,,1026.541265625,4056.8807687280796,84580.20086779163,1307.9881788928533,-42066.31718998391,135756.0913218473,93689.7741318634
DEHHALKAJ00010lF,656.58984375,"(1958, 1968)",-40931.882277281824,301.0760241510276,3817.256001841788,4161.539266177532,808.5247335937499,421.17126744417203,-1772.7925781249999,,,,,20200.12190936577,,549.56569921875,2171.2883923100726,45168.54879724383,698.1852734898372,-22475.481510497262,72406.15276071872,49930.67125022145
DEHHALKAJ00010h2,599.4443359375,"(1949, 1957)",-33271.55843715343,228.56714985405384,2604.2609007827086,28426.308898253406,1448.8014909657386,499.2030684275209,-2160.007336337153,,,,,18442.647302101526,,669.6022742645173,2624.6721163634456,35515.764311415165,984.1942450666149,-19911.25409452388,86451.18637052077,66539.93227599689
DEHHALKAJ00010Kz,1310.1083984375,"(1969, 1978)",,,,299321.8610583501,6557.407039874564,1668.4871984980466,-9981.318225803645,,,,,40305.59545927663,,3094.20864999913,12766.350231462386,7305.851874973914,10357.903553872558,-24053.704899280332,371396.3468405037,347342.64194122335
DEHHALKAJ00010PF,677.8642578125,"(1949, 1957)",-37624.17778290217,258.46853845707363,2944.9529786586277,31043.999757154506,1606.0710836407598,557.6501204347078,-2418.3321253812865,,,,,20855.179631031566,,749.6829588681987,2938.1228272942553,40114.01701653599,1067.6212899370294,-22451.00103488967,96514.01255951573,74063.01152462605
DEHHALKAJ00010pq,1350.03662109375,"(2002, 2009)",-9990.991020212901,68.63556890552688,782.0237012089203,272208.50835587305,7047.467315877091,5176.040864812832,-3888.10546875,,,,,41533.418677652815,,1377.0485386175892,6751.063714112979,9075.178756422174,22313.237163929978,-27204.396160675187,361593.8579185486,334389.46175787336
DEHHALKAJ00010KY,562.689453125,"(1949, 1957)",-31231.51542059163,214.55257284660874,2444.580846300679,27840.336085111176,1393.8709274279813,475.80201039240205,-2053.047716722868,,,,,17311.912275013776,,636.444792184089,2495.1711487851558,33388.509310267094,971.4765330447048,-18758.764974261918,82460.47536550352,63701.7103912416
DEHHALKAJ00010Po,760.1845703125,"(1949, 1957)",-42193.28441000031,289.85713965854,3302.590140829289,35917.400548091275,1833.445793859712,632.24524830325,-2736.316926218729,,,,,23387.756510786094,,848.2582471278058,3324.9053465728193,45033.54880138482,1242.6960435140002,-25242.66765314355,109483.93961342105,84241.2719602775
DEHHALKAJ00010Nibt_0,4.0,"(1979, 1983)",,,,5571.646395074473,19.000505020218313,15.248453369251763,-9.0,,,,,166.01171993043408,,3.362327959625558,20.099753760558993,22.957134663144856,41.67188397619914,-236.76196791609414,5850.998173753905,5614.23620583781
DEHHALKAJ00010Nibt_1,936.0869140625,"(1979, 1983)",,,,239175.25775826068,4957.438816999979,4514.027885897772,-2106.195556640625,,,,,28921.888407551563,,831.6604420687678,4601.003514816746,-3054.0291995509124,9937.5892485158,-11741.91731091064,287778.64131791977,276036.7240070091
DEHHALKAJ00010FV,674.16015625,"(1949, 1957)",-37418.585329682755,257.0561705587491,2928.860664004156,31017.351096168408,1601.4848075977513,555.4936658130464,-2408.266569720525,,,,,20741.237997702494,,746.5626366133627,2925.9522231813526,39901.0468307287,1067.6735847425762,-22336.769768915634,96148.53627282717,73811.76650391154
DEHHALKAJ00010Gn,1125.1611328125,"(1949, 1957)",-62450.9435443027,429.022109035868,4888.215584990509,51130.3978667881,2652.5553432018005,922.7945101891098,-4004.100619370801,,,,,34615.898556202264,,1241.2711920049483,4864.7558990686675,66603.59361096862,1754.1450005832976,-37254.660950294245,159781.311359636,122526.65040934175
DEHHALKAJ00010kcbt_1,1111.580078125,"(1979, 1983)",,,,286341.362504271,5887.528973619854,5361.578916972856,-2501.05517578125,,,,,34231.25673028913,,987.6369838455191,5465.547191666383,-3613.4184132249748,11801.98429100747,-14037.546492980478,343962.42200266593,329924.87550968543
DEHHALKAJ00010Knbt_1,617.4208984375,"(1979, 1983)",,,,161741.17978512868,3315.4542805733354,3061.822391282462,-1389.197021484375,,,,,19400.608706818228,,552.5463059146525,3080.9548313218174,-2120.757416223137,6599.848318578106,-7879.021684771248,194242.46018190973,186363.43849713847
DEHHALKAJ00010K2,1443.42578125,"(1958, 1968)",-92986.22869123248,695.8080232747977,9037.154270642288,5618.8223052231415,1784.6385614125627,954.088903132098,-3897.2496093749996,,,,,44406.517069029665,,1208.14737890625,4777.150639395584,102206.4778664012,1965.7407668149979,-50088.89559440752,159024.33388094048,108935.43828653297
DEHHALKAJ00010JBbt_0,1263.5400390625,"(1979, 1983)",,,,300278.6748004068,6373.72525056006,5504.772149292526,-2842.965087890625,,,,,38881.570439722345,,1094.7086322802948,5890.576909985944,-3356.5834043679806,13099.906340335325,-15068.852169939026,364924.3860303246,349855.5338603856
DEHHALKAJ00010SBbt_1,742.314453125,"(1979, 1983)",,,,222789.44986753925,4120.946839985905,3930.7181917253583,-1670.20751953125,,,,,23489.590523650077,,676.1407106779072,3850.0326448986816,-2756.0597470747266,8073.33739702654,-10543.64494123997,262503.94890889776,251960.3039676578
DEHHALKAJ00010k2,2309.94921875,"(1949, 1957)",-128211.42149637516,880.7798782710236,10035.477979412264,99472.59533689512,5287.923209022253,1860.9532093409548,-8101.825251861017,,,,,71064.81422356257,,2511.5658280769157,9840.632481348353,136420.9427317182,3378.131373342755,-76132.78404567299,321735.7331414461,245602.9490957731
DEHHALKAJ00010Jw,2018.2841796875,"(1949, 1957)",-112022.84516081632,769.5684734850793,8768.35138930478,86137.95746604238,4597.5427187351015,1621.1540721014894,-7061.787646314441,,,,,62091.838982627465,,2189.1541703574767,8577.060870170702,119162.04972760682,2919.699056244192,-66474.11936857636,280234.6694175712,213760.55004899486
DEHHALKAJ00010FJ,306.08154296875,"(1919, 1948)",-23061.202279586156,176.96355926914634,2376.961932270589,25330.893524720734,857.0240966665024,1484.2949539620085,-550.94677734375,,,,,9417.648650133926,,231.76083431410166,1450.9026300073813,23371.830477599055,1055.245293826728,-12336.39039796835,62648.65368388669,50312.263285918336
DEHHALKAJ00010SZ,720.0390625,"(1949, 1957)",-39965.048143352105,274.54972285595056,3128.179657536206,32185.348662367625,1682.8437313738282,587.4234064736911,-2551.392549336412,,,,,22152.54191988253,,790.9316902942876,3099.460139088367,42575.38519080542,1101.5197680012066,-23801.149659725947,101624.06195895055,77822.91229922461
DEHHALKAJ00010ki,458.909912109375,"(1958, 1968)",-28436.441463970026,221.0244299061318,3017.7796522534363,508.7001174578238,509.5256681437819,289.8962851107395,-1101.3837890625,,,,,14118.946682958918,,341.428974609375,1358.2955247925747,32014.47611182416,884.2430254353178,-15061.324326265938,48924.12860127019,33862.80427500425
DEHHALKAJ00010Rb,1708.4765625,"(1958, 1968)",-107143.06106061387,790.6051922714747,10069.466315650323,8109.784849353504,2105.344890092084,1101.8834775401776,-4612.88671875,,,,,52560.70889332051,,1429.9948828125,5643.209916974554,116741.68479790984,1882.2478034169078,-58061.61783477303,184961.97279267007,126900.35495789704
DEHHALKAJ00010h6,653.5068359375,"(1860, 1918)",-87444.54533399967,720.2926048439982,10533.090660795244,26027.246826271377,1988.2397548104564,3206.471355388044,-1764.4684570312502,,,,,20105.4272169706,,667.2886813479471,3654.38334100434,88862.13909378879,1871.016039703928,-39691.58564773359,144617.74385225424,104926.15820452065
DEHHALKAJ00010Io,1474.216796875,"(1958, 1968)",-93735.42806834968,696.7027526438275,8964.626912788437,6458.731765007065,1819.7470002625873,962.8496940447095,-3980.3853515624996,,,,,45353.79132047225,,1233.9194589843748,4874.724973789914,102669.48019123002,1820.9967200406822,-50668.642959296085,161213.8557722691,110545.21281297301
DEHHALKAJ00010gfbt_1,345.5048828125,"(1979, 1983)",,,,119397.70481709062,1844.48766654649,2266.791512180133,-518.25732421875,,,,,11544.09108085835,,259.41750788965123,1768.2978716010127,-2168.4155898889976,3066.2327698510326,-4971.283437693088,137460.35031190954,132489.06687421646
DEHHALKAJ00010Ezbt_0,1507.0732421875,"(1979, 1983)",,,,388732.25218267925,8070.954818281858,7433.31907147729,-3390.914794921875,,,,,46376.28767759044,,1346.808547802094,7495.949210782561,-5152.932725093499,16086.873469135315,-18998.477355417308,466998.5974577334,448000.1201023161
DEHHALKAJ00010Ezbt_1,395.2939453125,"(1979, 1983)",,,,65508.9692998659,1434.521050949998,686.7025859775516,-889.4113769531249,,,,,12216.687978623075,,293.41396056427834,1287.725728067489,390.11320678956116,3549.6566592212293,-3917.5751705523994,84478.37909310596,80560.80392255356
DEHHALKAJ00010iY,725.8193359375,"(1949, 1957)",-40285.87644037442,276.75373171178563,3153.2918142564313,35897.05079889531,1797.5444308284677,613.6518981938545,-2647.9294336689322,,,,,22330.669030985107,,820.858124437369,3218.1547344989467,43067.57487090614,1252.5211526372275,-24196.280799078624,106350.0956077135,82153.81480863488
DEHHALKAJ00010NBbt_0,1350.72265625,"(1979, 1983)",,,,344893.99313769024,7173.522210594252,6550.895072808406,-3039.1259765625,,,,,41566.25220103013,,1201.8129010716602,6658.357964015346,-4466.8643668622735,14358.858678604916,-16921.475953445224,414897.70182239026,397976.225868945
DEHHALKAJ00010NBbt_1,1340.203125,"(1979, 1983)",,,,354353.6988036786,7323.328213549086,6880.52559102405,-3015.45703125,,,,,41243.90333841151,,1210.4890960903717,6811.611663421949,-4949.431787707044,14449.23660624303,-17158.05273393707,424307.9044934616,407149.85175952455
DEHHALKAJ00010MC,1302.25,"(1958, 1968)",-83015.86544812964,617.8580167119138,7965.039342038088,5507.219678479126,1607.9891646314059,852.5492780737758,-3516.075,,,,,40063.296767945394,,1089.98325,4306.569699286919,90939.73372596216,1640.0844964773055,-44822.26357178691,142491.35106085608,97669.08748906916
DEHHALKAJ00010JFbt_1,587.47119140625,"(1979, 1983)",,,,164877.11230696976,2393.450724717043,2479.5903191653015,-881.206787109375,,,,,18830.81341582103,,375.95840866876387,2269.1436328759,-1781.2646418623117,4484.99845520419,-7355.623171151824,193048.5958344503,185692.97266329848
DEHHALKAJ00010Nv,1889.986328125,"(1969, 1978)",,,,451578.4380495003,9760.522175648919,2487.3130894501523,-15056.97987031666,,,,,58144.795215415834,,4667.663759798164,19278.677061163937,11001.954491804194,15562.247811714298,-36273.94827804809,557424.6317841792,521150.6835061312
DEHHALKAJ00010pAbt_0,627.797607421875,"(1979, 1983)",,,,162687.59327131766,2719.5059479066904,2254.5303552575574,-1255.59521484375,,,,,19761.642130085962,,475.1078016700256,2526.6979042344965,-1005.4315451953981,5702.215995280844,-7963.166795005688,193866.26664571412,185903.09985070842
DEHHALKAJ00010LObt_1,310.868408203125,"(1979, 1983)",,,,70019.31280749981,1431.7317179086854,1273.891503916816,-621.73681640625,,,,,9844.174357658985,,242.72366621102626,1327.1533965510187,-815.408708897419,2902.676735074781,-3449.6358177316106,85604.51865951745,82154.88284178583
DEHHALKAJ00010LObt_2,3.0,"(1979, 1983)",,,,5794.660760389957,13.422816218219419,11.56445015605954,-6.0,,,,,137.01297636194454,,2.3078308858897723,15.291923321814274,26.68071982134039,29.113371775296578,-242.07883084648256,6024.054848930521,5781.9760180840385
DEHHALKAJ00010Lg,759.1484375,"(1949, 1957)",-42135.774894348906,289.46206390316894,3298.0887050664637,29478.036473486605,1643.6915226267374,591.5738568567282,-2591.846927963798,,,,,23355.482552005305,,803.4725476687775,3146.771827460748,44693.83993331526,977.9364877470043,-24830.643308266473,102098.95827320337,77268.3149649369
DEHHALKAJ00010JN,1330.7109375,"(1949, 1957)",-73859.77990891668,507.3979150846515,5781.218133215423,55173.727338794204,2944.69829653125,1050.4634423273415,-4590.952734375,,,,,40939.50815865774,,1423.1953476562499,5579.833883612168,79390.77485131501,1820.867627192727,-44036.298004262964,183732.1162117117,139695.81820744873
DEHHALKAJ00010MGbt_0,556.2841796875,"(1979, 1983)",,,,158165.56107478458,2584.4433755344653,2013.3184119289338,-1251.639404296875,,,,,17604.74844308047,,462.5183558376947,2394.5250993128116,-661.5062352626758,5560.890611602472,-7852.427195108415,186872.85973252184,179020.43253741344
DEHHALKAJ00010MGbt_1,28.51171875,"(1979, 1983)",,,,31367.865255551285,132.462732788723,103.19036638317017,-64.1513671875,,,,,1124.5876507085577,,23.70585711383137,135.73688126114993,117.81651978641642,291.74837570576494,-1349.6017841905998,33232.9622721114,31883.3604879208
DEHHALKAJ00010os,654.0126953125,"(1949, 1957)",-36300.32065729424,249.3739764880049,2841.330860778108,29821.21115178039,1545.7363956623917,537.2157168117055,-2330.36657208105,,,,,20121.3358525167,,722.4136373451255,2831.1968596470897,38696.86933276362,1024.6849652150272,-21653.323171201882,92970.297339661,71316.97416845913
DEHHALKAJ00010P7,576.5947265625,"(1949, 1957)",-32003.31371782104,219.85463098113092,2504.9917264390965,28040.564514446974,1414.0236897834498,484.52152081367007,-2093.0405471605377,,,,,17739.709835440917,,648.8425696197667,2543.5815733599443,34192.367394004206,975.4045614971711,-19193.511798326443,83945.97511180556,64752.463313479115
DEHHALKAJ00010u5,53.537841796875,"(1949, 1957)",,,,3787.9624238071533,106.84825484179686,22.7154638203125,-80.3067626953125,,,,,1647.3671207107827,,24.895096435546876,99.58908457276804,259.79893816246647,151.95825922964318,-256.03631224711864,6020.827878885158,5764.791566638039
DEHHALKAJ00010u1,759.708984375,"(1949, 1957)",-42166.88748811319,289.675799514463,3300.523977571517,34385.92170242501,1788.080962643714,622.4491975669436,-2701.3711009183235,,,,,23373.00102641784,,837.4250412846802,3281.8315454422136,44939.651561417035,1179.7991815289838,-25137.70586619334,107706.78911780809,82569.08325161475
DEHHALKAJ00010rf,1804.3740234375,"(1949, 1957)",-100149.97584286424,688.0048789898007,7839.027642620354,76738.19391391004,4102.345431507458,1447.6501359121426,-6307.382263833193,,,,,55510.96801393561,,1955.28850178829,7660.66739120319,106520.74953078755,2599.122934890172,-59412.80941974849,250227.6035901013,190814.7941703528
DEHHALKAJ00010uw,1118.2529296875,"(1949, 1957)",-62067.510637876636,426.38802242559984,4858.2031848149945,52293.529829527135,2681.169080011874,926.6742742150973,-4013.262951595438,,,,,34403.38325965865,,1244.1115149945858,4876.306101233911,66222.01425346285,1805.729962355555,-37100.64930049487,160439.65532386422,123339.00602336935
DEHHALKAJ00010tJ,721.7001953125,"(1958, 1968)",-46670.99288759527,349.91712564713737,4556.905314704659,2719.997486538064,892.7322815314013,478.7141596175112,-1948.5905273437497,,,,,22203.31998483488,,604.0630634765624,2389.2161946493893,51361.551476356304,1010.072357448255,-25119.023204235447,79711.07647710863,54592.05327287318
DEHHALKAJ00010uN,808.54296875,"(1949, 1957)",-44877.36895810785,308.29611829210995,3512.6811846929236,36781.94682948236,1908.4601224823964,663.6169966661296,-2879.1047134074497,,,,,24875.40940914272,,892.5224611563095,3497.832008944245,47836.45402317603,1263.2811015987038,-26764.527449766123,114840.41823924147,88075.89078947535
DEHHALKAJ00010z0,542.968505859375,"(1949, 1957)",-26788.37685605132,184.02934021769866,2096.803567930964,27227.729983085097,1308.8263073320313,432.1894995711609,-1846.092919921875,,,,,16705.6754142261,,572.2888051757812,2239.423099648686,29380.65582221019,961.6193892769054,-16548.950793778564,76982.31540060409,60433.36460682552
DEHHALKAJ00010yl,647.953125,"(1949, 1957)",-35963.990266514804,247.0634721882149,2815.0053104403823,29870.325086442605,1540.9502703325256,534.265492297968,-2315.9420343929446,,,,,19934.92416935102,,717.942030661813,2813.8053899657225,38352.507486107104,1028.586934891968,-21471.929592551918,92477.36482565777,71005.43523310585
DEHHALKAJ00010xG,1587.3701171875,"(1949, 1957)",-88105.39102483333,605.2616426537912,6896.263228172847,73236.96621072039,3776.8119403075325,1309.2292087276971,-5674.967633455202,,,,,48835.11784815568,,1759.2399663711126,6894.952860783689,93959.44621585055,2522.3242042002544,-52605.95921836094,226619.1208216617,174013.16160330074
DEHHALKAJ00010wi,1759.9853515625,"(1949, 1957)",-97686.22699798289,671.07955063482,7646.182910138324,78622.57773313335,4111.960062324004,1435.536282485158,-6235.294445759077,,,,,54145.389281023425,,1932.9412781853139,7574.685609623446,104064.56991366248,2690.467834433976,-58174.123182274016,248342.83354911205,190168.71036683803
DEHHALKAJ000114D,1038.564453125,"(1949, 1957)",-57644.48143272056,396.0029359844773,4511.999924040008,46695.29226956626,2435.258614572625,848.9779580645111,-3686.049335820314,,,,,31951.737604723603,,1142.6752941042973,4477.965764765477,61421.40767887105,1600.0001784299438,-34346.19568965909,146887.26602727745,112541.07033761835
DEHHALKAJ0001108,1780.3466796875,"(1969, 1978)",,,,404646.1267592744,8876.579203321206,2254.1042933451545,-13493.665532422843,,,,,54771.76634551509,,4183.036315051081,17258.182549218953,9844.998891583073,13876.807648712555,-32435.641922274765,502217.93647359865,469782.29455132387
DEHHALKAJ00010zs,2251.7880859375,"(1949, 1957)",-124983.24597926777,858.603132971653,9782.799365155382,96120.92174709824,5129.958880571561,1808.8200525290965,-7879.176916605009,,,,,69275.50588981184,,2442.544844147553,9569.847507164488,132949.1689104861,3258.203519206736,-74165.8158781505,312675.79443441064,238509.97855626012
DEHHALKAJ00010rm,644.9228515625,"(1949, 1957)",-35795.79796956256,245.90803385747378,2801.840413954006,28983.082516501043,1511.8386524860712,527.1099782895772,-2288.647323442827,,,,,19841.626031542695,,709.4806702672764,2780.338224561222,38140.58609447649,993.003188504593,-21327.338390538673,91198.41803318614,69871.07964264747
DEHHALKAJ000116jbt_0,1266.5126953125,"(1979, 1983)",,,,318454.7540310297,6643.400143061865,5989.069496747831,-2849.6535644531245,,,,,38975.14317414472,,1119.6175276758543,6160.557547852828,-3980.142567507328,13382.156937211785,-15716.348995882665,383894.90272576414,368178.5537298815
DEHHALKAJ000116jbt_1,1430.556640625,"(1979, 1983)",,,,365307.601449515,7608.746299272125,6958.877599510382,-3218.75244140625,,,,,44022.08203464426,,1273.8309017002243,7062.747663061951,-4763.279037028912,15218.39640360582,-17915.89231366705,439470.2508728746,421554.3585592075
DEHHALKAJ000116jbt_2,4.0,"(1979, 1983)",,,,3378.2809045198023,18.953131660123518,15.160777505095364,-9.0,,,,,148.90393797921598,,3.358173684246247,18.827498225740303,8.788351300142882,40.99141716982892,-147.48325531991037,3624.2641920441956,3476.7809367242853
DEHHALKAJ00010yDbt_0,1147.109375,"(1979, 1983)",,,,286774.67279406526,5957.445057086814,5314.070040881764,-2580.99609375,,,,,35302.18460514378,,1008.8336697090645,5520.220709421206,-3455.6603276652127,12061.949748045608,-14123.010873921849,345902.72020293825,331779.7093290164
DEHHALKAJ00010yDbt_1,4.0,"(1979, 1983)",,,,3943.5191444955785,18.713771524907685,14.717783665147255,-9.0,,,,,153.51354822970978,,3.337183661277094,18.912792850160624,13.16939561524656,40.923748452825095,-170.6450386960853,4197.807368494852,4027.162329798767
DEHHALKAJ00010yDbt_2,2102.55078125,"(1979, 1983)",,,,517818.32593828224,10918.949557593654,9739.253644084294,-4730.7392578125,,,,,64691.98187315388,,1849.0575810350915,10115.237435961555,-6359.690893307354,22106.61771336448,-25716.400399525257,626148.9935923554,600432.5931928301
DEHHALKAJ00010w4bt_0,783.0673828125,"(1979, 1983)",,,,194849.43049080594,4084.386428464784,3660.1395785290033,-1761.901611328125,,,,,24283.814961949403,,690.2152276178638,3785.534452136451,-2407.1077869206274,8251.060308263079,-9648.057953226595,235435.57204951777,225787.51409629118
DEHHALKAJ00010yw,1389.83984375,"(1949, 1957)",-77141.67072292375,529.9436708209425,6038.1011987832935,61049.52534387775,3216.7564369839906,1127.161110020073,-4901.082794565525,,,,,42758.23837684831,,1519.3356663153127,5953.447646199085,82133.37293512216,2081.9090055969755,-45878.09917137462,194938.6637263981,149060.5645550235
DEHHALKAJ00010rK,757.517578125,"(1979, 1983)",,,,195106.91646559123,3973.8810589050045,3582.838826903575,-1704.41455078125,,,,,23305.033650473866,,669.6908094052885,3686.313884257278,-2367.1781800839854,8005.154967360213,-9490.25689386639,234258.23693203123,224767.98003816482
DEHHALKAJ00010vN,653.1806640625,"(1958, 1968)",-42191.18047509354,316.14411432290837,4113.779299207057,2486.1520176939707,807.8576199961489,432.80605143139087,-1763.58779296875,,,,,20095.340289151925,,546.7122158203125,2162.193230422934,46414.42861874626,906.7435083181706,-22713.698356475878,72088.64575861237,49374.947402136495
DEHHALKAJ00010qW,689.431640625,"(1984, 1994)",,,,169794.0503779765,3673.1478706295866,3363.1512658154375,-1551.22119140625,,,,,21210.549782581584,,615.9354346687833,3428.196425018327,-2274.0305993915854,6326.034268842128,-8674.123511865644,204585.81363473454,195911.6901228689
DEHHALKAJ00010wLbt_0,194.54248046875,"(1979, 1983)",,,,54841.85978973755,910.6603811732375,1039.6272731784677,-291.813720703125,,,,,6419.91124208751,,134.85277011522106,865.4084210357286,-930.7429499355198,1599.3431816551392,-2373.2713463319824,64589.106388344204,62215.83504201222
DEHHALKAJ00010yS,538.2734375,"(1958, 1968)",-34305.459505335595,255.2910874924218,3290.470694481442,2280.565453531437,664.6278243721646,352.31468274585995,-1453.33828125,,,,,16560.217040589137,,450.5348671875,1780.0500886036807,37576.931037705464,676.633447488744,-18523.353324586576,58888.536160973985,40365.18283638741
DEHHALKAJ000113H,695.6376953125,"(1949, 1957)",-38610.674658355165,265.24552125420144,3022.168936135922,32294.059617153438,1660.960537891287,574.988257964297,-2491.3446037920758,,,,,21401.99009459507,,772.3168271755435,3027.0066086421866,41184.79051471996,1113.5661718622707,-23065.430281834277,99538.33402621197,76472.90374437769
DEHHALKAJ00010zB,872.6298828125,"(1958, 1968)",-55785.56981513722,415.79856803719855,5371.0990288557505,3665.389313016056,1077.8808346744645,572.763789372163,-2356.10068359375,,,,,26846.55229727049,,730.3912119140625,2886.608251617383,61204.35124250762,1123.647762624132,-30116.457572046846,95751.4840194026,65635.02644735576
DEHHALKAJ00010z2,1937.244140625,"(1958, 1968)",-113235.21444300859,856.1213813667065,11276.330317985983,7353.398070415938,2134.58474375,1159.8510138462043,-4649.3859375,,,,,59598.69730589963,,1441.309640625,5714.669584981008,126558.11661867434,2719.551113514758,-61238.94391983116,202030.79215420687,140791.8482343757
DEHHALKAJ000113y,2227.1494140625,"(1949, 1957)",-123615.7011348898,849.2084474787116,9675.757683443726,89336.34152493252,4928.405486792968,1758.1121294972565,-7683.665478515624,,,,,68518.30826717387,,2381.9362983398437,9318.591700864818,132903.642820045,2952.8243190824965,-73713.95873123044,304414.4970682131,230700.5383369827
DEHHALKAJ00010ub,1699.013671875,"(1949, 1957)",-94302.05488705386,647.8311483854421,7381.293992275967,77238.74291672393,4008.771021855341,1394.1516771479933,-6048.793104907267,,,,,52269.64611761174,,1875.1258625212524,7348.67354683466,100517.78950685551,2652.419531081627,-56237.95749032102,241256.5270757248,185018.56958540378
DEHHALKAJ000112abt_0,142.30029296875,"(1979, 1983)",,,,52585.42952790682,781.1751879223598,973.3978636307668,-213.450439453125,,,,,4839.1692690044265,,108.7296563459696,749.8528219479596,-945.798377541505,1284.1489186336885,-2094.459379311893,60162.65442839736,58068.19504908547
DEHHALKAJ000114z,1425.2294921875,"(1949, 1957)",-79105.93777070074,543.4376861827621,6191.85004949866,63161.60686593136,3315.0033094959813,1159.3355776945455,-5038.159380705198,,,,,43846.93027825106,,1561.829408018611,6120.187901424713,84249.02870604713,2157.873682521859,-47079.246034003474,200533.63634868007,153454.3903146766
DEHHALKAJ000113Pbt_0,2650.8984375,"(1979, 1983)",,,,658207.6881336055,12442.06486566372,9827.844791316622,-5964.521484375,,,,,81562.0523837246,,2215.140369952356,11479.108190265983,-4141.457485001264,26594.005280220474,-33453.37595026313,792221.9250453729,758768.5490951098
DEHHALKAJ000113Pbt_1,4.0,"(1979, 1983)",,,,4537.556489653694,18.77411022566001,14.829455028967509,-9.0,,,,,157.37929805180983,,3.3424748962339015,19.303171656522725,16.868977487576032,41.15393726298743,-194.7955788933886,4800.207914263452,4605.412335370063
DEHHALKAJ000110n,1468.6025390625,"(1949, 1957)",-81513.31536555622,559.9757583779069,6380.282441553418,64307.589085238564,3393.142737173241,1189.7816175023445,-5174.388103117984,,,,,45181.25529619545,,1604.0603119665752,6285.3539714451,86779.11708011171,2191.59110453048,-48466.11179017155,205757.50310104547,157291.3913108739
DEHHALKAJ00010ye,1470.9853515625,"(1949, 1957)",-81645.57099061696,560.8843209067527,6390.634471017407,63124.70018811223,3360.929051760937,1183.6931354213077,-5154.434047550982,,,,,45254.500071621405,,1597.8745547408043,6260.583173281542,86863.85250749715,2142.1572962140935,-48468.68403079109,204633.8559310985,156165.1719003074
DEHHALKAJ00010robt_0,231.98291015625,"(1979, 1983)",,,,83440.58902611939,1332.7862213948652,1696.5923942989766,-347.974365234375,,,,,7856.57856715843,,182.45390583944723,1280.0860784919955,-1708.2320217649033,2150.8488387263424,-3413.2761251547954,95883.72864503015,92470.45251987535
DEHHALKAJ00010robt_2,2.0,"(1979, 1983)",,,,3850.7829975726063,7.754868698566221,7.713401349053555,-3.0,,,,,91.28044862680011,,1.2454188243260356,9.185290395647772,16.53258667848442,15.840624090410984,-159.22121313047023,3997.335636235895,3838.114423105425
DEHHALKAJ000113V,768.6767578125,"(1949, 1957)",-42664.63478521676,293.0951969334754,3339.484095017341,36225.01570622136,1851.1841370700258,638.7249462544719,-2764.8229297717608,,,,,23649.009020892623,,857.0951082292459,3359.505148733023,45532.55060133302,1252.7242923355566,-25519.126500828694,110600.98603129755,85081.85953046885
DEHHALKAJ000111f,714.564453125,"(1949, 1957)",-39661.185424462565,272.46226320975825,3104.395445579188,32752.183852456434,1693.829118757952,588.0127102234251,-2549.8670379586506,,,,,21984.27431477308,,790.4587817671818,3097.9407572616346,42287.02168081873,1126.5526036663014,-23668.139987770388,101770.40678176608,78102.26679399569
DEHHALKAJ000116Vbt_0,599.603515625,"(1979, 1983)",,,,162278.41687488783,3096.4391907613217,2745.197303985631,-1349.10791015625,,,,,18912.345466610113,,525.7852296983766,2875.0379836278203,-1679.3988484325932,6291.312421986734,-7867.078115847586,193696.027712969,185828.94959712142
DEHHALKAJ000116Vbt_1,4.0,"(1979, 1983)",,,,2463.279579774896,19.90359086370971,16.919832211222644,-9.0,,,,,140.15811353094892,,3.4415215671195902,19.232272887632153,0.06337381144070342,41.644830433002085,-109.64383242674539,2695.6431150799713,2585.9992826532257
DEHHALKAJ000116Vbt_2,703.4443359375,"(1979, 1983)",,,,174663.61417444877,3635.5821623375477,3225.9733596323895,-1582.7497558593748,,,,,21913.458398785864,,617.0957954338046,3368.1072004685434,-2067.616240419257,7379.6139363028005,-8672.384768678668,211153.0790311311,202480.69426245245
DEHHALKAJ00010z8bt_0,1239.7236328125,"(1979, 1983)",,,,312638.00876150676,6518.180743640767,5890.707316759285,-2789.378173828125,,,,,38151.12648168347,,1097.2773174194306,6045.517885265079,-3934.34111425681,13114.14700243106,-15411.958066690268,376731.2462206208,361319.28815393057
DEHHALKAJ00017t6,344.34716796875,"(1949, 1957)",-12741.763479809399,87.53267654100526,997.3346003664874,25445.193643698538,1007.6573841316176,287.4437559768008,-1167.540383583601,,,,,10594.978349039418,,361.9375189109163,1419.7756999541234,14084.688440512748,989.9425339474662,-8462.269080893519,53024.076942588035,44561.80786169451
DEHHALKAJ00018HV,703.094970703125,"(1949, 1957)",-34688.518463845765,238.30130508967198,2715.170451426607,36739.879085043045,1694.8113643398437,559.6462046325094,-2390.522900390625,,,,,21632.41306111728,,741.0620991210938,2909.134456065528,38187.31312161626,1287.9063869872264,-21486.444578002665,101361.64287853216,79875.1983005295
DEHHALKAJ00018M0,241.99755859375,"(1949, 1957)",-8954.554998903632,61.51551686936495,700.898862660797,17177.750278349755,678.9851340195313,195.8063829372175,-798.5919433593749,,,,,7445.792705554472,,247.56350244140629,971.8297858566425,10062.527119626666,658.5340955619258,-5971.602742020604,36640.19706098825,30668.594318967644
DEHHALKAP0006abHbt_0,593.348388671875,"(1979, 1983)",,,,149124.53244995687,3154.694810626489,2687.2007786436116,-1424.0361328125,,,,,18539.022460889,,545.0146957958116,2913.714734554161,-1575.218617758326,6524.91295925989,-7547.377392689465,180489.83813915495,172942.46074646548
DEHHALKAP0006abHbt_1,868.353271484375,"(1979, 1983)",,,,280323.7375180199,4479.564500179846,3678.6176808516548,-2084.0478515625,,,,,27334.852077682408,,785.5806443804815,4166.523031736309,-1502.2089624258333,9434.435561944267,-13657.494327777425,326617.05420080654,312959.5598730291
DEHHALKAbr0000Mkbt_1,1208.04443359375,"(1979, 1983)",,,,324272.67211524205,5895.177359830276,4494.422284900904,-2899.306640625,,,,,37209.37729625262,,1063.361777814281,5434.9751573681,-1541.6873672579532,12780.762556229369,-16531.195835834948,386709.7545397547,370178.55870391976
DEHHALKAbr0000Mkbt_2,675.5908203125,"(1979, 1983)",,,,200073.66145700408,3299.9381889171937,2519.2120402887135,-1621.4179687499998,,,,,21276.025745791238,,594.9498028043811,3052.9344635785874,-749.0264248524169,7155.96961919024,-10005.544067524725,235602.24692397207,225596.70285644734
DEHHALKA10000t7Ibt_0,584.130859375,"(1979, 1983)",,,,178376.02347634904,2857.394531703037,2185.929789473904,-1401.9140625,,,,,18520.858686602514,,514.7746684737479,2646.692600819243,-624.6491504127812,6192.821830133186,-8867.822461329535,209267.93237064188,200400.10990931233
DEHHALKA10000t7Ibt_1,2172.493896484375,"(1979, 1983)",,,,414763.5084887822,10615.060839694477,8107.4330998353435,-5213.9853515625,,,,,66838.30772259491,,1913.4809994262523,9692.803366169015,-3909.8164810293197,22948.60906533536,-22864.187752517137,525755.4017492458,502891.2139967287
DEHHALKA1000143I,389.1025390625,"(2002, 2009)",-7198.915779347436,49.45472166063029,563.4799141613697,105018.4182383624,2394.6119286034223,2715.5477893602533,-933.8460937500001,,,,,11971.135507715959,,400.38001118906686,2414.354167813682,5000.87808579194,5833.932203799113,-9954.537841748095,134815.4118388858,124860.8739971377
DEHHALKA2Rp000FHbt_0,1538.765869140625,"(1979, 1983)",,,,420322.0844081314,7361.134659501423,5451.040457809254,-3693.0380859375,,,,,47354.95240119701,,1341.5007046357782,6784.30449274084,-1487.1823001248013,16138.88645303773,-21443.836888109014,499573.6831909911,478129.84630288207
DEHHALKA4Eq0000Ubt_0,3080.425537109375,"(1979, 1983)",,,,686193.9753802232,14659.763639552075,9602.429134808535,-7921.094238281249,,,,,94769.9367585809,,2778.349139942342,13342.492155557124,-1319.8266876073621,33462.93168694153,-37918.699966257554,845568.956969717,807650.2570034595
DEHHALKA4Eq0000Ubt_1,732.0810546875,"(1979, 1983)",,,,202365.9323684405,3478.4500164264946,2271.842036674785,-1882.494140625,,,,,22842.489419170593,,659.8060677649478,3187.5611667203148,-41.37464769975827,7958.688895632441,-10614.687452677665,240840.90118250533,230226.21372982766
DEHHALKA70001vybbt_0,880.7734375,"(1979, 1983)",,,,206438.2792841516,4489.916214012745,3924.177992273763,-1981.7402343749998,,,,,27127.779260746065,,767.2076135724617,4150.383596584602,-2488.505404932799,9176.33285418467,-10397.68707607772,251603.83117621808,241206.14410014037
DEHHALKA70001vybbt_1,4.0,"(1979, 1983)",,,,5632.244472002146,19.75349211225145,16.642038157421855,-9.0,,,,,166.5057193102362,,3.428359073549351,20.85969549697744,21.168276049725563,42.41684205344268,-238.7674018215548,5914.01889425575,5675.251492434195
DEHHALKA70001xCY,750.6943359375,"(1979, 1983)",,,,179038.64734699338,3889.141037391016,3459.980824393635,-1689.062255859375,,,,,23094.98316559062,,659.3664895144257,3599.250964473812,-2281.6287813995696,7882.21086647007,-8949.604943071716,217652.88965756798,208703.28471449626
DEHHALKA70001xUI,657.490234375,"(1979, 1983)",,,,180240.98118455938,3500.7843409518987,3205.309491606988,-1479.35302734375,,,,,20227.887825510126,,585.7890259637396,3256.609072166144,-2119.647636192404,7001.657592617999,-8734.523542696475,214420.0178698401,205685.49432714365
DEHHALKA7000Cli9,958.3779296875,"(2010, 2015)",-9923.280335266118,62.66224135452079,921.6427206630096,267785.8605966062,5225.194350578049,4337.093257256623,-2683.458203125,,,,,29484.17566089168,,971.6179838606564,5054.1574477266995,9062.482114830025,25607.77825443008,-26652.638409412077,344844.9014630551,318192.26305364305
DEHHALKAJ00010AMbt_0,304.939453125,"(1979, 1983)",,,,75989.40759275021,1571.596084364117,1390.281173014769,-686.11376953125,,,,,9703.262485753665,,267.1211027638328,1455.9578409031437,-881.7249124527668,3194.8432454350286,-3773.2809101687144,92004.63084300073,88231.34993283202
DEHHALKAJ00010AMbt_1,916.00390625,"(1979, 1983)",,,,223283.81435985843,4729.348767341122,4191.888264145488,-2061.0087890625,,,,,28248.14040320549,,803.1428630078872,4378.89736608812,-2705.594956031727,9603.673195233854,-11126.562899511508,270472.3014737861,259345.7385742746
DEHHALKAJ000107G,943.96875,"(1969, 1978)",,,,209942.19619101475,4609.116923601563,1164.8531896406253,-6947.02001953125,,,,,29041.58559379059,,2153.5762060546876,8886.532518186494,6201.164717478863,7042.587133839264,-17079.75296391919,262094.59245407558,245014.8394901564
DEHHALKAJ000109Xbt_2,310.957763671875,"(1979, 1983)",,,,93620.57735234719,1694.6672122809562,1760.121770775424,-621.91552734375,,,,,10139.659281452157,,265.81474458541896,1594.023067223545,-1421.362873347945,3164.019137982852,-4261.903836752599,110195.60416595584,105933.70032920325
DEHHALKAJ00010Cq,1121.9658203125,"(1949, 1957)",-62273.590919221264,427.80374157915367,4874.333683184701,52903.032425029494,2702.8434933302533,932.4663941238916,-4036.1875939448846,,,,,34517.65340879217,,1251.2181541229145,4904.337660176256,66460.87265875851,1829.6685412567087,-37249.58956458468,161465.90514164531,124216.31557706062
DEHHALKAJ00010EB,596.498291015625,"(1969, 1978)",,,,121878.89256132733,2734.151520412354,708.1615780971681,-4001.343674926758,,,,,18351.670753470687,,1240.416539227295,5106.058529807958,3559.9176556101374,4880.220692292105,-10197.905007258372,154458.14615531827,144260.2411480599
DEHHALKAJ00010DH,1074.5458984375,"(1949, 1957)",-59641.59557426264,409.7226025317397,4668.319811581268,46947.635999067585,2479.6184048048176,869.8850268215851,-3783.682014213521,,,,,33058.59617251656,,1172.9414244061916,4596.013244334483,63489.904752001734,1599.2237912922435,-35455.446850840875,150430.13680103168,114974.6899501908
DEHHALKAJ00010Bibt_0,534.6513671875,"(1979, 1983)",,,,160055.8835759199,2935.7150571482007,2771.1445436208633,-1202.965576171875,,,,,17056.383456898748,,484.1491283068576,2741.5198136671174,-1893.7508540516073,5783.402776782443,-7597.310712943943,188731.4819221206,181134.17120917668
DEHHALKAJ00010Bibt_1,982.666015625,"(1979, 1983)",,,,276689.54011708486,5391.674210993184,5085.761461310606,-2210.99853515625,,,,,30503.34619247988,,889.4905792285393,5025.117707939695,-3582.959381995487,10620.677886558728,-13254.01672711146,328411.6502384438,315157.63351133233
DEHHALKAJ000107r,2700.552490234375,"(1949, 1957)",-171304.5319849137,1176.8185943809438,13408.500104311914,77854.05847538731,5289.805181722657,2108.98696604442,-9490.513037109375,,,,,83081.58386644906,,2942.059041503906,11529.093658706917,182077.48831510212,2130.133891724395,-99122.81213899775,357522.69635953143,258399.88422053368
DEHHALKAJ00010Adbt_1,839.4833984375,"(1979, 1983)",,,,254892.86064772116,4790.779636709438,4686.587617150349,-1888.837646484375,,,,,26415.69096061635,,776.0826638892505,4481.382820998226,-3475.889999101997,9256.961654872843,-11963.527721387323,299935.61835637124,287972.0906349839
DEHHALKAJ00010Adbt_4,551.091796875,"(1979, 1983)",,,,227208.99992667546,3069.4766294959363,2936.8434195942928,-1239.95654296875,,,,,18083.8663562139,,502.8502604856475,2902.555532182139,-1672.2232907467605,6021.261858560102,-10338.13808710631,257813.67414949194,247475.53606238562
DEHHALKAJ00010Dfbt_0,271.61328125,"(1979, 1983)",,,,78570.65607896159,1516.2204981610148,1453.7310793917422,-611.1298828125,,,,,8803.67759652912,,248.13370283198162,1415.1450269097386,-1051.9326603212078,2961.26538950371,-3732.7548982381136,93305.76682915518,89573.01193091707
DEHHALKAJ00010Dfbt_1,2431.568359375,"(1979, 1983)",,,,661164.3222675615,13559.136944845855,12987.33308926383,-5471.02880859375,,,,,74817.01019947382,,2220.095749262149,12631.184472188774,-9650.443054696836,26483.912928841546,-31706.442902653864,788741.5237881469,757035.0808854931
DEHHALKAJ00010Dfbt_2,287.0009765625,"(1979, 1983)",,,,81968.56217250768,1602.7986815880554,1537.3473954185683,-645.752197265625,,,,,9280.478119231944,,262.25082467247626,1495.383612553187,-1120.370091985435,3129.381745053517,-3900.9197845065664,97510.08026177438,93609.16047726781
DEHHALKAJ00010Bo,1804.3603515625,"(1949, 1957)",-100149.21699911391,687.9996659261105,7838.968245729987,78383.16811861697,4150.5333282492775,1457.8903077859509,-6343.5756840531685,,,,,55511.52102136638,,1966.5084620564824,7705.3124663324925,106591.61300065002,2666.843721408696,-59509.59752388624,252089.81474241312,192580.21721852687
DEHHALKAJ00010AY,659.5224609375,"(1949, 1957)",-36606.13468868467,251.47484115511452,2865.26780759607,27546.27498990088,1459.4414252695312,520.6271437959124,-2275.352490234375,,,,,20290.976222129928,,705.3592719726562,2766.2141094995977,39490.93689379879,905.0854313643965,-21882.786372599803,91409.56299749733,69526.77662489752
DEHHALKAJ000107X,722.7646484375,"(1958, 1968)",-46412.31290342473,346.732358904504,4493.232530169427,2887.7967876731527,893.2632743625447,476.34459245121246,-1951.46455078125,,,,,22236.01118473592,,604.9540107421875,2391.4884989807065,50962.220995711425,961.6744530190073,-25018.582020333073,79462.2892468949,54443.707226561826
DEHHALKAJ00010ET,2587.2734375,"(1949, 1957)",-143604.02494094352,986.5231516077469,11240.301474159636,106741.23490932227,5725.315295281251,2042.394095373056,-8926.093359375,,,,,79596.59873428801,,2767.08894140625,10846.757159539298,153978.44897298497,3533.3158647397318,-85466.45493591327,356305.0606135598,270838.6056776465
DEHHALKAJ000109lbt_0,287.72607421875,"(1979, 1983)",,,,88115.98467597176,1253.9818453391918,1047.3481610414406,-575.4521484375,,,,,9337.920209156913,,218.41362005757338,1172.9239642289363,-394.44723645997715,2624.6525773891462,-4196.841242805065,102801.32566828749,98604.48442548243
DEHHALKAJ00010C0,580.3701171875,"(1949, 1957)",-32212.862999167264,221.29418128298232,2521.393753450482,29963.486419508976,1474.2488502604651,498.5292926673812,-2145.05146758359,,,,,17855.981042974854,,664.9659549509129,2607.486587613913,34492.00440922401,1053.3915970066182,-19421.964796776687,86465.04268662355,67043.07788984687
DEHHALKAJ000108Kbt_0,1100.91796875,"(1979, 1983)",,,,310693.90562555427,5314.044024217974,4353.294455131525,-2477.0654296875,,,,,34106.62541086582,,932.8257277111738,4929.756892087595,-1902.3626460797664,11197.163507893387,-15323.483846293477,367148.1875676945,351824.70372140105
DEHHALKAJ000108Kbt_2,2633.3828125,"(1979, 1983)",,,,660839.3086450028,12321.444253656942,9691.819994565016,-5925.111328125,,,,,81023.44132974347,,2197.135679702649,11370.12787329068,-3957.148370828145,26383.200808792357,-33540.13375628056,793944.2188858007,760404.0851295202
DEHHALKAJ00010Bs,570.626953125,"(1969, 1978)",,,,136980.6240144346,2960.7630798671653,761.7163764351321,-4567.3104597062775,,,,,17555.60227842736,,1415.866242508946,5845.680903049173,3395.4994082818466,4949.752675089068,-11148.43701852639,169298.19451838708,158149.7574998607
DEHHALKAJ00010B5bt_0,746.830078125,"(1979, 1983)",,,,209874.47859372577,4187.819346290663,4031.997994019993,-1680.36767578125,,,,,23432.72738536649,,683.919682909202,3905.781651537166,-2987.1593575490233,8158.704257764595,-10001.092625817708,249607.90187828362,239606.8092524659
DEHHALKAJ00010B5bt_3,1702.4951171875,"(1979, 1983)",,,,453857.5574311548,9038.346654336927,8250.677953151475,-3830.614013671875,,,,,52389.26283061306,,1514.5065848992958,8399.842751477889,-5495.479618111309,18100.634739204288,-22109.870063219365,542224.7353130544,520114.8652498351
DEHHALKAJ00010DP,1558.0380859375,"(1949, 1957)",-86477.34596158573,594.0773868683774,6768.831442525155,66806.14461436571,3558.2382437088795,1253.4058859497422,-5458.277653924063,,,,,47933.36145941652,,1692.0660727164595,6629.609490976079,92002.08116909262,2266.695937488807,-51333.84810750584,216683.32521979074,165349.47711228492
DEHHALKAJ00010Cgbt_2,284.637451171875,"(1979, 1983)",,,,99788.42942710994,1327.9554594813742,1197.92418686862,-569.27490234375,,,,,9360.678779974645,,223.7363730274064,1251.6967533289726,-561.5222528915085,2684.595534807263,-4611.933015384695,114704.21935936296,110092.28634397827
DEHHALKAJ00010Cgbt_3,3.0,"(1979, 1983)",,,,2908.8556528774293,14.16433397044013,12.936808156065453,-6.0,,,,,113.78010901756164,,2.372856227879627,14.393114619533463,5.707257624316983,28.994638958114535,-124.12191334382207,3095.204771451342,2971.0828581075198
DEHHALKAJ00010Cgbt_4,21.325927734375,"(1979, 1983)",,,,17216.807345775076,99.49457475386086,89.75222527900573,-42.65185546875,,,,,788.6945482355509,,16.763028558221915,99.22804288828021,21.46026241229567,203.95688850775304,-742.1403966296249,18493.505060941297,17751.364664311674
DEHHALKAJ00010E0,608.939453125,"(1949, 1957)",-33798.57542177043,232.18762258682713,2645.512041142694,27710.033167184694,1437.5675759979315,499.84328013709285,-2168.529940393407,,,,,18734.65343018352,,672.244281521956,2634.556247966525,36027.52149059808,951.762101832127,-20157.712845937407,86499.65163502852,66341.93878909112
DEHHALKAJ00010C8,2470.76171875,"(1949, 1957)",-137137.1585004739,942.0974228407289,10734.121174450785,99674.77310145802,5467.489309140626,1950.419724605851,-8524.1279296875,,,,,76012.1675355134,,2642.479658203125,10340.014591968978,147845.14183923887,3283.225635904759,-81939.34362733265,338691.5834663461,256752.23983901343
DEHHALKAJ00010At,606.01171875,"(1949, 1957)",-33636.07445294581,231.0712822337618,2632.7926213340716,27229.044472265137,1414.2846869005307,493.95963303811993,-2145.7992987954144,,,,,18644.69769358845,,665.1977826265784,2607.5040346797987,35980.42040792454,926.9467922630157,-20088.219185290953,85816.25620449075,65728.03701919981
DEHHALKAJ00010Cv,1684.3408203125,"(1860, 1918)",-225378.54100398233,1856.473674322814,27147.86378413115,89530.75913626736,5504.3022081284835,9084.673802457837,-4547.72021484375,,,,,51818.661352359406,,1758.1257074143505,9903.470422169561,229429.11088605487,5475.593692196191,-103670.47729101495,397956.9769922043,294286.49970118934
DEHHALKAJ00010CW,1060.134765625,"(1979, 1983)",,,,273051.5350659868,5668.044369535228,5211.5232016499085,-2385.30322265625,,,,,32614.728391925983,,946.5753881178307,5263.675773692712,-3600.1544773566,11306.961130900836,-13353.827054134696,328077.58562179643,314723.75856766175
DEHHALKAJ00010DT,1031.4501953125,"(1958, 1968)",-64300.71736760791,472.9663836115168,5996.60425170493,6171.020087805931,1270.1277705078123,661.6264174666566,-2784.91552734375,,,,,31732.625281929355,,863.3238134765625,3409.5447677689635,70694.82621087071,1091.9991612959136,-35202.19695652324,113110.17798377815,77907.98102725491
DEHHALKAJ0001078,478.849609375,"(1958, 1968)",-31739.411810301535,240.9067348177893,3189.6826236312945,1418.1000795563596,594.1844696553615,324.8879619649059,-1292.8939453125,,,,,14732.176862511838,,400.797123046875,1588.2044591445906,35199.946571108056,787.946126027613,-16991.072930450617,53753.349707703106,36762.27677725249
DEHHALKAJ000107v,685.254638671875,"(1969, 1978)",,,,155261.63202595394,3583.576365103271,881.2561956254883,-4943.1604754638665,,,,,21082.47309438321,,1532.3797473937987,6313.371780360132,4555.144989526873,5453.64374410783,-12113.166538522235,193720.31746699067,181607.15092846844
DEHHALKAJ000109H,1071.4990234375,"(1949, 1957)",-59472.481824184986,408.56083405223205,4655.082790299446,46656.081078848685,2466.5902031785504,866.1434804668187,-3768.4458770008814,,,,,32964.89555646907,,1168.2182218702733,4577.594879583519,63333.93993645898,1586.868827095225,-35356.06521519071,149851.88630697023,114495.82109177952
DEHHALKAJ000108E,598.4482421875,"(1969, 1978)",,,,142472.53654800344,3085.968973421411,791.86132993295,-4750.511137939942,,,,,18411.49472215275,,1472.6584527613823,6079.726845478712,3517.6118658230653,5092.252022350311,-11558.696146520331,176173.5996219841,164614.90347546377
DEHHALKAJ000108obt_0,823.3544921875,"(1979, 1983)",,,,212853.6656626056,4397.779991763757,4039.5548487072533,-1852.547607421875,,,,,25569.973510414296,,734.7804643426555,4084.3216610295517,-2778.4185008269856,8777.623475160426,-10405.98930075996,255826.7335057747,245420.74420501472
DEHHALKAJ000108obt_1,1615.3154296875,"(1979, 1983)",,,,539904.036824884,8723.128615075926,8101.370972067285,-3634.459716796875,,,,,49871.00197260919,,1449.8973624172359,8173.15658278018,-4929.401213326943,17347.97738739806,-25337.004034295605,625006.708787108,599669.7047528124
DEHHALKAJ000108obt_2,460.986328125,"(1979, 1983)",,,,130441.94928651606,2497.6657060745047,2327.2171150944378,-1037.21923828125,,,,,14658.239443525797,,414.4992095740695,2327.1990453973904,-1584.7944538851082,4951.946344487854,-6263.261194969402,154996.70245850377,148733.44126353436
DEHHALKAJ00010Dn,1353.4423828125,"(1958, 1968)",-86477.63011723344,644.3877904843137,8320.782920141679,5624.518929589097,1671.6762236234122,887.9262778790605,-3654.29443359375,,,,,41638.207483852326,,1132.8312744140626,4476.622050415375,94802.36237977554,1734.7705332106689,-46667.52597710572,148314.62071916577,101647.09474206006
DEHHALKAJ000107Tbt_0,558.22998046875,"(1979, 1983)",,,,180613.92307522442,2795.8895820323924,2209.6618336824195,-1339.751953125,,,,,17802.342778176302,,497.66615090659343,2597.8730227896676,-719.8688967456229,5984.144027564618,-8847.787005350707,210441.8796205058,201594.0926151551
DEHHALKAJ000107Tbt_1,1430.43212890625,"(1979, 1983)",,,,318415.86682085576,7259.603912773386,5838.503219050661,-3433.037109375,,,,,44011.81880235757,,1283.597712255184,6668.039431357653,-3062.870134795478,15384.301969895423,-16734.03707713842,392365.82462437515,375631.7875472367
DEHHALKAJ00010BU,1223.6181640625,"(1949, 1957)",-67915.70260931214,466.5636148384191,5315.958048334513,53734.474016434666,2831.6392115714234,992.2700678245199,-4314.623454415277,,,,,37644.58560619826,,1337.5332708687356,5241.05758644425,72309.81334705802,1832.3548125000827,-40390.37539490183,171609.1044644847,131218.72906958289
DEHHALKAJ00010Dl,750.333984375,"(1949, 1957)",-41646.537487874244,286.10112726982413,3259.7946813197573,37175.58787230959,1860.193911380646,634.7899093910713,-2738.8195855523854,,,,,23084.841087787194,,849.0340715212393,3328.644276919185,44525.06749065334,1297.546661233712,-25017.42001891276,110016.88569564359,84999.46567673083
DEHHALKAJ000108Y,2588.2119140625,"(1949, 1957)",-143656.11414409243,986.8809911939029,11244.378646419837,116207.0060873594,6058.168902648383,2113.456621600065,-9177.9418089831,,,,,79625.47333177403,,2845.1619607847606,11150.361344298331,153198.3841265054,3974.9376824594033,-85631.20256765297,365995.0082484467,280363.8056807937
DEHHALKAJ00010Cs,598.256103515625,"(1949, 1957)",-29516.0949198039,202.7680700134493,2310.3099329907104,31062.52819964978,1442.0971351992184,476.19705968871756,-2034.0707519531247,,,,,18406.679001097138,,630.5619331054687,2474.6044782894523,32351.210069598863,1093.2617333418805,-18225.55768153484,85903.06885801739,67677.51117648254
DEHHALKAJ000109s,1131.0458984375,"(1949, 1957)",-62777.5715757027,431.2659605927633,4913.781703658542,48688.504796393456,2588.6754798326583,911.090896461069,-3966.6037049555384,,,,,34796.72120329809,,1229.647148536217,4817.905793035901,66796.53391689743,1653.3571245425303,-37276.70851895176,157515.83265404182,120239.12413509007
DEHHALKAJ00010By,599.380859375,"(1949, 1957)",-33268.03523402681,228.54294634406406,2603.985129506004,26290.31881136298,1386.146317387587,485.86261114217297,-2112.802513433912,,,,,18440.544497514456,,654.9687791645126,2566.4497076545995,35419.103584440905,896.2843747156292,-19783.104754216183,84026.87616994893,64243.77141573274
DEHHALKAJ00010Hy,580.6455078125,"(1949, 1957)",-32228.148280424288,221.39918728016863,2522.5901765278777,27179.29521994594,1392.9478643477082,481.3329011604056,-2084.4380108372056,,,,,17864.294274790256,,646.1757833595337,2532.702355453411,34386.48915886141,938.6929188924025,-19265.81861685647,83337.49246597386,64071.67384911739
DEHHALKAJ00010pb,902.23828125,"(1969, 1978)",,,,204876.52647837385,4497.4732117651165,1145.308607017752,-6832.003794871022,,,,,27757.1797086532,,2117.921176410017,8736.516942506902,5011.864425168617,7132.867902200096,-16489.624740887117,254443.65465722448,237954.02991633737
DEHHALKAJ00010Nn,809.625,"(1949, 1957)",-44937.42602063543,308.70869504701204,3517.382024301981,36427.032870063675,1899.1718605688322,661.9874701417186,-2874.057073951698,,,,,24908.598796446622,,890.9576929250262,3491.5341926672327,47882.869265307614,1248.3350816817863,-26776.463969402044,114536.4301558508,87759.96618644876
DEHHALKAJ00010fSbt_0,1030.7373046875,"(1979, 1983)",,,,252293.37491427525,5274.432378014019,4629.423189043526,-2319.158935546875,,,,,31730.160281962,,899.5931875191487,4881.2146591757055,-2913.8597115989182,10760.692261126176,-12508.290344756279,305235.87222397013,292727.58187921386
DEHHALKAJ00010fSbt_1,207.1416015625,"(1979, 1983)",,,,58591.35251344921,1059.9736374596155,930.3496917478759,-466.06860351562494,,,,,6725.7662081785675,,180.78629032828744,985.5928417062669,-531.4438288324164,2164.900841575418,-2851.709353832811,69641.20959209719,66789.50023826439
DEHHALKAJ00010hJbt_1,846.0361328125,"(1979, 1983)",,,,212429.26914485692,4419.468718362743,3966.7599179945864,-1903.581298828125,,,,,26205.325378322912,,746.3001576938605,4097.416412322893,-2607.4769439502466,8921.524612436318,-10497.63799908747,256275.00609921187,245777.3681001244
DEHHALKAJ00010Mlbt_0,379.3408203125,"(1979, 1983)",,,,100365.03776716026,1981.1030799681016,1777.71778318696,-853.516845703125,,,,,12093.59171843863,,334.58030613362865,1839.5816923346115,-1134.3767972533337,4001.2058793338056,-4915.519888786444,120404.92458359955,115489.40469481311
DEHHALKAJ00010Mlbt_1,2192.3134765625,"(1979, 1983)",,,,554921.6130818687,11640.374656638089,10627.483896047634,-4932.705322265625,,,,,67454.12272910547,,1950.383284786923,10801.605968724052,-7273.821387372327,23301.342872103298,-27268.29939517056,668490.3997796362,641222.1003844657
DEHHALKAJ00010iu,602.981689453125,"(1969, 1978)",,,,121737.62957178114,2742.538804225098,710.739341211914,-3997.433611246745,,,,,18550.759992013045,,1239.204419486491,5099.068622285489,3540.7953626171925,4907.055684861224,-10195.528705778743,154530.35818723484,144334.8294814561
DEHHALKAJ00010HQ,661.7978515625,"(1969, 1978)",,,,152683.87576828827,3337.166670191441,853.1303855461656,-5091.3542555042,,,,,20360.32727029146,,1578.3198192063023,6512.001787945352,3756.0793201785714,5400.081839248931,-12345.116317858876,189389.6286053923,177044.51228753343
DEHHALKAJ00010LW,648.451171875,"(1949, 1957)",-35991.63386027749,247.2533766512113,2817.169054303757,29815.87069990575,1539.866285414057,534.1938952579326,-2316.017230569209,,,,,19950.25098567685,,717.9653414764548,2813.865181994528,38378.6153086341,1026.1907473255928,-21483.859402961858,92460.80121511605,70976.9418121542
DEHHALKAJ00010ZK,694.1630859375,"(1969, 1978)",,,,158709.7092139181,3473.477793839562,884.9014586688531,-5285.06203316941,,,,,21356.109776532347,,1638.3692302825173,6759.991223205115,4035.054934077534,5524.153868784067,-12822.53803985127,197096.7054661387,184274.16742628743
DEHHALKAJ00010kz,1332.9111328125,"(1949, 1957)",-73981.89954959777,508.23684597706523,5790.776789929508,61159.81812316561,3161.502685273351,1097.2568491946822,-4757.833462282808,,,,,41007.113782495246,,1474.9283733076704,5780.518871191591,78882.85458947005,2104.1130881295144,-44153.186519895455,189910.27289994492,145757.08638004947
DEHHALKAJ00010Qw,715.884765625,"(1958, 1968)",-45828.81008524375,341.8305582197902,4420.003785492357,2931.1767006256982,884.420472896017,470.47956256933844,-1932.8888671875002,,,,,22024.37112473773,,599.1955488281251,2368.1827445162135,50271.55755296461,930.9347736669692,-24720.944291230444,78547.4296136172,53826.48532238676
DEHHALKAJ00010MKbt_0,334.86328125,"(1979, 1983)",,,,105412.71585958227,1854.2263199711074,1949.620923220542,-669.7265625,,,,,10948.02905982162,,288.81725978133966,1747.3672670360693,-1585.5869135888593,3436.873315185957,-4758.674722998456,123382.33652851004,118623.66180551158
DEHHALKAJ00010OW,1385.126953125,"(1969, 1978)",,,,316198.51613567397,6924.827809433192,1754.9352235331608,-10544.101887422505,,,,,42612.968380108694,,3268.6715851009762,13488.70037608993,7660.107664322603,10715.098611540256,-25266.646217157235,392079.7238983804,366813.07768122316
DEHHALKAJ00010f9bt_1,396.541015625,"(1979, 1983)",,,,113213.53518389471,1786.6769239515186,1332.242884690394,-892.21728515625,,,,,12653.17004496133,,324.82409158922025,1653.5461745912814,-307.1854222392744,3910.427663391289,-5650.648695274391,133675.0202596742,128024.37156439981
DEHHALKAJ00010NS,425.843994140625,"(1958, 1968)",-26712.845668234444,208.77519724414492,2870.2652260546574,309.34732011601636,473.59322354329134,272.0635365796542,-1022.0255859375,,,,,13101.68729489956,,316.827931640625,1261.6693075614417,30179.659841464192,870.0867446476906,-14112.684414396801,45762.909614514974,31650.225200118173
DEHHALKAJ00010LF,579.9189453125,"(1984, 1994)",,,,146311.39567767753,3108.6287993764154,2863.9880790886286,-1304.8176269531248,,,,,17841.367944731217,,519.7582770383937,2906.7436511654973,-1911.4118148196212,5341.747198390647,-7636.667293343767,175677.40018569562,168040.73289235184
DEHHALKAJ00010KN,390.866455078125,"(1949, 1957)",-19284.13487343868,132.4771051451881,1509.4248906668693,20205.850470878187,942.1841111210938,311.1200296083466,-1328.945947265625,,,,,12025.846023428074,,411.97324365234374,1616.4327778110508,21073.217447407966,713.1152660194496,-11882.144934300359,55970.793422660885,44088.64848836053
DEHHALKAJ00010n9,364.85595703125,"(1969, 1978)",,,,87785.4586215595,1882.2300879472825,492.2449980845431,-2902.6381492978076,,,,,11225.177195535794,,899.8178262823203,3716.594251844537,2205.3870031295037,3507.562980095607,-7261.824367775074,108811.8348151813,101550.01044740622
DEHHALKAJ00010Zr,287.15478515625,"(1949, 1957)",-14167.323735672353,97.32591316511119,1108.91731576788,15048.619640595232,692.1869924921875,228.5681058051759,-976.3262695312501,,,,,8835.149883217437,,302.6611435546875,1188.2984854283845,15627.303865344285,526.5697347253654,-8787.854472749139,41473.031581631505,32685.177108882366
DEHHALKAJ00010Ir,1416.34765625,"(1949, 1957)",-78612.96034859936,540.0510565926589,6153.2632839351445,60471.97188155798,3227.0654013193143,1137.8074850397716,-4956.195409617639,,,,,43573.606904226726,,1536.420576981468,6019.674094713872,83623.99929123855,2049.908776834896,-46650.179397989676,196684.25900229494,150034.07960430527
DEHHALKAJ00010IZbt_1,169.8310546875,"(1979, 1983)",,,,54497.80908908905,898.348391881989,1098.868798413747,-254.74658203125,,,,,5679.310539276347,,126.787466890198,858.8506028199445,-1069.1382831095184,1497.9594538647784,-2278.033436402263,63334.0494770953,61056.01604069304
DEHHALKAJ00010k6,488.178955078125,"(1949, 1957)",-24085.23087564336,165.45941438905598,1885.2205307497734,25371.493779716613,1176.7560221210938,388.5783724462113,-1659.808447265625,,,,,15019.592307638797,,514.5406186523437,2019.3769196142557,26416.075026077095,892.4240048295142,-14879.097268824127,70139.0286038303,55259.93133500617
DEHHALKAJ00010Ji,624.638671875,"(1949, 1957)",-34669.94485967057,238.1737091498286,2713.716641824287,30319.381543564014,1530.1567079633485,524.5346240858887,-2266.171124902742,,,,,19217.761970214164,,702.5130487198501,2753.9565322338203,37038.88861682342,1054.3066588202944,-20789.379133960938,90875.32857752204,70085.94944356111
DEHHALKAJ00010JR,660.173828125,"(1958, 1968)",-42906.72741599317,322.51013327044654,4214.529364062053,2380.8286221931685,817.1397513908719,439.917426592771,-1782.4693359374999,,,,,20310.531032999475,,552.565494140625,2186.3506204440605,47294.0667289666,956.6390064207833,-23067.635128237634,73155.56934721085,50087.93421897322
DEHHALKAJ00010fI,2724.6953125,"(1949, 1957)",-172835.98707936693,1187.3393016309465,13528.371514342874,78595.02454499959,5337.095810875,2127.8412181524063,-9575.357812499999,,,,,83824.32982828899,,2968.360921875,11632.332049950182,183737.3170605565,2149.7653543261017,-100021.84615455256,360796.7089765237,260774.86282197115
DEHHALKAJ00010m0,777.3193359375,"(1984, 1994)",,,,182440.85269834386,4012.0258355864107,3552.4514214735445,-1748.968505859375,,,,,23914.085561817454,,683.1092611232176,3736.127021913894,-2239.404058114147,7005.185798117877,-9542.626516714052,221355.46503440276,211812.8385176887
DEHHALKAJ00010n5,589.107421875,"(1949, 1957)",-32697.818358764962,224.62570134264735,2559.352609030117,23030.52314709274,1280.0715866879173,460.03485577297283,-2014.720443874665,,,,,18124.296657299397,,624.5633376011463,2446.1465092171943,34689.666213279226,765.2801803700479,-19278.022318798918,79405.86204344597,60127.839724647056
DEHHALKAJ00010L9,630.291015625,"(1969, 1978)",,,,147479.78401050164,3205.4692350385585,818.1018618616781,-4910.559168712852,,,,,19391.172842780878,,1522.273342300984,6284.150219261726,3758.7488756151406,5148.922900506783,-11931.282705702146,182698.06411915456,170766.7814134524
DEHHALKAJ00010XQbt_0,2723.8212890625,"(1979, 1983)",,,,803316.1056249023,14025.118739341982,12394.575565068195,-6128.597900390624,,,,,83811.66501557405,,2384.883571678358,13062.313616634448,-7026.036959991112,28560.986349405524,-38783.58955256398,944401.013622223,905617.4240696591
DEHHALKAJ00010XQbt_1,1487.9638671875,"(1979, 1983)",,,,411240.3775005811,8147.438405852412,7670.0187941350505,-3347.918701171875,,,,,45791.79549842008,,1345.4125611322663,7588.671048355436,-5427.324703467388,16063.58533457944,-19765.04048538613,489072.0557384166,469307.01525303046
DEHHALKAJ00010XQbt_2,396.0400390625,"(1979, 1983)",,,,110647.84393745128,2168.146803497076,2040.7396226273402,-891.090087890625,,,,,12680.523941298803,,358.0636037954238,2020.1041663965343,-1435.6350579601237,4275.485583310701,-5309.451975623066,131864.1825125264,126554.73053690334
DEHHALKAJ00010XQbt_3,433.8203125,"(1979, 1983)",,,,118454.66214268618,2351.7757624055394,2192.4759961208424,-976.095703125,,,,,13839.35229985111,,390.1865127821317,2188.903479958707,-1523.2159019938863,4660.136691105066,-5718.272641029,141578.18127979068,135859.90863876167
DEHHALKAJ00010F7,855.0908203125,"(1949, 1957)",-47460.96091241925,326.04473834843407,3714.9063832179377,36679.11287504573,1953.267679071083,687.9894410380818,-2995.954095800448,,,,,26307.29779634585,,928.745769698139,3638.8837704621515,50493.69446384127,1244.605032817197,-28174.15736094233,118937.64273251905,90763.48537157671
DEHHALKAJ00010FPbt_1,393.203125,"(1979, 1983)",,,,105767.57833055967,2077.910443688341,1887.860812515958,-884.70703125,,,,,12533.335762758414,,348.94763183044694,1930.055262853555,-1249.9898510991284,4170.955848618878,-5059.13023836009,126581.94721047612,121522.81697211604
DEHHALKAJ00010FT,738.9658203125,"(1958, 1968)",-46067.20961630202,338.8491206207302,4296.170188428735,4550.062085007234,909.9625111328126,474.01155241968803,-1995.20771484375,,,,,22734.645597361385,,618.5143916015625,2443.1973596745584,50740.12902626462,784.0320631089273,-25256.98761642655,81259.34687172704,56002.35925530049
DEHHALKAJ00010Sj,884.236328125,"(1958, 1968)",-56971.52195937738,426.34573224675626,5537.962010222859,3663.573026450099,1093.2823330669958,584.5511212688558,-2387.4380859375,,,,,27203.67950293231,,740.105806640625,2927.3421364770816,62784.71162533156,1208.4628814860032,-30752.527836193505,97818.27034771604,67065.74251152253
DEHHALKAJ00010H5bt_0,784.65625,"(1979, 1983)",,,,193228.16096137068,4049.7305563202367,3588.089303292104,-1765.4765625,,,,,24330.905627923203,,687.8499089373568,3750.6804678399953,-2300.584522396065,8225.73313972004,-9611.868119162757,233795.08888050754,224183.22076134477
DEHHALKAJ00010H5bt_2,213.65234375,"(1979, 1983)",,,,56434.22865718285,1123.5211616747592,1015.541833448967,-480.7177734375,,,,,6878.044049400722,,189.1196827010382,1043.4849853320038,-661.9176209992133,2260.9942343375055,-2759.978672608009,67802.29920964112,65042.32053703311
DEHHALKAJ00010Hwbt_0,881.7412109375,"(1979, 1983)",,,,256808.6644242592,5103.387785163347,5054.736871478192,-1983.917724609375,,,,,27563.171016235785,,821.4146686947249,4769.757047751087,-3929.3002961011657,9788.803627844456,-12077.484910697936,303996.71742071625,291919.23251001834
DEHHALKAJ00010Hwbt_1,396.0859375,"(1979, 1983)",,,,174261.69857770702,2289.4747514621918,2265.0578089298465,-891.193359375,,,,,13255.094026214949,,368.72258402111174,2172.6512966455157,-1372.1587342467892,4411.351563577022,-7825.445706884268,196760.69851493585,188935.2528080516
DEHHALKAJ00010Llbt_0,1279.119140625,"(1979, 1983)",,,,320791.7387697588,6666.311696013368,5968.7035555454195,-2878.01806640625,,,,,39362.9674486173,,1126.9722396402099,6179.743038054914,-3899.843503025671,13473.370007392681,-15865.386537998775,386791.94518559077,370926.55864759197
DEHHALKAJ00010cJ,1133.9541015625,"(1969, 1978)",,,,264439.37112892844,5755.206743286986,1461.8366002631706,-8817.68326320198,,,,,34885.731972506546,,2733.4818115926137,11285.010135853136,6419.359908987467,9016.994211158553,-21173.085339333913,327179.30924937496,306006.22391004104
DEHHALKAJ00010kC,1404.9287109375,"(1969, 1978)",,,,318108.1347341073,6987.543842227886,1776.1726914101557,-10607.997280353424,,,,,43222.16276670334,,3288.4791569095614,13565.398521553107,7757.337896471875,10978.129826159613,-25540.863949880106,395075.36215518945,369534.4982053093
DEHHALKAJ00010mrbt_1,210.458984375,"(1979, 1983)",,,,68495.41097658293,1179.379331706487,1134.821088994403,-473.53271484375,,,,,6942.946117039774,,192.66392068035685,1105.157386766717,-778.5843464012332,2301.1188559394463,-3199.598567086529,80099.38061646513,76899.7820493786
DEHHALKAJ00010mrbt_2,786.5283203125,"(1979, 1983)",,,,215050.7201973749,4409.150926896745,4243.962346984601,-1769.688720703125,,,,,24571.146391221042,,720.1621004515744,4108.822910853985,-3181.249369604314,8589.423716997286,-10290.009427640334,256742.45050047268,246452.44107283236
DEHHALKAJ00010mrbt_4,268.2744140625,"(1979, 1983)",,,,73630.0005445155,1403.367745972794,1261.4944606225195,-603.617431640625,,,,,8653.71670093854,,236.82160447235393,1304.681857341141,-791.6499641069638,2832.697541804625,-3582.8257577683253,87927.51305991987,84344.68730215155
DEHHALKAJ00010lN,589.67431640625,"(1949, 1957)",-29092.69624252614,199.8594287155025,2277.1692965891916,30558.545579956273,1421.4107259296875,469.3661694322804,-2004.8926757812496,,,,,18142.580191836918,,621.5167294921874,2438.8878076874244,31845.48774683746,1076.8151653094226,-17947.384898367367,84569.7174407004,66622.33254233304
DEHHALKAJ00010O9bt_0,974.098388671875,"(1979, 1983)",,,,276969.0572671723,5256.534207006491,5417.220158322105,-1948.19677734375,,,,,30405.846295185307,,828.1124837250884,4934.006018986663,-4407.641444481461,9856.440754398809,-12718.848048798467,327311.3789629716,314592.53091417317
DEHHALKAJ00010O9bt_1,463.212890625,"(1979, 1983)",,,,132692.33952498762,2461.9108881566553,2506.22490044906,-926.42578125,,,,,14875.248076367081,,390.4837611271629,2310.439559587975,-1980.1046350854213,4650.869914470842,-6111.456017402164,156980.986208811,150869.53019140882
DEHHALKAJ00010O9bt_2,464.256591796875,"(1979, 1983)",,,,138580.43341431287,2567.007061712019,2696.1114725894395,-928.51318359375,,,,,14968.18692170006,,400.0932683330093,2414.759289859933,-2236.8624697060454,4759.135777356092,-6291.726868965726,163220.3515525636,156928.62468359788
DEHHALKAJ00010UZ,1314.66015625,"(1949, 1957)",-72968.8973460076,501.27777831247613,5711.4861839243895,58086.920277974874,3046.480715144237,1066.9824938878382,-4638.772330215681,,,,,40445.47911542279,,1438.019422366861,5635.6642679207,77847.72442578722,1977.309206929403,-43464.85854321465,184905.80759521824,141440.9490520036
DEHHALKAJ00010gr,2024.767578125,"(1949, 1957)",-112382.69970785655,772.0405827592623,8796.518243243887,91674.78115586136,4766.446492035191,1659.1301598067416,-7200.3197163680225,,,,,62291.30457373373,,2232.0991120740864,8747.509513320942,119773.93720843707,3145.614715131061,-66998.48444381043,287090.5032140322,220092.0187702218
DEHHALKAJ00010ZQ,2617.6005859375,"(1949, 1957)",-145287.30298859146,998.0868439574614,11372.056504899052,116762.8296198065,6110.636295943239,2133.9845486511012,-9269.888096529927,,,,,80529.60468231271,,2873.6653099242776,11261.063759604844,154766.25500531588,3994.438430481737,-86511.39891268585,369162.5895555104,282651.1906428245
DEHHALKAJ00010G5bt_0,313.968017578125,"(1979, 1983)",,,,91453.17916536715,1739.4109375247765,1829.6077578977665,-627.93603515625,,,,,10185.647010884497,,270.87304057327174,1635.0600039240749,-1537.3686731299163,3221.135497225042,-4160.623618016508,108169.60870511044,104008.98508709393
DEHHALKAJ00010le,1411.2080078125,"(1969, 1978)",,,,317669.40594627964,6985.731021237473,1767.183967069087,-10593.498801943335,,,,,43415.342072328305,,3283.984628602434,13548.199325148911,7680.845584928685,10703.03864820256,-25339.403332169863,394460.2323918538,369120.82905968395
DEHHALKAJ00010da,1340.302734375,"(1969, 1978)",,,,304896.1357117834,6687.763967050712,1700.311723355538,-10167.302379314093,,,,,41233.96727999305,,3151.863737587369,13003.297283293286,7434.237851805581,10519.659948061098,-24480.331615849696,378459.93512361596,353979.60350776627
DEHHALKAJ00010al,1089.498046875,"(1949, 1957)",-60471.49962151874,415.42383240024657,4733.278796467799,47807.04361263577,2520.1623048231177,883.2735059062888,-3840.871317243601,,,,,33518.60027956943,,1190.6701083455164,4665.566037386907,64382.33560436605,1629.9625805793644,-35960.98519245724,152756.74271636884,116795.7575239116
DEHHALKAJ00010HUbt_0,828.4677734375,"(1979, 1983)",,,,218259.37853784813,4481.896845809162,4169.773671676743,-1864.052490234375,,,,,25761.522569554134,,744.3250576869234,4166.743775852377,-2933.8056625420195,8888.193653730294,-10602.046145399705,261673.97595938135,251071.92981398164
DEHHALKAJ00010HUbt_1,357.841796875,"(1979, 1983)",,,,98203.63170295507,1967.5933626678411,1859.7615275151534,-805.14404296875,,,,,11449.592293226791,,324.27931684354354,1831.5585036485777,-1344.9113132584116,3870.4482949835915,-4649.051913188603,117356.8096456134,112707.7577324248
DEHHALKAJ00010HUbt_2,579.6181640625,"(1979, 1983)",,,,148181.77917351705,3068.598194429803,2793.1807582030797,-1304.140869140625,,,,,18205.76516049883,,514.8693452492065,2847.9804598068204,-1887.5358954463784,6152.330174356095,-7274.64011846957,178572.82650147387,171298.1863830043
DEHHALKAJ00010HUbt_3,338.2734375,"(1979, 1983)",,,,83978.30556200593,1800.1554439353822,1647.3108390043024,-761.115234375,,,,,10735.053135322043,,301.2986859710875,1669.668373833743,-1144.8275847190773,3598.826263388848,-4137.989150576341,101824.67548436727,97686.68633379093
DEHHALKAJ00010HUbt_4,846.8369140625,"(1979, 1983)",,,,213743.42293852358,4488.578810436069,4090.6776579955326,-1905.383056640625,,,,,26224.705238719955,,752.7001330300893,4164.52180996323,-2791.011681861233,8993.013718852426,-10513.063694289358,257761.225569019,247248.16187472965
DEHHALKAJ00010Ok,1045.513671875,"(1958, 1968)",-67265.8650105685,503.0139564801256,6527.237240631954,4113.2087816593685,1292.455730179331,690.2594614092429,-2822.8869140625,,,,,32165.13131667805,,875.0949433593751,3459.892665619575,73905.30234745896,1410.6406151159294,-36244.40809795715,115089.09894741734,78844.6908494602
DEHHALKAJ00010Nr,1493.20703125,"(1969, 1978)",,,,343837.2052878399,7512.325399799963,1907.9693530727427,-11465.528073133988,,,,,45938.015371790134,,3554.3137026715367,14669.073277300633,8356.419557715437,11759.034037921672,-27546.644639774902,426068.8279149781,398522.18327520316
DEHHALKAJ00010FD,632.396484375,"(1949, 1957)",-35100.534484868294,241.13175043226727,2747.420134472618,30830.1297540621,1553.0929091742987,531.8851327358921,-2297.2716308919257,,,,,19456.391558725674,,712.1542055764969,2791.805225700277,37504.74433325397,1072.9248869828841,-21055.506125638523,92155.85637531966,71100.35024968114
DEHHALKAJ00010LB,764.4580078125,"(1969, 1978)",,,,175091.11329418584,3831.9751093718537,973.5054416869409,-5838.627967916817,,,,,23518.516237525022,,1809.9746700542137,7468.839175165495,4259.93380718473,6005.474043532242,-14037.295003344912,217120.70381078954,203083.40880744462
DEHHALKAJ00010Fv,605.6279296875,"(1949, 1957)",-33614.77262481103,230.92494408874688,2631.125265768765,29548.457369378884,1488.0360093552838,509.5164257068874,-2200.5447682816366,,,,,18632.867489415006,,682.1688781673074,2674.265334664793,35918.23132118079,1028.4696515194355,-20165.631323173307,88281.46771110676,68115.83638793345
DEHHALKAJ00010NO,2445.3046875,"(1949, 1957)",-135724.19143732506,932.3906982497657,10623.524164587152,109812.4752102715,5729.965282997528,1998.1013637439114,-8675.917036477373,,,,,75228.98118847926,,2689.534281307986,10539.81008138138,144611.2408490266,3761.781952299265,-80860.48429785548,345695.97317303007,264835.4888751746
DEHHALKAJ00010kp,598.71484375,"(1969, 1978)",,,,136146.5193014961,2987.8980175466645,761.772237939494,-4540.055232031117,,,,,18419.578424580763,,1407.4171219296463,5805.51647057055,3337.367740968565,4767.007883156304,-10975.11264496751,169093.02196615696,158117.90932118945
DEHHALKAJ00010c0bt_0,1328.0634765625,"(1979, 1983)",,,,369365.4302752131,6419.397966381867,5268.029039717812,-2988.142822265625,,,,,40924.80464372564,,1126.0738312717124,5952.465798502128,-2356.228199568677,13514.46922312162,-18258.42120559707,437226.2997560996,418967.87855050253
DEHHALKAJ00010c0bt_2,2534.205078125,"(1979, 1983)",,,,643636.5821983843,11890.570194847991,9388.203577316604,-5701.96142578125,,,,,77972.92302057748,,2117.2967574928316,10978.19345687767,-3854.206663684349,25423.83454186499,-32569.540486371996,771851.4356578965,739281.8951715245
DEHHALKAJ00010pZbt_1,1065.1142578125,"(1979, 1983)",,,,292781.27682187414,5888.6652737673885,5595.041949752452,-2396.507080078125,,,,,32921.504845566866,,968.0335944648652,5485.774434973025,-4059.451706328573,11552.819990931679,-14048.653470276011,348737.1581249237,334688.50465464767
DEHHALKAJ00010pZbt_2,352.798828125,"(1979, 1983)",,,,108107.80412271657,1948.0892817044028,1848.7741771631893,-793.7973632812499,,,,,11446.778829145318,,320.43057618045043,1820.9497798654063,-1265.00700843862,3827.5354719390953,-5107.998792662277,127261.55786699455,122153.55907433228
DEHHALKAJ00010pZbt_3,1482.970703125,"(1979, 1983)",,,,409711.08245118114,8198.855679053242,7790.040583325753,-3336.68408203125,,,,,45638.016819703116,,1347.804190679509,7639.062860254662,-5638.529841880011,16085.72128893354,-19644.318769080906,487435.36994921963,467791.0511801387
DEHHALKAJ00010pZbt_5,372.3369140625,"(1979, 1983)",,,,102331.92285501321,2054.2110605463854,1947.8952500716848,-837.758056640625,,,,,11927.885595652151,,338.02142135083034,1913.515559011455,-1406.6705564101283,4034.3974520935326,-4913.0096669405875,122303.4205806885,117390.41091374791
DEHHALKAJ00010pZbt_8,828.7158203125,"(1979, 1983)",,,,233393.3838270224,4583.142703811963,4355.918565647832,-1864.610595703125,,,,,25894.38577816378,,753.308712327219,4272.748591898378,-3126.179628299008,8991.727429868148,-11157.484135576406,277253.8253847375,266096.3412491611
DEHHALKAJ00010pZbt_9,4.0,"(1979, 1983)",,,,5612.696789593323,19.39844124501463,15.984930628165495,-9.0,,,,,166.46676437694006,,3.3972238728117743,20.50641272579354,22.070634445949807,42.06818885548647,-238.18929541924064,5893.589385743485,5655.400090324244
DEHHALKAJ00010b5,674.4716796875,"(1949, 1957)",-37435.876126565694,257.1749539385449,2930.2140645775216,28165.184631308424,1492.5221926601562,532.4280596414917,-2326.927294921875,,,,,20750.891932391267,,721.3474614257811,2828.8945877014216,40382.16272289454,925.5291359576875,-22377.22908894789,93472.03342905888,71094.80434011099
DEHHALKAJ00010oz,697.059814453125,"(1969, 1978)",,,,165940.99688320182,3565.4439461884517,926.1398710867843,-5486.490250160211,,,,,21445.301574589543,,1700.8119775496655,7025.739648189328,4120.71615154085,6444.399767464749,-13605.777761715051,205683.05956965097,192077.2818079359
DEHHALKAJ00010l3bt_0,1781.9599609375,"(1979, 1983)",,,,453482.4893870842,8294.14487615953,6477.685572685146,-4009.409912109375,,,,,54831.86359436733,,1482.94157862163,7655.490582606612,-2510.3053067526016,17812.770348490856,-22979.408962867674,543517.6707211535,520538.2617582858
DEHHALKAJ00010Jq,1178.029296875,"(1969, 1978)",,,,274661.4583741259,5978.047142663818,1518.4270754506535,-9158.541254157586,,,,,36241.68419513728,,2839.1477887888523,11721.188990786864,6667.552295685966,9365.697877647912,-21991.56645437579,339834.6624861296,317843.0960317538
DEHHALKAJ00010bo,673.759765625,"(1949, 1957)",-37396.36204842255,256.90350226496764,2927.1211836434036,28128.70479172373,1490.9468151171877,531.8660745584352,-2324.47119140625,,,,,20728.98072451386,,720.5860693359375,2825.8833018868163,40334.723524831876,924.4638992481507,-22351.675276730202,93361.68400980973,71010.00873307954
DEHHALKAJ00010jv,604.2275390625,"(1949, 1957)",-33537.04534352534,230.39097742220395,2625.0413271411585,27253.579681870688,1419.351547240059,494.46775630869615,-2146.419541944165,,,,,18589.645797932622,,665.3900580026911,2607.595166654276,35738.202403299496,934.4338757603285,-19987.43217428371,85556.24674512469,65568.81457084099
DEHHALKAJ00010j8,617.4033203125,"(1969, 1978)",,,,141127.38316377546,3092.492884437904,788.93558457569,-4706.0942374692095,,,,,18994.52594427547,,1458.889213615455,6018.45345848465,3461.636154167707,4950.494833248651,-11383.303847007606,175186.71699911173,163803.41315210413
DEHHALKAJ00010K6,476.650390625,"(1949, 1957)",-26456.003293398695,181.7460183214356,2070.787729950153,20047.707737753622,1054.7682098046876,376.26790012208005,-1644.44384765625,,,,,14664.919965661215,,509.77759277343745,1999.7232012584373,28640.373114897055,655.9482813864565,-15855.093616712766,66305.04215600074,50449.94853928797
DEHHALKAJ00010Lc,1457.19140625,"(1969, 1978)",,,,333580.57958416146,7299.411723200485,1856.4137871109813,-11115.838070209713,,,,,44830.00899659979,,3445.909801765011,14219.128578188505,8295.912406659834,11505.957670395002,-26835.42901690093,413917.4844778714,387082.05546097044
DEHHALKAJ00010IB,581.041015625,"(1949, 1957)",-32250.100546059366,221.54999376548932,2524.308443713499,30120.45378314468,1479.5376409653877,499.86765083575506,-2150.2252718843356,,,,,17876.635340340115,,666.569834284144,2613.8240148958635,34537.20457406043,1059.645105348074,-19451.644934225464,86703.5126719901,67251.86773776464
DEHHALKAJ00010HS,1681.4013671875,"(1969, 1978)",,,,387665.0819811936,8465.275015512365,2147.7740244606375,-12926.961030644492,,,,,51727.74877686622,,4007.3579194997924,16540.276241960324,9401.88585063651,13180.873764127231,-31010.003026401893,480209.3125436123,449199.3095172104
DEHHALKAJ00010Fcbt_4,199.026123046875,"(1979, 1983)",,,,72988.81797046665,901.9105152781799,788.3326533417234,-398.05224609374994,,,,,6604.519547599467,,154.1070857322312,851.3383312751675,-294.42054337644015,1852.3437890828243,-3371.993558242994,83448.89710330607,80076.90354506308
DEHHALKAJ00010OG,782.2734375,"(1958, 1968)",-49628.8801729016,368.4465636659245,4733.193971093428,3481.97581420816,965.3591567241309,509.8849638779142,-2112.13828125,,,,,24066.774002477774,,654.7628671875,2586.2829937742918,54319.396066958994,949.4378100723868,-26840.06019528072,85421.73539403116,58581.67519875044
DEHHALKAJ00010Wy,601.388671875,"(1949, 1957)",-33379.47685907798,229.30852198312422,2612.7079871199226,30897.768567312407,1523.219077080462,515.644067250458,-2219.413485113665,,,,,18502.62642819723,,688.0181803852363,2697.8202426308935,35734.588201637845,1085.3303699270703,-20116.431284405662,89425.60164930794,69309.17036490227
DEHHALKAJ00010IL,732.69921875,"(1979, 1983)",,,,193091.071912713,3794.9998487224602,3375.3500677402617,-1648.5732421875,,,,,22541.565662917972,,643.4805183916649,3522.349963164899,-2104.6358235785056,7697.689953941745,-9482.557307023875,230913.29886182596,221430.74155480208
DEHHALKAJ00010I3,2117.5283203125,"(1969, 1978)",,,,507453.91175375215,10953.132508487122,2782.178461341678,-16919.904671567834,,,,,65145.04517448028,,5245.17044818603,21669.17291873023,12284.395313078987,17178.975684001267,-40569.4741868192,625792.0775904898,585222.6034036706
DEHHALKAJ00010MPbt_1,1095.7197265625,"(1979, 1983)",,,,271919.7271753008,5722.247095383034,5134.655796252814,-2465.369384765625,,,,,33722.62988422629,,966.417738071509,5303.413282575077,-3393.526603286983,11552.081663375648,-13466.26277883086,328462.27664713265,314996.01386830176
DEHHALKAJ00010MPbt_2,388.6474609375,"(1979, 1983)",,,,82772.20479119825,1739.2406958597028,1283.7538176388239,-874.456787109375,,,,,12175.285911995781,,317.31717670922734,1593.4214806812568,-450.4926751018257,3812.9622468699895,-4397.72413617273,102369.23665874184,97971.5125225691
DEHHALKAJ00010Yebt_0,788.1611328125,"(1979, 1983)",,,,225267.66688630718,4464.681739478498,4338.605541139081,-1773.3625488281248,,,,,24718.185181632023,,725.724087127214,4167.535278877323,-3258.6478841420208,8654.885440844768,-10680.746957922223,267305.27372243593,256624.5267645137
DEHHALKAJ00010NW,530.296875,"(1949, 1957)",-29433.597763516016,202.20133551799717,2303.852642480796,24655.933585910432,1262.4872084015733,437.538719802747,-1896.4207927023797,,,,,16315.315046275857,,587.8904457377377,2304.731738574944,31507.098416900488,845.8445813866649,-17622.615579552585,76020.41895028806,58397.80337073548
DEHHALKAJ000110T,498.8759765625,"(1949, 1957)",-27689.61221584017,190.22059807307474,2167.345860512007,20987.76015293073,1103.9506755117186,393.8127814736308,-1721.1221191406248,,,,,15348.721964306724,,533.5478569335937,2092.98741304517,29979.58377510376,686.6030342188637,-16595.901324825307,69405.84553438355,52809.94420955825
DEHHALKAJ00010y9,1255.5927734375,"(1979, 1983)",,,,350978.0201850231,6817.316264044455,6365.315224254234,-2825.083740234375,,,,,38627.93995676657,,1130.238213826528,6348.651375959478,-4403.151098774048,13499.69754954777,-16770.281707886512,416538.94393041363,399768.66222252714
DEHHALKAJ000115n,1289.1806640625,"(1949, 1957)",-71554.68361098318,491.56248940259354,5600.791593455153,53483.75789859115,2852.7969511679685,1017.6794373518417,-4447.673291015624,,,,,39661.86400020671,,1378.7787202148438,5405.812336275045,76935.85140701226,1764.4580579128726,-42671.12037095362,178053.3255177171,135382.20514676347
DEHHALKAJ00010zU,658.533203125,"(1969, 1978)",,,,150323.35035978828,3297.0299817683253,843.9119132852838,-5012.768461893649,,,,,20259.868075883423,,1553.9582231870313,6409.295554379916,3710.9349245945123,5366.189997651678,-12183.467648859334,186751.77056864477,174568.30291978543
DEHHALKAJ00010xp,676.0947265625,"(1949, 1957)",-37525.96172035706,257.793819070898,2937.265323991108,28236.931255050313,1496.1137941367188,533.7092931230276,-2332.5268066406247,,,,,20800.811270648253,,723.0833100585937,2835.716938698273,40482.16988323151,927.8082683107511,-22432.215086982447,93703.81720661682,71271.60211963436
DEHHALKAJ000116v,672.5458984375,"(1949, 1957)",-37328.98756401661,256.44065668162534,2921.847588305806,32874.09153915853,1654.2336364292785,566.1929605606654,-2445.0280264618823,,,,,20691.65710121506,,757.9586882031836,2971.40389438894,39889.60818064422,1144.6085092307646,-22397.391222105485,98104.72648336877,75707.33526126327
DEHHALKAJ00010vT,720.9482421875,"(1958, 1968)",-45981.158831591805,342.30703163438307,4414.341224046484,3093.351995049513,890.2638556205895,472.19394352574864,-1946.56025390625,,,,,22180.190076765568,,603.4336787109374,2384.4849371744253,50417.52768482606,912.0770128734587,-24839.585378772892,79006.96293064006,54167.37755186717
DEHHALKAJ00010t9,436.673828125,"(1979, 1983)",,,,96121.13087842942,2109.2599008241345,1729.4336543718755,-982.51611328125,,,,,13434.323448062005,,370.12974149877243,1941.6188902844924,-935.6778537145326,4434.874997886934,-4973.072793793885,118222.57754436186,113249.50475056798
DEHHALKAJ0001119,1958.2861328125,"(1979, 1983)",,,,593350.153978078,10070.881640018157,8888.013318104324,-4406.143798828125,,,,,60246.02017961316,,1713.5156683303073,9387.960001569778,-4912.136602111096,20526.413004058602,-28534.66684183142,694864.6773888334,666330.010547002
DEHHALKAJ000113R,597.1162109375,"(1949, 1957)",-33142.33818709409,227.6794395799685,2594.146458880188,30814.101618567678,1516.3781166733863,512.8269970736711,-2206.6377663888184,,,,,18371.146849256256,,684.0577075805337,2682.3442983414707,35486.63446913636,1083.211816125225,-19981.544640790646,88944.06410636577,68962.51946557513
DEHHALKAJ0001115,673.69140625,"(1949, 1957)",-37392.56782967081,256.87743694651715,2926.824199191568,28136.87963976926,1490.7955442968748,531.8121116560841,-2324.2353515625,,,,,20726.889756634024,,720.512958984375,2825.6379997143385,40338.49753632319,924.514398544065,-22352.56747521115,93371.30459435971,71018.73711914856
DEHHALKAJ00010zH,749.181640625,"(1949, 1957)",-41582.57780034488,285.6617404730873,3254.788371988812,36020.41752651178,1825.1606136741073,626.9744430873333,-2710.4296656607567,,,,,23049.284749903858,,840.2331963548345,3293.7018991950395,44408.86134713817,1250.3507928249971,-24914.111934606186,108604.55490302936,83690.44296842317
DEHHALKAJ0001158,2768.60595703125,"(1949, 1957)",-175621.37726814597,1206.4742242671446,13746.392043070522,79751.21302427162,5423.107379179688,2162.1330815107003,-9729.67236328125,,,,,85175.22496666962,,3016.1984326171873,11819.381732525708,186619.6235941539,2182.965689391481,-101602.13663780346,366420.17553703865,264818.0388992352
DEHHALKAJ0001104,2688.719482421875,"(1949, 1957)",-170553.927109569,1171.662129668052,13349.74809446875,77477.15077541806,5266.626848300782,2099.7460202246634,-9448.928466796875,,,,,82717.54515370245,,2929.1678247070313,11478.442315654098,181254.16304772778,2120.332228572085,-98678.23558661359,355894.2457475101,257216.01016089652
DEHHALKAJ000115cbt_0,424.447265625,"(1979, 1983)",,,,113721.2655857467,2266.357646752961,2081.0588623819895,-955.00634765625,,,,,13519.03723508079,,378.72152836649536,2107.0263605627706,-1404.1079436502064,4525.390306683933,-5527.432443736094,136239.74323426918,130712.31079053308
DEHHALKAJ000110O,607.013671875,"(1949, 1957)",-33691.68685922135,231.45332532990756,2637.1455648709784,29402.72178170373,1485.189224501647,509.35319794535445,-2200.881193592363,,,,,18675.508180763758,,682.2731700136326,2674.588600649623,35991.124054523796,1022.0403742699112,-20199.165562836883,88241.9173907791,68042.75182794221
DEHHALKAJ00010wG,871.703125,"(1949, 1957)",-48383.01027221766,332.3789830935957,3787.077847649051,39045.98739837739,2039.6897655390771,711.6609296499423,-3090.591662608187,,,,,26818.190739321777,,958.0834154085381,3754.518697021742,51546.71334876481,1336.8846678469758,-28819.266114861413,123121.13729932206,94301.87118446064
DEHHALKAJ000111u,758.015625,"(1949, 1957)",-42072.899269320034,289.0301243402751,3293.1672484360433,35795.15614703449,1827.6354587411724,630.318206204076,-2728.0744053052476,,,,,23321.061639342555,,845.7030656446268,3314.8818357203468,44904.199000704524,1238.3367438108628,-25169.47774324048,109149.21769189743,83979.73994865695
DEHHALKAJ00010tmbt_2,363.2197265625,"(1979, 1983)",,,,116515.07743214608,1715.2418032490775,1365.9464248745885,-817.244384765625,,,,,11725.827586071904,,304.4304658084332,1597.6494204103587,-426.0619614295859,3661.5704347832534,-5649.329776189919,135642.43722114852,129993.1074449586
DEHHALKAJ0001127bt_0,396.10888671875,"(1979, 1983)",,,,130704.22078638012,2156.7117092978215,2676.6612089957935,-594.163330078125,,,,,13106.758282242747,,301.10230230055356,2064.4014580726566,-2648.36235442054,3554.1813896725844,-5421.9147621768625,151321.5114524636,145899.59669028674
DEHHALKAJ0001127bt_1,2.0,"(1979, 1983)",,,,3886.939226615591,8.44901309069213,8.998083484903072,-3.0,,,,,91.95162662259662,,1.3062898909365779,9.874825735875438,14.754985162995712,16.521664400077544,-160.26754217100938,4035.7957150036673,3875.528172832658
DEHHALKAJ00010se,723.5107421875,"(1958, 1968)",-38060.013679523574,311.4699288733524,4521.7066055927735,-1616.7173057681744,613.1243505792415,384.43897741194564,-1302.3193359375,,,,,22259.791508719787,,403.718994140625,1623.0527532689457,44289.39015755138,1721.207731316426,-19671.166746319785,68375.68783128267,48704.52108496289
DEHHALKAJ00010r1,2258.4638671875,"(1949, 1957)",-125353.77854193792,861.1485974991897,9811.802018194658,93086.11817215921,4997.7004885664055,1782.8317641656874,-7791.7003417968735,,,,,69480.8864668019,,2415.427105957031,9467.93552053269,134345.79273892692,3083.1032271357817,-74579.06448350097,310868.0951424487,236289.03065894777
DEHHALKAJ000112q,619.58203125,"(1949, 1957)",-34389.281078291686,236.24562030787655,2691.7482776584943,30528.590104410556,1531.0921218365988,523.120660368856,-2257.8389206104507,,,,,19062.277641166253,,699.9300653892398,2744.013510581248,36758.84949368553,1064.4878504205515,-20647.948886848448,90654.52252724838,70006.57364039993
DEHHALKAJ00010yH,1040.1845703125,"(1949, 1957)",-57734.40441713686,396.620684031754,4519.038455548517,49302.3672967467,2511.6949107384476,865.744715261939,-3746.393422355575,,,,,32001.853957930052,,1161.3819609302282,4552.500135108112,61664.670842004925,1705.2650781131395,-34562.115525570036,150019.085474478,115456.96994890796
DEHHALKAJ000110K,675.41796875,"(1958, 1968)",-42105.62963773503,309.70956771125503,3926.7182084899964,4235.206069123049,831.7096867187499,433.2486173229902,-1823.628515625,,,,,20779.680609599716,,565.32483984375,2233.379973349006,46431.21222505676,717.6086768234425,-23106.895135601895,74403.74218221246,51296.847046610565
DEHHALKAJ000110I,1477.1123046875,"(1969, 1978)",,,,337174.0099375318,7372.594168694824,1873.250597156319,-11211.436389748149,,,,,45442.88230782921,,3475.5452808219256,14342.985055404184,8876.461660409304,11572.587126833168,-27246.16347574362,418918.8797449325,391672.7162691889
DEHHALKAJ00010tRbt_1,596.6630859375,"(1979, 1983)",,,,149875.65823616053,3091.593768564803,2750.8705022876466,-1342.491943359375,,,,,18698.003853677365,,524.1134850707238,2865.403857551605,-1765.372031647215,6267.521682320219,-7421.360258604578,180965.3014106263,173543.94115202173
DEHHALKAJ0001149,1531.3896484375,"(1969, 1978)",,,,345697.05158441316,7599.473058077207,1929.542177828905,-11528.087855999456,,,,,47112.68940533053,,3573.7072353598314,14741.70527655612,8414.814952157833,11869.31909506636,-27716.22585616538,429410.21492879046,401693.98907262506
DEHHALKAJ00010vxbt_0,529.48828125,"(1979, 1983)",,,,176995.98093658907,2654.6144213404173,2276.607559852883,-1191.3486328125,,,,,17016.193425601894,,457.30946991576616,2481.6725962347587,-1021.7633753337034,5488.732609947858,-8431.693180841574,205157.99901133642,196726.30583049485
DEHHALKAJ00010xi,1624.2900390625,"(1860, 1918)",-217343.25663572527,1790.2859448747686,26179.977469291858,91510.74056806674,5444.319360325766,9055.068327337985,-4385.58310546875,,,,,49970.74669586336,,1709.1706586062078,9713.44907896819,219336.92152204725,5477.026160145326,-99640.32453719524,387831.8592658921,288191.5347286969
DEHHALKAJ000116f,1221.1708984375,"(1949, 1957)",-67779.86957799977,465.6304764378915,5305.3260049587925,56469.94385771325,2909.2812653558367,1007.9958615092788,-4368.606142174575,,,,,37569.54572377044,,1354.2679040741182,5307.806579229608,72289.01349512514,1945.7217287863486,-40477.58714502909,174484.97027338945,134007.38312836038
DEHHALKAJ00010tt,399.333984375,"(1949, 1957)",-19701.89642571385,135.34702082715128,1542.1242930256608,20705.339275392973,962.5951017812499,317.85997347236207,-1357.7355468749997,,,,,12286.431257138385,,420.89801953125,1651.682238459252,21573.787312706216,729.371860344274,-12157.2491200346,57290.229491950966,45132.98037191637
DEHHALKAJ00010zLbt_0,1165.072265625,"(1979, 1983)",,,,298660.89986132504,6202.0803524898365,5677.387012637034,-2621.4125976562495,,,,,35856.0625915552,,1037.903138865083,5756.822569618663,-3899.4714390474214,12399.218646872121,-14559.056442533718,359069.4901366593,344510.43369412556
DEHHALKAJ00010zLbt_1,448.126953125,"(1979, 1983)",,,,121192.9796771341,2379.220970480922,2172.0351624092477,-1008.28564453125,,,,,14277.384054172673,,398.65972971285805,2212.1166423646837,-1435.7126269067066,4765.0709641256,-5890.032592079439,144953.46892896213,139063.4363368827
DEHHALKAJ00010xgbt_0,1618.5771484375,"(1979, 1983)",,,,400791.81374615995,8400.33528650892,7487.7232533348315,-3641.798583984375,,,,,49804.237844699106,,1422.973972924205,7781.818449984614,-4880.486170185727,17013.057784881097,-19800.545748561024,484179.6755843226,464379.12983576156
DEHHALKAJ00010xgbt_1,829.486328125,"(1979, 1983)",,,,215834.89667166024,4304.992986310046,3837.298749349494,-1866.34423828125,,,,,25807.51075632425,,729.2438651798499,3994.4712187314476,-2425.867524191096,8722.12095769446,-10617.346343440042,258938.32344277744,248320.9770993374
DEHHALKAJ00010xgbt_2,916.66015625,"(1979, 1983)",,,,237841.0729631834,4851.242281686573,4414.214139229455,-2062.4853515625,,,,,28384.57521527966,,814.1102481188143,4504.352343774594,-2957.3627155739296,9729.20165660833,-11648.050040210746,285518.92078074435,273870.8707405336
DEHHALKAJ000110C,1499.03515625,"(1949, 1957)",-83202.44735070688,571.5796657903736,6512.495676875666,65839.81364105828,3469.3057232707624,1215.6800912531116,-5286.009245017614,,,,,46117.46710379861,,1638.6628659554603,6421.023291870877,88586.06264797863,2245.2236172649855,-49482.230894809385,210247.2297374331,160764.99884262373
DEHHALKAJ00010uC,1841.9482421875,"(1969, 1978)",,,,425445.5595606892,9284.962985640292,2355.486027348501,-14186.716977649881,,,,,56666.917672081036,,4397.882263071464,18153.09938178421,10314.086664029634,14449.996139433604,-34023.37278692497,526881.2737164281,492857.90092950314
DEHHALKAJ000112P,678.5439453125,"(1949, 1957)",-37661.903157919485,258.7277021948099,2947.90585263688,28370.180966536715,1501.5336115273437,535.6427068244068,-2340.976611328125,,,,,20876.19446862763,,725.7027495117188,2846.1058418266075,40650.90198581883,931.5743918861626,-22522.348317394815,94096.86011123128,71574.51179383646
DEHHALKAJ00010zl,1774.623046875,"(1949, 1957)",-98498.67763898095,676.6608800384545,7709.775766546409,79587.60874526878,4153.653156424878,1449.0687794874584,-6292.785610804445,,,,,54595.73163728157,,1950.7635393493779,7644.839498967841,104980.70836476493,2724.0970496873474,-58688.93440595301,250793.6851604277,192104.7507544747
DEHHALKAJ00010uLbt_0,1569.4658203125,"(1979, 1983)",,,,411982.52888234286,8502.334097796644,7921.029130928432,-3531.298095703125,,,,,48296.25599595456,,1411.0936594125706,7904.047381512473,-5601.645606010707,16848.879946756813,-20016.759364369816,493733.2253929906,473716.4660286208
DEHHALKAJ00010uLbt_1,512.3603515625,"(1979, 1983)",,,,143268.92151447007,2774.9289582243173,2584.5611559169574,-1152.810791015625,,,,,16290.687461291473,,460.5973146367377,2584.5474542303755,-1769.413369909218,5502.265767512468,-6892.303476917004,170544.28546535753,163651.98198844053
DEHHALKAJ000116sbt_1,1953.9296875,"(1979, 1983)",,,,514687.5508037994,10689.119542465307,10053.903501115425,-4396.341796875,,,,,60122.2376221713,,1765.8830500178065,9941.550819587284,-7263.915861626115,21077.260120782772,-24928.981165538004,616677.2478014381,591748.2666359001
DEHHALKAJ000115l,1479.5048828125,"(1949, 1957)",-82118.43905333409,564.1328043090682,6427.6472189861925,64362.44589446428,3405.950685477049,1195.9818609634915,-5203.494931871989,,,,,45516.616175571515,,1613.0834288803167,6320.535376356089,87404.92882617263,2190.4665527947336,-48800.93727960861,206806.5138688081,158005.57658919948
DEHHALKAJ000112T,1371.8896484375,"(1969, 1978)",,,,309743.7394914737,6797.209357901143,1725.862953407086,-10303.671929684217,,,,,42205.74382217996,,3194.1382982021073,13178.031637759024,8068.987914673179,10626.047754874453,-24995.369586908917,385236.08930078644,360240.71971387754
DEHHALKAJ00010sN,676.6240234375,"(1984, 1994)",,,,164373.7000918466,3560.879549868562,3219.181895221431,-1522.404052734375,,,,,20816.344764448655,,600.6318964228453,3322.4573850007905,-2099.3824731313775,6166.054229575574,-8569.401638422674,198437.46328651873,189868.06164809605
DEHHALKAJ000112c,1052.1044921875,"(1969, 1978)",,,,237994.43022754937,5230.038564328319,1330.655734957862,-7936.454515808107,,,,,32367.66496416104,,2460.3008999005133,10148.31125155791,5814.450104355801,8255.43447284404,-19134.772292030237,295664.83170384675,276530.05941181653
DEHHALKAJ00010zdbt_1,653.140625,"(1979, 1983)",,,,251394.28295012796,3640.3119654408083,3485.196451090746,-1469.56640625,,,,,21167.558538926372,,596.1801366372063,3432.3902346978384,-2105.6401223219636,7133.43685584164,-11522.649272126611,287274.1506041906,275751.501332064
DEHHALKAJ00010zdbt_2,406.7548828125,"(1979, 1983)",,,,113146.66356188188,2226.501655650036,2095.388639140695,-915.198486328125,,,,,13018.03618535402,,367.72431635250035,2074.1879388743405,-1476.8205951821883,4390.721543764601,-5433.140647317918,134927.2047595078,129494.06411218987
DEHHALKAJ00010zdbt_3,298.87109375,"(1979, 1983)",,,,85010.3024268378,1638.4246860667001,1544.1789069916706,-672.4599609375,,,,,9640.978426316367,,270.40826787703577,1527.4689964945276,-1080.0352481861341,3229.0861904659323,-4066.884612364888,101108.35269192641,97041.46807956153
DEHHALKAJ000115G,1403.6142578125,"(1969, 1978)",,,,324946.4941319806,7088.700011891029,1801.8593601113457,-10835.468743096657,,,,,43181.72511155135,,3358.9953103599637,13864.291356912418,7905.113736162059,11144.942479107944,-26055.567684234935,402456.6527549801,376401.08507074515
DEHHALKAJ00010uybt_0,259.579833984375,"(1979, 1983)",,,,91161.58610027371,1204.8807987947628,1081.0474153364494,-519.15966796875,,,,,8543.484041713691,,203.49901300804095,1135.6443938901455,-493.1626486979362,2442.3463330621084,-4216.14227777622,104760.16577941221,100544.023501636
DEHHALKAJ00010wabt_1,613.4130859375,"(1979, 1983)",,,,161681.04421931598,3159.0359754830943,2792.2879521961195,-1380.179443359375,,,,,19292.945618162692,,537.130192477716,2931.4372477074035,-1709.2542698531345,6426.976568715569,-7950.9359227252235,193731.42406084604,185780.48813812083
DEHHALKAJ00010xY,761.6005859375,"(1969, 1978)",,,,175006.22658122395,3826.935054297879,973.4058239750393,-5835.75473434384,,,,,23430.62953769551,,1809.0839676465905,7465.320005075009,4266.179009708495,6035.646047077642,-14052.069126337767,216977.67129235627,202925.6021660185
DEHHALKAJ00010xEbt_1,415.5927734375,"(1979, 1983)",,,,128795.8660149698,2338.3466275301653,2258.3796842332295,-935.083740234375,,,,,13422.308287654854,,381.27980677726555,2187.8298859249153,-1606.9667768468034,4551.252535968882,-6049.345541798719,151393.21232597792,145343.8667841792
DEHHALKAJ00010xEbt_2,1365.3935546875,"(1979, 1983)",,,,413048.62221061985,7856.056005038929,7741.04046511506,-3072.135498046875,,,,,42074.218266161755,,1267.8867513620403,7347.980730514761,-5868.92401907143,15116.798881290559,-19232.517125427046,485511.54379298456,466279.02666755754
DEHHALKAJ00010qz,1463.5859375,"(1984, 1994)",,,,378751.394290959,7359.592748558343,6328.805264626617,-3293.068359375,,,,,45027.19013962049,,1269.1448687752863,6898.292646876047,-3055.371482451187,13025.908489043548,-21816.331567652564,452311.8886066331,430495.55703898054
DEHHALKAJ000113t,1581.9609375,"(1969, 1978)",,,,363176.0690074853,7942.639855555473,2017.8938951132413,-12110.485235418193,,,,,48668.498497915774,,3754.25042297964,15492.771952958585,8834.500519587149,12451.345516597547,-29114.079062451812,450227.4844327746,421113.40537032275
DEHHALKAJ000113Y,652.1806640625,"(1949, 1957)",-36198.63559474755,248.67542595353174,2833.3716774689105,29806.023895822374,1543.4092362006081,536.1366419750029,-2325.343994965294,,,,,20064.933402049952,,720.8566384392411,2825.1228151286996,38591.44786739152,1024.628212306924,-21596.706329330045,92787.21471434903,71190.50838501898
DEHHALKAJ00010yu,7984.75830078125,"(1919, 1948)",-831554.0073827109,5906.015246271376,71055.74955011556,560242.1639573209,26405.291749923195,35954.81747104408,-25551.2265625,,,,,245648.35788463958,,9255.0481385035,47981.49094822936,835635.5982209356,25628.908941763417,-453603.87621475523,1761200.4507498594,1307596.5745351042
DEHHALKAJ00010qZ,79.50537109375,"(1949, 1957)",,,,10300.744615284771,317.3460067421875,67.46634978125,-238.51611328125,,,,,2446.4249481745924,,73.9399951171875,290.95831786178724,404.7240206396387,430.99503216121263,-613.0586238080565,14094.083172481376,13481.02454867332
DEHHALKAJ0001131bt_0,2458.0908203125,"(1979, 1983)",,,,625785.1145962921,13213.049185521302,12214.754793734735,-5530.704345703125,,,,,75630.59286059122,,2200.992938022865,12268.826297976342,-8600.655761615133,26283.249337637397,-30621.155376501596,753465.2199024578,722844.0645259562
DEHHALKAJ00010qj,602.71142578125,"(1969, 1978)",,,,123489.30424237775,2767.6781901054687,716.7492492304689,-4054.2388574218753,,,,,18542.821456958376,,1256.8140458007815,5174.008189083847,3606.4043466382927,4937.176805132481,-10329.201522126583,156436.71766790556,146107.51614577897
DEHHALKAJ000111hbt_0,1329.779296875,"(1979, 1983)",,,,338281.0045161389,7105.397203950264,6529.093279154578,-2992.0034179687495,,,,,40921.524829156726,,1186.9581953233528,6595.971440362917,-4530.880311209718,14177.493365772625,-16581.140585487617,407274.5591006809,390693.41851519333
DEHHALKAJ000111hbt_1,523.29296875,"(1979, 1983)",,,,134076.4030391461,2708.558037230037,2407.290628202766,-1177.4091796875,,,,,16514.541759126343,,459.41288965161465,2511.7558546432188,-1522.8049911299795,5494.808975744039,-6617.645179864532,161472.5570129266,154854.91183306207
DEHHALKAJ000115x,903.091796875,"(1949, 1957)",-50125.207116767684,344.3474326026772,3923.4446226619743,41657.900750411136,2148.472590070391,744.799172093956,-3228.438045785479,,,,,27784.166529586342,,1000.8157941934986,3922.4732795810405,53455.35324862024,1434.6667012316948,-29928.26305292181,128920.2100200028,98991.94696708099
DEHHALKAJ000114Jbt_0,1505.09765625,"(1979, 1983)",,,,332091.382360875,7587.20275658167,6048.248989495985,-3612.234375,,,,,46308.41441094803,,1346.0969291598683,6964.949131807699,-3093.0469425949314,16136.88353849707,-17519.09624290589,409777.8967997705,392258.8005568646
DEHHALKAJ000114Jbt_1,565.7666015625,"(1979, 1983)",,,,178812.53865253192,2805.5930445550366,2187.592784723201,-1357.83984375,,,,,18000.00805839017,,501.9258956889954,2603.5351440508703,-675.8989328518915,6036.617080027401,-8811.810346552305,208914.07188336574,200102.26153681343
DEHHALKAJ000114Jbt_3,5.0,"(1979, 1983)",,,,4931.683930127434,24.064566865399907,17.981865634221997,-12.0,,,,,190.3985517906086,,4.371783942406704,24.179162573130526,18.003834130173036,53.613553527548405,-214.78323811568822,5252.297248590923,5037.5140104752345
DEHHALKAJ00010t3,414.017578125,"(1979, 1983)",,,,120313.09255720353,2225.563692621075,2286.541074765631,-828.03515625,,,,,12737.72687782415,,351.2153465109221,2090.2389489812736,-1831.493425658471,4181.688301673481,-5516.741464688641,141526.5382176716,136009.79675298295
DEHHALKAJ000112ebt_1,815.400390625,"(1979, 1983)",,,,202307.56094782165,4219.28265793028,3748.806968777853,-1834.65087890625,,,,,25264.060484818776,,715.754835551097,3908.9697679723668,-2412.4362201188646,8558.975199047029,-10043.222050164768,244476.32376289394,234433.10171272917
DEHHALKAJ00010xe,482.2607421875,"(1949, 1957)",-26767.400246666693,183.88523624283667,2095.1616681758155,20287.610916051817,1067.1832221289062,380.6967126078948,-1663.7995605468748,,,,,14837.533373929642,,515.7778637695312,2023.2754559013197,28980.28703282495,663.720509094547,-16042.841184844981,67092.28552576173,51049.44434091675
DEHHALKAJ00010tF,1766.76953125,"(1949, 1957)",-98062.77610753078,673.6663473101851,7675.6564956655075,75796.17711363552,4036.109025741697,1421.5745209993026,-6190.407123151472,,,,,54354.08168436942,,1919.0262081769563,7518.868621427915,104329.40464924696,2572.012032666646,-58213.44111945523,245756.84673311294,187543.4056136577
DEHHALKAJ00010wg,700.6640625,"(1979, 1983)",,,,192187.3455768366,3653.4682938733677,3660.5535371490764,-1401.328125,,,,,21556.232486567966,,584.4737231736123,3422.1027595972505,-2846.3672785232075,6964.451873605822,-8940.392337118676,227780.93284728043,218840.54051016175
DEHHALKAJ00010yg,2747.956298828125,"(1949, 1957)",-174311.50454879447,1197.4757316146504,13643.86452502677,79186.05449235227,5382.659111886718,2146.0068035875174,-9657.103564453126,,,,,84539.94551537039,,2993.702104980469,11731.3382186442,185248.88004801254,2167.072169177596,-100852.83673735014,363738.55489955854,262885.7181622084
DEHHALKAJ0001154bt_0,158.73974609375,"(1979, 1983)",,,,62561.69248280335,686.3100119362686,743.257295612731,-238.109619140625,,,,,5377.422461239568,,105.05796334136511,661.3773382951229,-478.64276739606737,1255.3321321673184,-2696.6079803679663,70673.69729885901,67977.08931849105
DEHHALKAJ000113a,675.1015625,"(1949, 1957)",-37470.83714220675,257.4151272299816,2932.950564169437,28175.43945718754,1493.91604521875,532.9252892417268,-2329.100390625,,,,,20770.25340355375,,722.02112109375,2831.4762076971947,40408.42862379389,926.1835099897551,-22393.52875648231,93531.54326715136,71138.01451066905
DEHHALKAJ000114L,911.2431640625,"(1949, 1957)",-50577.640601350446,347.4555356470523,3958.8578972258742,42753.93942017408,2184.8026847628244,755.1226882157302,-3270.3085613760118,,,,,28035.104903944528,,1013.7956540265637,3974.1137864930442,54064.302244327155,1473.2690775874871,-30273.240200445234,130984.14189815539,100710.90169771016
DEHHALKAJ000110dbt_0,1138.5234375,"(1979, 1983)",,,,294409.3951726793,6081.332530212562,5586.104406315588,-2561.677734375,,,,,35050.24501057672,,1016.0569184261454,5647.925268025724,-3841.8609077472756,12137.73858246898,-14392.359259780525,353525.25924658275,339132.89998680225
DEHHALKAJ000110dbt_2,535.2509765625,"(1979, 1983)",,,,140230.06645365315,2858.867130550533,2625.933321472825,-1204.314697265625,,,,,16891.960331544833,,477.66441666357434,2656.133183072801,-1793.90468250382,5706.68033726407,-6840.435316246383,168449.08579445232,161608.65047820593
DEHHALKAJ0001133,689.73828125,"(1949, 1957)",-38283.2335800798,262.996084271924,2996.539177942497,30424.508515032874,1600.1171663896134,560.1715944518501,-2435.073811057521,,,,,21220.336015958095,,754.8728814278315,2957.987662074542,40766.02119120405,1038.4352243059952,-22775.530985616995,96887.37643978733,74111.84545417034
DEHHALKAJ00010vG,1154.033203125,"(1969, 1978)",,,,263268.23889633396,5769.465383363409,1466.6507588984177,-8779.086900297349,,,,,35503.45129748673,,2721.5169390921783,11228.770581193407,6415.69722315847,9070.072733944035,-21130.56301921687,326664.7769131733,305534.21389395645
DEHHALKAJ00010uo,800.193359375,"(1969, 1978)",,,,185804.98776432962,4052.480941550366,1035.036150681406,-6195.7066929579,,,,,24617.938542041094,,1920.6690748169488,7926.204475101352,4559.727250280285,6528.598209855838,-14997.573146384544,230249.93571569902,215252.3625693145
DEHHALKAJ00010tH,2882.0947265625,"(1949, 1957)",-159967.7857765828,1098.9380293827196,12521.140260671878,116114.38139917464,6377.718250136718,2275.12607153146,-9943.226806640625,,,,,88666.68315056855,,3082.4003100585933,12060.84346019612,172348.4011140951,3827.7994146118854,-95536.42297818666,394810.1263637324,299273.70338554576
DEHHALKAJ00010zJbt_0,849.7275390625,"(1979, 1983)",,,,229715.27784536625,4637.269638788617,4351.473169842554,-1911.886962890625,,,,,26444.69909525725,,766.96488263776,4315.859884761175,-3087.9713562038137,9156.962867407612,-11087.750712487154,274388.64906496677,263300.8983524796
DEHHALKAJ000111Bbt_0,4.0,"(1979, 1983)",,,,9458.428190118659,19.032918371862124,15.308442118411403,-9.0,,,,,194.0596513482845,,3.365170358569298,22.30457880202453,48.21459386994772,42.82792844965972,-395.0010862110295,9794.541473437419,9399.540387226389
DEHHALKAJ000111Bbt_1,1886.8251953125,"(1979, 1983)",,,,471130.25991916575,9914.610805205952,8954.610665956057,-4245.356689453125,,,,,58056.005879097764,,1669.5101462658738,9192.81510465667,-6001.532182913995,19952.330332508198,-23268.967940484283,568623.2539804891,545354.2860400048
DEHHALKAJ000111Bbt_2,852.2236328125,"(1979, 1983)",,,,210336.47287891462,4401.324708548167,3902.371581451284,-1917.5031738281248,,,,,26350.34910399182,,747.332772332547,4076.683001948356,-2503.9494461002296,8936.96465014771,-10456.90172689507,254330.04607740615,243873.14435051108
DEHHALKAJ00010zw,1310.623046875,"(1949, 1957)",-72744.82162715468,499.73843507712843,5693.947130725975,56239.25999788364,2992.9989451992633,1054.3248610039159,-4591.362075997304,,,,,40321.43171995709,,1423.3222435591642,5576.835492983762,77426.53879196956,1907.108296239238,-43195.58427313641,182350.4582727983,139154.87399966188
DEHHALKAJ00010zSbt_1,2804.33203125,"(1979, 1983)",,,,690931.9238695867,14545.254657579953,12956.33830061161,-6309.7470703125,,,,,86282.19975541279,,2464.6346471599127,13474.088449476107,-8427.857790896585,29467.797040480953,-34322.4015809486,835384.6318590989,801062.2302781503
DEHHALKAJ00010zSbt_3,4.0,"(1979, 1983)",,,,7844.0334498751945,18.767128888382878,14.816534375302357,-9.0,,,,,186.60623886412603,,3.341862687230635,21.145492283076205,38.45567487613,42.103999697122696,-329.43045782629656,8160.270381546566,7830.839923720269
DEHHALKAJ00010t5,894.6357421875,"(1949, 1957)",-49655.862257177156,341.12315271035135,3886.707645969892,40815.15934973868,2115.0908031803983,735.0052722371183,-3188.2390489087747,,,,,27523.9555159965,,988.3541051617201,3873.4479124268983,52935.11070464073,1402.5983850892321,-29621.281759986396,127200.4829995625,97579.20123957611
DEHHALKAJ000110x,2385.73046875,"(1949, 1957)",-132417.58399830665,909.6751455818543,10364.706457447322,98301.36627133173,5279.325696765625,1883.29604126993,-8230.7701171875,,,,,73396.1986320748,,2551.538736328125,10001.34919426967,141894.73519333254,3256.443351472993,-78773.00065985651,328333.4829996579,249560.4823398014
DEHHALKAJ00010zW,436.3486328125,"(1979, 1983)",,,,134355.26009736359,2056.5004453142687,1633.4087120190707,-981.7844238281249,,,,,13424.678422752379,,365.36525393124646,1912.2365805577838,-536.6551377487555,4393.206185669825,-6560.4757975433295,156622.2161360313,150061.74033848796
DEHHALKAJ000111S,790.3623046875,"(1984, 1994)",,,,188143.4234829557,4108.31368356294,3665.6724885522067,-1778.315185546875,,,,,24315.35016390373,,697.1117406452867,3827.3109664631493,-2354.440177181144,7151.077010099269,-9725.869862841388,227775.50417345425,218049.63431061286
DEHHALKAJ000111Jbt_0,528.65234375,"(1979, 1983)",,,,132883.66980091942,2756.7946648164675,2469.879075060789,-1189.4677734375,,,,,16610.576702958027,,465.9154179172491,2555.8088754843807,-1614.5892026054803,5570.142989225685,-6568.3700483253015,160508.73055033907,153940.36050201376
DEHHALKAJ000111Ubt_1,631.990234375,"(1979, 1983)",,,,175978.61506456695,2938.766512446986,2292.127713041901,-1421.97802734375,,,,,19901.419898893106,,525.6915941783552,2720.8329291075097,-783.285757258436,6319.123176896166,-8768.342285019318,208471.31310452876,199702.97081950944
DEHHALKAJ00018J5,1568.9208984375,"(1949, 1957)",-87081.3855868631,598.2269855656957,6816.111367257405,68729.43350694358,3618.0609950414723,1269.5950379153653,-5522.685740305231,,,,,48267.54669265486,,1712.032579494622,6709.324471071089,92884.47754427447,2335.0991321941888,-51838.367369241845,220002.8842192844,168164.51685004256
DEHHALKAJ00018Cs,1703.0869140625,"(1969, 1978)",,,,396260.2422466834,8989.93800201538,2191.6642302514647,-12844.468619995117,,,,,52394.952983374256,,3981.7852721984864,16423.411701041718,11236.618326806944,12228.657519088567,-30591.556516620505,490862.80166146514,460271.24514484464
DEHHALKAJ000187x,1445.013671875,"(1949, 1957)",-80204.03888057999,550.9813617040265,6277.801592494952,63427.618761895115,3343.123379372801,1171.6239945487093,-5094.644901461242,,,,,44455.68080112934,,1579.339919452985,6188.5527949771,85391.92207150732,2162.685631651529,-47696.68117400857,202625.90245307362,154929.22127906507
DEHHALKAPE0001Oe,2582.578125,"(2010, 2015)",-17827.09856466011,112.57224578646408,1655.7242229940853,674538.1480668003,14379.019704004915,11202.649924288928,-7575.5625,,,,,79452.13615534903,,2708.0442349880395,13692.231564998976,15608.158647380164,62889.95772090928,-61986.895205268214,866894.7835187197,804907.8883134515
DEHHALKAPE0001O7,2515.681640625,"(2010, 2015)",-17572.213876688198,110.00009670106688,1657.3781172070107,566359.2774691716,13883.973821655016,10667.229439620876,-7379.3328125,,,,,77394.08748007462,,2640.7925958933215,13148.567043944486,14506.474080647396,51338.84686694039,-50641.682509769395,742559.9159854477,691918.2334756784
DEHHALKAPE0001OZ,2381.560546875,"(2010, 2015)",-16439.508333110527,103.81007127835032,1526.84925494286,630053.2045583888,13299.38616864093,10405.300114507441,-6985.9109375,,,,,73267.89930905873,,2499.760325934262,12670.221800034727,14378.960332325574,58731.66781265222,-57898.870563556164,808320.4894840426,750421.6189204864
DEHHALKAPE0001Oibt_0,1602.5595703125,"(1979, 1983)",,,,328111.65923980705,8089.728554273539,6106.0268850406965,-4006.39892578125,,,,,49305.12267129804,,1464.4484088111253,7388.723126973331,-2749.0668256917925,17571.753905427828,-17992.851634577095,411281.99704015855,393289.14540558145
DEHHALKAPE0001Oibt_1,748.99365234375,"(1979, 1983)",,,,229385.00710453573,3782.106367664281,2855.983262242835,-1872.484130859375,,,,,23539.436737380922,,684.5478921512104,3496.9528308629574,-792.3382786293483,8235.714595573021,-11504.56268482833,269314.9263809222,257810.36369609387
DEHHALKAbr0000Mgbt_1,1207.75146484375,"(1979, 1983)",,,,321877.3801960271,5872.547937649393,4454.097046954599,-2898.603515625,,,,,37194.20521944971,,1061.24484315529,5411.9201003182025,-1494.9319606260306,12756.512647791027,-16445.86505199773,384234.3725150943,367788.5074630966
DEHHALKAbr0000Mgbt_2,677.674560546875,"(1979, 1983)",,,,197666.72194173347,3287.2043450582332,2484.5780547771506,-1626.4189453125,,,,,21314.674676194853,,594.7756229536757,3038.5671988746276,-704.6027250937528,7155.031824166211,-9927.330504173158,233210.531993352,223283.20148917884
DEHHALKAbr0000MWbt_1,1306.641845703125,"(1979, 1983)",,,,341191.09363522,6298.136752076465,4716.536648957033,-3135.9404296875,,,,,40213.98764896883,,1143.293961174929,5797.8313951511345,-1502.9957759975189,13745.59701333025,-17539.63476584843,408467.54084919364,390927.9060833452
DEHHALKAbr0000MWbt_4,473.2568359375,"(1979, 1983)",,,,150061.7916502891,2275.950573264617,1698.6887106963347,-1135.81640625,,,,,15114.595299570448,,413.6380440594233,2109.739865016396,-356.5692066772622,4981.2105276544335,-7434.305418295178,175163.22905762348,167728.9236393283
DEHHALKA10001o2abt_1,186.56201171875,"(1979, 1983)",,,,56787.62460560572,708.3572345956628,691.7069609232406,-279.843017578125,,,,,6144.763545425746,,114.85636969693621,673.2076384274222,-386.75540963297647,1375.603188267777,-2547.93705676889,65829.5211157314,63281.584058962515
DEHHALKA100050O4bt_0,131.423828125,"(1979, 1983)",,,,48551.68643778842,708.4912086032726,874.9822352560456,-197.1357421875,,,,,4470.387361645448,,99.2811842019727,679.6590841346496,-840.1553193999252,1173.299793723621,-1915.5421827444932,55520.496243766,53604.954061021504
DEHHALKA100050O3bt_1,129.41162109375,"(1979, 1983)",,,,50786.50028636886,709.4532183491137,883.4420467731528,-194.117431640625,,,,,4445.777725807507,,98.796717060294,682.2733455137616,-842.497112102152,1167.59193963845,-1997.8840914495615,57737.22073576836,55739.3366443188
DEHHALKA100050O2bt_1,131.869140625,"(1979, 1983)",,,,46998.838820368816,722.1365903667572,898.7581319840781,-197.8037109375,,,,,4490.685342209331,,100.60366284894346,693.2066811150283,-870.9495753310096,1188.2381774025134,-1944.4124115575717,54023.714120026954,52079.301708469386
DEHHALKA100050O2bt_2,2.0,"(1979, 1983)",,,,5791.392055557024,8.280962329092684,8.687064893106172,-3.0,,,,,106.36771214368594,,1.2915531456436522,10.777796403389784,27.664197519557288,16.910417236724417,-237.9146914842851,5968.371759228223,5730.457067743938
DEHHALKA1b4000CPbt_0,1713.072509765625,"(1979, 1983)",,,,490798.8931967087,8795.691694078414,7180.277503096581,-4111.3740234375,,,,,52717.00126043888,,1546.1393941580263,8144.819628345029,-3248.9316834863666,18553.98173418338,-24435.35664183,580376.4987040852,555941.1420622553
DEHHALKA1b4000CPbt_1,1990.797119140625,"(1979, 1983)",,,,567361.8224316939,10221.65587597698,8344.349516034568,-4777.9130859375,,,,,61259.50059034648,,1796.8006807258585,9463.583055400282,-3795.2559552899183,21561.097482322584,-28274.448964251787,671435.6405912733,643161.1916270215
DEHHALKA3zZ0002pbt_1,1350.97705078125,"(1979, 1983)",,,,345791.1578913416,6523.540781485615,4599.26829800853,-3377.442626953125,,,,,41572.938846432706,,1208.5734151581632,5981.87125632314,-1007.0621655503783,14547.080173859926,-18167.0939097265,415839.9258701062,397672.8319603797
DEHHALKA3zZ0002pbt_2,1268.55322265625,"(1979, 1983)",,,,325452.212040246,6123.849195280629,4315.542486894142,-3171.383056640625,,,,,39039.287137248306,,1134.68978098979,5615.711418656356,-935.784012619795,13658.14478745195,-17090.60664301365,391232.2697775067,374141.66313449305
DEHHALKA3zZ0002pbt_4,797.26171875,"(1979, 1983)",,,,220188.57156251546,3849.9824149073193,2714.5668890725465,-1993.154296875,,,,,24820.04590188339,,713.2414778093332,3539.3330968699925,-489.71039915065853,8589.630136527829,-11377.494453855441,261932.50678356018,250555.01232970474
DEHHALKA3zZ0002pbt_6,1539.37646484375,"(1979, 1983)",,,,417726.96239441773,7421.249595241351,5218.397968260124,-3848.441162109375,,,,,47370.86846233017,,1376.0594321639032,6817.733393289033,-957.9450455312408,16570.975637262898,-21673.508809334548,497695.8606753245,476022.35186599
DEHHALKA3zZ0002pbt_7,3402.38232421875,"(1979, 1983)",,,,809750.7332036683,16403.547097808776,11535.451067181133,-8505.955810546875,,,,,104675.48665419788,,3041.4878445334316,15006.119845593304,-2860.1996809641705,36593.70388567747,-43280.638945884035,985640.3741071494,942359.7351612654
DEHHALKA3zZ0002pbt_10,1758.7646484375,"(1979, 1983)",,,,538125.962797543,8485.193445730783,5973.74405670543,-4396.91162109375,,,,,54134.8952886951,,1572.7232541364037,7829.478087622286,-715.7057378198356,18956.315639866967,-27236.7861228448,629965.6952113865,602728.9090885418
DEHHALKAJ00010BSbt_0,1329.8388671875,"(1979, 1983)",,,,324240.55700415437,7015.666766649826,5921.298126464795,-3191.61328125,,,,,40920.72114506732,,1216.707817393813,6470.722612784953,-3450.9550254627284,14567.584056588174,-16453.421245519716,393710.6892223905,377257.26797687076
DEHHALKAJ00010d0bt_0,598.486328125,"(1979, 1983)",,,,190838.5021175992,2996.916228153694,2367.9052935979885,-1436.3671875,,,,,19024.92048837324,,533.5026395182008,2783.075232834917,-788.3150493384599,6414.299259573378,-9372.18596486712,222734.43902281212,213362.253057945
DEHHALKAJ00010d0bt_2,1112.301025390625,"(1979, 1983)",,,,320251.9068631309,5569.728905611658,4400.602799889323,-2669.5224609375,,,,,34418.26481652604,,991.5175719431927,5153.052579473119,-1689.3233283956083,11911.058066828879,-16016.76743089425,378337.28581407,362320.5183831758
DEHHALKAJ00010d0bt_4,819.23095703125,"(1979, 1983)",,,,247228.804928686,4101.1495944198,3239.1622552417557,-1966.1542968749998,,,,,25681.69879757328,,730.1784926077269,3800.6486744793838,-1167.0611243075489,8774.982201437057,-12259.738867856588,290423.40952326247,278163.6706554059
DEHHALKAJ00010d0bt_6,1029.189453125,"(1979, 1983)",,,,289966.6224395388,5072.877941809597,3922.4727167692945,-2470.0546875,,,,,31884.64101814172,,910.3560994496836,4686.667200486178,-1370.5371243157945,10941.280343670409,-14610.687883297389,343544.3259480499,328933.6380647525
DEHHALKAJ00010iS,2019.51904296875,"(1949, 1957)",-119564.14401323763,821.3752798344563,9358.630614715137,66698.6696748367,4136.769594207283,1566.5316709557642,-6958.245202121017,,,,,62129.81941175014,,2157.0560126575156,8446.425147759253,126261.4121734173,2061.2374210066923,-69485.09771477277,266499.6759044697,197014.5781896969
DEHHALKAJ00010OEbt_0,2138.53515625,"(1979, 1983)",,,,561091.7537322603,10560.894919283175,8187.5437997161025,-5132.484375,,,,,65800.3242282203,,1893.3714732644157,9734.511419317352,-3176.162061054429,22742.07992480252,-28660.29011852497,671701.8330608098,643041.5429422848
DEHHALKAJ00010dobt_0,293.857421875,"(1979, 1983)",,,,115709.59611282211,1408.5660657552023,1046.189811225079,-705.2578125,,,,,9661.699328541401,,256.43250561585523,1318.1277280087052,-61.00477256460289,3095.0094839830126,-5536.448274052707,131729.3584508868,126192.91017683409
DEHHALKAJ00010dobt_1,1736.378173828125,"(1979, 1983)",,,,446222.6656811944,8350.803437824477,6233.1257298722285,-4167.3076171875,,,,,53428.676869861316,,1517.6673443911782,7682.60756908964,-1989.9015170884477,18246.186648661875,-23027.242677546572,535524.5241466191,512497.28146907256
DEHHALKAJ00010dobt_3,1949.3994140625,"(1979, 1983)",,,,495751.0161833706,9371.791818000544,6991.337297749961,-4678.55859375,,,,,59981.04534319473,,1703.5499575313577,8618.829685843451,-2257.8883474533695,20479.763896303382,-25642.06870676731,595960.8872407906,570318.8185340234
DEHHALKAJ00010iU,843.173828125,"(1958, 1968)",-53347.62491316981,395.4930995566158,5070.53416631248,3767.341847528927,1040.1652721740272,548.2191479957401,-2276.5693359375,,,,,25940.188978921,,705.7364941406249,2786.8543643858507,58296.530525074224,1000.5213218897162,-28852.083263288972,91808.9886161726,62956.90535288363
DEHHALKAJ00010kQ,1875.9150390625,"(1979, 1983)",,,,479681.4107524338,9985.43931037995,9140.019195389188,-4220.808837890625,,,,,57711.89405284851,,1671.0949909036415,9269.538674552765,-6265.019190350184,19964.029649279262,-23514.897870774526,576937.5985975465,553422.700726772
DEHHALKAJ00010hjbt_0,2279.134521484375,"(1979, 1983)",,,,465794.51254264516,10929.271194702971,8122.577691611527,-5469.9228515625,,,,,70120.24577704558,,1989.2685410852812,9986.293955254667,-3301.698824601397,23884.13120466686,-25362.279426712696,582054.6792308483,556692.3998041357
DEHHALKAJ00010hjbt_2,1692.25341796875,"(1979, 1983)",,,,346709.07812616986,8123.909883126201,6047.554751904093,-4061.408203125,,,,,52064.97912337183,,1477.8128413784484,7423.910485617978,-2471.8587356703606,17742.8153436648,-18860.874159274535,433056.7936164379,414195.9194571633
DEHHALKAJ00010mabt_1,385.5048828125,"(1979, 1983)",,,,106123.73929648525,2025.5980924061075,1829.374810629356,-867.385986328125,,,,,12343.06841495385,,341.0959377711516,1883.645369210447,-1161.5728010303983,4079.3031386421217,-5155.919990900515,126596.86627273975,121440.94628183923
DEHHALKAJ00010mabt_2,1800.1064453125,"(1979, 1983)",,,,453284.1779260442,9467.012787537627,8558.007432977434,-4050.2395019531245,,,,,55388.91621788133,,1593.4876814970883,8780.230978736858,-5724.302515136808,19044.22471917465,-22349.582412174146,546341.5157267593,523991.9333145852
DEHHALKAJ00010FRbt_1,276.05224609375,"(1979, 1983)",,,,86907.36988468008,1437.0268935166532,1743.2299159810593,-414.078369140625,,,,,9155.574093014375,,204.05289969075227,1372.7174178154683,-1681.4857371746534,2411.9684101940834,-3648.8138745157,101136.37540857721,97487.5615340615
DEHHALKAJ00010cH,3263.802978515625,"(1958, 1968)",-223185.3012489446,1570.8114316426663,18628.79455923104,28063.533302797434,4720.229913338587,2312.621206046245,-10444.16953125,,,,,100409.78334530845,,3237.6925546875,12702.815022155977,236176.60396538512,1306.559610450927,-123314.78300037344,378485.66938892024,255170.8863885468
DEHHALKAJ00010F3,630.4287109375,"(1979, 1983)",,,,159703.51869039523,3357.953677705314,3075.710029501289,-1418.464599609375,,,,,19395.24508604932,,561.7889124004164,3116.446997489472,-2121.6211177261757,6710.896139878833,-7840.081776538993,192381.47381608433,184541.39203954535
DEHHALKAJ00010GS,1089.8603515625,"(1984, 1994)",,,,333495.7597042621,6014.700277351336,5701.73806244363,-2452.185791015625,,,,,33529.727336528405,,991.9301190931076,5694.71744655617,-3328.088674615451,10236.946280436738,-19022.232737475195,389885.24476104043,370863.01202356524
DEHHALKAJ00010cWbt_1,794.0029296875,"(1979, 1983)",,,,194846.95408954954,4105.691084286718,3645.119330216584,-1786.506591796875,,,,,24588.080415414992,,696.7205113753773,3802.420708409117,-2354.83804744063,8330.977691083815,-9693.820201535376,235874.61919109864,226180.79898956325
DEHHALKAJ00010oBbt_0,4.0,"(1979, 1983)",,,,7618.801098789372,19.543553326989233,16.253495643634032,-9.0,,,,,184.05648224787427,,3.409949074236823,21.768190595704993,34.73450930645375,42.7888876588988,-319.78328868121577,7932.356166643164,7612.5728779619485
DEHHALKAJ00010oBbt_1,1232.595703125,"(1979, 1983)",,,,334531.8837536808,6817.073539696185,6479.371740681745,-2773.34033203125,,,,,37946.65048956271,,1120.465415593829,6348.345671023855,-4732.864946983927,13370.551208293124,-16081.634011707389,399108.1365395171,383026.5025278097
DEHHALKAJ00010g4,309.11474609375,"(1949, 1957)",-11438.069916710738,78.57663312141631,895.2907427157242,27704.017496568304,1047.0348073915782,288.32357326879566,-1155.1672079128216,,,,,9511.224369795404,,358.10183445297474,1406.5979247074379,12855.36368785228,1088.8146192086185,-7883.758442109342,53104.31110533257,45220.55266322323
DEHHALKAJ00010e6,2335.155029296875,"(1949, 1957)",-138251.14112598545,949.7502003377932,10821.31580950976,83012.84708971636,4890.5170459804685,1834.159465126757,-8126.339501953125,,,,,71840.264148505,,2519.165245605469,9874.301503599512,147745.94083555345,2563.187408189275,-81200.5930190802,316154.04324032314,234953.45022124294
DEHHALKAJ00010eLbt_1,251.5595703125,"(1979, 1983)",,,,85280.14935771083,1276.1587715366186,1526.8062514207236,-377.33935546874994,,,,,8459.089491120598,,183.02221669208947,1222.150753723746,-1395.8283635197768,2167.4921274415615,-3593.252876499795,98341.70125065766,94748.44837415786
DEHHALKAJ00010IHbt_1,156.59814453125,"(1979, 1983)",,,,65482.77280289369,784.4953431995023,1451.8984299202236,,,,,,5586.743999585972,,68.79414259230285,793.0546159646842,-1848.3908520407924,776.810100485271,-2184.995124520933,73096.17858260087,70911.18345807993
DEHHALKAJ00010IHbt_3,1.0,"(1979, 1983)",,,,4228.658123962851,3.1505777797783705,5.83090641831698,,,,,,64.46931808908597,,0.27628117733147006,5.402642457195926,18.442818316760913,4.267274763029485,-170.24640529289462,4330.497942964351,4160.251537671456
DEHHALKAJ00010hfbt_0,349.47265625,"(1979, 1983)",,,,96726.61799943136,1895.086526888039,1767.241246578304,-786.3134765625,,,,,11229.90464306826,,314.37224052005587,1764.5899484709785,-1220.2005889906031,3754.9908346979773,-4659.179935164218,115446.28937410188,110787.10943893767
DEHHALKAJ00010hfbt_1,1898.00390625,"(1979, 1983)",,,,488289.3124620491,10287.579689912782,9589.219404272919,-4270.5087890625,,,,,58400.66182759548,,1706.9567584563724,9558.3029677638,-6854.824492240077,20378.258183157417,-23799.067148844617,587084.9580119054,563285.8908630608
DEHHALKAJ00010hfbt_2,343.4482421875,"(1979, 1983)",,,,94852.8282127055,1861.561585426464,1735.19165977628,-772.7585449218749,,,,,11038.017826755216,,308.87781434560156,1733.2298121298986,-1198.0281675718074,3689.3731329470693,-4570.985220410084,113248.29333159233,108677.30811118224
DEHHALKAJ00010Nkbt_0,1238.1494140625,"(1979, 1983)",,,,253176.7347232968,5935.890723271103,4409.882028955585,-2971.55859375,,,,,38095.01229376513,,1080.5485572095756,5423.7411393475795,-1788.5032617781203,12973.761386624017,-13784.444928906447,316335.5089969417,302551.0640680352
DEHHALKAJ00010nL,362.155517578125,"(1979, 1983)",,,,95840.51452079075,1844.3803002303991,1810.6056025882044,-724.31103515625,,,,,11142.077390910694,,298.2407778797932,1724.4121140995685,-1366.3789868176802,3556.226177802506,-4505.7012094349275,114125.76686232799,109620.06565289306
DEHHALKAJ00010m4,648.736328125,"(1958, 1968)",-40442.2932589849,297.4748334191111,3771.597544068713,4115.958572357149,798.8539144531251,416.1336093671256,-1751.5880859375,,,,,19958.867002107956,,542.992306640625,2145.33321887293,44631.277380085114,689.8891273422064,-22207.852931402424,71547.71704528874,49339.86411388632
DEHHALKAJ00010FLbt_0,2049.407958984375,"(1979, 1983)",,,,518826.71257729316,9923.101743841155,7480.5155656736315,-4918.5791015625,,,,,63057.35237741316,,1797.1295871217126,9127.670400677993,-2593.6377976855274,21597.861350174062,-26818.314649870645,624298.1267029467,597479.8120530761
DEHHALKAJ00010cMbt_0,2602.054443359375,"(1979, 1983)",,,,534636.4917886752,12540.330889060313,9389.177472944202,-6244.9306640625,,,,,80054.73561819748,,2276.603181909578,11463.101969329051,-3932.349653787331,27329.404605825403,-29033.24333307638,667512.5652080914,638479.321875015
DEHHALKAJ00010cMbt_1,1469.501953125,"(1979, 1983)",,,,309120.9707550683,7078.154821577296,5295.184522353688,-3526.8046875,,,,,45212.647718989465,,1285.3573856641303,6473.95372526845,-2162.428814858599,15432.451055450449,-16691.48247171224,384209.48648201313,367518.0040103009
DEHHALKAJ00010mCbt_1,444.7900390625,"(1979, 1983)",,,,137306.64189741254,2551.8106320261504,2508.0690640357616,-1000.777587890625,,,,,14351.674079299653,,412.37954007395643,2388.659458217743,-1866.0351894026753,4918.357699504245,-6422.27068944709,161570.7795932767,155148.5089038296
DEHHALKAJ00010mCbt_2,996.7177734375,"(1979, 1983)",,,,281944.8106857411,5727.850140094406,5637.970618159278,-2242.614990234375,,,,,30924.422472037728,,924.9290015023973,5347.511532714925,-4377.200311667946,11023.206569256015,-13337.482362606852,334910.88571760355,321573.4033549967
DEHHALKAJ00010mCbt_3,827.095703125,"(1979, 1983)",,,,233593.55838628486,4750.503144425656,4673.726349058717,-1860.96533203125,,,,,25837.01690140105,,767.2979389332611,4434.776262264686,-3627.2198410463784,9144.67295359069,-11054.22920318048,277713.3667628813,266659.1375597008
DEHHALKAJ00010mCbt_5,955.916015625,"(1979, 1983)",,,,269340.8119900329,5419.607376633915,5270.650658189693,-2150.81103515625,,,,,29703.26493090086,,880.5972220368003,5056.882825985163,-3990.975930892591,10500.389508998498,-12793.500209259159,320030.417546729,307236.9173374698
DEHHALKAJ00010mCbt_6,404.677734375,"(1979, 1983)",,,,125847.32660653479,2324.3052072015776,2286.740195698949,-910.52490234375,,,,,13130.340604031357,,375.4201482911001,2176.2899462231326,-1699.3382176746375,4477.609126770398,-5879.080669341579,148008.16871473292,142129.08804539134
DEHHALKAJ00010mCbt_7,1208.5849609375,"(1979, 1983)",,,,345657.31050429615,6938.6097155151,6823.856793275115,-2719.316162109375,,,,,37282.7060341048,,1120.9418499729677,6479.781375602153,-5263.311741155819,13360.89720924743,-16330.671485020313,409681.4755787486,393350.8040937283
DEHHALKAJ00010mCbt_8,772.966796875,"(1979, 1983)",,,,219600.79347392143,4384.392461631951,4265.665602127053,-1739.17529296875,,,,,24243.687053916605,,712.2404441397065,4092.0271739709624,-3221.234143283655,8493.237075098712,-10417.379843363758,260831.633848554,250414.25400519022
DEHHALKAJ00010H1,548.575927734375,"(1958, 1968)",-32065.19586903155,242.43076604942337,3193.1563172170427,2263.0978590467744,604.45752890625,328.4389058722679,-1316.5822265625,,,,,16877.552362645198,,408.14049023437497,1618.9210827003085,35966.85191093247,772.4700669303946,-17393.04387339302,57523.347980705534,40130.30410731251
DEHHALKAJ00010oXbt_1,218.86474609375,"(1979, 1983)",,,,75907.43942258827,1162.2492416671464,1424.5172774625958,-328.297119140625,,,,,7371.933161141238,,163.79078357680862,1114.3592091601859,-1353.942972541726,1936.4686743982325,-3164.0397942601708,87398.51767831213,84234.47788405196
DEHHALKAJ00010oXbt_3,2.0,"(1979, 1983)",,,,3489.5209031270883,7.607761948798159,7.441144718252115,-3.0,,,,,88.54766834144584,,1.2325187060429106,8.841419960210521,14.602956706086886,15.593972057992062,-144.60186884822116,3630.388345565917,3485.7864767176957
DEHHALKAJ00010IT,575.7099609375,"(1958, 1968)",-33651.22625313601,254.42204040703479,3351.098372552888,2327.378628128992,634.3556156249999,344.68437295636375,-1381.7039062499998,,,,,17712.30144796491,,428.32821093749993,1698.818305011912,37711.876144348105,810.0549683400649,-18239.695251328474,60286.09378706285,42046.39853573438
DEHHALKAJ00010c6bt_0,1959.10400390625,"(1979, 1983)",,,,509372.38593941333,9572.998876849533,7312.177713628778,-4701.849609375,,,,,60280.39027135706,,1725.5836548381471,8816.997466391571,-2644.6730775773144,20734.249512283874,-26129.040273883475,610468.2607478099,584339.2204739264
DEHHALKAJ00010mKbt_1,587.4423828125,"(1979, 1983)",,,,150739.38026989734,3112.803865395628,2836.036131359365,-1321.745361328125,,,,,18452.67853704066,,522.0635646700304,2889.4201477580186,-1917.452655109033,6238.229682013944,-7393.824610087529,181551.41418169785,174157.58957161033
DEHHALKAJ00010mKbt_5,1272.263671875,"(1979, 1983)",,,,326717.0620034764,6744.781895309173,6148.066013714099,-2862.59326171875,,,,,39153.00458833631,,1130.9465221264372,6261.011356471189,-4160.323486271458,13513.692642777754,-16021.563237937138,392645.6482742212,376624.08503628406
DEHHALKAJ00010mKbt_6,4.0,"(1979, 1983)",,,,2763.1047772317097,18.793558236646295,14.865448278463294,-9.0,,,,,142.97905410900265,,3.344180335600145,18.32961290012569,5.2387315202957465,40.65924572917016,-122.53288217448532,2998.314608341014,2875.7817261665286
DEHHALKAJ00010mKbt_7,1081.10546875,"(1979, 1983)",,,,272540.1970218971,5645.387012048118,5065.174118513063,-2432.4873046875,,,,,33288.534948905544,,953.4807809613831,5234.533852480436,-3318.9989523503664,11398.712987897916,-13459.921234158772,328374.5344656657,314914.6132315069
DEHHALKAJ00010jFbt_0,1671.42822265625,"(1979, 1983)",,,,447382.2545264814,8181.464345207725,6264.67764265434,-4011.427734375,,,,,51432.54014332737,,1473.4406489376038,7543.1293243895625,-2213.8979839235994,17707.016291593798,-22804.98601448638,533759.1972042932,510954.2111898068
DEHHALKAJ00010jFbt_2,3374.3359375,"(1979, 1983)",,,,871527.3824241505,16465.527778729112,12552.049383611366,-8098.406249999999,,,,,103815.27659172477,,2970.116668207086,15160.97044253409,-4526.663585504043,35688.620512233094,-44781.83435290545,1045554.8739656861,1000773.0396127807
DEHHALKAJ00010jFbt_3,267.119140625,"(1979, 1983)",,,,96768.17124339867,1302.165157168543,991.2785386378017,-641.0859375,,,,,8725.3129875569,,235.00820298592612,1214.4726592406503,-173.45983360374277,2831.984539682174,-4676.778908466951,111253.84755756691,106577.06864909997
DEHHALKAJ00010Hg,2041.070556640625,"(1958, 1968)",-132002.46980222323,956.27341240491,11857.661624869515,14379.6946919605,2672.006287109375,1361.5921782288597,-5878.283203125,,,,,62792.84879988746,,1822.26779296875,7180.60333880747,143461.0981122636,1731.5622105803677,-72596.2085708334,229523.39020868138,156927.18163784797
DEHHALKAJ00010vcbt_0,542.23388671875,"(1979, 1983)",,,,128928.36949625527,2785.9135317480022,2276.1553923940705,-1301.361328125,,,,,16909.85338163158,,489.5562684049753,2565.0529295886836,-1206.050434317926,5866.9683760221815,-6657.462042967701,157314.45761360181,150656.9955706341
DEHHALKAJ00010vcbt_1,1980.101318359375,"(1979, 1983)",,,,546408.043206994,9992.164501506093,7976.426539120497,-4752.2431640625,,,,,60928.83785662701,,1771.8383424381443,9234.39558066081,-3385.285383417648,21271.42910956958,-27500.57628335317,649445.6065894361,621945.0303060829
DEHHALKAJ00010t7bt_1,808.16796875,"(1979, 1983)",,,,195699.78993560758,4133.497751471341,3626.0525186800023,-1818.3779296875,,,,,24996.32808316516,,705.1653817461756,3824.9753270921155,-2282.15846297614,8434.947206759964,-9787.823688543234,237320.2198118587,227532.39612331547
DEHHALKAJ000115Vbt_1,150.711669921875,"(1979, 1983)",,,,64879.97002004137,671.0583567830506,1241.9558421143915,,,,,,5431.251966313931,,58.846600791803034,683.3379807487655,-1523.288157166876,667.0499519205961,-2230.043438534948,72110.18256154703,69880.13912301208
DEHHALKAJ00010us,2035.4248046875,"(1949, 1957)",-120505.8329720034,827.8444436327402,9432.33932723742,67235.8779489744,4169.699217876624,1578.9437584045456,-7013.310273991927,,,,,62619.154731784336,,2174.1261849374973,8513.272281155334,127256.36670998308,2077.961158793263,-70033.06588039508,268612.0917179171,198579.02583752206
DEHHALKAJ00010uR,297.6181640625,"(1958, 1968)",-15081.765992124489,121.63424424675313,1736.5751075413996,-140.4971763750957,250.832588671875,152.746665568299,-535.7126953124999,,,,,9156.702256465565,,166.070935546875,666.3436023091712,17554.739978936006,623.6464843659228,-7918.689500529785,27894.87264017612,19976.183139646335
DEHHALKAJ00011Iz,3129.6142578125,"(1969, 1978)",,,,606141.0663715615,13331.213472543946,3310.069067763672,-20602.77226155599,,,,,96281.51941686268,,6386.859401082357,26338.60085122541,17029.68776466232,16335.021201845548,-48487.18960239517,764551.2652859914,716064.0756835962
DEHHALKAJ00011Ad,125.828369140625,"(1919, 1948)",-6774.265509377282,76.54786303975702,1456.0099636072885,39041.21999564949,907.122701963593,1554.1530608000621,-201.325390625,,,,,3872.738379167748,,131.15205129770828,1122.3672451967552,6423.638714307539,1449.7872784416068,-3669.876494414133,54300.8540361995,50630.97754178537
DEHHALKAJ00010ta,4191.6552734375,"(1969, 1978)",,,,858532.1199775394,19501.54621835449,4878.072357705078,-28670.22346110026,,,,,128954.84341298194,,8887.769272941081,36573.28197146913,23561.809835782646,27334.36361849888,-68901.69976452846,1079553.5832041726,1010651.8834396441
DEHHALKAJ00011DAbt_2,3132.5771484375,"(1979, 1983)",,,,792339.2264974291,16738.66052829391,15381.38665173707,-7048.298583984375,,,,,96380.81949167674,,2796.166001048996,15536.039766606866,-10704.281850034633,33397.15196329769,-38874.75082067941,954816.8704660714,915942.119645392
DEHHALKAJ00011DAbt_3,4.0,"(1979, 1983)",,,,2823.0921480250518,19.427862594968246,16.03938195432578,-9.0,,,,,143.40793565969003,,3.3998038964683994,18.974775465921162,3.7901398272919113,41.28937372069181,-124.58626081961556,3060.4214211444087,2935.835160324793
DEHHALKAJ00011DAbt_4,739.1328125,"(1979, 1983)",,,,196843.10411219872,3949.0328207881876,3628.391555557024,-1663.0488281249998,,,,,23112.695154016263,,659.7160675962969,3669.8791589633647,-2470.8081437870774,7882.075398341508,-9506.901504818334,235611.0372955493,226104.13579073097
DEHHALKAJ00011Apbt_0,749.1240234375,"(1979, 1983)",,,,190422.2194360554,3910.0502335335295,3506.497163408314,-1685.529052734375,,,,,23318.3262043895,,660.534199379126,3626.303054119617,-2284.4104996864107,7897.1836992621575,-9391.822215309585,229371.17443772685,219979.35222241725
DEHHALKAJ00011Apbt_2,1633.02734375,"(1979, 1983)",,,,408936.8147686953,8534.370500199624,7663.838233393183,-3674.3115234375,,,,,50249.5107872128,,1440.855176573387,7911.990528657195,-5051.348070271054,17223.83493099007,-20215.634973680855,493235.555332013,473019.92035833217
DEHHALKAJ000114x,1902.276611328125,"(1969, 1978)",,,,391205.4176524753,8869.971526556397,2218.5148797485353,-13055.007337443034,,,,,58522.902826092024,,4047.052274607341,16656.396775850353,10909.7889858525,12432.199012472993,-31439.471915881277,491807.23659621243,460367.76468033117
DEHHALKAJ00010q6bt_0,1468.360595703125,"(1979, 1983)",,,,407103.21400396613,7312.094129020121,5734.2076581360025,-3524.0654296875,,,,,45190.89897902283,,1305.355806275425,6754.726076628532,-2214.6043468494377,15680.195480863433,-20530.967295986837,483342.0223573756,462811.05506138876
DEHHALKAJ00010q6bt_2,781.785888671875,"(1979, 1983)",,,,265542.41875379026,3885.8606060221173,3039.591930085364,-1876.2861328124998,,,,,24777.553547160485,,694.3628538746249,3616.651173405794,-839.8227135156184,8355.578106221981,-12922.24646973037,307195.90812423255,294273.66165450215
DEHHALKAJ00010smbt_1,2395.46142578125,"(1979, 1983)",,,,649637.4736035991,12102.526301619122,9676.147753526462,-5749.107421875,,,,,73705.54251063056,,2144.768749525895,11178.920703346466,-4211.269849626871,25744.027174864368,-32796.769739501106,774229.02952561,741432.259786109
DEHHALKAJ00010wVbt_1,2108.89404296875,"(1979, 1983)",,,,573256.4282794778,10517.9968567053,8265.577102137648,-5061.345703125,,,,,64889.96812998739,,1876.202920658625,9710.51789145028,-3302.2257655876783,22532.6021838944,-29011.529814507416,682685.7218955987,653674.1920810912
DEHHALKAJ000116bbt_0,1521.22265625,"(1979, 1983)",,,,376466.10972643783,7902.466479493921,7051.038659777027,-3422.7509765625,,,,,46809.88248486693,,1338.033246718191,7321.898778252301,-4596.612673491871,15997.331279007989,-18678.65370370324,454867.39700449986,436188.7433007966
DEHHALKAJ000116bbt_1,364.42578125,"(1979, 1983)",,,,99642.28633923945,1893.1236060411582,1689.1546162923485,-819.9580078125,,,,,11681.030165856557,,320.54072378581213,1759.3299657257917,-1039.4952826147246,3835.0745803684304,-4859.6867993195865,118961.08670688233,114101.39990756274
DEHHALKAJ000112ibt_0,2711.553955078125,"(1979, 1983)",,,,572891.011523379,13324.15194905197,10258.266492353274,-6507.7294921875,,,,,83423.75830181665,,2394.8650107713115,12200.976630987843,-4740.99348529031,28731.32701748688,-30720.12403508019,711975.6339483692,681255.509913289
DEHHALKAJ00010qnbt_0,245.83203125,"(1979, 1983)",,,,84361.62683971453,1263.8976308628912,1523.126207344556,-368.74804687499994,,,,,8281.357908647062,,180.3279001822432,1211.0907247084572,-1406.088800765495,2134.6628817949904,-3542.79757957571,97181.25324561422,93638.45566603851
DEHHALKAJ00011CB,771.3798828125,"(1958, 1968)",-48876.24579440593,362.62051494145396,4654.057682622078,3411.0439950893297,951.7684355408571,502.2067697461081,-2082.7256835937496,,,,,23731.525212854674,,645.6449619140625,2549.8327616763127,53435.76741540093,926.1483228677725,-26425.223365486876,84071.21219149629,57645.988826009416
DEHHALKAJ00010tV,784.91015625,"(1958, 1968)",-49719.74173949189,368.8249495456034,4732.723152604785,3477.7814091847563,968.4296555805081,510.8859607029147,-2119.257421875,,,,,24147.772014934595,,656.96980078125,2594.504944597522,54353.016366002965,940.289650848422,-26882.933442162655,85530.39238075794,58647.458938595286
DEHHALKAJ00010qObt_1,255.96484375,"(1979, 1983)",,,,49445.07141412299,1066.2634953127767,1123.721266246138,-383.947265625,,,,,8180.43546815199,,165.86135320861422,998.7417610340874,-990.1036272952451,1970.2887063257558,-2278.743995847972,61576.33257148211,59297.58857563414
DEHHALKAJ00010txbt_0,3319.781494140625,"(1979, 1983)",,,,837352.7574293776,16028.146894183408,12032.313660141635,-7967.4755859375,,,,,102136.4744633268,,2907.0866973648413,14739.57205046315,-4087.9688520230275,34940.450713344995,-43345.065797689764,1008081.357470242,964736.2916725522
DEHHALKAJ00010txbt_1,5.0,"(1979, 1983)",,,,7139.078655614257,23.93341745797957,17.739141926083764,-12.0,,,,,210.62360642124594,,4.36028315898819,25.287126247952152,32.78194476470739,54.12561824031035,-304.74270478762514,7495.929793831524,7191.187089043899
DEHHALKAJ00010txbt_3,1025.52490234375,"(1979, 1983)",,,,276145.6884186306,4935.148842468545,3687.0344466626602,-2461.259765625,,,,,31704.606343000032,,896.620845642783,4547.441934959101,-1101.9659978713794,10783.01822870211,-14111.368079414367,329136.3332965695,315024.9652171551
DEHHALKAJ00010txbt_4,917.706298828125,"(1979, 1983)",,,,252820.43428108198,4419.678222946722,3305.665390339278,-2202.4951171875,,,,,28497.143286330527,,802.6515417812203,4075.8034321370324,-958.7074938799883,9654.268194860855,-12858.078105468298,300414.44173841004,287556.36363294173
DEHHALKAJ000115Cbt_1,2089.410400390625,"(1979, 1983)",,,,549466.842614196,10308.92102763331,7982.111027818342,-5014.5849609375,,,,,64289.203673292104,,1849.0561111697568,9502.562855619086,-3067.757342499538,22210.973533205888,-28059.149857979784,657527.3285394975,629468.1786815177
DEHHALKAJ00010wo,2266.988525390625,"(1949, 1957)",-134215.3932491322,922.0256381870815,10505.426175997152,80674.66396386042,4747.755882316406,1780.6177358729633,-7889.120068359374,,,,,69743.14584434155,,2445.6272211914065,9586.376025870444,143493.71031214035,2489.4774612978745,-78854.60934066647,307072.25437853206,228217.6450378656
DEHHALKAJ00011CH,281.9130859375,"(1979, 1983)",,,,115854.9882746796,1335.4606757021913,1535.8024117183568,-422.86962890625,,,,,8673.752611893126,,196.80312441083822,1289.6662672592647,-1157.312074696483,2343.4278980589124,-4910.847610674543,129649.71956011957,124738.87194944503
DEHHALKAJ00011Az,630.8408203125,"(1979, 1983)",,,,152671.99923541752,3231.957629337329,2840.4719069352977,-1419.391845703125,,,,,19407.858785950106,,550.9147864178551,2990.887702725995,-1797.7216973945817,6589.379142452686,-7633.296344498972,185066.35564613907,177433.0593016401
DEHHALKAJ000116qbt_0,492.901611328125,"(1979, 1983)",,,,157660.5887361932,2427.694666303063,1875.1927464353346,-1182.9638671875,,,,,15748.865115493263,,435.8301866654333,2253.3021460611526,-528.5527716297936,5243.701315237875,-7763.540117124025,183933.65827357201,176170.11815644798
DEHHALKAJ000116qbt_1,3410.601806640625,"(1979, 1983)",,,,886166.0917525658,16820.05074232282,13015.568695732429,-8185.4443359375,,,,,104931.15502336134,,3017.6086902844913,15498.069790482086,-5055.953746084305,36245.24206516292,-45368.85661499046,1062452.38867789,1017083.5320628994
DEHHALKAJ000116qbt_2,500.728759765625,"(1979, 1983)",,,,159666.65458928887,2466.145942744834,1904.785466112826,-1201.7490234375,,,,,15988.75630296314,,442.74229724303973,2288.709450850347,-539.9015604052295,5326.729454627435,-7866.62580072527,186342.87291998774,178476.24711926247
DEHHALKAJ00011dJbt_0,2015.93505859375,"(1979, 1983)",,,,533460.4012947571,9970.12638768717,7745.323548395748,-4838.244140625,,,,,62029.264345300624,,1786.113432934881,9193.129995816877,-3007.065494459267,21453.790298043732,-27192.8920803797,637792.8396678519,610599.9475874723
DEHHALKAJ00011cK,1854.052734375,"(1969, 1978)",,,,434510.78711298504,9437.801524363353,2389.4806890599793,-14488.503530466172,,,,,57039.30848137823,,4491.436094444513,18548.056348404236,10478.272249215643,14544.136250278081,-34621.588551338195,536950.7752196629,502329.18666832475
DEHHALKAJ00017ydbt_0,1094.767578125,"(1979, 1983)",,,,275154.9266131766,5705.673736142018,5108.723669964284,-2463.22705078125,,,,,33703.12021801977,,964.5606411019378,5289.560153162092,-3334.2855223604342,11531.840764518302,-13603.027514521633,331660.8932229433,318057.8657084217
DEHHALKAJ00017ydbt_1,1008.275390625,"(1979, 1983)",,,,257646.72194226974,5324.533507070057,4833.988565856653,-2268.61962890625,,,,,31098.03735582173,,894.462077663315,4941.169956163065,-3245.2554655073222,10689.263757429359,-12657.849020428719,309914.3020678604,297256.45304743166
DEHHALKAJ00017ydbt_2,4.0,"(1979, 1983)",,,,2976.1806129872443,18.858384939933913,14.985425776782574,-9.0,,,,,144.87576719229884,,3.349865133487624,18.511277400628224,6.440479680633531,40.78353001241592,-131.1689701109987,3214.985343123425,3083.8163730124265
DEHHALKAJ00017xx,1821.58984375,"(1949, 1957)",-101105.52273392804,694.5692432607109,7913.821055497674,75828.98864096678,4030.952447078125,1437.963335124499,-6284.4849609375,,,,,56040.925229865534,,1948.190337890625,7639.285126372099,108892.58986689494,2496.5158246178607,-60367.292604843824,252030.92584787295,191663.63324302912
DEHHALKAJ00018HM,2063.482666015625,"(1919, 1948)",-214896.58364764342,1526.2778943117892,18362.773423343955,126811.01218000085,6486.8812308506085,8563.933193792434,-6603.144531249999,,,,,63482.405470801314,,2357.814528158559,11977.032980093314,216986.1237396756,6069.110985942707,-116565.6270201228,436131.16977806535,319565.5427579426
DEHHALKAJ00018Kk,5639.3310546875,"(1969, 1978)",,,,1112452.0370628526,24333.564622636717,6039.308504804687,-37817.35405273437,,,,,173492.09092783034,,11723.379756347656,48368.88897500137,30680.910428593455,29801.89294890025,-88683.28020497452,1399074.719174233,1310391.4389692585
DEHHALKAJ00018CN,1930.560302734375,"(1984, 1994)",,,,463507.38304612564,9572.132671715644,7455.847143673855,-4633.3447265625,,,,,59393.03616322415,,1717.0396349217658,8896.025009818046,-2670.2198386338832,17544.012338528286,-27166.965769570397,560781.911442811,533614.9456732406
DEHHALKAJ00018HHbt_1,242.92333984375,"(1979, 1983)",,,,85915.88853408708,1378.8634930773073,1745.5535462823561,-364.385009765625,,,,,8195.547093382513,,189.58725870563325,1323.461740176941,-1749.649667583704,2235.6535358886963,-3525.10183125794,98870.5205242512,95345.41869299326
DEHHALKAJ00018HHbt_4,2.0,"(1979, 1983)",,,,2826.307191115261,6.9096282210853195,6.1490793517367965,-3.0,,,,,83.12653396186792,,1.1712978057162156,7.797374092725706,12.302156442141282,14.727624046774324,-118.02594100357524,2955.4908850373095,2837.4649440337344
DEHHALKAJ00018Aqbt_0,256.037109375,"(1979, 1983)",,,,86890.8729466628,1366.4783757714308,1679.1016545333543,-384.05566406249994,,,,,8571.70579085436,,192.20829289023752,1307.5577851401808,-1634.6251307912223,2270.714025793,-3504.104357774203,100259.95807679165,96755.85371901744
DEHHALKAJ00018Aqbt_3,2.0,"(1979, 1983)",,,,4124.356447760229,8.292930335853473,8.709214585103574,-3.0,,,,,93.72040024190613,,1.2926026467921097,9.857094560723633,16.75626795972452,16.439583022751588,-170.03027035601414,4276.424541113083,4106.3942707570695
DEHHALKAJ00018JBbt_0,2957.1845703125,"(1979, 1983)",,,,811858.0391195095,16739.342681054244,16255.954134181877,-6653.665283203125,,,,,90987.28241058758,,2721.8536063195907,15606.234235416481,-12408.683048417013,32451.77142432384,-38723.86697009631,967558.129279773,928834.2623096767
DEHHALKAJ00018JBbt_2,1032.3818359375,"(1979, 1983)",,,,284999.65198448696,5764.328130961291,5527.905444324868,-2322.859130859375,,,,,31944.059032286554,,943.2505716587482,5372.473115959661,-4091.0276424112467,11252.844848914938,-13631.68714975036,339390.6263553225,325758.9392055721
DEHHALKAJ00018JBbt_3,227.9736328125,"(1979, 1983)",,,,74816.21334907046,1290.4601221728954,1253.1950004091889,-512.940673828125,,,,,7521.119560672923,,209.83162865309723,1209.945817380561,-876.8404672079353,2505.2926850180897,-3483.2060071448955,87416.27702234116,83933.07101519627
DEHHALKAJ00018JBbt_4,467.2900390625,"(1979, 1983)",,,,140963.01454973634,2645.1267783004187,2568.742417575013,-1051.402587890625,,,,,15023.674048168636,,430.1033796767988,2473.1623987341763,-1878.1337435416353,5131.64972688095,-6635.155224447424,166305.93696764007,159670.78174319264
DEHHALKAJ00018JBbt_6,805.4248046875,"(1979, 1983)",,,,224653.911862594,4500.421757400198,4318.7927739221,-1812.205810546875,,,,,25183.39756089507,,736.1785727732578,4195.8836821815075,-3186.219919448548,8782.907887827128,-10726.866873611087,267373.0683675978,256646.20149398674
DEHHALKAJ00018IEbt_1,2018.47900390625,"(1979, 1983)",,,,511816.8394005707,9766.702507466873,7355.327326463559,-4844.349609375,,,,,62105.89590453623,,1769.4253709428697,8983.971761671932,-2529.8772763118777,21265.733537385364,-26451.04888671499,615689.6689233507,589238.6200366358
DEHHALKAJ00018Agbt_1,2096.561279296875,"(1979, 1983)",,,,550840.0911054981,10342.948094401283,8007.107403764673,-5031.7470703125,,,,,64509.13960880554,,1855.2743750937946,9533.591410256582,-3077.9261683778154,22285.630448592943,-28135.295701981657,659264.1092077225,631128.8135057408
DEHHALKAJ00018Eb,783.423828125,"(1958, 1968)",-49179.503669795085,363.0858330850782,4627.882453627705,3736.9150293366083,965.525634731482,505.7294215357455,-2115.2443359374997,,,,,24102.063964295445,,655.725744140625,2588.047273326295,53633.42142159998,871.1183113747115,-26656.97766981332,84943.30246440339,58286.324794590066
DEHHALKAJ00018DZbt_0,155.06689453125,"(1979, 1983)",,,,83384.53472046553,950.3455742381499,1758.8444075277444,,,,,,5754.00104757775,,83.33791846292338,962.9837076161571,-2212.6908022269245,942.2098837111339,-2812.1574277441405,91623.5664573725,88811.40902962835
DEHHALKAJ00018BC,781.921875,"(1958, 1968)",-49085.96420861632,362.39816469080927,4619.170330758818,3991.3794049767985,963.6763514672717,504.7668580592366,-2111.1890624999996,,,,,24056.03343369521,,654.4686093749999,2584.0721694204703,53718.55369162951,872.9897315314792,-26681.25421740305,85234.75118765497,58553.496970251916
DEHHALKAJ00018Aebt_0,1.0,"(1979, 1983)",,,,2518.791966285394,2.303841301452369,4.263815709500545,,,,,,50.97333154222725,,0.20202897107809298,3.6299987985336633,9.746278877248123,2.9544957167755164,-101.1448516755085,2592.86575720221,2491.7209055267012
DEHHALKAJ00018Aebt_1,112.166748046875,"(1979, 1983)",,,,54608.578634747675,558.3876241178194,1033.4313922592323,,,,,,4099.509911036852,,48.966253488096996,567.3777141438613,-1281.8238412234768,554.5420856093846,-1766.2233136989942,60188.96977417945,58422.746460480455
DEHHALKAJ000186hbt_0,337.203125,"(1979, 1983)",,,,115078.29397813899,1489.0871971498075,1636.5940608091043,-505.8046875,,,,,11153.324567099879,,225.90483776107766,1425.0437714632167,-1223.4541310858583,2691.618030935352,-4983.618315331108,131970.60762477157,126986.98930944045
DEHHALKAJ000186hbt_2,134.65625,"(1979, 1983)",,,,66529.7469551593,593.7011993651581,651.8057542703013,-201.984375,,,,,4687.637976955624,,90.1287615189701,579.6662857560151,-351.63696483123255,1079.8969781323751,-2828.464595650911,73658.96257132648,70830.49797567558
DEHHALKAJ00018KPbt_0,365.4599609375,"(1979, 1983)",,,,97829.39314418776,1902.8242421979344,1701.958660308627,-822.2849121093749,,,,,11683.98215578595,,321.82992031688906,1767.3241645083995,-1068.668655305286,3849.532773219965,-4785.492884830419,117165.89149311087,112380.39860828046
DEHHALKAJ00018KPbt_1,1415.4833984375,"(1979, 1983)",,,,352435.7366793308,7379.463951413753,6609.586994436486,-3184.837646484375,,,,,43557.50768792038,,1247.333072536835,6839.506063601467,-4339.4282948800355,14911.385523763889,-17451.216650838796,425456.25403163926,408005.03738080047
DEHHALKAJ000189D,1904.2724609375,"(1969, 1978)",,,,382597.3834913607,8746.169167016602,2188.8964485839847,-12772.907531738281,,,,,58584.30280976008,,3959.601334838868,16284.414276235026,10652.92772638619,12283.389461237364,-30803.090413694375,482524.1771836805,451721.08676998614
DEHHALKAJ00018BIbt_0,569.5986328125,"(1979, 1983)",,,,148854.02793396474,2963.928801493428,2649.3534174130027,-1281.596923828125,,,,,17945.437981787305,,501.44204287355046,2750.7796751543774,-1684.0738516276224,5997.042506394236,-7312.229363346816,178696.3415836249,171384.11222027807
DEHHALKAJ00018BIbt_1,2463.298828125,"(1979, 1983)",,,,606966.1039977662,12826.470518883558,11473.366020445743,-5542.422363281249,,,,,75790.25156018882,,2169.3013607678663,11883.81024279633,-7547.764240999467,25932.608468583818,-30120.1273033327,733951.7255651515,703831.5982618189
DEHHALKAJ00018BIbt_2,540.2412109375,"(1979, 1983)",,,,143850.82797784827,2813.052109658279,2516.294442900712,-1215.542724609375,,,,,17061.33505671452,,475.7628188057289,2611.1846310379506,-1598.4911036984333,5690.051162956468,-6960.646692673724,172204.4743716141,165243.82767894038
DEHHALKAJ00018G0bt_0,862.81982421875,"(1979, 1983)",,,,240814.54245479498,4163.949875433748,3123.885081875561,-2070.767578125,,,,,26858.829355197107,,755.4009078913771,3842.075769701106,-906.0122469849488,9086.077009328648,-12210.607860678727,285667.98062911263,273457.3727684339
DEHHALKAJ00018G0bt_1,270.10009765625,"(1979, 1983)",,,,95611.04643533385,1304.6825217807834,980.1054073108368,-648.240234375,,,,,8801.188067368254,,236.57724823413642,1215.1901476393577,-155.13781681358688,2851.334719292855,-4645.255423848077,110196.74649577147,105551.49107192339
DEHHALKAJ00018Cj,3124.43359375,"(1984, 1994)",,,,687896.7684897783,14937.88129903224,11041.785885832616,-7498.640624999999,,,,,96122.1347500583,,2730.3121519481274,13808.249792719002,-3359.0941956098522,27831.479755407774,-40286.354105589155,843510.8773041666,803224.5231985773
DEHHALKAJ00018FFbt_0,2110.159912109375,"(1979, 1983)",,,,569681.5874373211,10487.480966568492,8202.37692280974,-5064.3837890625,,,,,64928.60607381291,,1874.099469105865,9678.64307972244,-3222.942239819198,22509.414439333035,-28891.97022269763,679074.8823597918,650182.9121370942
DEHHALKAJ00018II,782.5390625,"(1979, 1983)",,,,180075.46635315442,4015.5693216397513,3275.6491173955183,-1878.09375,,,,,24074.585710355746,,706.077961627971,3693.6569721246565,-1765.1306841988398,8460.510445764963,-9367.022775963638,220658.29144786418,211291.26867190053
DEHHALKAJ00018ALbt_1,2274.87548828125,"(1979, 1983)",,,,564984.6002990259,10878.445536146097,8051.132611860536,-5459.701171875,,,,,69993.39061481619,,1982.8851579981806,9994.273846960434,-2554.701656461876,23839.083751296283,-29407.723858416703,681709.4089897666,652301.68513135
DEHHALKAJ00018GKbt_0,2961.810546875,"(1979, 1983)",,,,750998.2807787436,15849.445737316455,14585.951136231275,-6664.07373046875,,,,,91127.37495026836,,2645.778128809111,14712.58720795825,-10176.152366159859,31599.57671661621,-36816.701426272,904678.7685593147,867862.0671330426
DEHHALKAJ0001861bt_0,4.0,"(1979, 1983)",,,,4101.088192296373,20.619676601563732,18.24512211573407,-9.0,,,,,154.30114093463905,,3.504316719168971,20.83864285227099,8.668883524116746,42.81054288926036,-175.8915554106582,4361.0765179331265,4185.184962522469
DEHHALKAJ0001861bt_1,1552.9619140625,"(1979, 1983)",,,,474947.0285864186,8005.393110628542,7083.49494078861,-3494.164306640625,,,,,47840.67773565665,,1360.5175999204666,7465.608323179015,-3921.70966121766,16297.479831779623,-22796.42727994715,555584.3261605133,532787.8988805662
DEHHALKAJ0001861bt_2,4.0,"(1979, 1983)",,,,4546.131578557691,20.619676601563732,18.24512211573407,-9.0,,,,,157.9715379222539,,3.504316719168971,21.08752058103785,11.571672469739728,42.93932664338289,-194.01249108602326,4813.070751610572,4619.058260524549
DEHHALKAJ00018DMbt_0,1620.308837890625,"(1979, 1983)",,,,418256.98763549805,7809.233200215737,5847.273377560795,-3888.7412109375,,,,,49858.61688480444,,1417.6774866049545,7186.149445166428,-1893.0174285186524,17043.126861315533,-21553.59065036881,501637.3062517097,480083.71560134087
DEHHALKAJ00018DMbt_1,4452.340087890625,"(1979, 1983)",,,,1109575.0817829012,21723.130290918416,16557.140481581868,-10685.616210937498,,,,,136975.66837728236,,3918.750647071275,19979.317756869223,-6228.456517911272,47075.85864106438,-57445.807959001264,1338890.87524884,1281445.0672898388
DEHHALKAJ00018Go,856.5146484375,"(1949, 1957)",-47539.989068705545,326.5876416955886,3721.092145086174,36831.826563114504,1959.2053472234743,689.7058965285934,-3002.9609366337345,,,,,26351.026771929737,,930.9178903564577,3647.4323971863805,50581.76371327153,1250.4498170464344,-28226.485748642477,119239.36746002338,91012.8817113809
DEHHALKAJ0004nAHbt_0,74.17138671875,"(1979, 1983)",,,,83144.073406847,528.3567104311891,977.8519209358442,,,,,,3107.877591842308,,46.33277583109859,555.9542088290758,-990.2414922372942,534.4782834722245,-3061.2536434908216,87904.68340595145,84843.42976246063
DEHHALKAJ0004nAHbt_1,119.199951171875,"(1979, 1983)",,,,114406.8822747073,851.3745300625976,1575.6745456647063,,,,,,4821.67585327278,,74.65892733245524,884.9010488873225,-1723.273332057093,855.5760273725982,-4136.019635066111,121747.46987524266,117611.45024017655
DEHHALKAJ0004nAHbt_2,530.823486328125,"(1979, 1983)",,,,288780.6839131587,4037.796769250503,7472.919808168819,,,,,,19213.198755601763,,354.0833850838021,4054.8638314487184,-9828.435086210133,3984.2759332900687,-9281.191366349165,318069.3873097923,308788.1959434431
DEHHALKAJ0004nAD,409.1875,"(1919, 1948)",-11189.000989149858,126.43350250791713,2404.880189662297,174249.95370693333,3648.215051897253,6530.719703462451,-654.7,,,,,12593.850017753211,,497.8589159279927,4509.341151870724,7338.037693323801,5791.213645139815,-11093.707793240463,214504.48988630855,203410.7820930681
DEHHALKA10004m2m,939.4140625,"(2010, 2015)",-7781.5390395046925,49.13785169105499,722.7246000323942,299620.0858392601,5514.528574461439,4758.6228086138135,-2705.5125,,,,,28900.761925408242,,995.8967711841256,5317.821023790754,6557.817585568556,27552.20105884221,-27865.058866828505,376512.22308712924,348647.16422030074
DEHHALKA10004m2qbt_0,721.5634765625,"(1979, 1983)",,,,271364.07709822466,3949.7961370128696,3717.284519607804,-1623.517822265625,,,,,23251.828035180584,,652.3330289595649,3719.103270560744,-2159.272740948767,7809.457899593018,-12514.638943649621,310681.0894259248,298166.4504822752
DEHHALKA10004m2qbt_1,1156.0927734375,"(1979, 1983)",,,,410271.56039334764,6369.892392922895,6032.673982452824,-2601.2087402343745,,,,,36349.206787538664,,1048.8113505318786,5985.084223352288,-3739.859045722841,12545.36103499313,-19027.600581834195,472261.52237918216,453233.92179734795
DEHHALKA10004m2qbt_3,4.0,"(1979, 1983)",,,,7423.337825157844,21.89127731989783,20.598526890458395,-9.0,,,,,181.03421510508196,,3.615826216192594,23.92263320613331,26.649812471742955,45.000342727397026,-310.3842530428859,7737.0504590947485,7426.666206051863
DEHHALKA10004m2qbt_4,536.603515625,"(1979, 1983)",,,,210551.1292556971,2941.885131768924,2772.8437302777484,-1207.35791015625,,,,,17518.974474748797,,485.51797094174105,2775.054744907786,-1561.9279889091022,5814.56780001003,-9660.072574447891,240090.68720928676,230430.61463483886
DEHHALKA10004m2qbt_5,214.171875,"(1979, 1983)",,,,118171.45449994627,1176.0488934353298,1110.170288223789,-481.88671875,,,,,7355.101190186651,,193.94625471809994,1128.4850152575464,-406.1791518128009,2332.422724325197,-5244.322187922686,130579.56299553008,125335.24080760739
DEHHALKA10004m2qbt_6,1783.365234375,"(1979, 1983)",,,,463998.535708338,9938.563765916038,9514.083512072713,-4012.57177734375,,,,,54874.05082325714,,1627.7402129255352,9246.502471025022,-7196.843457539683,19412.028091109954,-22406.327343312023,557402.089349761,534995.762006449
DEHHALKA4jt0009d,252.872314453125,"(1979, 1983)",,,,56554.45189990672,1118.1791326623556,950.2718584727007,-505.74462890625,,,,,7779.793301883511,,193.36776552022891,1034.6836123468893,-529.6003608637882,2316.222496961585,-2828.0949268366,68911.62507798396,66083.53015114737
DEHHALKAJ00010Ekbt_0,1471.39453125,"(1979, 1983)",,,,379944.7568879113,7104.151587487355,5007.63346753512,-3678.486328125,,,,,45277.13149191531,,1316.2228767656356,6516.095027194235,-1072.6094956930847,15843.851372511928,-19922.58699967944,456258.7468875029,436336.15988782345
DEHHALKAJ00010Ekbt_1,999.82470703125,"(1979, 1983)",,,,301434.2308882795,5075.788337785851,3862.5613237676976,-2499.561767578125,,,,,31096.769519723635,,916.1721946250138,4691.50325472895,-1167.3708848115791,11018.568884636255,-15146.506412358209,354428.6617511573,339282.1553387991
DEHHALKAJ00010Ekbt_2,844.66259765625,"(1979, 1983)",,,,257764.26704320346,4288.290835521739,3263.5228568007724,-2111.656494140625,,,,,26431.042462331992,,774.010529394549,3965.374004320308,-966.5372079503104,9309.707982081314,-12922.40775170455,302718.02201156324,289795.6142598587
DEHHALKAJ000108Abt_1,178.4765625,"(1979, 1983)",,,,67510.2747577388,1007.6264403859524,1272.4161102022788,-267.71484375,,,,,6094.341213362905,,138.81428836276683,969.5704164631578,-1241.1078652044387,1638.5668253407273,-2771.885056635678,77122.78734290216,74350.90228626647
DEHHALKAJ00010fMbt_0,259.5771484375,"(1979, 1983)",,,,94280.84917008822,1408.9302224193848,1745.9181566414306,-389.36572265624994,,,,,8736.563677319647,,196.9317183633836,1353.420100315575,-1666.4765483667827,2327.3629343511648,-3907.0874482468216,107994.13370847577,104087.04626022895
DEHHALKAJ00010Uobt_1,500.1552734375,"(1979, 1983)",,,,133212.37193706274,2731.2735867634656,2564.537177069211,-1125.349365234375,,,,,15843.299881679652,,451.5937239316922,2540.9090235823473,-1835.7066688396083,5390.957145891758,-6443.8358199957775,159773.88644190689,153330.0506219111
DEHHALKAJ00010Uobt_2,1223.4169921875,"(1979, 1983)",,,,328914.15777703974,6680.898300629195,6273.048643393143,-2752.6882324218745,,,,,37659.48925824794,,1104.6318308834198,6215.552437232505,-4486.753853746126,13186.949737020595,-15783.945825747662,392795.2858982786,377011.3400725309
DEHHALKAJ00010Uobt_3,564.212890625,"(1979, 1983)",,,,154525.81726123707,3079.6759387417546,2890.3878869247073,-1269.47900390625,,,,,17845.08494794351,,509.3084353495916,2867.3585901957613,-2039.0002022891747,6081.27793327484,-7443.134311474036,184490.43178747178,177047.29747599774
DEHHALKAJ00010fabt_0,1952.767333984375,"(1979, 1983)",,,,497853.4573517038,9373.960746958996,6977.464108181123,-4686.6416015625,,,,,60084.6366275389,,1705.263471656177,8620.896063458935,-2212.9891827570364,20501.960357850672,-25745.70392432911,598218.007943029,572472.3040186999
DEHHALKAJ00010eubt_0,2041.06201171875,"(1979, 1983)",,,,517317.5837010628,10999.839639974327,9517.60559973965,-4898.548828125,,,,,62800.22842590781,,1887.7762434220472,10166.19840727216,-5840.825718208998,22588.501166025206,-25915.20301344125,624538.3586370699,598623.1556236286
DEHHALKAJ00010eubt_1,5.0,"(1979, 1983)",,,,5757.498476787601,23.69405732276374,17.296148086135656,-12.0,,,,,196.81780600684604,,4.339293136019037,24.283718598952902,24.464894557591446,53.49459189951511,-248.63542715135245,6089.888986395426,5841.253559244074
DEHHALKAJ00010eubt_2,5.0,"(1979, 1983)",,,,4758.688007579141,23.69405732276374,17.296148086135656,-12.0,,,,,188.89753412458532,,4.339293136019037,23.725162537411514,17.95016795273768,53.20556263663326,-207.96662760698587,5075.795933375429,4867.829305768443
DEHHALKAJ00010eubt_3,707.8662109375,"(1979, 1983)",,,,155934.43073579733,3589.3237179212283,2883.3725511425573,-1698.8789062499998,,,,,21798.523591734756,,634.924878045144,3295.779011144618,-1517.1625312680371,7609.560415726278,-8216.313556340818,192529.87346399386,184313.55990765305
DEHHALKAJ00010eubt_5,5.0,"(1979, 1983)",,,,6029.684545444982,23.69405732276374,17.296148086135656,-12.0,,,,,198.91355264949232,,4.339293136019037,24.43593083861453,26.240224189806906,53.57335532983147,-259.7180909862326,6366.177106997647,6106.459016011414
DEHHALKAJ00010hr,1848.1787109375,"(1969, 1978)",,,,374907.8677946346,8539.822076088867,2136.727460361328,-12510.629724121094,,,,,56858.599360459,,3878.2952144775395,15955.183601907962,10517.925431749034,11985.306018144114,-30183.935284445775,472269.0972337014,442085.1619492556
DEHHALKAJ00010nPbt_0,901.3125,"(1979, 1983)",,,,254890.92677671358,5151.717301185094,5046.734056875883,-2027.953125,,,,,28070.90672143651,,833.95166093345,4808.744155210002,-3877.8209751385443,9941.132043031586,-12075.222795993173,302838.3386152475,290763.11581925437
DEHHALKAJ00010nPbt_2,4.0,"(1979, 1983)",,,,5660.400963057919,20.26462573432692,17.58801458647771,-9.0,,,,,166.7222780339515,,3.473181518431395,21.36829243275253,19.86933601998718,42.918770037517156,-239.60027945115985,5943.605461421363,5704.005181970203
DEHHALKAJ00010mg,2173.253173828125,"(1979, 1983)",,,,526786.7208449743,11512.19738121343,9763.768730760423,-5215.8076171875,,,,,66859.39683689298,,1992.4963218256294,10618.940624658697,-5787.896160853998,23851.535244938445,-26785.8588406719,640381.3522072224,613595.4933665504
DEHHALKAJ00010l9bt_0,851.737060546875,"(1979, 1983)",,,,262627.4312101132,4313.402181933765,3459.344260319887,-2044.1689453125,,,,,26722.420876796572,,763.4939603780883,4002.3317812602954,-1320.5639014255462,9172.622771567272,-12943.37195112848,307696.3141956311,294752.9422445026
DEHHALKAJ00010l9bt_1,1008.153076171875,"(1979, 1983)",,,,303722.97428077034,5087.733927205114,4061.693350300288,-2419.5673828125,,,,,31378.04158517965,,902.1440647441447,4716.184367148252,-1557.9891697534083,10837.858764110344,-15040.76830470241,356729.07378689223,341688.3054821898
DEHHALKAJ00010eVbt_0,537.421875,"(1979, 1983)",,,,122006.58511746526,2768.2116191614123,2268.9507356473177,-1289.8125,,,,,16688.706504480724,,485.8274671966085,2545.828913298405,-1253.3982592111042,5820.013612233202,-6358.824614052586,150040.91321027186,143682.08859621928
DEHHALKAJ00010eVbt_1,1943.592529296875,"(1979, 1983)",,,,538816.0242007164,9811.613562773546,7836.1747179832655,-4664.6220703125,,,,,59806.039255418116,,1739.4924413128165,9069.072831998314,-3317.3583718382647,20883.506255675915,-27092.348764577553,639979.9428237276,612887.5940591501
DEHHALKAJ00010odbt_1,2761.6552734375,"(1979, 1983)",,,,675394.0933144132,13253.873791274727,9862.107273680229,-6627.97265625,,,,,84967.46418500257,,2411.3630743402637,12172.937747584778,-3307.9672916721966,28983.188144704844,-35244.20423690825,817109.0875830784,781864.8833461702
DEHHALKAJ00010lBbt_2,2082.9892578125,"(1979, 1983)",,,,580055.4238432988,11275.697085632957,10496.900906809735,-4686.725830078125,,,,,64095.322008635485,,1872.0468372620505,10500.567049415211,-7192.599615013318,22363.12147682738,-27926.24079043476,688779.7537627901,660853.5129723554
DEHHALKAJ00010lBbt_7,275.041015625,"(1979, 1983)",,,,75447.52957064778,1487.5569384003966,1383.6150425003707,-618.84228515625,,,,,8853.136355979414,,247.07360344925675,1384.6145459017298,-953.4030274521684,2951.2702654989516,-3641.647297995006,90182.55100976948,86540.90371177447
DEHHALKAJ00010ndbt_0,1208.116455078125,"(1979, 1983)",,,,318499.8872246597,5835.163555794121,4382.969708653682,-2899.4794921875,,,,,37198.05055706217,,1058.1316092136535,5373.8540061603835,-1404.4632510822112,12721.532620653601,-16333.376050840598,380765.64653892757,364432.270488087
DEHHALKAJ00010ndbt_1,913.33984375,"(1979, 1983)",,,,249588.87278120508,4398.922624421544,3290.4427586700353,-2192.015625,,,,,28344.579706511766,,798.8564820842016,4055.539760213219,-968.1703753154015,9608.010056458985,-12714.131010247183,296925.0381692494,284210.90715900226
DEHHALKAJ00010pV,756.556640625,"(1969, 1978)",,,,188238.82214178803,4023.0906640492094,1037.1062947406942,-6267.579760980314,,,,,23275.783867471717,,1942.9497259038974,8028.736890674172,4838.843738474462,6802.477267603762,-15383.28976880597,231920.2308297256,216536.94106091963
DEHHALKAJ00010kEbt_1,293.02392578125,"(1979, 1983)",,,,98872.43645953014,1490.5983618134962,1786.0405816659797,-439.535888671875,,,,,9749.012449513302,,213.54840074203787,1427.2822195809108,-1640.7979145772622,2528.5761737455264,-4164.107896099521,113987.16084334227,109823.05294724274
DEHHALKAJ00010oibt_0,4517.23681640625,"(1979, 1983)",,,,1067367.6031232118,21737.930752224132,15240.21678325213,-11293.092041015625,,,,,138971.24674987723,,4034.532846078568,19879.747125706625,-3730.0973204455677,48542.916348315746,-57173.169581342634,1300751.0043672048,1243577.8347858621
DEHHALKAJ00010oibt_2,6.0,"(1979, 1983)",,,,5569.861994399433,28.859847225412054,20.217832733083835,-15.0,,,,,225.982278251324,,5.357669878562073,28.71416713799802,22.166811961381686,65.66542690685644,-245.01175077132325,5951.82602849405,5706.814277722727
DEHHALKAJ00010oibt_3,772.9306640625,"(1979, 1983)",,,,212702.26001607842,3717.776813446673,2604.497146714506,-1932.32666015625,,,,,24079.236285536226,,690.1845561774395,3416.7054942339305,-437.0950544541895,8313.056275624525,-11008.086660444613,253154.29487320126,242146.20821275664
DEHHALKAJ00010jrbt_0,780.2587890625,"(1979, 1983)",,,,237367.65598960625,3907.1405932142934,3087.0862543940425,-1872.62109375,,,,,24511.39678006902,,695.5382335570688,3621.9585129341376,-1102.309865984405,8359.144076105025,-11753.214518839613,278574.98948014545,266821.77496130584
DEHHALKAJ00010ii,1091.13671875,"(1958, 1968)",-70902.53426447001,532.8895385543651,6962.81778610509,3941.938298990333,1350.5372343978222,726.9669030607637,-2946.069140625,,,,,33568.738319459284,,913.28143359375,3613.552268947452,78147.72166833376,1579.0334525664093,-38120.44496252004,120895.70043872458,82775.25547620453
DEHHALKAJ00010hvbt_1,106.443359375,"(1979, 1983)",,,,33392.20302694477,244.644729956335,452.77426104686305,,,,,,3650.3207180408795,,21.4534408431683,254.5678272738752,-491.8145049575054,246.00167113834186,-1209.5503590028793,37770.151170286736,36560.60081128385
DEHHALKAJ00010gRbt_0,2119.1376953125,"(1979, 1983)",,,,575067.4812707984,11807.949783393988,11301.975000494702,-4768.059814453125,,,,,65205.49931743225,,1934.0493857561019,10998.910718950721,-8391.873154727553,23072.003401976603,-27591.421816240465,686227.9359096221,658636.5140933817
DEHHALKAJ00010gRbt_1,325.4501953125,"(1979, 1983)",,,,91765.19052984923,1813.9535263239723,1736.6963047416777,-732.2629394531249,,,,,10469.48845929346,,297.07119463336664,1691.613419912242,-1267.8352216106296,3544.8297383247586,-4377.478130794822,109318.74501201494,104941.26688122012
DEHHALKAJ00010dc,119.04443359375,"(1949, 1957)",,,,20347.18496829822,623.4027871951024,132.53266025710388,-468.54728482930426,,,,,3663.735665587691,,145.24965829708432,572.576384218324,729.984756105041,851.8173251588513,-1178.170873031423,26597.936920288117,25419.766047256693
DEHHALKAJ00010oJbt_0,1021.7568359375,"(1979, 1983)",,,,281356.65651904483,5462.7281641432255,5022.625148462584,-2298.952880859375,,,,,31646.30359151156,,912.2972503394158,5083.174823962734,-3350.8127608091754,10902.778534593393,-13611.124114120132,334736.7983903892,321125.67427626904
DEHHALKAJ00010fObt_1,1421.1953125,"(1979, 1983)",,,,381331.62423393136,7601.832450234146,6992.693254766677,-3197.6894531249995,,,,,43736.253832554736,,1269.2551002754708,7067.005131320648,-4749.946831202888,15165.048615460986,-18437.2565712924,455216.0763342161,436778.8197629237
DEHHALKAJ00010fObt_3,1195.3046875,"(1979, 1983)",,,,368645.73410014505,6058.5808273729435,5261.274826148625,-2689.435546875,,,,,37146.20975066457,,1038.1388860553304,5648.523924543764,-2699.3076469485463,12445.338877918755,-17735.01848155714,430855.05799902556,413120.0395174684
DEHHALKAJ00010dP,1000.4638671875,"(1949, 1957)",-59231.72961053276,406.9069275362663,4636.23841972463,35971.519369978785,2095.2722774218746,785.8194631607828,-3481.6142578125,,,,,30779.7813415746,,1079.300419921875,4232.027524774907,63589.11594130074,1103.471014369915,-34905.52074791427,136154.69309469097,101249.1723467767
DEHHALKAJ00010o1,4276.961669921875,"(1919, 1948)",-443366.740656725,3140.3665233897614,37620.29020169139,280237.9352971959,13838.109103297544,18592.815905146996,-13686.27734375,,,,,131579.26609424772,,4926.782821444249,25293.861426046253,442498.16743026464,13140.482956727821,-240394.1970178337,916421.1436906211,676026.9466727874
DEHHALKAJ00010fubt_0,1692.6552734375,"(1979, 1983)",,,,460643.64289019327,9293.772046276277,8772.39844148123,-3808.4743652343745,,,,,52087.08032552427,,1532.7329890267229,8653.215693985443,-6294.753841885,18295.960535439892,-22176.450627989332,549175.5747148077,526999.1240868183
DEHHALKAJ00010okbt_0,182.5927734375,"(1979, 1983)",,,,57510.30326981186,884.0879571508987,1030.1147858748795,-273.88916015625,,,,,6058.598368622011,,129.1445295861282,843.941328587385,-919.3702646816823,1531.2186685315119,-2455.2924430486046,66794.14948332675,64338.85704027815
DEHHALKAJ00010FF,247.3564453125,"(1958, 1968)",-12598.570546114694,101.8137235505374,1457.0176481226908,-212.82696898375673,208.62509712484132,127.55006613451322,-445.24160156249997,,,,,7609.83643135193,,138.024896484375,553.8145802117708,14636.90813321913,527.2057189489421,-6589.790783850269,23143.896352929245,16554.105569078976
DEHHALKAJ00010jM,2604.0625,"(1860, 1918)",-348444.80395855615,2870.1872086934995,41971.75131233111,119265.24536419651,8215.698293539968,13409.921378200426,-7030.96875,,,,,80113.10446502994,,2688.5014652378286,14929.143872493982,353139.7367564612,7936.432268771218,-158711.83405497158,592666.8151139311,433954.9810589595
DEHHALKAJ00010cybt_1,1439.4677734375,"(1979, 1983)",,,,383166.62253958295,7868.436006569509,7395.1264129568535,-3238.802490234375,,,,,44298.09019433359,,1300.382283105406,7320.157484424898,-5307.084954986887,15522.789566884447,-18531.76794122928,458325.7170426364,439793.94910140714
DEHHALKAJ00010hdbt_1,721.689453125,"(1979, 1983)",,,,194363.6077193468,3939.95915701523,3698.451552696326,-1623.80126953125,,,,,22589.496970459808,,651.523820491148,3666.515737335759,-2631.659885692502,7778.356553040362,-9386.106641339547,232432.45035516168,223046.34371382213
DEHHALKAJ00010hdbt_2,1088.9462890625,"(1979, 1983)",,,,351082.7936165209,5685.651941781338,5100.653535034028,-2450.129150390625,,,,,34044.89835391817,,960.3364676209444,5314.660630062243,-2841.70102028193,11502.883669013961,-16675.51164879241,408400.048043279,391724.53639448655
DEHHALKAJ00010hbbt_0,1676.9248046875,"(1979, 1983)",,,,516960.1431909748,8758.974885023252,7860.9511853546255,-3773.080810546875,,,,,51623.310199336454,,1479.165200282656,8174.298305275711,-4540.305373388429,17710.262443411317,-24712.823060241804,604253.7192257235,579540.8961654818
DEHHALKAJ00010hbbt_1,1140.7744140625,"(1979, 1983)",,,,315077.07396785356,6379.495790174,6126.719717563591,-2566.742431640625,,,,,35181.277556329995,,1043.1580062745948,5946.229189480324,-4548.4236998202705,12443.973545202836,-15063.09981200537,375082.7616414179,360019.66182941257
DEHHALKAJ00010eqbt_1,2533.51318359375,"(1979, 1983)",,,,669792.4742087169,12535.197241643262,9743.705043333666,-6080.431640625,,,,,77951.85752422467,,2245.1516724016756,11558.169792160477,-3798.612692938514,26966.854092537174,-34145.56592975251,800914.3652414543,766768.7993117018
DEHHALKAJ00010ff,5173.162841796875,"(1979, 1983)",,,,1271913.3492406607,24906.75555251887,18620.856553204703,-12415.5908203125,,,,,159150.5853140727,,4523.959191026536,22882.871472220413,-6382.90771456573,54370.33709266182,-66246.24089738933,1537570.2158814874,1471323.974984098
DEHHALKAJ00010Gjbt_0,398.98486328125,"(1979, 1983)",,,,156584.524560399,1977.0908732853832,2334.682793329947,-598.477294921875,,,,,13354.628943546772,,286.1639571186029,1905.0373512392543,-1938.5497338527425,3398.551342181574,-6596.217955847342,177303.65279232588,170707.43483647855
DEHHALKAJ00010cBbt_1,1994.390869140625,"(1979, 1983)",,,,502155.23523132614,10537.474325158222,8909.761243312409,-4786.5380859375,,,,,61364.577287131266,,1826.1209626561122,9730.359082801646,-5096.635402045062,21868.12442836268,-25446.323168648763,606508.4790727658,581062.155904117
DEHHALKAJ00010cBbt_3,488.447265625,"(1979, 1983)",,,,158692.38024626335,2402.881464348795,1852.927332740439,-1172.2734375,,,,,15624.436650441417,,431.6395536138539,2231.5414961130123,-499.41656231592117,5194.248341891345,-7795.169041274049,184758.36508559625,176963.1960443222
DEHHALKAJ00010fBbt_1,222.689453125,"(1979, 1983)",,,,73512.45163295262,1140.750266217894,1372.0323759971932,-334.0341796875,,,,,7448.494595003077,,162.98669151286467,1091.4376679560319,-1280.6043592294309,1928.8419109132292,-3093.4532702959273,85042.35660163598,81948.90333134006
DEHHALKAJ00010cdbt_1,229.90234375,"(1979, 1983)",,,,68519.22193967248,1093.721818104687,1261.052171703563,-344.853515625,,,,,7607.909313111538,,160.901663930123,1040.9294393862683,-1135.478577680522,1907.7229018450269,-2889.3967338475886,80111.12715444817,77221.73042060058
DEHHALKAJ00010kabt_0,894.490966796875,"(1979, 1983)",,,,276491.9068535346,4550.6151518428305,3671.29451497336,-2146.7783203125,,,,,28021.368279173857,,803.6333582638704,4223.571090025631,-1442.438577346771,9653.244382391407,-13608.13442255739,323826.41673254623,310218.28230998886
DEHHALKAJ00010kabt_4,1313.609619140625,"(1979, 1983)",,,,384809.35030392173,6693.311718717228,5410.897077305186,-3152.6630859375,,,,,40514.629662548046,,1181.099269282343,6200.779779549632,-2287.2025739554656,14180.305390417077,-19113.26628085079,453550.50754184823,434437.2412609974
DEHHALKAJ00010X6bt_1,4.0,"(1979, 1983)",,,,3401.554597473892,19.259313166420434,15.727440458695654,-9.0,,,,,147.53341847761635,,3.3850234219609545,19.135743275674898,8.05204585266467,41.293938367903536,-148.24305556702382,3646.941520494828,3498.6984649278043
DEHHALKAJ00010X6bt_2,795.9404296875,"(1979, 1983)",,,,215757.55236303576,4409.42245450509,4197.600621726422,-1790.865966796875,,,,,24835.12957907243,,724.1769548452355,4106.334196992822,-3079.237475431666,8640.961079436176,-10369.346394247408,257801.0738073854,247431.727413138
DEHHALKAJ00010X6bt_3,393.59765625,"(1979, 1983)",,,,110714.20475372198,2180.389596402569,2075.5588498557695,-885.5947265625,,,,,12609.111068902528,,358.1015510153218,2032.762481927626,-1496.1930447264253,4274.07945164535,-5291.480764711454,131862.4199821822,126570.93921747076
DEHHALKAJ00010X6bt_4,4.0,"(1979, 1983)",,,,4792.888187780771,19.758478781735114,16.651267195754105,-9.0,,,,,159.6857355325052,,3.4287963656945415,20.395117912318124,15.679122726894938,42.17877197143487,-204.5880763453867,5061.665478267108,4857.077401921721
DEHHALKAJ00010oH,304.0361328125,"(1919, 1948)",-22907.09426999991,175.78098857930826,2361.0777269371683,42223.94541297577,1276.0975937662265,1878.7870683202218,-790.4939453124999,,,,,9355.245236364311,,321.81996163894144,1935.7054171267882,23069.664381252354,1617.1951937576214,-13168.043146137581,80887.96631988973,67719.92317375215
DEHHALKAJ00010iWbt_1,891.79443359375,"(1979, 1983)",,,,258782.86716175106,4411.755917440847,3428.623430472171,-2140.306640625,,,,,27796.965077817913,,790.2368363977276,4080.736691673106,-1185.1776926878672,9498.368059165214,-12956.759621214209,305464.0688414051,292507.30922019086
DEHHALKAJ00010iWbt_2,5.0,"(1979, 1983)",,,,8289.490588469995,24.735273910952603,19.223171289909928,-12.0,,,,,215.83916927288615,,4.430599735934851,26.703636461239526,37.95963090871929,55.23314975580884,-351.0923634228299,8661.615219805444,8310.522856382615
DEHHALKAJ00010iWbt_3,2456.209716796875,"(1979, 1983)",,,,659747.0814973564,12161.047636495789,9461.816153960757,-5894.9033203125,,,,,75574.1794497165,,2177.3771711253685,11219.344870949022,-3639.0878736205636,26155.08484554035,-33521.70987244669,786961.9404312111,753440.2305587644
DEHHALKAJ00010Vabt_1,459.4697265625,"(1979, 1983)",,,,149688.95902150872,2553.087358626482,2437.339669965746,-1033.806884765625,,,,,14872.912706324227,,418.7161687528445,2391.9085884155093,-1635.8332622012379,5002.826817444937,-7004.772209941646,174696.11018407161,167691.33797412997
DEHHALKAJ00010Vabt_2,2372.40234375,"(1979, 1983)",,,,641768.4698804915,13216.196497533,12647.234964320605,-5337.9052734375,,,,,72996.6083291202,,2164.934204156524,12309.438888077202,-9399.454552062723,25825.965553675393,-30808.234240721373,766191.4884918742,735383.2542511529
DEHHALKAJ00010Vabt_3,391.826171875,"(1979, 1983)",,,,117338.40015283905,2188.6010071984347,2099.5765288789325,-881.60888671875,,,,,12633.323193053935,,358.0704603403318,2044.9766576722636,-1495.285296101096,4274.316793927765,-5546.615236889535,138560.37061109088,133013.75537420134
DEHHALKAJ00010Vabt_4,2371.3291015625,"(1979, 1983)",,,,640098.7450943645,13189.523861712281,12603.21462662846,-5335.490478515625,,,,,72963.52009329115,,2162.140131419508,12283.145251464168,-9344.175158298123,25793.891841496,-30750.827270160007,764414.5152635624,733663.6879934025
DEHHALKAJ00010Vabt_5,339.1162109375,"(1979, 1983)",,,,105097.15858094642,1889.1510923752219,1807.82252691478,-763.011474609375,,,,,11030.730565623402,,309.4602760685511,1767.0092288097248,-1256.4282861466909,3695.4846024305552,-4947.834073796251,123577.37711241258,118629.54303861632
DEHHALKAJ00010Jgbt_0,707.08740234375,"(1979, 1983)",,,,207295.91887890635,3452.2324901845986,2633.7883875468015,-1697.009765625,,,,,22217.397680292896,,622.5507867256492,3192.5913983906858,-793.1785469315116,7487.478620723398,-10387.238841514012,244411.76993021386,234024.53108869985
DEHHALKAJ00010Jgbt_1,1378.45947265625,"(1979, 1983)",,,,364902.0177404061,6717.855440687328,5111.897927400014,-3308.302734375,,,,,42422.33301112751,,1212.5832620916567,6190.193290784508,-1766.6094867105146,14573.5918480514,-18660.42219191351,436055.56029946305,417395.1381075495
DEHHALKAJ00010Jgbt_3,471.495361328125,"(1979, 1983)",,,,60587.77185761384,1636.560689151937,524.6983847414906,-1131.5888671875,,,,,14505.92489242545,,356.77180415020126,1443.8120987778075,894.8461286036522,4327.441986527164,-4173.306208047067,83146.23897480404,78972.93276675697
DEHHALKAJ00010ly,98.435546875,"(2002, 2009)",-3642.3777308392605,25.02220923021583,285.0994169156174,27733.113340506698,559.7128917366139,834.0814905166898,-157.496875,,,,,3028.6658225643687,,85.28322371322035,617.4061192643154,2863.145448577428,1031.6633094008969,-3621.118217221011,36595.574771280226,32974.456554059216
DEHHALKAJ00010m8bt_0,1278.497314453125,"(1979, 1983)",,,,368994.24072495813,6427.440894524221,5105.323315521041,-3068.3935546875,,,,,39425.084068288685,,1141.9031097773359,5948.092505154169,-2009.8926745698634,13715.662326456733,-18430.587988314866,435679.46071542293,417248.8727271081
DEHHALKAJ00010m8bt_1,625.82275390625,"(1979, 1983)",,,,200164.12621364882,3147.4097573708978,2501.2438303013396,-1501.9746093749998,,,,,19871.599026879434,,559.0640639726385,2923.655197163177,-859.8176575098579,6720.599217149347,-9816.714406684407,233525.9050396008,223709.19063291638
DEHHALKAJ00010m8bt_2,971.50390625,"(1979, 1983)",,,,289716.4109796927,4883.014799185829,3877.4580227686088,-2331.609375,,,,,30268.295670635114,,867.6153068105211,4524.020782689966,-1463.3609775764508,10423.919557048132,-14385.378326143873,340765.76476625446,326380.38644011057
DEHHALKAJ00010hZ,106.029052734375,"(1949, 1957)",,,,17074.38123825726,524.5298196549033,111.51270705064542,-394.23471928493876,,,,,3262.820218958676,,122.21276297833101,481.49994350674837,604.5205138037944,715.5363075581031,-987.4191207669085,22502.77879248353,21515.35967171662
DEHHALKAJ00010ehbt_0,759.65478515625,"(1979, 1983)",,,,208924.12129706304,3648.3010887298005,2549.3627535509295,-1899.136962890625,,,,,23674.941945811206,,677.8371766681328,3352.5321965615194,-414.10255803419136,8164.806571546954,-10817.378892573972,248678.66350900676,237861.2846164328
DEHHALKAJ00010ehbt_1,1291.32861328125,"(1979, 1983)",,,,333207.9441343695,6207.930711205578,4345.1534951372905,-3228.321533203125,,,,,39740.604045224056,,1152.793647056333,5692.664640513396,-865.085959131781,13878.927374746778,-17491.193041595292,400132.6105559181,382641.4175143228
DEHHALKAJ00010ehbt_2,547.47509765625,"(1979, 1983)",,,,178549.33693446335,2759.9713680123346,2079.152939773248,-1368.687744140625,,,,,17443.658360797726,,499.96961426563746,2557.7866733860083,-494.9890297859779,6018.628655107277,-8855.064735077696,208044.827771879,199189.7630368013
DEHHALKAJ00010ehbt_4,639.02783203125,"(1979, 1983)",,,,202513.93835368846,3226.028065031864,2435.198840639301,-1597.569580078125,,,,,20227.45613442128,,583.9740150414046,2986.575229740998,-629.3006532128313,7027.762777028799,-10093.127561734247,236774.06318230115,226680.9356205669
DEHHALKAJ00010iqbt_1,604.5029296875,"(1979, 1983)",,,,169839.12038508704,3372.467876663222,3231.6602777384137,-1360.131591796875,,,,,19134.13013244096,,552.0683119784585,3144.7752537735496,-2368.074998610672,6587.176128068084,-8104.153086921768,202133.1917753422,194029.03868842043
DEHHALKAJ00010iqbt_4,345.7353515625,"(1979, 1983)",,,,99586.89142779355,1928.395643253207,1847.496405215956,-777.904541015625,,,,,11144.233921426352,,315.70845111951496,1799.5562967996218,-1337.1490488356444,3767.717990391739,-4735.066547729419,118274.94654614868,113539.87999841926
DEHHALKAJ00010iqbt_8,612.8671875,"(1979, 1983)",,,,217697.10431517725,3225.9052225014757,2918.7637790651706,-1378.951171875,,,,,19741.815157520236,,542.7626267022058,3027.4225213515183,-1543.5457065686599,6504.823046996895,-10187.789213872184,250736.09979087109,240548.3105769989
DEHHALKAJ000110R,2387.9169921875,"(1958, 1968)",-153283.72985076983,1144.9208395904234,14832.934666104838,9569.044980820081,2951.0864162722105,1573.2496634945276,-6447.375878906249,,,,,73463.46230349955,,1998.6865224609373,7900.940562076146,168290.647284593,3168.66755076307,-82634.39001654807,262468.40940507327,179834.0193885252
DEHHALKAJ000110Zbt_0,2490.48486328125,"(1979, 1983)",,,,633323.4944056515,14142.18377629565,12395.216961887403,-6226.212158203125,,,,,76625.40972034795,,2413.54555492087,13065.627696035619,-8021.776663243905,28860.289677551496,-32023.94569860567,766577.7789712435,734553.8332726379
DEHHALKAJ000110Zbt_1,352.04150390625,"(1979, 1983)",,,,111451.57565393148,2001.608296597859,1756.8320531092058,-880.103759765625,,,,,11303.195366614224,,341.38899859765263,1861.6039074773073,-998.2709602004659,4088.339412497827,-5418.033662134942,130926.16896885946,125508.13530672452
DEHHALKAJ000110Zbt_4,6.0,"(1979, 1983)",,,,8510.037780154054,31.506771387340443,25.116606279843335,-15.0,,,,,248.77005917317118,,5.589784549229285,32.91062409243541,33.666417050315424,69.0732948598608,-363.1037071366917,8941.671337546251,8578.56763040956
DEHHALKAJ000110Zbt_5,6.0,"(1979, 1983)",,,,8508.303965287716,31.506771387340443,25.116606279843335,-15.0,,,,,248.75098581008123,,5.589784549229285,32.90965450627965,33.65510826833341,69.07279313981657,-363.0331109911566,8939.90566922864,8576.872558237483
DEHHALKAJ000110Zbt_6,6.0,"(1979, 1983)",,,,8508.303963462819,31.506771387340443,25.116606279843335,-15.0,,,,,248.7509469742844,,5.589784549229285,32.90965450525912,33.65510825643054,69.07279313928849,-363.0331109168518,8939.905628554494,8576.872517637643
DEHHALKAJ000110Zbt_7,6.0,"(1979, 1983)",,,,8508.303961120133,31.506771387340443,25.116606279843335,-15.0,,,,,248.7510025326131,,5.589784549229285,32.90965450394904,33.65510824115041,69.07279313861058,-363.0331108214642,8939.905681752867,8576.872570931402
DEHHALKAJ00010rBbt_1,414.8388671875,"(1979, 1983)",,,,123715.6525543929,2185.8249435208545,1842.1523709863698,-995.61328125,,,,,13292.254349588471,,379.31218023562894,2028.9312349910117,-917.0514127412886,4548.410522669865,-6081.04334743752,146079.87346239382,139998.8301149563
DEHHALKAJ00010rBbt_2,3011.002197265625,"(1979, 1983)",,,,729564.2433842013,15902.189889827227,13439.15360935737,-7226.4052734375,,,,,92638.98312029315,,2756.379845396348,14667.926059956193,-7861.6712535038805,33000.43235136086,-37258.49328390157,886881.2317334512,849622.7384495497
DEHHALKAJ00010rBbt_3,1498.038330078125,"(1979, 1983)",,,,361606.9379580324,7896.890329726533,6658.8934669245955,-3595.2919921874995,,,,,46094.34219859725,,1370.0611764275334,7282.582155821146,-3877.3636666591183,16403.740174310296,-18490.316884333886,439840.79180099315,421350.47491665924
DEHHALKAJ00010sRbt_1,1318.09375,"(1979, 1983)",,,,359786.00530883076,7235.872484062618,6828.753378266887,-2965.7109375,,,,,40565.75208341756,,1193.444807309214,6737.7115466936575,-4890.976052680669,14246.355600967472,-17313.74388872321,428737.2082193674,411423.46433064423
DEHHALKAJ00010sRbt_3,708.7021484375,"(1979, 1983)",,,,193782.8762826191,3895.8273761242,3681.4406820375075,-1594.579833984375,,,,,22232.608645120345,,642.1467626266905,3627.9784599268605,-2642.9257889884834,7665.085351585386,-9319.544823742344,231290.45793706723,221970.91311332487
DEHHALKAJ00010sRbt_4,4.0,"(1979, 1983)",,,,5719.455762808315,19.168057114869395,15.558549057215437,-9.0,,,,,166.9703905320257,,3.3770209757039646,20.34397093963433,23.43521874975049,41.87651965963269,-242.67756451585342,6001.185489837147,5758.507925321293
DEHHALKAJ00010xObt_1,1.0,"(1979, 1983)",,,,3630.6932923571553,3.561978012180579,6.592302080727791,,,,,,60.02009453327063,,0.31235777930970093,5.46493293711843,13.349297080536203,4.491672475756266,-145.64654026575505,3724.4859272560557,3578.8393869903007
DEHHALKAJ00010xObt_2,81.954345703125,"(1979, 1983)",,,,37577.338843183956,420.6535363501532,778.5211400698657,,,,,,2973.3996919011697,,36.88804479527629,426.6215099226897,-975.0468343329557,417.2459104178267,-1271.977375306876,41655.621842307984,40383.64446700111
DEHHALKAJ00010wzbt_0,1988.42041015625,"(1979, 1983)",,,,536762.8840528255,9885.609428338405,7735.037172432256,-4772.208984375,,,,,61183.81647712028,,1766.2570303165044,9123.29217417582,-3046.5505940790968,21213.849680779997,-27221.044567774843,639851.9864375347,612630.9418697598
DEHHALKAJ00010wzbt_1,5.0,"(1979, 1983)",,,,7121.468975922182,24.857945980250715,19.450205632883332,-12.0,,,,,210.15502052805897,,4.441357122706542,26.168738223289267,29.98540542959407,55.01366253339717,-303.4584957355968,7479.541311372362,7176.082815636765
DEHHALKAJ00010wzbt_2,486.0595703125,"(1979, 1983)",,,,159887.55649796873,2419.9788069365877,1897.2513603466955,-1166.54296875,,,,,15573.104352711069,,432.05889897977767,2249.5469041806646,-567.7830225317584,5197.291614307992,-7819.618716816812,185922.46244414977,178102.84372733295
DEHHALKAJ00010wzbt_3,1299.879150390625,"(1979, 1983)",,,,369493.96926007385,6466.224739514057,5063.541402612693,-3119.7099609375,,,,,40054.13346304284,,1154.9751922754804,5978.1457051346315,-1881.198677941032,13877.027394999557,-18550.053923009847,437087.10851877456,418537.0545957647
DEHHALKAJ00010wzbt_4,5.0,"(1979, 1983)",,,,7740.766894188482,24.87240732175334,19.476969844046863,-12.0,,,,,211.8096666134117,,4.4426252699275945,26.52900687667276,33.98282054093585,55.2068412959505,-328.6657220280045,8105.087231951181,7776.421509923176
DEHHALKAJ00010wzbt_6,1608.26904296875,"(1979, 1983)",,,,440179.09731030045,7965.33775308775,6200.12702402615,-3859.845703125,,,,,49490.87872811024,,1425.9210225165298,7353.222034681827,-2336.8017032771013,17130.59154060461,-22281.219382324816,523548.5280069254,501267.3086246006
DEHHALKAJ00010wzbt_7,403.917236328125,"(1979, 1983)",,,,138558.77512884326,2012.9446524425134,1580.201303426704,-969.4013671875,,,,,13042.795950788193,,359.21205051338006,1874.4288598395233,-440.3147258392705,4322.482862811805,-6728.692830547714,160341.1247156386,153612.4318850909
DEHHALKAJ00011DGbt_2,105.087890625,"(1979, 1983)",,,,53094.00526332215,546.04819752807,1010.5942980086716,,,,,,3870.8879803875343,,47.88418170821824,556.2082636674444,-1237.558414055816,542.8734381270591,-1826.844388547283,58430.94320869334,56604.09882014606
DEHHALKAJ00011GYbt_1,1205.1611328125,"(1979, 1983)",,,,306638.79064306983,6437.122244457489,5912.780635461227,-2711.612548828125,,,,,37087.840829334404,,1075.513481954782,5975.555631072019,-4098.916811057727,12846.566858497154,-15031.152709922957,369163.6409639611,354132.48825403815
DEHHALKAJ00011GYbt_3,993.84375,"(1979, 1983)",,,,363121.88023308094,5408.524169373938,5061.290831070759,-2236.1484375,,,,,31561.59582057051,,895.7079161083097,5085.963845712353,-2951.472007459867,10722.617876038126,-16823.203731122027,416669.96024699515,399846.75651587313
DEHHALKAJ00011HI,1142.5439453125,"(1919, 1948)",-122457.91460027579,884.3095272629164,10913.300299264074,79169.39899184548,3829.0866848587934,5264.447099598417,-3656.140625,,,,,35150.62717515083,,1329.0969067778642,6932.810091375686,122721.7734625559,3767.2869072757153,-65572.36912060302,254508.38669443867,188936.01757383565
DEHHALKAJ0001117bt_1,2294.560546875,"(1979, 1983)",,,,616300.7950965789,12625.796494326503,11942.142475741965,-5162.76123046875,,,,,70601.85006882827,,2080.153235165647,11751.931468123184,-8665.119933421356,24825.86743909869,-29713.965784924607,736300.655113973,706586.6893290484
DEHHALKAJ00011Bybt_1,1177.96875,"(1979, 1983)",,,,328309.0582018099,6606.439921844073,6361.53876522408,-2650.4296875,,,,,36318.500649194626,,1078.830862415382,6160.024070366089,-4732.371269663697,12868.859819124591,-15663.086977849478,390320.45133281505,374657.36435496557
DEHHALKAJ00011Bybt_2,1255.4970703125,"(1979, 1983)",,,,336991.72598450613,6910.39483465171,6538.056157870295,-2824.8684082031245,,,,,38642.159981262754,,1138.3598995671473,6432.050302027495,-4748.59563718879,13585.67980119532,-16247.95900805878,402664.9629156889,386417.00390763016
DEHHALKAJ00011Bybt_9,4.0,"(1979, 1983)",,,,6475.1406716826905,19.077299730266724,15.390580559568445,-9.0,,,,,171.81572458495174,,3.3690622586614944,20.679054871257186,28.627412646007024,42.00751873112017,-273.5026427446071,6767.107325064523,6493.604682319916
DEHHALKAJ00011CJbt_0,1104.828125,"(1979, 1983)",,,,294849.30020776927,6074.07178227759,5740.440466117686,-2485.86328125,,,,,34052.01099177913,,1001.1322879947186,5652.432197873495,-4169.448029463429,11948.019407917283,-14233.136202832846,352662.09603101574,338428.9598281829
DEHHALKAJ00011CJbt_1,261.1923828125,"(1979, 1983)",,,,74344.32915746553,1436.6223619643886,1358.3026300584247,-587.682861328125,,,,,8449.249754321867,,236.7347618864439,1339.5135031054483,-957.3301528275388,2826.602436100565,-3553.3436260998324,88446.34159074702,84892.99796464719
DEHHALKAJ00011CJbt_2,285.40625,"(1979, 1983)",,,,81484.4733298754,1570.4094597216545,1485.3436782699455,-642.1640624999999,,,,,9221.575347217109,,258.73432527833586,1464.41519094182,-1046.2161578489156,3089.2990240205654,-3892.4853554771535,96885.8701349759,92993.38477949875
DEHHALKAJ00011CJbt_3,636.2822265625,"(1979, 1983)",,,,173340.432058196,3502.564415488495,3314.2016860201866,-1431.635009765625,,,,,20030.12624950984,,576.9522327322422,3261.554885193805,-2391.0662112549885,6886.304823341031,-8338.167010576302,207089.43512946097,198751.26811888468
DEHHALKAJ00010skbt_1,252.74462890625,"(1979, 1983)",,,,67664.39489451556,1146.3044065342065,1282.545613927291,-379.116943359375,,,,,8247.124959938252,,171.97000093822135,1086.8259032267838,-1125.8304112107805,2041.235672191481,-2959.9104418556835,80135.45409670164,77175.54365484595
DEHHALKAJ00010s4bt_0,995.003662109375,"(1979, 1983)",,,,269945.512435715,4749.569336797813,3505.675650170278,-2388.0087890625,,,,,30811.431643780383,,866.5421568249853,4375.914200962273,-943.7472410211421,10425.294907823783,-13797.316551959953,321348.1843019909,307550.86775003094
DEHHALKAJ00010s4bt_2,831.597900390625,"(1979, 1983)",,,,227452.34553439813,3974.5414617916954,2939.1613566989136,-1995.8349609375,,,,,25884.985845995012,,724.6695332291312,3663.1007286709264,-791.1985615813683,8718.526873612707,-11603.25982830143,270570.2978118777,258967.03798357624
DEHHALKAJ00011Ax,1093.4267578125,"(1958, 1968)",-70987.50974088884,533.2866564139994,6963.711475061491,3982.133359431692,1353.2185588661168,727.8932004184276,-2952.25224609375,,,,,33639.13105980536,,915.1981962890626,3620.892328317411,78219.14223816228,1572.6244614865464,-38173.654304513286,121077.98115668315,82904.32685216986
DEHHALKAJ000115e,149.48486328125,"(1919, 1948)",-5872.045602376344,66.35295618568558,1262.0935645320237,36691.667710943264,868.646766725692,1388.5971839227354,-239.17578125000003,,,,,4600.30317245314,,134.9568603346088,1065.7653895317465,5584.575399404449,1356.9488053816053,-3348.822631271536,51452.285507447246,48103.46287617571
DEHHALKAJ00010zfbt_1,256.90185546875,"(1979, 1983)",,,,86193.2774167323,1379.8689835884993,1701.0137501155698,-385.352783203125,,,,,8591.062689833014,,193.62699892338577,1321.4716991953735,-1653.5389668592093,2287.2705141291426,-3586.00104975895,99628.70030245493,96042.69925269598
DEHHALKAJ00010qrbt_0,159.330810546875,"(1979, 1983)",,,,83408.76295261651,987.044731752905,1826.7650773404619,,,,,,5911.137395111737,,86.55614926183509,998.3837465696602,-2318.9820734110704,977.6700875919001,-2790.6292649451775,91877.33806683394,89086.70880188876
DEHHALKAJ00011Abbt_1,1938.90380859375,"(1979, 1983)",,,,545706.0413526595,9864.32654826689,7958.635056631973,-4653.369140625,,,,,59662.58936112203,,1741.9942439665424,9125.424989177203,-3477.491901079858,20909.28610032188,-27313.59938563672,646837.4366104411,619523.8372248043
DEHHALKAJ00011Abbt_2,562.493896484375,"(1979, 1983)",,,,189908.47818043694,2873.569185762398,2330.780702856517,-1349.9853515625,,,,,18002.71182335135,,506.4066247155977,2676.4517347824903,-837.1145926750486,6086.554553445115,-9203.09052292346,220197.85286111286,210994.7623381894
DEHHALKAJ000114Zbt_0,198.94482421875,"(1979, 1983)",,,,69862.52314655078,1041.6855342867188,1267.5077481632927,-298.417236328125,,,,,6700.106773345094,,147.58714963252174,998.0314757227454,-1195.418573605016,1745.6944674224915,-2837.701684764302,80269.30048519051,77431.59880042622
DEHHALKAJ00010r3bt_0,140.15673828125,"(1979, 1983)",,,,45774.204888303255,533.4540620802507,522.0453667540382,-210.235107421875,,,,,4657.88776941973,,86.40048110313624,508.7415300913665,-274.00742673599717,1035.5864331881053,-2040.0795008042996,52634.077996782,50593.9984959777
DEHHALKAJ00010vLbt_1,1336.854248046875,"(1979, 1983)",,,,313696.15580932103,6930.947563360882,5727.2454427050425,-3208.4501953125,,,,,41135.352383631114,,1212.4516706213512,6381.86079856314,-3181.6628244457183,14523.829834721364,-16205.565936587387,383217.7304831657,367012.1645465783
DEHHALKAJ00010wv,2941.11328125,"(1969, 1978)",,,,624382.5284453032,13104.645654711916,3284.3956117675784,-21119.03155517578,,,,,90482.36081203404,,6546.899782104492,27094.94485934005,17957.340696306284,17365.986900363892,-50252.68435167784,779100.0712067557,728847.3868550778
DEHHALKAJ000117Ibt_1,329.611328125,"(1979, 1983)",,,,95424.09799863525,1782.2890827597414,1657.3747095421957,-741.62548828125,,,,,10623.857763552596,,296.0589260985813,1660.710175082093,-1120.6741566587082,3537.427880797276,-4493.551269534234,113119.51689152778,108625.96562199354
DEHHALKAJ000117Ibt_3,1416.3837890625,"(1979, 1983)",,,,363541.3679801407,7658.733632136055,7121.959928839251,-3186.863525390625,,,,,43585.818375432,,1272.2046475728457,7114.69630290283,-5067.646435529186,15189.273017789927,-17736.929639225782,437229.5439238938,419492.61428466806
DEHHALKAJ00011CDbt_0,1044.607421875,"(1979, 1983)",,,,299269.60628968093,5778.675667316189,5493.586072339031,-2350.36669921875,,,,,32412.164694899577,,949.6927890629124,5390.201374997969,-3912.028445644539,11337.171182865328,-14269.803658642282,354368.70292629866,340098.8992676564
DEHHALKAJ00011CDbt_2,1332.087890625,"(1979, 1983)",,,,413641.29234013474,6848.039800641369,6041.296318508201,-2997.19775390625,,,,,41219.40536943008,,1165.36887144108,6389.190756902775,-3268.7712439792913,13963.207243347155,-19819.93133723951,483001.83170251985,463181.90036528034
DEHHALKAJ00011Dtbt_0,504.1650390625,"(1979, 1983)",,,,168655.35698562535,2542.5537185407497,2027.9461610135447,-1209.99609375,,,,,16166.600321940903,,450.99690013233317,2366.1858487404124,-664.6628146226145,5423.03264741844,-8205.498487782112,195758.0136750391,187552.515187257
DEHHALKAJ00011Dtbt_1,1554.345703125,"(1979, 1983)",,,,444090.2463352682,7845.538650678422,6264.801376746317,-3730.4296875,,,,,47836.66386226382,,1391.0259541445323,7259.119434735301,-2563.845659837299,16703.895079097878,-22203.99191113526,525097.0153455972,502893.0234344619
DEHHALKAJ00011Hqbt_0,145.064453125,"(1979, 1983)",,,,50482.55778116154,575.0286835619578,582.6984478816771,-217.59667968749997,,,,,4850.6786609319115,,91.43360705254773,550.3685724620116,-329.75606155310163,1094.8650195690404,-2223.9171592202333,57680.27803138007,55456.360872159836
DEHHALKAJ00011Hqbt_2,2.0,"(1979, 1983)",,,,5176.330950399207,7.889508774625125,7.962585384024367,-3.0,,,,,105.31464862485981,,1.2572257122461838,10.056389234193592,24.787917728785292,16.354271458335354,-213.11125851579607,5346.953497316276,5133.84223880048
DEHHALKAJ00011a1,2523.326171875,"(1969, 1978)",,,,611647.6757915646,13083.795051015139,3296.9287713115236,-20265.989010823567,,,,,77629.29520605624,,6282.456593355306,25982.780069115375,17219.50841433157,19737.094125478634,-49134.033621385264,754613.5450114048,705479.5113900196
DEHHALKAJ00011Y3bt_1,836.881103515625,"(1979, 1983)",,,,245617.9575808222,4123.654062398051,3187.0707457654403,-2008.5146484375,,,,,26174.044807155213,,740.1351508089169,3815.154894843929,-1046.4386099045919,8898.411649058322,-12281.803916800647,289501.47563251,277219.6717157093
DEHHALKAJ00011WCbt_0,2063.052734375,"(1979, 1983)",,,,550263.3811919027,11338.552977272848,10712.497772730867,-4641.86865234375,,,,,63479.74954373708,,1869.1050694999676,10551.177721913524,-7777.219271564445,22307.045892010203,-26567.188609830388,658102.422245159,631535.2336353287
DEHHALKAJ00011WCbt_1,413.025390625,"(1979, 1983)",,,,118517.14515164949,2269.990579750798,2144.6536501123496,-929.30712890625,,,,,13252.899495595528,,374.19685817350904,2117.028835494426,-1502.5200447953898,4468.312108549748,-5658.9243853551,140712.3995056242,135053.4751202691
DEHHALKAJ00017sUbt_0,373.480224609375,"(1979, 1983)",,,,130169.31126399577,1858.0194484159647,1455.12836347767,-896.3525390625,,,,,12099.90178835549,,331.85960233105715,1731.2046495802888,-384.3539335081805,3994.227080684209,-6307.177544167437,150358.94572426978,144051.76818010234
DEHHALKAJ00017sUbt_1,1653.33251953125,"(1979, 1983)",,,,458473.8324000929,8213.094393322728,6419.324561524211,-3967.998046875,,,,,50877.70161030448,,1468.0296409051505,7586.281991247204,-2434.6627624428793,17636.048139885737,-23133.177700736887,544271.6519279645,521138.4742272276
DEHHALKAJ00017sUbt_3,5.0,"(1979, 1983)",,,,7601.747236935052,24.832015298935662,19.402214633555616,-12.0,,,,,212.0720362561809,,4.439083203551549,26.412316859349843,33.193227666532415,55.127592011170734,-323.03000633598066,7965.2257228643275,7642.195716528347
DEHHALKAJ00017sUbt_4,2488.223876953125,"(1979, 1983)",,,,674086.6311564487,12357.522675935401,9655.410743396482,-5971.7373046875,,,,,76559.3269764867,,2209.086563771707,11405.397891462373,-3759.208423557027,26534.329799000006,-34169.071795647724,803076.7600782571,768907.6882826093
DEHHALKAJ00017sUbt_6,1356.22802734375,"(1979, 1983)",,,,383833.488533,6740.714951065867,5272.278132856674,-3254.947265625,,,,,41761.0084266894,,1204.5325428497167,6230.747801949299,-1956.8202210680267,14472.482817396654,-19289.43927083376,454303.4857191146,435014.04644828086
DEHHALKAJ00017yRbt_1,1847.21923828125,"(1979, 1983)",,,,464862.45246931084,9769.649044020116,8270.356203120557,-4433.326171875,,,,,56837.23023509591,,1692.222675586237,9021.611090620461,-4750.410547191088,20263.778881294376,-23552.913723365036,561533.5638799826,537980.6501566175
DEHHALKAJ00017yRbt_3,706.64306640625,"(1979, 1983)",,,,211693.89787660996,3481.4953515815455,2690.3062993257486,-1695.943359375,,,,,22238.647891630404,,624.9159382666297,3223.425430448317,-854.3168655552639,7514.448925414154,-10545.805592183537,248916.8774883465,238371.07189616296
DEHHALKAJ00017vfbt_0,248.3125,"(1979, 1983)",,,,79660.6479695317,1295.5338276441194,1573.4429018251851,-372.46874999999994,,,,,8275.077152012882,,183.80334883690412,1238.4137629580869,-1511.2633852520046,2172.8374209544945,-3340.889893942017,92516.02424851136,89175.13435456934
DEHHALKAJ000180Rbt_1,214.2158203125,"(1979, 1983)",,,,62501.91698738452,976.7941650030546,1096.7195721253029,-321.32373046874994,,,,,7072.83923908615,,146.21361700543383,929.0767694064285,-935.7831058105768,1736.6138885983073,-2715.276843368344,73203.06740232986,70487.79055896153
DEHHALKAJ0001806bt_0,556.5517578125,"(1979, 1983)",,,,148487.28623360922,3061.0328194713697,2894.030171719868,-1252.241455078125,,,,,17547.80614429308,,504.42500677248216,2848.5660060029313,-2104.232953420184,6019.950731587285,-7167.412434777327,178006.62270495793,170839.2102701806
DEHHALKAJ0001806bt_1,366.37890625,"(1979, 1983)",,,,142973.13519245986,1890.2979495875388,1674.2001637630028,-824.3525390625,,,,,12054.19524040197,,321.12112483675907,1780.1841186461504,-728.2989530562551,3855.4813969326174,-6636.258318351655,162995.96369450918,156359.7053761575
DEHHALKAJ00018Lp,2077.3017578125,"(1969, 1978)",,,,503968.40268469584,10843.565902332919,2764.014940415617,-16803.24366337039,,,,,63907.490206568385,,5209.005535644821,21522.395577580548,12264.908816167454,17320.380453125286,-40461.83412223507,620996.9204531607,580535.0863309256
DEHHALKAJ000180bbt_1,1550.853515625,"(1979, 1983)",,,,415878.4163023017,8466.853734588847,7948.03748968725,-3489.4204101562495,,,,,47724.38745608119,,1400.0900788553945,7878.235536683525,-5667.488295235972,16714.74036078013,-20096.851516622228,496853.8522535858,476757.0007369636
DEHHALKAJ000180bbt_2,955.904296875,"(1979, 1983)",,,,256734.82721883687,5218.740380289178,4898.956033931924,-2150.78466796875,,,,,29624.589813859933,,862.9777789493987,4856.154888162166,-3490.6872393469926,10302.630677621204,-12403.386682771868,306857.404884335,294454.01820156316
DEHHALKAJ00018E7,136.772216796875,"(1949, 1957)",,,,20338.81944303111,627.2049822952545,133.3409900268615,-471.40500094344463,,,,,4208.925344607095,,146.13555029246785,575.3014588883768,706.3569485646143,853.5891937724349,-1174.0766271396265,27118.268910534767,25944.19228339514
DEHHALKAJ00018EGbt_0,1460.2978515625,"(1979, 1983)",,,,408129.0151579125,8072.594711324332,7669.255520070174,-3285.670166015625,,,,,44941.213055688735,,1327.11805162226,7524.01124724413,-5519.145386199437,15840.265291011408,-19535.17409837492,484698.65748265845,465163.48338428355
DEHHALKAJ00018EGbt_1,663.84765625,"(1979, 1983)",,,,179198.5955494762,3668.4566862486977,3483.9732102111802,-1493.6572265625,,,,,20832.172986518937,,603.1883427853385,3415.576295621671,-2546.473706350095,7197.831341644578,-8623.475822375927,214359.663479594,205736.18765721808
DEHHALKAJ00018EGbt_2,472.4892578125,"(1979, 1983)",,,,135471.30349065145,2611.0002207346806,2479.695304838721,-1063.100830078125,,,,,15107.628302208966,,429.3153854210002,2435.44767694861,-1760.7267260789122,5125.303823775565,-6460.503722911278,160835.86664842194,154375.36292551068
DEHHALKAJ00018Hd,246.56689453125,"(1969, 1978)",,,,64711.24007113891,1331.4302159587833,353.22910913424505,-2107.847834829014,,,,,7586.091466160548,,653.4328287969945,2708.580619091506,1604.0839838077209,2788.341285610766,-5365.578242519147,79628.58174487046,74263.00350235132
DEHHALKAJ00018G8bt_0,769.710693359375,"(1979, 1983)",,,,219292.44325254692,3720.441421770914,2797.5761275465848,-1847.3056640625,,,,,24075.995936898245,,674.3952460481892,3435.5897327216967,-796.0430100559022,8112.502943417627,-11071.145466284119,259465.59598683182,248394.4505205477
DEHHALKAJ00018G8bt_1,1081.70166015625,"(1979, 1983)",,,,291867.36745177535,5214.659045930257,3905.9760262642267,-2596.083984375,,,,,33403.97949968765,,946.5405606994468,4805.7187625603965,-1185.048665083989,11382.726983127919,-14902.962005804497,347745.83568058634,332842.8736747819
DEHHALKAJ00018G8bt_2,958.86962890625,"(1979, 1983)",,,,262029.249896863,4623.180753380848,3463.674010190289,-2301.287109375,,,,,29719.15956181278,,839.115375892774,4262.5015820671015,-1030.8678516836512,10091.770732487403,-13344.812775386132,311696.4969516356,298351.68417624943
DEHHALKAJ00018B7,104.38818359375,"(1969, 1978)",,,,36612.24448882033,683.2752519856932,201.2511574363068,-1156.986614106105,,,,,3212.0191293333555,,358.6658503728926,1494.5492350950606,998.2588916292123,2238.319659633077,-3328.8789863388324,44641.59705019982,41312.71806386099
DEHHALKAJ00018K3bt_0,124.58349609375,"(1979, 1983)",,,,38982.559765294485,437.67535792876254,810.0241390852215,,,,,,4320.253392884551,,38.38072621271308,443.82031883572444,-1015.254668800903,434.09646172415484,-1318.7513191303299,44451.55549316471,43132.80417403438
DEHHALKAJ0001813bt_1,774.5078125,"(1979, 1983)",,,,214621.91681478554,4252.355633485154,4013.6265677357646,-1742.642578125,,,,,24235.735971319664,,701.3152820652223,3959.8358816803416,-2873.0264042940985,8371.912749826733,-10189.077678848202,255541.02991847933,245351.95223963112
DEHHALKAJ00018yQbt_0,330.62255859375,"(1979, 1983)",,,,118540.82836522101,1636.8609257131745,1273.441824713932,-793.494140625,,,,,10752.52282200953,,293.0811239323156,1526.7329535456329,-295.6170437752403,3529.161354564302,-5723.012768722261,136463.51818529968,130740.50541657742
DEHHALKAJ00018yQbt_1,1061.65771484375,"(1979, 1983)",,,,300339.0501135802,5247.631800919118,4073.4552337524906,-2547.978515625,,,,,32872.98462923372,,940.3661043611341,4849.395579535712,-1448.4757713692468,11301.021827510034,-15112.455731484191,355627.45100189815,340514.995270414
DEHHALKAJ00018yQbt_3,1544.0771484375,"(1979, 1983)",,,,418920.34159301297,7623.234636455765,5907.911207468178,-3705.7851562499995,,,,,47515.933035934,,1366.8871356088846,7034.352175159667,-2197.468041308475,16422.422821545108,-21256.49686146822,498887.8294076261,477631.3325461579
DEHHALKAJ00018yQbt_4,515.04638671875,"(1979, 1983)",,,,164584.39487298863,2546.318936163374,1977.1228178073582,-1236.111328125,,,,,16436.847640471766,,456.24873252489317,2363.660496562852,-581.0525961745554,5488.470847988134,-8099.980899371756,192035.90042020747,183935.9195208357
DEHHALKAJ000181abt_0,243.458984375,"(1979, 1983)",,,,75507.97472019834,1263.7768637717595,1530.779860849003,-365.18847656249994,,,,,8070.164819717032,,179.64647663246348,1206.551888223146,-1479.9904163368572,2123.400032316803,-3173.8496364331145,88037.11576880916,84863.26613237605
DEHHALKAJ00018BE,623.3798828125,"(1995, 2001)",,,,156223.11242405494,3125.687577317397,3674.220440027426,-997.4078125,,,,,19178.72739651071,,464.4961440846939,3042.7287662324957,-2897.1939097139075,7155.193074738115,-11553.488938822025,188969.5641007519,177416.07516192985
DEHHALKAJ00018L7bt_0,206.03759765625,"(1979, 1983)",,,,64167.17859578809,1017.536788469266,1199.2706889388564,-309.056396484375,,,,,6852.699463721696,,147.47453830909453,971.115616118797,-1099.9772122171732,1746.8715565881048,-2728.7039217982237,74693.11363923235,71964.40971743413
DEHHALKAJ00019u9bt_1,2924.953125,"(1979, 1983)",,,,776614.545916562,15981.85025205019,15014.516154154271,-6581.14453125,,,,,89995.10179283528,,2641.760217855125,14866.899834033364,-10777.62687288298,31534.908689524884,-37579.865387851474,929290.8114528821,891710.9460650306
DEHHALKAJ00019u9bt_3,4.0,"(1979, 1983)",,,,4679.859276218422,19.186507791958952,15.592696499044772,-9.0,,,,,158.66595025879818,,3.3786389566411703,19.780397196773357,16.60094805120506,41.593512267305115,-200.33675180216613,4945.657927240149,4745.321175437983
DEHHALKAJ0001A8nbt_0,776.5625,"(1979, 1983)",,,,221255.1690088993,4261.313207956944,4019.9741404515767,-1747.265625,,,,,24362.324796898472,,702.9720466964018,3973.073631212991,-2815.9295872278058,8394.325630795669,-10579.62747046897,262405.9572506835,251826.32978021455
DEHHALKAsT0000Edbt_1,241.58935546875,"(1979, 1983)",,,,59150.26201315266,1041.6785231273143,1125.9392496758596,-362.384033203125,,,,,7828.156427113894,,159.64165613474864,983.6666431015682,-955.4695037441946,1897.3454878057778,-2637.3474131733637,70868.8364631645,68231.48904999113
